filename,0,Bus,Motorcycle,car,truck
15d882026fea738a_jpg.rf.4da400a369e996b562b4d101d5ed1bbb.jpg,0,0,0,1,1
365_jpg.rf.cf6253c82119fed886fdfe7db404d2fe.jpg,0,0,1,0,0
0e5e1a2cf7ee80a0_jpg.rf.e404fe919a1d0c0abf17d94ccbb923d8.jpg,0,1,0,0,0
-D85575CA-53D0-451F-AAD8-3F9BE76F9E52-png_jpg.rf.5d9c2e8cf4972e22e73aa08565963366.jpg,0,0,0,0,0
a84b64d1282da7fb_jpg.rf.d5461ae46d46d733fd2b7016c20b4f88.jpg,0,1,0,0,0
1ac1cd7543eefb44_jpg.rf.79d5e4e0901bfe8094a2b2e985bae986.jpg,0,0,0,0,0
-F6E6F421-AD9D-48A9-8CF7-07EB7ADEE1AF-png_jpg.rf.f1262a91bc1dc8146d12e47769c17622.jpg,0,0,0,1,0
289_jpg.rf.1b3052b3e84375b1c496d00ec66acd44.jpg,0,0,1,0,0
141_jpg.rf.195b109f9bac3c9fb0dcf92aad5d7bcb.jpg,0,0,1,0,0
-5AF06BED-94B4-4CFE-9682-4D5AB122CE95-png_jpg.rf.3cc5fdb5f08aa44b5e3d00b197734dbd.jpg,0,0,0,1,0
c03540dabbd8858c_jpg.rf.2340f6ee6e36ca7d3e32f9a70ac4014e.jpg,0,1,0,0,0
306_jpg.rf.a646bec98a05156181b03058c40e703e.jpg,0,0,1,0,0
-DD95CFAF-9F07-4A41-BA25-AEDA2106D0E5-png_jpg.rf.01489b6c03a7580e5fb06003c56bd78d.jpg,0,0,0,0,0
Bike-13-_jpeg_jpg.rf.1b9d804500ff8385f518b95441ca3c4f.jpg,0,0,1,0,0
7654aaa60913d6a2_jpg.rf.33ebea293d9bbacd9600bc7380d1c0c6.jpg,0,0,0,1,0
31_jpg.rf.a602d2a7316c98061dadbc4639c2fde8.jpg,0,0,1,0,0
Bike-145-_jpeg_jpg.rf.a94aa243c664407769ee6c888a9f3f66.jpg,0,0,1,0,0
628_jpg.rf.b2be5ea12a5d8843a327f822fa51b562.jpg,0,0,1,0,0
Bike-1226-_jpeg_jpg.rf.35747a4f993b62b961a97118f790f416.jpg,0,0,1,0,0
00b4831b8f1408e6_jpg.rf.5cd30ec144dddb087f1d4ce76f543642.jpg,0,1,0,0,0
Image_013515_jpg.rf.3c9c2f43f0414dfa29c5ac5495b16a24.jpg,0,0,0,0,1
24026e55c127981c_jpg.rf.9b941c5871956991050658e5cdf82734.jpg,0,1,0,1,0
29_jpg.rf.13d1358a50f15eac07f3397395d7deb1.jpg,0,0,1,0,0
Image_013463_jpg.rf.758cbdb28699afaffafe350bf9a65306.jpg,0,0,0,1,1
-26D423C9-C9F8-4CA3-B49E-3664225FB20C-png_jpg.rf.4cf395bb5a665e977c26d295ec9e59fd.jpg,0,0,0,1,0
2nd-picture_jpg.rf.1fc59661c46bf4d775ebe3484cfa7c9e.jpg,0,0,0,0,1
ad4766d5f3124bc8_jpg.rf.491f7bc2fedcc83658c05c6ae21e4f4e.jpg,0,1,0,0,0
375_jpg.rf.a3ba577317226f18d8521e528e1df6f7.jpg,0,0,1,0,0
307_jpg.rf.358a41b69e006b7503ac369f6ecbef4b.jpg,0,0,1,0,0
360_jpg.rf.dd5678e770ba891fc40a8ee24330c08f.jpg,0,0,1,0,0
WhatsApp-Image-2020-07-04-at-18-38-3_jpg.rf.ab51d6295e15b746343f1cb180967448.jpg,0,0,0,0,1
4d1ca372d780c875_jpg.rf.6a400ff8a8e84c5a8b2f0dc962e55b02.jpg,0,1,0,0,0
202012096919255_jpg.rf.32dd423b60bdcd5e05487dcaeaf12670.jpg,0,0,0,0,1
Bike-1301-_jpeg_jpg.rf.a2a85ed928cb978a32497f9f285e75bf.jpg,0,0,1,0,0
-398D11E1-12E9-4FE1-83DA-198B0C1A0D9D-png_jpg.rf.637af5962709b986de24ea7195ca8f24.jpg,0,0,0,1,0
Bike-795-_jpeg_jpg.rf.81080f3169ced8cbd488e4992de015b7.jpg,0,0,1,0,0
271_jpg.rf.61d0a623e9a15abaaef79432f2526808.jpg,0,0,1,0,0
Bike-216-_jpeg_jpg.rf.8d48b1466a9b5be8a7933fe496d8aabe.jpg,0,0,1,0,0
Bike-1148-_jpeg_jpg.rf.a04408bc5b684eed4ccea122ed605d6e.jpg,0,0,1,0,0
-DE7261E4-D7F8-41FB-BE0C-8C4DF0B0EF9B-png_jpg.rf.8aaa3f9a6dec22f91558f487a8d96329.jpg,0,0,0,1,0
Image_013558_jpg.rf.14a9af0fd32e9c07534b4a593a383d0c.jpg,0,0,0,0,1
241_jpg.rf.115542504f5363a5b45772f69f17de53.jpg,0,0,1,0,0
0d829bbd335fe81c_jpg.rf.b1c064fffcc95010b1840fdcca2dfa8b.jpg,0,1,0,0,0
374_jpg.rf.683bb485911c425714aa9c3916be001c.jpg,0,0,1,0,0
-BE444330-6708-4396-A543-1D9380EE1763-png_jpg.rf.aba40f057fc93e484720c9631c408fc9.jpg,0,0,0,1,0
565_jpg.rf.ac065feac322e74b3a5d3332552d6bbb.jpg,0,0,1,0,0
-618A0E4F-DFF5-4624-B30C-9F657BE51772-png_jpg.rf.dc50eefdc944eab7d56501b8b73e58e0.jpg,0,0,0,0,0
-2088E07B-6C63-4BE9-88C8-F7101EF0F6A5-png_jpg.rf.89706930c740617f3ed790a0f5371f27.jpg,0,0,0,1,0
0f7fdadc09c3b2d1_jpg.rf.7362cfc78d533cd1998f853c0c8969ab.jpg,0,1,0,0,0
1f7c87784ca0063e_jpg.rf.4607d8651221d6ee77a5daf0b2487a13.jpg,0,1,0,0,0
-BE412F80-6FDD-4522-8C6B-D26DA55927F5-png_jpg.rf.088377fdd998a137834af14e4c08b083.jpg,0,0,0,0,0
a9fe3d2f48686f41_jpg.rf.77a59a98c882688efb4a3fc54e82e964.jpg,0,1,0,0,0
154_jpg.rf.68879dc53af474a37158d79b3e6c73e2.jpg,0,0,1,0,0
9eb47e708593623d_jpg.rf.875cfc0604ad863e46044806a96a3844.jpg,0,0,0,1,0
1_1618985037607fc04d9adc8_jpeg_jpg.rf.3359703a8a7c15c761acf77df7b12026.jpg,0,0,0,0,1
-772CD519-4BDF-4DA7-82A8-4F9838D0A100-png_jpg.rf.845c80a5bf44fae69092d2cce1143cf8.jpg,0,0,0,1,0
0b9c420d63a71eac_jpg.rf.9def2cea669d6b1027c2d1a7b2cce1e8.jpg,0,1,0,0,0
bus-82_jpg.rf.6d676ca393c316b43921639c4a694a8f.jpg,0,1,0,0,0
7706ad9c064034ca_jpg.rf.ae19acb09ad638290d1c961770616130.jpg,0,1,0,0,0
-82085ACB-2BE5-447D-89D7-913E7BEDC54D-png_jpg.rf.0a28a1002380305c494df06af1f07566.jpg,0,0,0,1,0
1cfc68a3ccd12363_jpg.rf.d0016977a3de49034d72384595d2dc18.jpg,0,1,0,1,0
8496e0dd1f2c24b5_jpg.rf.bd8632eb8cbc1fdad758b0458bf6db40.jpg,0,1,0,0,0
1de3b8f779a0978b_jpg.rf.add8b360141801abb4356ea987581324.jpg,0,0,0,0,0
8736925341819488_jpg.rf.6b4bd58134d560316f23c186cdfbb28b.jpg,0,1,0,0,0
-B1ED27E9-03FD-44D8-970B-7B2700586B59-png_jpg.rf.c3530bc71065cc5c52b270d3f43d9219.jpg,0,0,0,1,0
c50f2a082ddf0245_jpg.rf.c127a0b6bac56b80318bd60e34aae6d8.jpg,0,1,0,0,0
a5719ae8fb65a259_jpg.rf.699a203e16d617185ba115f85288ab6e.jpg,0,1,0,1,0
202103049729895_jpg.rf.4b7bcd1556cc009d410876ed9aa1637d.jpg,0,0,0,0,1
-FA19065F-0734-4F1A-A565-FE5702DDF0D3-png_jpg.rf.bdee92f4b26a41185a21a7786a57525f.jpg,0,0,0,0,0
Bike-1214-_jpeg_jpg.rf.1bb465dda38f1e27dcd646c9f24df766.jpg,0,0,1,0,0
02ef6de789b37127_jpg.rf.e25e2823f3e2ad1e11582d376c4f0c83.jpg,0,1,0,0,0
-015C8F67-D57B-40D2-A8D4-6717E7D78918-png_jpg.rf.a0d255d5fc8221e90e0d6eb548ef688d.jpg,0,0,0,1,0
1ee6243c0c99c262_jpg.rf.e52a46be58f30eb1bd9cd0496535aa07.jpg,0,0,0,1,1
1ff6b6523594de84_jpg.rf.70f7e9368309583370a1161655a75c24.jpg,0,1,0,0,0
b90a2f7410314eba_jpg.rf.e7316e66976142166f2d440a3d61d81a.jpg,0,0,0,0,1
Image_013209_jpg.rf.3d58e653753d746859e992e1e38c48f9.jpg,0,0,0,1,1
-C4FB6EE5-2134-4252-A3E7-FCE53E7F5D62-png_jpg.rf.0ab5ab8fdc49f389fa5eeb04f347ec4d.jpg,0,0,0,1,0
a60bcc3950891459_jpg.rf.b0a64d8fb9758b5e597cd4a54d4dd5e4.jpg,0,1,0,1,0
Image_013510_jpg.rf.fb4f7016a4b168aea3b703634221ea6f.jpg,0,0,0,0,1
beed917f56f7ff96_jpg.rf.db5bc53eb1849ca7e907a2ad99de9583.jpg,0,1,0,1,0
-6B809CAB-0782-409D-9497-D0C9237884D3-png_jpg.rf.3301da28b9d876f8598ad8bed8c68c38.jpg,0,0,0,1,0
-101F7188-06B4-4FC2-B9FF-123C60B06606-png_jpg.rf.958adc6a4509fbe9115699302b191fb9.jpg,0,0,0,0,0
976475604734006a_jpg.rf.62a6c21c2110a8bd0de53a5538eaa908.jpg,0,1,0,0,0
-BE444330-6708-4396-A543-1D9380EE1763-png_jpg.rf.61d80d54d55f0369b501c73a87da4be7.jpg,0,0,0,1,0
202004098906884_jpg.rf.de5991b8d33106bac9686c3cb3b7f06a.jpg,0,0,0,0,1
-B5C21DCF-89F3-4ABF-AA43-EF194DC8AF9D-png_jpg.rf.806e7ece6aedcc2ef9ab7304079f7997.jpg,0,0,0,0,0
ad1271c888f99ac0_jpg.rf.605aabe9a0007c3d443492b03c22de4a.jpg,0,1,0,0,0
-BBC6D213-1075-48CE-B772-FDD44F34A3E7-png_jpg.rf.ee52152acdbc0ac0a1aae5671b79f4e2.jpg,0,0,0,0,0
209_jpg.rf.6885c009fd149edb83ddf0dc6b36a4fc.jpg,0,0,1,0,0
-219385A6-1305-4394-A47C-8D7503109ABF-png_jpg.rf.cb143f9eba055dbcaee43c471f57a1e4.jpg,0,0,0,1,0
7712bc27484e931e_jpg.rf.79ba029aa22638aa3b167d1077cb51a3.jpg,0,1,0,0,0
0df8ce351519bee5_jpg.rf.ea862daabf93ea699d8ef9cc67eead2a.jpg,0,0,0,1,1
-53D41263-2FA3-40DF-9556-1EB08D19D5F1-png_jpg.rf.f4e503daf2c39db33feb832b4771acb6.jpg,0,0,0,1,0
Image_013462_jpg.rf.6305cc9112af350f89f3900ab8463253.jpg,0,0,0,0,1
390_jpg.rf.d8e62d1ee256d9a3d30b17df5f0c2e54.jpg,0,0,1,0,0
274_jpg.rf.0a121d955553294a690808433253b6c0.jpg,0,0,1,0,0
303_jpg.rf.e1bc71b071a08718f1508e05e9915cc0.jpg,0,0,1,0,0
-101F7188-06B4-4FC2-B9FF-123C60B06606-png_jpg.rf.259268146b4ac5b4322aef1b25662cf8.jpg,0,0,0,0,0
bus-145_jpg.rf.87134ba45e8bf49bf71e14a2229d195b.jpg,0,1,0,0,0
291_jpg.rf.8d9607a0b1d66ea8f858b3e4663d5f59.jpg,0,0,1,0,0
-3CE149A4-29C8-4710-8B76-E45719A9E65F-png_jpg.rf.0d26d91bec7bfa47b9bd87254af3f0ad.jpg,0,0,0,0,0
-52262D73-8B4E-4F06-883D-4C6E2E6ADED2-png_jpg.rf.9209f222540a85d22bdffdaf01eb2a3b.jpg,0,0,0,0,0
525_jpg.rf.77f167ad78476476c02e881777e5b223.jpg,0,0,1,0,0
22e8f94f7e4a0081_jpg.rf.90166d4c3b3362baa0d49dae0f8b57de.jpg,0,1,0,0,0
-DDF02CB8-2C31-4AEC-87F6-22360E427E9A-png_jpg.rf.8d9220db36817b1b17af11e211a68c27.jpg,0,0,0,1,0
00b21814b93ce5df_jpg.rf.0fdb63bf390fb0d9714e36ccf697789c.jpg,0,0,0,0,1
364_jpg.rf.90e1184febb595a02c063883b8f987d6.jpg,0,0,1,0,0
Image_013510_jpg.rf.0ab9cfb58f6252f21b6f607899209c1f.jpg,0,0,0,0,1
-F13F3AD5-0C1F-47F2-862C-EF99705A9DCF-png_jpg.rf.4305debda752b1900a81bb103c2d51f8.jpg,0,0,0,1,0
Bike-1311-_jpeg_jpg.rf.a6ecf6c96b902e12ef74bd525da1d51f.jpg,0,0,1,0,0
-1E060058-A56A-4311-B732-3ADEA1E80274-png_jpg.rf.8c6987c24a9e5c4c8e49bb18f72e119a.jpg,0,0,0,1,0
543_jpg.rf.d7ffc2e9513a7fb2a06a4a02a3077d6c.jpg,0,0,1,0,0
a62dc1c018ce79bf_jpg.rf.602f4184937429fff781830af995d9ce.jpg,0,1,0,0,0
202007231601914_jpg.rf.530a43344585cf9ddd5f71b170484fc0.jpg,0,0,0,0,1
119_jpg.rf.ed5f283fca30178ea6a59a1a0655ae6a.jpg,0,0,1,0,0
599_jpg.rf.0fdb79bdc9d7092763fb7542c442e227.jpg,0,0,1,0,0
02ef6de789b37127_jpg.rf.a2d8d2e59af8ba9ece03e4caf56f4d6b.jpg,0,1,0,0,0
-5A06964D-6D40-4132-A769-F21A3B8E1DAA-png_jpg.rf.86a6f7952f5f3c6f27f6c78d975a4d3e.jpg,0,0,0,0,0
04f106918e695e72_jpg.rf.fe1d3dd71365c37f09ffdf59db7e3e23.jpg,0,0,0,0,1
Image_013204_jpg.rf.e8daed7a9359b796f83adca902b70bd6.jpg,0,0,0,1,1
-50894A9D-DA2D-4049-9C7B-6006F32452BC-png_jpg.rf.fc8657e42a20c9bb5c6aea8e9de6978f.jpg,0,0,0,1,0
Image_000475_jpg.rf.19868c5b141a137de0131034f79081c0.jpg,0,0,0,1,1
tripod_seq_08_021_jpg.rf.95fb194ed142dd67b19cf126aad8295e.jpg,0,0,0,0,0
0133391d627e6df4_jpg.rf.356b50c57a696a60ac5dbb5368a0e93c.jpg,0,0,0,0,1
60_jpg.rf.6c32b6a56c57c33d996cb41e47077a73.jpg,0,0,1,0,0
WhatsApp-Image-2020-07-04-at-18-38-3_jpg.rf.6eaf9688a275f92d03f75d670ce56a35.jpg,0,0,0,0,1
6deb06ad4f5642aa_jpg.rf.501de9175e66f4b60859ffce0f7c4c4b.jpg,0,1,0,0,0
1702165-faw-1525412823_png_jpg.rf.8e38a1ef3ed68688b9ad15354efa9726.jpg,0,0,0,0,1
Bike-1217-_jpeg_jpg.rf.21a43d141dda62c465a99e689a6ce5fd.jpg,0,0,1,0,0
IMG_20190204_162414_jpg.rf.b80d7c070f88b164e1d8e0e8959ed14a.jpg,0,0,0,0,1
276_jpg.rf.d365668885945145d8539e5cb7eb8f6d.jpg,0,0,1,0,0
a43f6b48fe5a5a81_jpg.rf.da5915e3eb1952e9e4d70209956b0890.jpg,0,1,0,0,0
098c422127bc0bcb_jpg.rf.9bf5e76e456ea17a5051322e4333dea5.jpg,0,0,0,0,1
524_jpg.rf.6b59d8dd12eb2606a704d373dc5eefb0.jpg,0,0,1,0,0
2010-mitsubishi-fuso-fe145-12ft-box-1_jpg.rf.353b1fe0e7d900f4ae23e86f1d74f668.jpg,0,0,0,0,1
9702d272dcc9e1fe_jpg.rf.bcc0232d50b31dc37f13f6fd1978add5.jpg,0,1,0,0,0
OTS-thumbnail-1024x576_jpg.rf.8ad07acb2c9180474243917049f7870a.jpg,0,0,0,0,1
Image_013328_jpg.rf.72528431d1a9c9d54714549c0aa6e965.jpg,0,0,0,0,1
-7FAF411D-CD18-4902-9409-0DA28E30E6D5-png_jpg.rf.e12449de1ca785415157bfafcd28ca01.jpg,0,0,0,1,0
GH011387-MP4-t-122-6_jpg.rf.cb4f9244e220cfb044eacca733aa4cac.jpg,0,0,0,1,0
159_jpg.rf.108c4c1f09d23bd5be72be7415c84e33.jpg,0,0,1,0,0
Bike-269-_jpeg_jpg.rf.cca9cda1313fe0260cfe12fd5a9e39b3.jpg,0,0,1,0,0
88093ee70c7e4357_jpg.rf.c2bcbec57e1a9a87aafa28347db7518b.jpg,0,0,0,1,0
images-214-_jpeg_jpg.rf.11170b62a9a1a316abe245545376cf4b.jpg,0,0,0,0,1
6641a2f004915c04_jpg.rf.a7392ed3b9629bfe396b3ab9ff718b4d.jpg,0,1,0,0,0
bus-89_jpg.rf.439a29034f96450b4aad2cbebf6827e4.jpg,0,1,0,0,0
Image_013473_jpg.rf.ab8cb868302873199932db17ca437ccb.jpg,0,0,0,0,1
760_jpg.rf.26460d76d0856ec1cc6f109efdbb71c1.jpg,0,0,1,0,0
1f7c87784ca0063e_jpg.rf.496e465d26f1c0cd3c3497813b942130.jpg,0,1,0,0,0
02fa299740ebc5ab_jpg.rf.fa3e2a793dc0b1f9f79494792bb56c06.jpg,0,1,0,0,0
-3C758EB2-E016-4C89-93CE-0E4FF51161C2-png_jpg.rf.5dc2d67850247cb0faf1741e7aabf14b.jpg,0,0,0,1,1
00c9f3f8e860c48f_jpg.rf.da2b8535f5090ce3c557b36e999eb1fa.jpg,0,1,0,0,0
img-20200305-wa00143333_jpg.rf.843dc295e67171fe13ed57256983a5dd.jpg,0,0,0,0,1
2e571628df2c7651_jpg.rf.f23c65f41aa7c884e7b88b5a6e3e3aa7.jpg,0,0,0,0,0
-B6D061C7-37D5-4849-8F5F-2F1BEBFAE4D2-png_jpg.rf.1c3a1da1ae049e0f056e3da011ccffe5.jpg,0,0,0,0,0
bus-273_jpg.rf.6cea76abfabd147fce72e54e356ea852.jpg,0,1,0,0,0
1fffc6800d73a55e_jpg.rf.69daf852a06cb426952729a01790da39.jpg,0,1,0,1,0
02fa299740ebc5ab_jpg.rf.5d3615c424f6b649c21dcb28bbd2cbb8.jpg,0,1,0,0,0
374_jpg.rf.653bdb771bd0d4fadd5d915fed7d0c37.jpg,0,0,1,0,0
-BEACF130-F07D-4352-87CF-2BBC32A8C5AC-png_jpg.rf.b14742285dae18d76704bfec057c189d.jpg,0,0,0,1,0
1e0cb86a827ae7a6_jpg.rf.d340e52a905ac3985139dea68234bcf0.jpg,0,1,0,0,0
1af7dea925b23b3d_jpg.rf.20fe9b45a2cb2b5302e2780919c6bca7.jpg,0,0,0,0,1
625_jpg.rf.aef081ee8ae9b6d525c84385accffaf1.jpg,0,0,1,0,0
-9389CE8E-C506-4F5E-A459-6ACD9FFC1881-png_jpg.rf.bd984e56d6d31479db5ba0a2635cc18b.jpg,0,0,0,1,0
202103310829450_jpg.rf.d1da2fbf64694fd06ca4119a19fa96a2.jpg,0,0,0,0,1
709_jpg.rf.0c31c21347ad5ee25f933c4b73eaac24.jpg,0,0,1,0,0
-B1F2728E-0ACA-4F08-A854-6975EEC03AA3-png_jpg.rf.f35d82a985f7095466a4e990121c0b95.jpg,0,0,0,1,0
202104131302129_jpg.rf.d3596095d53bdc485ce10f8953f18f46.jpg,0,0,0,0,1
380_jpg.rf.26ccab1ae9337283b8ec31122696595d.jpg,0,0,1,0,0
-51FFF967-684D-4519-8EC0-A9C7CC6F2280-png_jpg.rf.03fc2a47228ab2275dcfe2bb452f31e2.jpg,0,0,0,1,0
c19fa271d298929e_jpg.rf.634d72a821b8a5581ae6f046e579c7c4.jpg,0,1,0,0,0
5b1b555a0c7d784a_jpg.rf.f7c779b9d678aedd67ac85e045732386.jpg,0,1,0,0,0
image-34-_jpeg_jpg.rf.9487e00089d1c7fc12e648db7b5279d3.jpg,0,0,0,0,1
Image_013426_jpg.rf.78990d700afde8a2f525271b7391f421.jpg,0,0,0,1,1
a2e94d568be3437d_jpg.rf.469de1542e887da7b36d864432b880f8.jpg,0,1,0,0,0
2014-mitsubishi-fuso-fe160-14-feet-b_jpg.rf.a4e161abdb14a486197ceb885c01e24c.jpg,0,0,0,1,1
2b8c09ceefc9b7a7_jpg.rf.619b35c99bab54b704171ade114031e5.jpg,0,0,0,0,1
4caf1ee77638a3fd_jpg.rf.dfc8c213ded1ed1855f397866341c65e.jpg,0,0,1,0,0
2d06f6df7b46f3ca_jpg.rf.0fc6e5f90c794e6cacdfe46f640fdffb.jpg,0,1,0,0,0
3534274-foto-camion_jpg.rf.d87b9a1df4782361c28fcc9c42ec5e4b.jpg,0,0,0,0,1
202009193934939_jpg.rf.57233b587978cdd21b292d0be2adb226.jpg,0,0,0,1,1
4a2023f19f6cd19e_jpg.rf.885bbe2ecb12cc8f8eaab2b802e59a83.jpg,0,1,0,1,0
-26D423C9-C9F8-4CA3-B49E-3664225FB20C-png_jpg.rf.34dbe71f2cfa77ac6ea6b9b9caf3fc51.jpg,0,0,0,1,0
Bike-1289-_jpeg_jpg.rf.712f12de8838f66cfad3571a16469d8e.jpg,0,0,1,0,0
202104141341716_jpg.rf.21d4e1a89da711be8ee990fb25e413a3.jpg,0,0,0,0,1
202012157131248_jpg.rf.31fbab0703dbfabb821fc45ff17b2d61.jpg,0,0,0,1,1
Bike-1097-_jpeg_jpg.rf.a48f9258e3752fdb732f12293cae445e.jpg,0,0,1,0,0
-C4FB6EE5-2134-4252-A3E7-FCE53E7F5D62-png_jpg.rf.540271b06f964a4837fa6cbc80b23015.jpg,0,0,0,1,0
564_jpg.rf.b03436ed7b6f75ff660dc422c68a61e7.jpg,0,0,1,0,0
Image_013550_jpg.rf.7f7d320243a62cb988331a3ea120e49b.jpg,0,0,0,0,1
-1E060058-A56A-4311-B732-3ADEA1E80274-png_jpg.rf.e814ae66f89efd69459da9675a8bfea1.jpg,0,0,0,1,0
-62DA7C7D-C50D-40A7-87D1-DB8633F1F29D-png_jpg.rf.71bfa2febcf2ba62b6bc9641812dd2e0.jpg,0,0,0,0,0
m189_jpg.rf.30471d141db4e82d5a55e9084505ed99.jpg,0,0,0,0,1
bus-116_jpg.rf.9871bf9f656dd764aae384231d7a009a.jpg,0,1,0,0,0
-FC8189D7-B6B1-4EF4-B540-5BDD2867805E-png_jpg.rf.7e172ab8925867e791e515ae9215b608.jpg,0,0,0,1,0
-4DC13D04-A903-4B83-B0AB-F69731C0DDFB-png_jpg.rf.f2ff01a7e756e412a25efa03d66adab6.jpg,0,0,0,1,0
-6DAD352D-A46B-4983-AAC5-88BE86A2EA9D-png_jpg.rf.b250c28ba70d620f2dce9e32949b6118.jpg,0,0,0,1,0
Bike-1594-_jpeg_jpg.rf.ecf109b1aa79ea63017db9161ab549d5.jpg,0,0,1,0,0
191_jpg.rf.90bfad3c1604e39ebf9900941fe122c2.jpg,0,0,1,0,0
a1f88049afb2c467_jpg.rf.8dabe4e1675bc38092b81e8cc660ae0e.jpg,0,0,0,0,0
1ee6243c0c99c262_jpg.rf.7018010458e0835812f57f5b5bf3499a.jpg,0,0,0,1,1
138_jpg.rf.aca75d228061489d2d3828174b9d58d6.jpg,0,0,1,0,0
bus-106_jpg.rf.f727e9b688564087edfd96fa27de0446.jpg,0,1,0,0,0
462_jpg.rf.dad7843de199e0db8a04895489fbfe00.jpg,0,0,1,1,0
-B8C4C3D6-5E2B-4B74-A600-D4CC31B03C80-png_jpg.rf.703abc628cfc2f620d0b449c98ffbeff.jpg,0,0,0,1,0
-6404E51D-D7FB-473B-959A-3E4E845899CF-png_jpg.rf.3d6142950aba52176f49bb8d9c4b4d98.jpg,0,0,0,1,0
202012096919255_jpg.rf.be3765cf4cc5f0f31bf0601934f715e2.jpg,0,0,0,0,1
-219385A6-1305-4394-A47C-8D7503109ABF-png_jpg.rf.aa96c7f627a95eac047490831ab0b970.jpg,0,0,0,1,0
623_jpg.rf.0644fe66d90beea6f82806d24b9e2566.jpg,0,0,1,0,0
202104091166906_jpg.rf.ba80c9e8ea8d7468ab6de83d84462f2d.jpg,0,0,0,0,1
451_jpg.rf.08cfd345477ef59c374052a2fdd3009a.jpg,0,0,1,0,0
Image_013449_jpg.rf.440f06fd10a6fb7eb7cafd86cd25f857.jpg,0,0,0,0,1
-4FB14832-DB4E-41E9-B8FC-9D33DEB67AAA-png_jpg.rf.d92a876bebe254761cbcc94b763623f0.jpg,0,0,0,0,0
-82085ACB-2BE5-447D-89D7-913E7BEDC54D-png_jpg.rf.5300f00977f8653cf392f5ebb92cdd28.jpg,0,0,0,1,0
b81a34c48ddaa477_jpg.rf.1f2b530bc1646be3c1c464c81650d47b.jpg,0,1,0,0,0
0494ec6271e4c9f8_jpg.rf.3253b287e59c38f38a277487dfc8897a.jpg,0,0,0,1,1
154_jpg.rf.2ac8006f3cc5ec3a4ba5632216c181a5.jpg,0,0,1,0,0
0ab42925c98edb51_jpg.rf.1c35e11a51b98514a9c36c3b0580f607.jpg,0,1,0,0,0
570_jpg.rf.d640e15f08d72cc0cc771ff555e9ed56.jpg,0,0,1,0,0
283_jpg.rf.3be7cb345e11b0ec6d0d6eae16d3458f.jpg,0,0,1,0,0
-9234C81D-1DB9-4AD0-8825-F99D233917A4-png_jpg.rf.78d524c4b1b3ea78f7350912b70d5739.jpg,0,0,0,1,0
-344A5C5C-CF3A-48B7-BE2F-7373A99B6465-png_jpg.rf.fe52f7e92a8ab04707f496f7258b3308.jpg,0,0,0,0,0
Bike-1310-_jpeg_jpg.rf.98a5517184b2f52fab54e9c1dc21e53b.jpg,0,0,1,0,0
1b204be35502c5a0_jpg.rf.290c14c476a8c96c47cf87b794bcbc7c.jpg,0,1,0,0,0
272_jpg.rf.86d4769e0d3e2254e6cfd8665110de8c.jpg,0,0,1,0,0
4a62b94a60780e92_jpg.rf.05ef515e89ab0927df0076ea59f2124d.jpg,0,1,0,0,0
-2846226C-6A55-4876-B717-7F8A5FA4E560-png_jpg.rf.769201ca04a932c6fa930884590b124c.jpg,0,0,0,1,0
164_jpg.rf.0d38dd5bef2a238e8b9dd1a93f52fd48.jpg,0,0,1,0,0
-C04C7AD3-AEAC-4250-9856-9D1606800D44-png_jpg.rf.484319f5cb990610b94f6c86bdfbee7f.jpg,0,0,0,1,0
-2846226C-6A55-4876-B717-7F8A5FA4E560-png_jpg.rf.7e43342e35e49af3abb6c845793b0dcd.jpg,0,0,0,1,0
-332D2462-631E-4F9D-914E-9EA5A217A8FA-png_jpg.rf.a96b0b37362ffa3e38a2f0dc192b140b.jpg,0,0,0,1,0
636c52a2-2185-61da-7f4f69e6100998dd_jpg.rf.569eacc486a444fd0ab6c06a7bd1fb16.jpg,0,0,0,0,1
bus-280_jpg.rf.b717da8d0df95f17230c36802c6cb082.jpg,0,1,0,0,0
00072b81abc72d21_jpg.rf.28dff1b838b3d072779b331ee58ef723.jpg,0,0,0,0,1
146_jpg.rf.1f1c36b4a6982fe5b485bb5ea133e535.jpg,0,0,1,0,0
3534274-foto-camion_jpg.rf.79e5bcc3decbfaef5b81ff53bd46d1c7.jpg,0,0,0,0,1
-53D41263-2FA3-40DF-9556-1EB08D19D5F1-png_jpg.rf.1b80dc07e926d1b84bf495c29b506378.jpg,0,0,0,1,0
bus-128_jpg.rf.28fc93d9cd6c6ba6b50c8b56f83a2384.jpg,0,1,0,0,1
-B7791A7C-8010-42CA-B0A6-CFC6FB56E7EE-png_jpg.rf.bf8eac393819f37a9a69565a7bbeffae.jpg,0,0,0,1,0
43272096972_81c95bfb50_b_jpg.rf.17ad11a87a2d331175da151d4ab478f3.jpg,0,0,0,0,1
Delivery-Moving-Straight-Box-Truc-1_jpg.rf.e235dafc4ff8246db12980c35d7978a0.jpg,0,0,0,0,1
bus-66_jpg.rf.8a35c994c0fdf544cf1e33885a32ebcf.jpg,0,1,0,0,0
tripod_seq_10_077_jpg.rf.6a9ab4b4c376ad5f2e4ec23c8ca6a5ce.jpg,0,0,0,0,0
19_jpg.rf.518c3fa6bb26efa3c20224ddbc947724.jpg,0,0,1,0,0
a4_jpg.rf.5fe4c0ef8ab9fb97243ee414b6a28937.jpg,0,0,0,0,1
8496e0dd1f2c24b5_jpg.rf.c18b4a5c81f296158c43b2e48a1c974d.jpg,0,1,0,0,0
306_jpg.rf.23752c231bc92ea849d8040f74064869.jpg,0,0,1,0,0
-79CD8919-65C6-42BE-B5A1-81EF57DAED94-png_jpg.rf.0b7f6180e3fa9cae5185711e6251e192.jpg,0,0,0,1,0
-B5E2431C-7F4B-4751-8AC1-D267314A9AA2-png_jpg.rf.21137f5d9c0a66cb3e62a65a2987475f.jpg,0,0,0,0,0
202104161432522_jpg.rf.d06e14e1d105115ee53402840bd67461.jpg,0,0,0,0,1
309_jpg.rf.324dce5310073e2b2beaa4a5c8e551e7.jpg,0,0,1,0,0
84_jpg.rf.1d1e6026036f17bfa8ad6c725de07552.jpg,0,0,1,0,0
-34DF5B40-DBDB-49DA-9FF2-401C7D6472AE-png_jpg.rf.3a6ff0150ddedf965f1c799cd5c0ef74.jpg,0,0,0,1,0
images-214-_jpeg_jpg.rf.77fc070eca9d89407b6cef6035a4a8d9.jpg,0,0,0,0,1
0494ec6271e4c9f8_jpg.rf.5abaa2172b0f618a3dc2d6a073b6dd3f.jpg,0,0,0,1,1
765_jpg.rf.1fb61efa0f1b55eb92683979436fa73a.jpg,0,0,1,0,0
Image_013281_jpg.rf.b05f2fb63bb54ab0c3b4b2462445cdc3.jpg,0,0,0,0,1
b55adb584214025d_jpg.rf.b82e78270eed7522b8fa9356ca9c71ea.jpg,0,1,0,0,0
bus-196_jpg.rf.ff9fde256ee3256901eab5af131e3e23.jpg,0,1,0,0,0
a2e94d568be3437d_jpg.rf.085dc776af44f3aa5159b92d8a6ff4de.jpg,0,1,0,0,0
bus-221_jpg.rf.62fd9b79cfbd93e985a195cfd34f6d73.jpg,0,1,0,0,0
604_jpg.rf.ec77bc1a80bc13b969827141e3ef7836.jpg,0,0,1,0,0
Image_013556_jpg.rf.0b38ca894d87f464e2fa1f0d6b679e27.jpg,0,0,0,0,1
4d1454c978641ec9_jpg.rf.d6803f358f8f533a84992993c1e1bb35.jpg,0,1,0,1,0
Bike-221-_jpeg_jpg.rf.28ee7a265e075d4bf04dba9a18599f57.jpg,0,0,1,0,0
-41421EB3-10E7-4E8B-9D22-424751A9FE8A-png_jpg.rf.31ccb437eae2216381e19b0343e69a61.jpg,0,0,0,1,0
bd376a63e8191075_jpg.rf.a7fc856a366b123b8c1da2fda132e7af.jpg,0,1,0,0,0
bus-114_jpg.rf.8aba2c538bbe54a25aaddc2597dedea9.jpg,0,1,0,0,0
790_jpg.rf.a2c66cb82024dbc8fa77a931b7263a67.jpg,0,0,1,0,0
54208a92e560f2f6_jpg.rf.8c8861261b66d31520527ef87d4fdd99.jpg,0,1,0,0,0
Beverage-Trucks-Mitsubishi-Fuso-FG-1_jpg.rf.7dd4fa245bef34684ad5061e782821f9.jpg,0,0,0,0,1
-219385A6-1305-4394-A47C-8D7503109ABF-png_jpg.rf.a0e21a95ead90edd94a44f11c796f926.jpg,0,0,0,1,0
-C4FB6EE5-2134-4252-A3E7-FCE53E7F5D62-png_jpg.rf.60577b6f9b94c6270fdc16c5939b3918.jpg,0,0,0,1,0
91247a_jpg.rf.c6abb9be84e242c9a6467694507c64a9.jpg,0,0,0,0,1
bus-209_jpg.rf.8ba07f9a12e959392aa1464744b190cc.jpg,0,1,0,0,0
1cfb1ceeb7be1b8e_jpg.rf.fd23589ca02b6b0ae6af45abfb5a4796.jpg,0,0,0,0,0
202012086886254_jpg.rf.ee81e204ed19fa465ca8baa6b002b968.jpg,0,0,0,0,1
357_jpg.rf.6fec64938b858546f56a8e55566a4add.jpg,0,0,1,0,0
304_jpg.rf.c8d39393f27d90050aed83d4ab09b7a0.jpg,0,0,1,0,0
0fb2c003c669d33c_jpg.rf.735f3ff75361e49041738fd8dccfa0e7.jpg,0,1,0,0,0
366_jpg.rf.437707a745eb6046c0a7ef220aeeb86a.jpg,0,0,1,0,0
202012177194928_jpg.rf.069cac71c066eed54e51682f01a2e39a.jpg,0,0,0,0,1
536_jpg.rf.78ff76fe13adb71535a2082e1f47f450.jpg,0,0,1,0,0
88093ee70c7e4357_jpg.rf.b366227e3bc3c019877775d75c5345ba.jpg,0,0,0,1,0
355_jpg.rf.ce18e14c01b89b07b03929337db35a04.jpg,0,0,1,0,0
202104071067201_jpg.rf.baa81202ce296def22c24b3c02a80a43.jpg,0,0,0,0,1
0acf70024e74b6c6_jpg.rf.ac3c59bdf655e1fc21fbd72827fa1df8.jpg,0,0,0,1,0
60_jpg.rf.c8fbf5025c66006729ad2b605f3c8cd3.jpg,0,0,1,0,0
327_jpg.rf.3075f1f73a224d29325c7b6340cb725d.jpg,0,0,1,0,0
Image_013247_jpg.rf.11c662f1367f2d9a910364d28664e062.jpg,0,0,0,1,1
-31A39D7C-DC0F-4C2E-9CC8-74C1BCC9C660-png_jpg.rf.8af18c30d45e160efe97185f679dca7b.jpg,0,0,0,1,0
00fce9f060ba3884_jpg.rf.c5cf4c1ecc6dca465a52412e9efbfb0c.jpg,0,1,0,0,0
-5EA2A12A-708A-4984-80AC-438C76933457-png_jpg.rf.61a5766e737c5100fc9c4bb9abdbc3f3.jpg,0,0,0,1,0
bus-107_jpg.rf.1cea9235118e7c868802e87272c8527f.jpg,0,1,0,0,0
a3c2b67ca604c9ea_jpg.rf.5e3862a57f8889c58b8b764cdc373898.jpg,0,1,0,0,0
-87FD317E-6F61-44EC-99D8-CD780485C6D1-png_jpg.rf.cdea8d6dd6d136cf217b73147c3f4eaf.jpg,0,0,0,1,0
-01A44A23-9E0B-4EB4-9376-A14A40014000-png_jpg.rf.9fd1de8e0c27e79d625dfbce41ae286b.jpg,0,0,0,1,0
290_jpg.rf.51f58d971c3e124c6698c4cdc16ca289.jpg,0,0,1,0,0
-C4FD8D81-9544-454B-9C40-CF4827AC5883-png_jpg.rf.4a5047cc03c1459e84b63a4366ce52a0.jpg,0,0,0,1,0
-834D156C-1093-4AD9-A086-72E4C7B5D2D9-png_jpg.rf.265edb30d56ff6f4dffd014c9ea2dbf7.jpg,0,0,0,1,0
271_jpg.rf.633c322c6f78b3e1e0fd1e0282833e38.jpg,0,0,1,0,0
bdcbb306decf35de_jpg.rf.ed37afc55680b3b415555ae7fc11cd59.jpg,0,1,0,0,0
bus-238_jpg.rf.3915bfe3ac7a827c6227db39418c809a.jpg,0,1,1,0,0
777_jpg.rf.300ce622356ff4212da0ef07eced5f84.jpg,0,0,1,0,0
75_jpg.rf.4b3f671afafcab6aa5fcd4d5747913e9.jpg,0,0,1,0,0
ad4766d5f3124bc8_jpg.rf.3cbebe5361c7a8ac0787aaa00bdf2bf2.jpg,0,1,0,0,0
a93956d6c3469789_jpg.rf.18db3869a17b9729bd797203d68761d3.jpg,0,0,0,0,0
613_jpg.rf.21e65f7da8c2a523786ba3fceb4e16d3.jpg,0,0,1,0,0
611_jpg.rf.ad6695858ed49b114da5f6baf5b6bdcc.jpg,0,0,1,0,0
WhatsApp-2BImage-2B2017-07-26-2Bat-2_jpg.rf.67752dd81883a583f76885382ffb30d0.jpg,0,0,0,0,1
tripod_seq_12_064_jpg.rf.46b463aac8e1322a857bef9627743b38.jpg,0,0,0,0,0
a7b2accbc11db2f9_jpg.rf.eaee650a126049e6a10c5dd25c39a81c.jpg,0,1,0,0,0
WhatsApp-Image-2020-07-04-at-18-38-3_jpg.rf.a17d7493ec64e4c12e53d266301a52ad.jpg,0,0,0,0,1
bus-89_jpg.rf.538e43061722c0c914abfee8f727329d.jpg,0,1,0,0,0
547919acfed4d238_jpg.rf.d18da9836b103ac08e451cc05e81fe95.jpg,0,0,0,1,0
-B8C4C3D6-5E2B-4B74-A600-D4CC31B03C80-png_jpg.rf.d9faa1959239313b93f0fe2a13d8d4c8.jpg,0,0,0,1,0
-87FD317E-6F61-44EC-99D8-CD780485C6D1-png_jpg.rf.8ce8c65f06f42f5630828cc045884810.jpg,0,0,0,1,0
bus-118_jpg.rf.14c3df04eb0ef846bb406cb1f563fd4a.jpg,0,1,0,0,0
a57d500ff5355b1f_jpg.rf.ff2e438c245b1bb8d624e0c2b33a7c5c.jpg,0,1,0,1,0
-DDF02CB8-2C31-4AEC-87F6-22360E427E9A-png_jpg.rf.65d88dd8b85a15dd6fb167cdb4e879f2.jpg,0,0,0,1,0
-CF924BAD-E770-48B0-BE7C-791609AB2656-png_jpg.rf.2241bcd3744e3d1c007ca00e11566558.jpg,0,0,0,1,0
-ECDAC625-A642-4F2C-8A95-1B919C612877-png_jpg.rf.72eb0cff34531dd91e1cdd0bdde900dc.jpg,0,0,0,1,0
0000147617-e4eb190337827f8bbbcc9317d_jpg.rf.279d1f0103040a01b62e016581b527f6.jpg,0,0,0,0,1
bus-223_jpg.rf.c1e891b70cb601e6a50d3bd4b869446a.jpg,0,1,0,0,0
image-54-_jpeg_jpg.rf.4479f920da6ad37550888b3a2f60e76e.jpg,0,0,0,0,1
0b41aadcfc42c627_jpg.rf.12d3553c9c88b3170337ff4bad31acdf.jpg,0,0,0,0,1
-EB932518-781D-45BE-A14E-70D99C150304-png_jpg.rf.0012e304b2da6b88be3da1253ffda5f1.jpg,0,0,0,0,0
-7B2232F0-BE04-4BB5-A476-806409239A4A-png_jpg.rf.30648078d9c7079f99e5f5fb65b5983f.jpg,0,0,0,1,0
c1b009ad1d353a43_jpg.rf.fbb8d1c4e8a20631feaa1090888843b9.jpg,0,1,0,0,0
-F790D7CB-9608-4247-9DD5-F13FCB2CBA2B-png_jpg.rf.fb425e0aee450c3119d2be422e9d63f6.jpg,0,0,0,1,0
l49_jpg.rf.caf6a1fa91ed53e537c3e13ef536b613.jpg,0,0,0,0,1
-E9B93242-136F-49A0-8906-3B6573D9BC59-png_jpg.rf.27026500159b6e5375c13b8729d11d98.jpg,0,0,0,0,0
c72b24e8567cdcea_jpg.rf.7e5c6da75c08fa847eb90f3c475d9335.jpg,0,0,0,0,0
-3C758EB2-E016-4C89-93CE-0E4FF51161C2-png_jpg.rf.fecf47f90601ae3bb820d3f1172b5544.jpg,0,0,0,1,1
tripod_seq_12_064_jpg.rf.2b7bdb9b507bd925c3efd0f9c203d98a.jpg,0,0,0,0,0
-C3D83141-091E-44E3-B5AF-321A93A32FD2-png_jpg.rf.6ee256a1a530560a985786681b3c6c62.jpg,0,0,0,1,0
-BF5B09CD-88BE-4B44-92C0-66FACF354706-png_jpg.rf.eec022196ccf84b9502de6b4bf417d5d.jpg,0,0,0,1,0
Sejarah-Palkun-4_jpg.rf.345992fb12416507366e8c5f3e60e789.jpg,0,0,0,0,1
a60bcc3950891459_jpg.rf.6e97a4b770ff0589dbcadc5d0c084328.jpg,0,1,0,1,0
-0471C451-8CA5-4CEA-8EFD-3B0F147BF4B7-png_jpg.rf.6be1b76c0141f17b63fe7dcfbac16946.jpg,0,0,0,0,0
image-42-_jpeg_jpg.rf.0694b3934f1583aa172d6305ada4cc5f.jpg,0,0,0,0,1
new-2012-mitsubishi-fuso-canter-fg-1_jpg.rf.5b1ecbc2df7f59c5132d6263467ab72a.jpg,0,0,0,0,1
b71f4eaf0dd44455_jpg.rf.96d41c6b0776c5231b8ee134df2957db.jpg,0,1,0,0,0
-BF5B09CD-88BE-4B44-92C0-66FACF354706-png_jpg.rf.a807c09a4b4df40568ab8e3c3361cce3.jpg,0,0,0,1,0
-BEDD2378-C948-41BC-AF01-76A71A639266-png_jpg.rf.8490d04c9db83563f119f807a18cacc6.jpg,0,0,0,1,0
-EB077461-353D-44D7-9FD8-ABDD9D3134DF-png_jpg.rf.bc644a7ea351f903ce6d71f66718a982.jpg,0,0,0,0,0
-C81D4835-A2D9-4CAB-9A3E-72DAD8FC6090-png_jpg.rf.19eca80d2d2ac3cf95e590964770d1ac.jpg,0,0,0,1,0
759_jpg.rf.3f448d21d6016d4cb06095c30a4dfdaf.jpg,0,0,1,0,0
132_jpg.rf.d59fd394f298cc2dffd65a0aa659052b.jpg,0,0,1,0,0
-E6F47A47-82C1-4A5E-A1FB-BE0B0B76C5DF-png_jpg.rf.e8ef22de071cef451088c30d6a6e9cbd.jpg,0,0,0,1,0
-B006C8A8-E443-4D86-B9F8-6B197E8B92C6-png_jpg.rf.07558d6610d4c92e754d4dd63c5da588.jpg,0,0,0,1,0
a94d9c78dde60ec7_jpg.rf.ac79eedd7763f46c7ca70fb6e3e70464.jpg,0,1,0,0,0
-FC886638-15CC-4648-9C63-FA6788161E1B-png_jpg.rf.ffd4960857cec5010629a53069514a50.jpg,0,0,0,0,0
-DC48B948-99D7-485C-8E3A-4C8D9D4CFB32-png_jpg.rf.c9fa781d0b3123cdb778a6492918e567.jpg,0,0,0,1,0
Image_013518_jpg.rf.7ba046d59ec1b8550655cfa6858d2ede.jpg,0,0,0,0,1
178_jpg.rf.2aa8b49f08b766e595af56a5f7fec0d2.jpg,0,0,1,0,0
images-667-_jpeg_jpg.rf.47aa1ceaa5f82a38717246f8cd50ee38.jpg,0,0,0,0,1
-9389CE8E-C506-4F5E-A459-6ACD9FFC1881-png_jpg.rf.4fe556cab9f7a03cf09916f60ff48c64.jpg,0,0,0,1,0
-B1463014-0B20-42AE-AEE7-75F9E8E0FCAB-png_jpg.rf.89022a6d2d7fc8add0ca0ead4965be0b.jpg,0,0,0,0,0
-B7C16E32-9846-40EF-8C8E-B26051E149DF-png_jpg.rf.2345a948855e57b0b0cf438cf3fcbb84.jpg,0,0,0,1,0
-A516B7AF-BC18-46D8-92D4-9D1328F72025-png_jpg.rf.c5b60c76d17d8a4c21bcd91e086c012a.jpg,0,0,0,1,0
153_jpg.rf.63fdd4cf8389374af77182d50fd3c284.jpg,0,0,1,0,0
-BD831309-37C9-41D5-9E49-CFA006FA398D-png_jpg.rf.ec11f11c334615853a83d8d6fc703c89.jpg,0,0,0,1,0
-FFB52469-E780-47C4-887D-EEAD0226DDE5-png_jpg.rf.1aa30be1d479907f91218de6af540959.jpg,0,0,0,0,0
-3F312249-5BB2-476B-ACB5-2E2DF4202FEC-png_jpg.rf.14fab8a936441ba97999da012b29fa96.jpg,0,0,0,1,0
-C4FB6EE5-2134-4252-A3E7-FCE53E7F5D62-png_jpg.rf.fe3fd84bc37c605071b4edfebd79aaed.jpg,0,0,0,1,0
-B8DB5A5A-AB24-4C45-BC0F-6F213320FE7B-png_jpg.rf.ae4b42f9e058f1574e9ef2fdfc35fa25.jpg,0,0,0,1,0
-ED03379B-DF37-4C24-B1C9-4B9E26047F11-png_jpg.rf.6366e6527c7046e86e9a0349c0875963.jpg,0,0,0,1,0
-A0BD6770-22AD-41F1-BABF-4C6458C28A21-png_jpg.rf.ed6fa10ac20479fb07543aaf55a4a35f.jpg,0,0,0,1,1
Image_013473_jpg.rf.b071031286414109063743112a0a9e0b.jpg,0,0,0,0,1
-7BD0670A-F3AA-4DF3-A61F-D64CF293E7DA-png_jpg.rf.f8bbbd463a2f99ccaa60bd34dfef0a24.jpg,0,0,0,1,0
235_jpg.rf.439ff18d6bc7e89afc1060055a336e2d.jpg,0,0,1,0,0
Image_013395_jpg.rf.9ee422e8773b25a98c369b11abd617bd.jpg,0,0,0,0,1
bus-73_jpg.rf.97a2ec867daafa6390c834658f1cf180.jpg,0,1,0,0,0
thumb2_3c6f302cc1ac614c6408b3828bc73_jpg.rf.f5ae56871e3b3f7d61e0a5affef4351f.jpg,0,0,0,0,1
521_jpg.rf.c555d5e5bd0a4d413aab6299091e52db.jpg,0,0,1,0,0
Image_013328_jpg.rf.94f632d53664bce587f71f4cb1af2986.jpg,0,0,0,0,1
02e77c5d58d53c63_jpg.rf.2d6adddd988501b2081c25bf7e8bb4bb.jpg,0,0,0,0,0
17d99b801acab230_jpg.rf.0ed0856d28bea143a9fc2d81242f24a4.jpg,0,0,1,0,0
bdcbb306decf35de_jpg.rf.e9463867a18bb9131fbff0ecabd065b6.jpg,0,1,0,0,0
428_jpg.rf.f53f75831da5ef685e569776e513d247.jpg,0,0,1,0,0
f0e4f481d71014ab_jpg.rf.ebe877cd302144dee238ca3d09ab4aa0.jpg,0,0,0,0,1
210112c7c8085350_jpg.rf.eebfd4fb066f133acb387efaf34da06c.jpg,0,0,0,0,1
BG154354_70f5a2_jpg.rf.3064c9236483a80e57dc53faa3318466.jpg,0,0,0,0,1
Bike-1025-_jpeg_jpg.rf.110f9abf56cf59a94b2589b7eb4fedb3.jpg,0,0,1,0,0
394_jpg.rf.7a50cd7461db415ad1b17f667929bcb2.jpg,0,0,1,0,0
Image_000123_jpg.rf.9e346991c65dc9a7a33fe32ee551074c.jpg,0,0,0,0,1
-C2DEBBE3-7D35-4B32-8AC1-D9271147FDB7-png_jpg.rf.8e5267de2999509f7d07a6d8bf69193b.jpg,0,0,0,0,0
81ef85dffa49536c_jpg.rf.f8cc88da4761c3fc0245b296347d9bef.jpg,0,1,0,0,0
615_jpg.rf.88783c8259e4b0348b0256cee3c59c4b.jpg,0,0,1,0,0
4d1454c978641ec9_jpg.rf.7373e07aec805d00a32b8940560df62c.jpg,0,1,0,1,0
5559d85c5384af88_jpg.rf.40137109f83cbe7fdb2eb03b3dd113b9.jpg,0,0,0,0,1
8_JPG_jpg.rf.1eb4d072081fcbac6e3f77487cc7788e.jpg,0,0,0,0,1
422_jpg.rf.00a391b130789e6a70864823c95692f1.jpg,0,0,1,0,0
0d829bbd335fe81c_jpg.rf.8f5aa3f3e121a1bd430cf4421b9f35c2.jpg,0,1,0,0,0
475_jpg.rf.8f35f7db21824cd6a8b09d06c6877376.jpg,0,0,1,0,0
8_JPG_jpg.rf.91f9e120e858910a2afb07b4f8f8239b.jpg,0,0,0,0,1
3ded62c943789fc6_jpg.rf.84d76b658ed37a9df76aeabd3321b1e9.jpg,0,1,0,0,0
Image_013376_jpg.rf.5a6d43c07a6de601e136b2679b1e42e9.jpg,0,0,0,1,1
404377603aafa9bf_jpg.rf.4a6a16f9b5a9e13ac3e82164ec2ff65b.jpg,0,1,0,0,0
2eafddbc758ee2a6_jpg.rf.746d7cdfa56b5c9ec048eae4b58c99c1.jpg,0,0,0,0,0
286_jpg.rf.f36354d781776829314df2599dc3a963.jpg,0,0,1,0,0
4d1ca372d780c875_jpg.rf.e507aab9e18c11ed3c93e3cd4eba6a6c.jpg,0,1,0,0,0
Image_013395_jpg.rf.c3911f56f744dd59b5f93186d888c36c.jpg,0,0,0,0,1
Image_013365_jpg.rf.55cb26445831491f80ca2f3fbc7f593d.jpg,0,0,0,1,1
6562b9dd98534552_jpg.rf.3a38931638b57abfe84960e669958c98.jpg,0,1,0,0,0
a43f6b48fe5a5a81_jpg.rf.42e5c26acd6da936acfa31fa0d732529.jpg,0,1,0,0,0
-4669828B-853B-4599-BED7-E52C405426C1-png_jpg.rf.dc3438cd94ae7b4b09451d304d16fdc7.jpg,0,0,0,1,0
-63A3759B-1595-4A66-BB62-1E7F580BA753-png_jpg.rf.7c01f597bbb8a16a1564ab6b7c125eb8.jpg,0,0,0,1,0
-86F182D0-73B9-46B2-826E-BE5DE5A76D12-png_jpg.rf.90698bd4ec1d7c3acb836a2c810833f1.jpg,0,0,0,1,0
Bike-119-_jpeg_jpg.rf.80c9a652b851fc0db06341ea900448ba.jpg,0,0,1,0,0
5beb1a3021e4afde_jpg.rf.17616e3c1469e12b238c68b72cfe2002.jpg,0,1,0,0,0
397_jpg.rf.726f7241f7d0224b3c1d1d154772a71d.jpg,0,0,1,0,0
Image_013426_jpg.rf.7013b74a4ca3125cc373d54d5d908575.jpg,0,0,0,1,1
-63991B4F-9F98-4B3C-9CF4-B7985DB357D1-png_jpg.rf.d94156b107e74967f5d7d64642d9efd3.jpg,0,0,0,1,0
Image_013584_jpg.rf.6938527d596cdb077fb1aaaf3d8039ee.jpg,0,0,0,0,1
Bike-1-_jpg.rf.b3502d5476d58ef5e4fb871ddf93188b.jpg,0,0,1,0,0
Image_013448_jpg.rf.3206e5899c7ed4d8ca8b6d0f1befb999.jpg,0,0,0,0,1
053227f4aed1f791_jpg.rf.f7400effbdff3983e0c2674515ea47ac.jpg,0,1,0,0,0
465_jpg.rf.d9edf336cf1f2d20a6e2f4f093138d6e.jpg,0,0,1,0,0
Bike-1174-_jpeg_jpg.rf.2fb5de97d946126e24c52dc6b74113c0.jpg,0,0,1,0,0
25591-788489_2_jpg.rf.a72027330aaf93736059899929a324cf.jpg,0,0,0,1,1
02dba50ea9a68512_jpg.rf.171c1fe0f4bded7804c5dd97352357a9.jpg,0,1,0,0,0
386_jpg.rf.734574a0e2a78c0fb6444c095914ebbe.jpg,0,0,1,0,0
-B3FF9CBC-6C9F-4BDD-B814-790723E32E98-png_jpg.rf.c42f525692345906451046505c4b4a39.jpg,0,0,0,1,0
Bike-1188-_jpeg_jpg.rf.26715d513c3c30d82ab8925ae4f73d6c.jpg,0,0,1,0,0
-C006FC45-64AF-4FA9-B836-17F1DE49F186-png_jpg.rf.94bddc4c0ee9028fde1913ee165f42b1.jpg,0,0,0,0,0
-86F182D0-73B9-46B2-826E-BE5DE5A76D12-png_jpg.rf.56f5322c9580d6835d20b88f13416341.jpg,0,0,0,1,0
Bike-119-_jpeg_jpg.rf.469cbb3bf25bdd04d69371c94e79e002.jpg,0,0,1,0,0
-63991B4F-9F98-4B3C-9CF4-B7985DB357D1-png_jpg.rf.9d3721d4b1a0b15084124e4dfa973220.jpg,0,0,0,1,0
-6254A622-2157-4AD7-BB2C-4A3F4E465B5A-png_jpg.rf.121134008544246e7bb691dfad5f5c67.jpg,0,0,0,1,0
bus-197_jpg.rf.51619434c5fefd84fe8e6ddf32dbf88f.jpg,0,1,0,1,1
Bike-1174-_jpeg_jpg.rf.d18d5193acfd2a9b91317e49b0973ec1.jpg,0,0,1,0,0
3b927df0a7609ae5_jpg.rf.364d004ba652bd33a2fda71bbcfb8a36.jpg,0,1,0,1,0
Bike-1039-_jpeg_jpg.rf.3fd0f7412a5001eb3980a1b21807c82a.jpg,0,0,1,1,0
202104211625508_jpg.rf.023057859eaa437ea0464cffa56bd1a5.jpg,0,0,0,0,1
-7FAF411D-CD18-4902-9409-0DA28E30E6D5-png_jpg.rf.bc5609e4ec2f581f0ba53ae600385085.jpg,0,0,0,1,0
bus-174_jpg.rf.d455374c3a71312bf3d1f961aafbcdc2.jpg,0,1,0,0,0
34367_46211_238190_jpg.rf.e683c33ac0232050c1b754696551758c.jpg,0,0,0,0,1
570_jpg.rf.75fed2277456e123cc94081966ff23be.jpg,0,0,1,0,0
d900408a3652fdce_jpg.rf.7b1411f0896c73aefb4a3bfe9effc0f9.jpg,0,1,0,0,0
202104141361760_jpg.rf.c7cd099069a4de83f090bd2e70a4e94e.jpg,0,0,0,0,1
531_jpg.rf.7ce4171cf2b9f9ff5add9636d913df38.jpg,0,0,1,0,0
202104141361760_jpg.rf.10fffc75f59c35810590dcfb9c9abbc5.jpg,0,0,0,0,1
324_jpg.rf.e7bdcb2e01cb8bbb052499209d5a655c.jpg,0,0,1,0,0
7654aaa60913d6a2_jpg.rf.b45cadb81486d23e49580eff56755cf0.jpg,0,0,0,1,0
2013-Mitsubishi-18ft-Refrigerated-Va_jpg.rf.1be737891c4489eee9e9af0663b729f6.jpg,0,0,0,0,1
333_jpg.rf.6aae77e8ffcbe04ecc536ca5e9ec92e0.jpg,0,0,1,0,0
f81_jpeg_jpg.rf.7b0f79c1f3b472302d7f6036a55258bd.jpg,0,0,0,1,0
202103310823213_jpg.rf.5e67241ca5c71740de5d787bf72f3184.jpg,0,0,0,0,1
8736925341819488_jpg.rf.71d4226f2c44cfe86e7bbcb3e6eb56c1.jpg,0,1,0,0,0
bus-164_jpg.rf.92dff89d8d71db5d0e8e6cae22ab7878.jpg,0,1,0,0,0
2cc32a335f698db0_jpg.rf.affd2e8efadc705756cda011684c8335.jpg,0,1,0,1,0
202104081109084_jpg.rf.97f59b8fb781cde64c724c72df06bda0.jpg,0,0,0,0,1
WhatsApp-Image-2022-12-05-at-18-17-00_jpeg_jpg.rf.97c449813c717c305579b33cbeb948ce.jpg,0,0,0,0,0
202104141335289_jpg.rf.876d60890f6dccef4b8b77c6d9a10e2a.jpg,0,0,0,0,1
202102159089973_jpg.rf.aa6558f8d2caa0aa9fd31773450494e8.jpg,0,0,0,0,1
Bike-1503-_jpeg_jpg.rf.0b2227435e4c0b122c8192eee5165168.jpg,0,0,1,0,0
Bike-302-_jpeg_jpg.rf.83fb8dee687e857e9cb331464676cfb8.jpg,0,0,1,0,0
Bike-1345-_jpeg_jpg.rf.a0e110e8e026bb371cab9389c929d363.jpg,0,0,1,0,0
-0EA5B2D5-C63C-45B2-9048-072293BBA378-png_jpg.rf.bc9718739f185408437662d87d3c9705.jpg,0,0,0,1,0
-6B809CAB-0782-409D-9497-D0C9237884D3-png_jpg.rf.78ba63a5e9fcc9e9324483f291656860.jpg,0,0,0,1,0
bak-truk-2B-25283-2529_jpg.rf.d21d229681e481b3b6c299654a2d4ef3.jpg,0,0,0,0,1
624_jpg.rf.0d76df0c11b8f4644a57d4b580846ccf.jpg,0,0,1,0,0
-19FD5421-B6A2-4865-807F-65DEBDA59E17-png_jpg.rf.ccd85db766138867e63f1877cf6c42b5.jpg,0,0,0,1,0
045cd7226292ad16_jpg.rf.fe271f98437821b90391a3ca61cea83e.jpg,0,0,0,0,1
ets2-mitsubishi-fuso-supergreat-truc_jpg.rf.7e2dc40f0b61a5cb063ef0334f051d6f.jpg,0,0,0,0,1
19_jpg.rf.046b7539e190597817242f984e0683a6.jpg,0,0,1,0,0
b2744c4f5a1b8293_jpg.rf.4f92fed2cfcef0453666f92ec6f8e3c2.jpg,0,1,0,0,0
-FDBCA379-DAA6-4F02-90DD-4E239035C8E9-png_jpg.rf.22f01d348c23a4731f8d9697dea8d573.jpg,0,0,0,0,0
0000147617-e4eb190337827f8bbbcc9317d_jpg.rf.5dd9be2fb7d91c3b15ed039b3c8a6a31.jpg,0,0,0,0,1
Beverage-Trucks-Mitsubishi-Fuso-FG-1_jpg.rf.4e9873dbe19bf0f190511c6186cb439c.jpg,0,0,0,0,1
bus-73_jpg.rf.e6390f4a13c47f3b9af7211a6c24656c.jpg,0,1,0,0,0
01ad46727038a8e2_jpg.rf.c0460f5abf9dcecfad4fd44f9f302210.jpg,0,1,0,0,0
bus-72_jpg.rf.d0b24c9fd309e1d16b00d8c43698795d.jpg,0,1,0,0,0
Image_013546_jpg.rf.ccbbf40d09186efd52f42a02eb03ae48.jpg,0,0,0,1,1
used-2003-mitsubishi-fuso-fe-hd-box-_jpg.rf.de724e22befecf7b62d9b2275a96f0e8.jpg,0,0,0,0,1
Image_013480_jpg.rf.74d041cff4114c35e7ab9d6904f02629.jpg,0,0,0,1,1
Modifikasi-2BTruk-2BIndonesia-2B10_jpg.rf.e2935e6f423fac3107083820b94ead67.jpg,0,0,0,0,1
-D84C356C-DE9C-41A7-82D7-95F3D27663B3-png_jpg.rf.fcdbe15f8f9a7ba40a8b88d4a08bfd11.jpg,0,0,0,0,0
7c4956f09516e64c_jpg.rf.529182db06e242bceda31dd2623aab08.jpg,0,0,0,1,0
00abf276002161e1_jpg.rf.cd38becdc66c69be28ff6bd7c7a91f60.jpg,0,1,0,0,0
-39F48ED3-07A0-41D7-85B6-474E4ABF17C4-png_jpg.rf.7e2b65cff6d8119fe50eec09d1b14811.jpg,0,0,0,1,0
a84b64d1282da7fb_jpg.rf.764eeda95b2cc3ea7e4df52b18bb5919.jpg,0,1,0,0,0
Mitsubishi-Fuso-Truck-of-America-600_jpg.rf.66f51e33117cf9e699d48413d7f70c60.jpg,0,0,0,0,1
254_jpg.rf.54d1a4edcd5d2bdc7ee473ca10ce7e6a.jpg,0,0,1,0,0
b856e2f0ec2e5fcc_jpg.rf.f97b93f87d8d6cd4031570d067ddf1fc.jpg,0,1,0,0,0
-219385A6-1305-4394-A47C-8D7503109ABF-png_jpg.rf.a3f6d3d6b6fb70a4bbae9bd9b36a847d.jpg,0,0,0,1,0
-86F182D0-73B9-46B2-826E-BE5DE5A76D12-png_jpg.rf.8e95efe432167419846662acb14c743f.jpg,0,0,0,1,0
a43f6b48fe5a5a81_jpg.rf.ff765e2b580e9e24d4387e711edefcb0.jpg,0,1,0,0,0
b52c202df1a5c47e_jpg.rf.2884ee33390d15e3c34c3b399c9ce0f7.jpg,0,1,0,0,1
286_jpg.rf.62b3397136c7af468185c43379c97ae0.jpg,0,0,1,0,0
279_jpg.rf.47dd9e3b6a42b8b5c66ae667aa1d9daa.jpg,0,0,1,0,0
623_jpg.rf.0f269f9170268deef9866e4caac83806.jpg,0,0,1,0,0
-C5CC1F92-FB42-42AD-B684-D2D2C374D62F-png_jpg.rf.c676d728bd488a98b2dc9394fce4a37b.jpg,0,0,0,0,1
622_jpg.rf.3f50da194c969f8c9f28dcfbfdef033d.jpg,0,0,1,0,0
-560B3012-6E26-4551-A44C-6F4AB53B707E-png_jpg.rf.1e5b26da37686b74a7419951c5602d09.jpg,0,0,0,1,0
138_jpg.rf.7652386956f4104b5910320e59bcfa39.jpg,0,0,1,0,0
bd83b1913c6b7453_jpg.rf.09235eb25f8d4fb8fc3e84bcbbabe302.jpg,0,1,0,0,0
-DCC10965-2F71-42B2-8751-833FAFC81B07-png_jpg.rf.dcc1a7f52d7a793a6a025bbb06402c35.jpg,0,0,0,1,0
-B8DB5A5A-AB24-4C45-BC0F-6F213320FE7B-png_jpg.rf.4dfcb0a33c499662f3d27dd8984db2da.jpg,0,0,0,1,0
-C96EB60C-375E-476D-8D20-3643A20C26B5-png_jpg.rf.59e504616d265ce144c5a539f93e750e.jpg,0,0,0,1,0
271_jpg.rf.5b69b25d0b33db5a7c1f2e3c11e9d45b.jpg,0,0,1,0,0
a99d97524c1526b3_jpg.rf.265d094a43a19495abac7e6b09a45c5a.jpg,0,1,0,0,0
bd376a63e8191075_jpg.rf.46158a0c389db3700ddb87108139d400.jpg,0,1,0,0,0
1af7dea925b23b3d_jpg.rf.2b89d7e1deaa79d61bc50c93907b3969.jpg,0,0,0,0,1
Mitsubishi-Fuso_mp36_pic_105514_jpg.rf.e2c2357749fdd8e91696dd23740532c9.jpg,0,0,0,0,1
-CA45E750-4780-41D5-87A3-B27806F02374-png_jpg.rf.6adf589f05352bd881636980de331f32.jpg,0,0,0,1,0
5b0f57b9bad38bc2_jpg.rf.bec620a064d8380c30fe81b847ef2f63.jpg,0,0,0,1,0
-B5C21DCF-89F3-4ABF-AA43-EF194DC8AF9D-png_jpg.rf.0ce4357f31ead0828c3a03947bb08ffd.jpg,0,0,0,0,0
k48_jpg.rf.b7421626f194c6f6468d0896522a7e63.jpg,0,0,0,0,1
77_jpg.rf.5a23343d50826a2109f7be395a5e6e9c.jpg,0,0,1,0,0
-E169C681-EEF4-4F14-8884-D6C35F9A4005-png_jpg.rf.f61a51daf7d03d9f98cf6175cd88493a.jpg,0,0,0,1,0
mitsubishi-fuso-fighter-962c80103b_jpg.rf.20e7980e5d4c525f5cc483fe3ba58710.jpg,0,0,0,0,1
a9fe3d2f48686f41_jpg.rf.750efa1761b059c0807e0e45f1659df9.jpg,0,1,0,0,0
-F6E6F421-AD9D-48A9-8CF7-07EB7ADEE1AF-png_jpg.rf.b693cd1f9f503794d70443e6edb7f7b0.jpg,0,0,0,1,0
mitsubishi-fuso-fighter-962c80103b_jpg.rf.e5cf783d998d91742abe364df8d0cae0.jpg,0,0,0,0,1
-6254A622-2157-4AD7-BB2C-4A3F4E465B5A-png_jpg.rf.38ebb24a3120508360cc888dd35d00bc.jpg,0,0,0,1,0
-6D8CF994-CDAD-4784-9A07-C91C6EEDA073-png_jpg.rf.db01c207c88fbbc8e669b719992ee6cc.jpg,0,0,0,0,0
-EB077461-353D-44D7-9FD8-ABDD9D3134DF-png_jpg.rf.dfd577428cb6feab0586cc0d9fa0efb5.jpg,0,0,0,0,0
-422F5744-FC5F-4A43-8DFE-CEF738B5015C-png_jpg.rf.04779446345141244ed0688eceb2a6d4.jpg,0,0,0,1,0
-ECA3B880-4547-4E14-97D1-753BEED63EB3-png_jpg.rf.344f61978ae996e7e32bb1a71ab11080.jpg,0,0,0,0,0
-0471C451-8CA5-4CEA-8EFD-3B0F147BF4B7-png_jpg.rf.a22f600298668f7167383fb19dad9f8a.jpg,0,0,0,0,0
-A428FE7B-009C-4CA2-826A-7D052B12D17E-png_jpg.rf.f85565ade5d6ec06d48a3faaed0ca1af.jpg,0,0,0,1,0
-EA70E933-49FB-45B9-9F15-4CD3864BD664-png_jpg.rf.6660fb0fa03a0f2d8461abe566e8e4c0.jpg,0,0,0,0,0
623_jpg.rf.56fd85c5f1d32695c3a363aab709ded0.jpg,0,0,1,0,0
250_jpg.rf.e1106af6c5d17584bf4aa03e2658eed9.jpg,0,0,1,0,0
615_jpg.rf.41c5bdb215024da5ab999bdfccf893bc.jpg,0,0,1,0,0
159_jpg.rf.c777f565a20af919def2caca4abcb902.jpg,0,0,1,0,0
l49_jpg.rf.ede23b204fa4fc3e6cca172b29075ea7.jpg,0,0,0,0,1
-B536D43A-C9BA-41F0-8A85-01C6EA42A506-png_jpg.rf.7f75adb8e5da93a2a83942159dea090a.jpg,0,0,0,1,0
-BC165CAD-1004-4A38-B8A5-0E25AC65AAC9-png_jpg.rf.7a29d0f3cd4603a8874c0b6405fe2f28.jpg,0,0,0,1,0
-37EAFDFC-4667-4A10-98F7-3C9FB6EC7912-png_jpg.rf.4525a533ae3e3cc93f46e7b831a385a4.jpg,0,0,0,0,0
142_jpg.rf.2096151ec295a850fe436cd2ae50b5ad.jpg,0,0,1,0,0
-251A7DC4-47FA-45BF-8F18-8C933578D147-png_jpg.rf.1af469e56be4af82cb106d6566ab70a1.jpg,0,0,0,1,0
-FE599FE5-93E0-4464-BF5A-94885FB3B47E-png_jpg.rf.73c08dd895dc1b69609ce7080efe64b0.jpg,0,0,0,1,0
-AD8A2B9C-A00D-4D3A-AD20-41B17782BCEE-png_jpg.rf.b0e9ee2b4058707e9b99ff8051e39e4c.jpg,0,0,0,0,0
mitsubishi_fuso_2535998_orig_jpg.rf.0093f0e6bc03f5ab8c0c2bd4975e6009.jpg,0,0,0,0,1
-FDBCA379-DAA6-4F02-90DD-4E239035C8E9-png_jpg.rf.6ea2c5445da27626a4ed6336dee7f166.jpg,0,0,0,0,0
-9234C81D-1DB9-4AD0-8825-F99D233917A4-png_jpg.rf.a8fcb6924957cb3466d483dea61a11ee.jpg,0,0,0,1,0
Image_000375_jpg.rf.878f57d52f148f0087b1da6d57079d45.jpg,0,0,0,1,1
95_jpg.rf.e871fe336ed0356e4f98caa217999218.jpg,0,0,1,0,0
b096be80e31d48b0_jpg.rf.a7c0cbeda3eea2af96bf5c59863698ab.jpg,0,1,0,0,0
-DF011F3F-ACBA-4857-9E5F-49E8B2CE4FEC-png_jpg.rf.3a8a6e9aebea4d8cf2395b6914bd601e.jpg,0,0,0,0,0
759_jpg.rf.319b6708042ba8e40478c565e94628cf.jpg,0,0,1,0,0
164_jpg.rf.e0703eb0f8d8307810921cca44b86871.jpg,0,0,1,0,0
-f6070acc85_jpg.rf.6c3dde4e9ce7ca5d0a96910367b09c07.jpg,0,0,0,0,1
-A76B17FB-A1F8-4C15-9F7F-66E718DEB040-png_jpg.rf.5ea61f83fefbf9c8053e876ddaf52005.jpg,0,0,0,1,0
-F790D7CB-9608-4247-9DD5-F13FCB2CBA2B-png_jpg.rf.604fca5779b4186930800e5302372ede.jpg,0,0,0,1,0
-87FD317E-6F61-44EC-99D8-CD780485C6D1-png_jpg.rf.6d670c267dce0ec89a4220db6e83b490.jpg,0,0,0,1,0
bus-177_jpg.rf.b58727fa2c671d95e6934f7569204fa5.jpg,0,1,0,0,0
Image_000162_jpg.rf.3016a576c46964e5c2e322cea0b56751.jpg,0,0,0,0,1
-4669828B-853B-4599-BED7-E52C405426C1-png_jpg.rf.068f384a84d2cc8dc9351464b31f0c14.jpg,0,0,0,1,0
514_jpg.rf.c7e77c2ccb25462525de86be3eb06ca3.jpg,0,0,0,1,0
-B7791A7C-8010-42CA-B0A6-CFC6FB56E7EE-png_jpg.rf.df051058fded4057db7e68ebdc5fdac4.jpg,0,0,0,1,0
02e3adf2289cefdb_jpg.rf.58652ae4ffc5b40afbe9cb31b1e28a61.jpg,0,0,0,0,0
282_jpg.rf.cc820a3778b5149130c4dbcd18c79818.jpg,0,0,1,0,0
-9E5DCDFE-604C-4774-9BCC-613523B3EC83-png_jpg.rf.e3ed622f8bdef15c0a48a3e6eaf2fa7e.jpg,0,0,0,1,0
Image_013328_jpg.rf.0c53f7d8edd2be6d5562405d571a65ae.jpg,0,0,0,0,1
-9F02665A-62F1-4897-8B80-2A7DA735DBE9-png_jpg.rf.1a8f2948bd0a157d47d162acbc5a7980.jpg,0,0,0,1,0
3c55270cd2b68fb5_jpg.rf.c765deb546d0de59cc6027769918ddcd.jpg,0,0,0,0,0
b1bdc5e8f0555dd3_jpg.rf.31f0140744373774b831b12f99c4fd48.jpg,0,1,0,1,0
a57c628c5a026bed_jpg.rf.f290fe1974402ea8aba27cb2bcb89b80.jpg,0,1,0,0,0
0b90182951fe815e_jpg.rf.6f7c0b0aace2d7d861be25839b5c2b51.jpg,0,1,0,0,0
a3c2b67ca604c9ea_jpg.rf.b2413b93eab18420a2e3d1b0c535345b.jpg,0,1,0,0,0
482_jpg.rf.75f38f7c2aed78a5cca6318eceb68f99.jpg,0,0,1,0,0
07779bdfd37cf6a5_jpg.rf.d56d6a53011c35b40f6d0e47ee98f559.jpg,0,1,0,0,0
404_jpg.rf.20ca2122287014cb0593bc8f1f3e36f6.jpg,0,0,1,0,0
394_jpg.rf.050a7a6b2e63166b03f3b16825a2fe66.jpg,0,0,1,0,0
22908bd0a323fa77_jpg.rf.6a8532f2de4fa6469fed3fd1a6b50804.jpg,0,0,0,0,1
16104227295ffd19c9c7fcb_1_jpeg_jpg.rf.bae9bb9d274d84379dcd85a39e9c9231.jpg,0,0,0,1,1
Image_013415_jpg.rf.1f80bcb198a0196283d07ad6b7617087.jpg,0,0,0,0,1
522_jpg.rf.109c41a2f19af470b80140b910cd3b94.jpg,0,0,1,0,0
15d882026fea738a_jpg.rf.2d1596a75a1e0a6a5359c775960c55ac.jpg,0,0,0,1,1
0b9c420d63a71eac_jpg.rf.d4cf3f3579515af932b0c929fb48dcc2.jpg,0,1,0,0,0
a2bb19c347cb94d5_jpg.rf.f2a40114ccde794651e72be52d234603.jpg,0,0,0,0,1
395_jpg.rf.202f4b602f0dcf9103cdff86417991f0.jpg,0,0,1,0,0
a39209dc51883124_jpg.rf.9f8aff10bea2dcbc2c06e2e539e9e494.jpg,0,1,0,0,0
-56F905BE-38EB-4BBE-B228-1A61B0FB1B4B-png_jpg.rf.55d1d39814ee913bce5dd103eb836499.jpg,0,0,0,1,1
-FA19065F-0734-4F1A-A565-FE5702DDF0D3-png_jpg.rf.3974efd9e4947a1d310252a29b605237.jpg,0,0,0,0,0
-85692E92-3B6C-49F8-B16D-E99133131917-png_jpg.rf.b75f57275e0551af266fadb8479dccee.jpg,0,0,0,1,0
Bike-568-_jpeg_jpg.rf.c828a36233053d395c9a650f7dc1728e.jpg,0,0,1,0,0
392_jpg.rf.138e175caa77ecb21651d948a1368172.jpg,0,0,1,0,0
60917981ca9ce63e_jpg.rf.8c689a55370bbdc90bcc30c6982dcc10.jpg,0,1,0,0,0
3ded62c943789fc6_jpg.rf.f1f17f2277cc9d816fa322f89c31f5fd.jpg,0,1,0,0,0
389_jpg.rf.c5527477f094fc5944dbccaaeaf06011.jpg,0,1,1,1,0
4e06822a10d2e72c_jpg.rf.131bb496718f9b4c7789084777a15c79.jpg,0,1,0,1,0
-444DBD47-6269-41AA-8450-942029C69375-png_jpg.rf.2a90414ec20b08d98d6b3c72c6e4237a.jpg,0,0,0,1,0
Image_013419_jpg.rf.149d57055e0084b8f585a20b14fb9d0a.jpg,0,0,0,1,1
426_jpg.rf.f497fa6cdf8b746ae68cc520479d7ddd.jpg,0,0,1,0,0
-53D41263-2FA3-40DF-9556-1EB08D19D5F1-png_jpg.rf.63d98f534f64132bf3879cdbeff9f31f.jpg,0,0,0,1,0
Bike-1188-_jpeg_jpg.rf.5d4d39556416cfc648c0625b85413aa3.jpg,0,0,1,0,0
Bike-1201-_jpeg_jpg.rf.2f670771bf412bca7abe28ed1dee0abb.jpg,0,0,1,0,0
Image_013455_jpg.rf.7da095e9cd30894c72d46183407153fa.jpg,0,0,0,0,1
-B3FF9CBC-6C9F-4BDD-B814-790723E32E98-png_jpg.rf.935abd2cb827c0719b1c19ee6af9ebb3.jpg,0,0,0,1,0
Bike-1093-_jpeg_jpg.rf.e4ff326cd81972a4c05a230f967a6b9c.jpg,0,0,1,0,0
Bike-27-_jpeg_jpg.rf.a8741c85cad4c8b0444c6ca3cfb0c801.jpg,0,0,1,0,0
63865eabe369d845_jpg.rf.540734df1ae03f4c67421c963f711e40.jpg,0,1,0,0,0
Image_013375_jpg.rf.dab87deab6a4ce7342b5278359f51bf1.jpg,0,0,0,0,1
-5E492592-1503-4FFB-A59A-7C84C8FB58C8-png_jpg.rf.aafd7e418497d41c828bb3dbfb99e1c0.jpg,0,0,0,1,0
03ab132d14415426_jpg.rf.f6cb8be5993a770766c1dcee249ebd34.jpg,0,0,0,0,0
-3F312249-5BB2-476B-ACB5-2E2DF4202FEC-png_jpg.rf.b02a29de24bde90f3b0c87f929ca1134.jpg,0,0,0,1,0
485_jpg.rf.b9bbd5816b8a5b6b61f98b87c4524b4e.jpg,0,0,1,0,0
404377603aafa9bf_jpg.rf.a80817ed2cef367f9615a544463baf82.jpg,0,1,0,0,0
471_jpg.rf.4eeb228a6ec40e6c6dc9ba975b5b50e0.jpg,0,0,1,0,0
-2B9B8378-CF94-4121-9F57-AA504E361DEC-png_jpg.rf.6c500d26109a7e679b309951246f5bff.jpg,0,0,0,1,0
22908bd0a323fa77_jpg.rf.00a70762a02871c742e976f7d7ae6d1d.jpg,0,0,0,0,1
3ccedd8e58c2bd4e_jpg.rf.ff8a66519e1442d09882d069ebab5bf5.jpg,0,0,0,0,0
Bike-1074-_jpeg_jpg.rf.9cc25a9f06524e486b28d140e03102d2.jpg,0,0,1,0,0
202104171466835_jpg.rf.e70827d4e7a6741a7aed82bd670cd180.jpg,0,0,0,0,1
3fc6ea65e3e4be39_jpg.rf.aa669b4ef65ca317756da89ad4dff788.jpg,0,1,0,0,0
Bike-1500-_jpeg_jpg.rf.fcb8ad96321ed88a2fcafb6d85381c21.jpg,0,0,1,0,0
202012177194928_jpg.rf.b0d5adf0acc5c454fb5252550b715d96.jpg,0,0,0,0,1
-15F66BCC-7D1B-4C04-82EF-C560EC4C612E-png_jpg.rf.07ac571ae4fbb07cc70a88ca519bd3e1.jpg,0,0,0,1,0
Image_013515_jpg.rf.5e0ea289f7aa4a09dda392edd6914398.jpg,0,0,0,0,1
Image_013586_jpg.rf.3d45c76f8d39ce5f00ea8f16d11d433f.jpg,0,0,0,0,1
Image_013469_jpg.rf.441db0f892877ce74eb740978c35a826.jpg,0,0,0,0,1
360_jpg.rf.ba33774eea53d5824b0a668c8a5058a9.jpg,0,0,1,0,0
-15D32EAC-AC48-4D31-BEFC-BB6539C96CAC-png_jpg.rf.0b1f8dc8525ce4cfb843a48ea2983f23.jpg,0,0,0,1,0
20c199ea745dd0de_jpg.rf.daf1bd12f768bb9a8ba4c0decb1ede09.jpg,0,0,0,1,0
Image_013556_jpg.rf.68cb88a6901c475794b2f6c918f216c5.jpg,0,0,0,0,1
202103310823213_jpg.rf.0a565004f0e796fbf6ed9a769e79b335.jpg,0,0,0,0,1
00c96e0e060aeb2f_jpg.rf.f0401f92d2bb4f92c5407cd99c3b2b1b.jpg,0,1,0,0,0
202012157131248_jpg.rf.b47725f3a9a8b5989bca7825ba44a726.jpg,0,0,0,1,1
Bike-1310-_jpeg_jpg.rf.76d68136c2cd354f7ab7061cd0453e66.jpg,0,0,1,0,0
Delivery-Moving-Straight-Box-Truc-1_jpg.rf.065df5e16b95869a4aa88ec559c941be.jpg,0,0,0,0,1
363_jpg.rf.2caf4ca051eaaf407a14b8f9959c11a0.jpg,0,0,1,0,0
Image_013469_jpg.rf.6a8d51f0574b2aff3173afa554624d9b.jpg,0,0,0,0,1
202007111127814_jpg.rf.4af165718f13a208ed9076c1e9483364.jpg,0,0,0,0,1
Bike-290-_jpeg_jpg.rf.01f406e4f0f3f488e1db6a1e63367175.jpg,0,0,1,0,0
91247a_jpg.rf.d6d2a687e8fbe455584ce155b5a797df.jpg,0,0,0,0,1
Bike-133-_jpeg_jpg.rf.56ab89bf531727c8297d40756d3ff4f4.jpg,0,0,1,0,0
a3c2b67ca604c9ea_jpg.rf.8a51a98c966cc8c56c666ad7131b9b9b.jpg,0,1,0,0,0
599_jpg.rf.bb4f1e67e765b0a00c035ec13227d75c.jpg,0,0,1,0,0
Bike-30-_jpeg_jpg.rf.ca626f9e01e2c6aecea555250f855531.jpg,0,0,1,0,0
Bike-216-_jpeg_jpg.rf.724d53d2f61e60a4510725e19b6e023b.jpg,0,0,1,0,0
79351ebe7fb098e5_jpg.rf.79b82e8dce21a6ff8fe3cd61b3119655.jpg,0,0,0,0,0
1bac701471f3429f_jpg.rf.74fe999ddfd099115c9c8e7fcf2a932b.jpg,0,1,0,0,0
-A76B17FB-A1F8-4C15-9F7F-66E718DEB040-png_jpg.rf.c1ceb91a8db9418ba047998a3c3752e3.jpg,0,0,0,1,0
02a596b551ef7c7c_jpg.rf.a581929f813f752e9360efa3e56f6da6.jpg,0,0,0,1,1
Image_013471_jpg.rf.98ac5926d5a7dd8fdffdcee73e34d6af.jpg,0,0,0,0,1
202103270672959_jpg.rf.a4dd7e57636c84d79d58fe88a5f568b5.jpg,0,0,0,0,1
5f630068e794c-jpg_jpg.rf.d3df44571fc1a9da8622666a25ca95e4.jpg,0,0,0,0,1
7c4956f09516e64c_jpg.rf.6b264e0ac927180e1155ba13fa8695a0.jpg,0,0,0,1,0
595_jpg.rf.8218c68485f471e043a4bafb9b9266ca.jpg,0,0,1,0,0
-8780E321-98BD-408B-A8A9-E17B838682AC-png_jpg.rf.4c9c4635d2a811e5ed1c2630d4275153.jpg,0,0,0,1,0
202010134934695_jpg.rf.eb01a6f34a3b3ae32f70a3b9e33135ee.jpg,0,0,0,0,1
Bike-601-_jpeg_jpg.rf.922f917791c3b570c650e5109485da58.jpg,0,0,1,0,0
bus-236_jpg.rf.be0c0d68fcff767ba9b2a411e9f11097.jpg,0,1,0,0,0
-101F7188-06B4-4FC2-B9FF-123C60B06606-png_jpg.rf.4f233420d30044cd017b580e5f00b9a7.jpg,0,0,0,0,0
02dba50ea9a68512_jpg.rf.39300a0ee514258fd047b7584524e6ed.jpg,0,1,0,0,0
bus-131_jpg.rf.f813815bdbb9062d6bd9b5c2a84ee467.jpg,0,1,0,0,0
-24FFED69-CE70-43C8-8E00-90684987BD32-png_jpg.rf.b664eed3d2a0d76087733b1ec2f745f2.jpg,0,0,0,1,0
-398D11E1-12E9-4FE1-83DA-198B0C1A0D9D-png_jpg.rf.08ea346f24fbc0596fa3249695bd115d.jpg,0,0,0,1,0
238_jpg.rf.a36c26aaee26b835ccc8903e2a4d9282.jpg,0,0,1,0,0
01a1def8bf6b9e53_jpg.rf.9ff9b204a786565d5422765b5769ff3d.jpg,0,0,0,0,0
b856e2f0ec2e5fcc_jpg.rf.ecd02bfd630959a577ee86b14175ed45.jpg,0,1,0,0,0
-040585B0-923B-49A3-B6F7-D149A58534ED-png_jpg.rf.58bf09b54d97da0806b3d6aa69dec8c7.jpg,0,0,0,1,0
bee243f1c4a8fdf3_jpg.rf.9002b9aeb5ae3950ecd93b300f2266b3.jpg,0,0,0,0,0
-F4BE2D4E-B942-48C9-828F-B4FD564E1465-png_jpg.rf.df66c67c38f63f7fdc6a4b11b63a0ca2.jpg,0,0,0,0,0
210112c7c8085350_jpg.rf.e435940f2f375fb1d1766144d2a8d66e.jpg,0,0,0,0,1
-11AEC4CC-B462-46A2-9E6C-75AADB3C1792-png_jpg.rf.e456e2fce00831fe6d7e9bc88f6dadb9.jpg,0,0,0,1,0
bus-81_jpg.rf.23edbdf472861074756a2702e0e8dd9a.jpg,0,1,0,0,0
235_jpg.rf.1101c53f7354264d71dd293d09f826a3.jpg,0,0,1,0,0
-CCFB44DE-C25D-4C37-981B-6DBCB4F963AB-png_jpg.rf.1d79a974d6ecb3270cbf56e37b80d2be.jpg,0,0,0,0,0
22_jpg.rf.e0df7b3b3d38652627730fc80b874639.jpg,0,0,1,0,0
tripod_seq_10_077_jpg.rf.e426e2563b289ecf5ab412303cfa2253.jpg,0,0,0,0,0
YT00640_1_jpg.rf.6bb4b374ada5e5ff66d07e013248961d.jpg,0,0,0,0,1
Image_013546_jpg.rf.1e5c43d8a7735d0d12c956c2d054f089.jpg,0,0,0,1,1
bus-77_jpg.rf.c77b4a8829dd26cf5581ad3e338e9f45.jpg,0,1,0,0,0
-444DBD47-6269-41AA-8450-942029C69375-png_jpg.rf.f0a1861e3e8e8ff3913e34ae9da11f17.jpg,0,0,0,1,0
Image_013592_jpg.rf.46c1bca59e223d3e9717e720611daa95.jpg,0,0,0,0,1
00c3642bc01c173f_jpg.rf.b4218800d9bd4457424d99799f0dc46d.jpg,0,1,0,1,0
-375965D7-1A26-4644-AF71-19B3585749B4-png_jpg.rf.7ed4d147193843ad8676a196f168b8da.jpg,0,0,0,1,0
00b21814b93ce5df_jpg.rf.c9bd9f859ed57ca92ce38db676acf417.jpg,0,0,0,0,1
H97817c4b136e48e7882e48f522e02ef9b_png_jpg.rf.b2e4ff50fe4aef70716abe3e4e8ea013.jpg,0,0,0,0,1
-DDF02CB8-2C31-4AEC-87F6-22360E427E9A-png_jpg.rf.3aab0ff1a79b55705a70098f53ac64db.jpg,0,0,0,1,0
250_jpg.rf.4f75421a1c343e493605dd0330261faa.jpg,0,0,1,0,0
-E169C681-EEF4-4F14-8884-D6C35F9A4005-png_jpg.rf.0eb5d2e5824f1fbae4db4a0bdf92b336.jpg,0,0,0,1,0
bus-226_jpg.rf.8f736b06574bc4dd1aa7b8d2d3869868.jpg,0,1,0,0,0
703_jpg.rf.160a8ab524d223f7d151962024fbad23.jpg,0,0,1,0,0
-D92BD235-F2FB-41AB-AA48-E1BDDB51D6E4-png_jpg.rf.c87c141bb5b9e320dee83f8286328840.jpg,0,0,0,0,0
707_jpg.rf.406f1c6eaa112e7a34c4e10b84e44da9.jpg,0,0,1,0,0
-B8DB5A5A-AB24-4C45-BC0F-6F213320FE7B-png_jpg.rf.927a3fd2c9e6331869f309d2366f5ad1.jpg,0,0,0,1,0
a7d8ea3670c30ba1_jpg.rf.032cff8c0bcfeb914afdae7003e1c903.jpg,0,1,0,0,0
mitsubishi_fuso_2552923_orig_jpg.rf.d8a63012da8f1f16ce09a47e8e623a27.jpg,0,0,0,0,1
272_jpg.rf.270c6460a841e1a3534d8b7db4748d1f.jpg,0,0,1,0,0
-86F182D0-73B9-46B2-826E-BE5DE5A76D12-png_jpg.rf.90566443fdb71577efe6592adeeb1ffa.jpg,0,0,0,1,0
Image_013193_jpg.rf.b724b5ad47d79ffb3956abbf6816e41c.jpg,0,0,0,0,1
c19fa271d298929e_jpg.rf.450f9cb9c71b7b1c70a11aa3ed73a9e8.jpg,0,1,0,0,0
-8561227C-3731-4CFC-9FE9-2715B581C159-png_jpg.rf.ac5e48ab972fd25dda8182c7fad35bb8.jpg,0,0,0,1,0
-85692E92-3B6C-49F8-B16D-E99133131917-png_jpg.rf.7dd7fd22d372f7e982f9208d2ba468df.jpg,0,0,0,1,0
-219385A6-1305-4394-A47C-8D7503109ABF-png_jpg.rf.ec93073f5f10d83e63e7ebde69d5f660.jpg,0,0,0,1,0
761_jpg.rf.0f18f9db37883782f89bc43ec2f1113b.jpg,0,0,1,0,0
bus-228_jpg.rf.4babf8fb5c7a5cb20ad0fa8271315b46.jpg,0,1,0,0,0
new-2012-mitsubishi-fuso-canter-fg-1_jpg.rf.598a81db2fe21cd1b571504bf1006b21.jpg,0,0,0,0,1
77_jpg.rf.f35831b728d618f03ecaaea2aefca5ab.jpg,0,0,1,0,0
27_jpg.rf.ff5849a508e1a7465c9abbaa6662ca16.jpg,0,0,1,0,0
-FE599FE5-93E0-4464-BF5A-94885FB3B47E-png_jpg.rf.36543e6d8ed2171002443382c38f9fb1.jpg,0,0,0,1,0
bus-221_jpg.rf.3d36cab7fd79ac3717c51e6379ff7be9.jpg,0,1,0,0,0
-B900C4EA-26D3-438D-B91A-2F7E03FCF2D5-png_jpg.rf.d2905259bfbfceec7bbf2b9914cf9ba8.jpg,0,0,0,0,0
2000-mitsubishi-fuso-fe639-diesel-bo_jpg.rf.2a04ab33efba30e7659046ac52192818.jpg,0,0,0,0,1
0000146000-137ff09b3cd9edbdd68daccf403efb568b1a3fda_jpg.rf.70188aafb55d30591846dda95bed77fa.jpg,0,0,0,0,1
204_jpg.rf.d49b83a5f9122628b1f3f0b9d788d918.jpg,0,0,1,0,0
-560B3012-6E26-4551-A44C-6F4AB53B707E-png_jpg.rf.aae60037a21e0406e356bcefa052824f.jpg,0,0,0,1,0
bus-88_jpg.rf.d096d25b717dcca686331bd87421bf10.jpg,0,1,0,0,1
Image_013311_jpg.rf.a88d2e7518878709f749c980795e877e.jpg,0,0,0,0,1
-6D8CF994-CDAD-4784-9A07-C91C6EEDA073-png_jpg.rf.6ce680702f27a4b645647780de2b7e79.jpg,0,0,0,0,0
-01A44A23-9E0B-4EB4-9376-A14A40014000-png_jpg.rf.237fc5e8cf6fab58169a17a64ad3c5c6.jpg,0,0,0,1,0
hino-truck_jpg.rf.3db65e423860e21d655be300ab71de1e.jpg,0,0,0,0,1
-B7791A7C-8010-42CA-B0A6-CFC6FB56E7EE-png_jpg.rf.cb9478b3c56d4c0ebf914a33ccd91e2f.jpg,0,0,0,1,0
1e668423ae32ce6f_jpg.rf.3edda83b0688257519aa7884fb7c4506.jpg,0,0,0,1,0
tripod_seq_17_005_jpg.rf.6ca06ba7c5721d37fafc12b5501d35a6.jpg,0,0,0,0,0
-77061E5B-C4D4-45FD-81EB-51C68F8AC893-png_jpg.rf.b03add8f69778713902ed0b98c7c5001.jpg,0,0,0,1,0
a93956d6c3469789_jpg.rf.688df42aa529ab5e25bc59dd37697e52.jpg,0,0,0,0,0
134_jpg.rf.d301fe3effd82d4a92cba47d8cc9dcb5.jpg,0,0,1,0,0
-E957EAC4-E32A-4131-8291-DC4F62F29724-png_jpg.rf.e6a72819b47d20f7e0a6d1b1684e5b90.jpg,0,0,0,1,0
-BA330F2F-CFC8-4541-9275-C6AE204C6D0D-png_jpg.rf.72614ddf9fd9e241173e3b4f95d707fa.jpg,0,0,0,1,0
-24FFED69-CE70-43C8-8E00-90684987BD32-png_jpg.rf.b848c396ab254a18c0a35c0770e5637f.jpg,0,0,0,1,0
bus-221_jpg.rf.8dacd4e4a959584f21fbdbe499859fab.jpg,0,1,0,0,0
a8000474711304b5_jpg.rf.5535e2ff940b7d28e868d91fceff224f.jpg,0,1,0,0,0
-B5C21DCF-89F3-4ABF-AA43-EF194DC8AF9D-png_jpg.rf.d6fd865ae9791a28faffa51a56c2b692.jpg,0,0,0,0,0
-E9B93242-136F-49A0-8906-3B6573D9BC59-png_jpg.rf.34edcfd3934323e59ffc6959dd6de6a8.jpg,0,0,0,0,0
88_jpg.rf.ef98a05b89d1242d2a22f97cd2d2e93b.jpg,0,0,1,0,0
OTS-thumbnail-1024x576_jpg.rf.6b3236eddf2b14768d8cd806cf812a35.jpg,0,0,0,0,1
Modifikasi-cutting-sticker-truck-can_jpg.rf.45d0217a3c0d05b6806bceffe3dd4550.jpg,0,0,0,0,1
02e4ba3c19e0b891_jpg.rf.173ed1cb96c8a43cc43321d0a8e7ccc2.jpg,0,1,0,0,0
-2229E395-534F-4F69-9F9B-80628BD8D5AC-png_jpg.rf.b06fb059ae0346d90f8ddad800ebcaa7.jpg,0,0,0,1,0
Image_013781_jpg.rf.09728590245d1a17dc3911d5e8083e57.jpg,0,0,0,1,1
-E4F1212D-2139-4C05-8658-217CF328B30E-png_jpg.rf.3d964194f1b7af7c21a66ed1c2c33577.jpg,0,0,0,1,0
-BBC6D213-1075-48CE-B772-FDD44F34A3E7-png_jpg.rf.2e468c4c7bab53fee6a3f6951dc411df.jpg,0,0,0,0,0
143_jpg.rf.07dbb248378b1bc4d3e4c4641f248e7c.jpg,0,0,1,0,0
a7d8ea3670c30ba1_jpg.rf.7b3d5e047739fd2dd84ef0b9edd056d7.jpg,0,1,0,0,0
c1a2489309958b38_jpg.rf.dd496c0d31f552877ee25752ce2b5543.jpg,0,1,0,0,0
-B5C21DCF-89F3-4ABF-AA43-EF194DC8AF9D-png_jpg.rf.6751d882d87e1aac0bc74418c9a10c1e.jpg,0,0,0,0,0
-D276856D-8655-4E00-9B81-7746DB0426B0-png_jpg.rf.933914732efb2bd37c8a4ba23ae34d85.jpg,0,0,0,1,0
Image_013247_jpg.rf.066ebbd3b0e434ed948ce9ee9ecb8d99.jpg,0,0,0,1,1
b654373c253af19a_jpg.rf.8a37c48069d8989ac446a369df7557a3.jpg,0,1,0,1,0
-B1ED27E9-03FD-44D8-970B-7B2700586B59-png_jpg.rf.4da3b8deeb8f1748059a81579fde3d3b.jpg,0,0,0,1,0
1453219_253142391685050_1501147957419868457_n_jpg.rf.379ed2fd5ecb1db37eb823cae680deac.jpg,0,0,0,0,1
c50f2a082ddf0245_jpg.rf.292b7f56f824cd6e19f084cbd0c6a78d.jpg,0,1,0,0,0
hino-truck_jpg.rf.109051a32da97afef2bb05ad9729b70d.jpg,0,0,0,0,1
-608B1B77-EBBE-4E69-AB2F-13A3A5ED4C39-png_jpg.rf.045751ad99e92945de10d530b95457c3.jpg,0,0,0,0,0
a57d500ff5355b1f_jpg.rf.b9990aa7169883bef84ecb9438535995.jpg,0,1,0,1,0
0b9c420d63a71eac_jpg.rf.c1868a90429c8b1d2d5c60eadf0abf79.jpg,0,1,0,0,0
2364e615592f1fe0_jpg.rf.992839ec2d9ae059941092fccd6c522e.jpg,0,1,0,0,0
-BA173764-E7BD-413C-96AC-203C060B30CF-png_jpg.rf.8037b17c0edbb454fcaad496739e3644.jpg,0,0,0,1,0
Mitsubishi-Fuso_mp36_pic_105514_jpg.rf.98fba2b520ad3ba697330999def4b794.jpg,0,0,0,0,1
b994ed2b5a34ef24_jpg.rf.97b18adee9441fde19ab580e7cc02939.jpg,0,0,0,0,0
Image_013588_jpg.rf.daab9e8e36618353453bac4709387e0d.jpg,0,0,0,0,1
119_jpg.rf.3e8a0ad007a288bd249e858ae6a686c1.jpg,0,0,1,0,0
maxresdefault-4_jpg.rf.d26321ef2b1ed4c24f49dedf966910c8.jpg,0,0,0,0,1
146_jpg.rf.67e65b1125597f3aa72df7cba05c09b3.jpg,0,0,1,0,0
-76F273C0-07AA-4C57-B850-A4AA9184447C-png_jpg.rf.14c97ae0ec55babab335693fecea7647.jpg,0,0,0,1,0
00fce9f060ba3884_jpg.rf.6e2335be60869faaba90575dca49fe01.jpg,0,1,0,0,0
a57c628c5a026bed_jpg.rf.70f91ddf1ca0dc22f2406053a569b2be.jpg,0,1,0,0,0
image-34-_jpeg_jpg.rf.ac6915f0ac7b56fc0e9da8f5a49864a4.jpg,0,0,0,0,1
04f106918e695e72_jpg.rf.a3cf34b5d244e3cd71dd4e48ac7d093a.jpg,0,0,0,0,1
Image_013603_jpg.rf.983d74e86669437e49b0c2527b979cae.jpg,0,0,0,0,1
MITSUBISHI-FUSO-SUPER-GREAT-V-BETA-V_jpg.rf.584ee460426103fd058c456204fde9c3.jpg,0,0,0,0,1
maxresdefault-4_jpg.rf.5a4ccfee647c6549ba98e0c0a0745fbc.jpg,0,0,0,0,1
-C01087D7-A9FF-4402-8715-C983088F2476-png_jpg.rf.e9d0c310d27b7bb9afe3ec845eb479b3.jpg,0,0,0,1,0
156_jpg.rf.5870d7afd682e5a7c515dff48b4b5fdd.jpg,0,0,1,0,0
GH011387-MP4-t-90-266667_jpg.rf.f5e9706ee5b4a197ce76f6d84ec9e07a.jpg,0,0,0,1,0
-DCC10965-2F71-42B2-8751-833FAFC81B07-png_jpg.rf.6770b7e9bc70dd473590b70c2f82e5b9.jpg,0,0,0,1,0
20c199ea745dd0de_jpg.rf.2154d10ab6cad5679b4dfdb54fa97361.jpg,0,0,0,1,0
-26D423C9-C9F8-4CA3-B49E-3664225FB20C-png_jpg.rf.41b2bc62d718d2b734a03b197a0ee37c.jpg,0,0,0,1,0
-BF5B09CD-88BE-4B44-92C0-66FACF354706-png_jpg.rf.d4b131848f0cd6c70722c39be18874e3.jpg,0,0,0,1,0
sold-20-09-10-0730193a_jpg.rf.f92bc3ecd58c5cda318ce051716039ab.jpg,0,0,0,0,1
-A76B17FB-A1F8-4C15-9F7F-66E718DEB040-png_jpg.rf.8273247d8c7edde518339a0ee2e30d26.jpg,0,0,0,1,0
-AFDBA762-453D-4003-BBDF-A57AD7B04932-png_jpg.rf.26445e6ec137cd3e642551770a59ccb6.jpg,0,0,0,1,0
b9e6f5384003dfe3_jpg.rf.a6a9888bdb8fd3a1193b25264ca00f30.jpg,0,1,0,0,0
757_jpg.rf.4fb3af4c75d1d3c8832888badb273aee.jpg,0,0,1,0,0
-BEACF130-F07D-4352-87CF-2BBC32A8C5AC-png_jpg.rf.0164f1ea93e900d37503705736ff2c63.jpg,0,0,0,1,0
32d513726785e781_jpg.rf.bca952409f97909cc7802af4c9271d9f.jpg,0,0,0,1,0
a88fd00b71219f9f_jpg.rf.a1cd619cbf2c827687afa4e2f5cb52e6.jpg,0,1,0,0,0
-EE9EF0CD-5BB3-46A8-BFBE-08FFA7CFF083-png_jpg.rf.d0cce99fed2e67ba42d1162e40464a51.jpg,0,0,0,1,0
-C01087D7-A9FF-4402-8715-C983088F2476-png_jpg.rf.f757b65c7354d19aff2d246543666fd0.jpg,0,0,0,1,0
-C04C7AD3-AEAC-4250-9856-9D1606800D44-png_jpg.rf.207137e673cec71c6790a42ced393d71.jpg,0,0,0,1,0
180_jpg.rf.819978629e84f54b478bcc635fe49cda.jpg,0,0,1,0,0
-B1ED27E9-03FD-44D8-970B-7B2700586B59-png_jpg.rf.ae15ba6b80b94a4585bf239c0bdc81db.jpg,0,0,0,1,0
mitsubishi_fuso_2535998_orig_jpg.rf.3a7ca9218767024f347221a0d078ec26.jpg,0,0,0,0,1
bus-52_jpg.rf.a85c601c29fc822e5b44c9fb56940fcc.jpg,0,1,0,0,0
b994ed2b5a34ef24_jpg.rf.8942a71aefa6b0bc5c14849f1cd1827b.jpg,0,0,0,0,0
-375965D7-1A26-4644-AF71-19B3585749B4-png_jpg.rf.86adedbf7aeb2cee1e58317f4a9b8f21.jpg,0,0,0,1,0
-B1ED27E9-03FD-44D8-970B-7B2700586B59-png_jpg.rf.7deae5148b7a5175209c4d2bbed0ac30.jpg,0,0,0,1,0
-B8C4C3D6-5E2B-4B74-A600-D4CC31B03C80-png_jpg.rf.cf01d42936ba15c5a6342d14999db11f.jpg,0,0,0,1,0
-ED69DDCA-32DB-44BF-AF7F-F67B49A5981D-png_jpg.rf.cf8d5054e95810cf0d597de9b7af3556.jpg,0,0,0,0,0
a84b64d1282da7fb_jpg.rf.dd4844ab1c8e04e2a65581920242bc9c.jpg,0,1,0,0,0
141_jpg.rf.84a2979dd1bd94b45042be1d061fb64d.jpg,0,0,1,0,0
-8F267914-7330-4F78-8369-CCEBA1B12FF3-png_jpg.rf.728fc55df1c1eb90d2fc457bbef3b581.jpg,0,0,0,1,0
-F851C0BB-07B3-498C-BEA7-09DE743C2B02-png_jpg.rf.61aeca6e3a6e176051027ec73dedbbf8.jpg,0,0,0,1,0
ba48af4c8d74070d_jpg.rf.9b43af7f4689505922aadc6482abe03b.jpg,0,0,0,0,0
mitsubishi_fuso_2535998_orig_jpg.rf.a198966f3ed5937b912bda02cf2223a6.jpg,0,0,0,0,1
-B5E2431C-7F4B-4751-8AC1-D267314A9AA2-png_jpg.rf.4a641b87eb15b2fa0f9ac711f8f14145.jpg,0,0,0,0,0
-A6DFC8F3-98FD-47DF-9EA7-ED215D791A26-png_jpg.rf.c6cb261771d7710cced30184773d2a59.jpg,0,0,0,0,0
716_jpg.rf.1fdc2b491def3eec596f31fbe151a06d.jpg,0,0,1,0,0
-BC89B900-872B-4F21-9203-A355A2B95F8A-png_jpg.rf.a1618e2be1642386ab983edd61245ffd.jpg,0,0,0,1,0
-F851C0BB-07B3-498C-BEA7-09DE743C2B02-png_jpg.rf.c862eb5ad8499522bbba1964f544cb4e.jpg,0,0,0,1,0
mitsubishi-fuso-fighter-962c80103b_jpg.rf.8be1fb99486182187fb24a6f25d47cf9.jpg,0,0,0,0,1
bus-62_jpg.rf.5b11d839c2345fb2437ab40bc892600c.jpg,0,1,0,1,0
Image_000099_jpg.rf.7a4e982e138bb42be7eca8ddc7d5a5cb.jpg,0,0,0,0,1
-3947B75C-299F-46E6-84AF-947CB4AE712E-png_jpg.rf.a9b545cab1033ee38fca6efb16ae7808.jpg,0,0,0,0,0
790_jpg.rf.9a7096d448b69019a2c31d486aa0e140.jpg,0,0,1,0,0
bedd68e3dad53060_jpg.rf.12974c76a61b3c1d435f5edd95669d66.jpg,0,1,0,0,0
-E9B93242-136F-49A0-8906-3B6573D9BC59-png_jpg.rf.503b951e91dd5be4eb779682de66c131.jpg,0,0,0,0,0
-9389CE8E-C506-4F5E-A459-6ACD9FFC1881-png_jpg.rf.61cffbe75345302ef5dc4507068a0d37.jpg,0,0,0,1,0
162_jpg.rf.bfc64b82776e571e12bd0de58beab071.jpg,0,0,1,0,0
-A90B3615-2D88-48C9-B87E-2168E84C7D45-png_jpg.rf.ef4478a346a3b11d62df61a1c2179b72.jpg,0,0,0,1,0
-B8DB5A5A-AB24-4C45-BC0F-6F213320FE7B-png_jpg.rf.8cc586b0a509c5b453ff5c2467140565.jpg,0,0,0,1,0
-1EE5CA55-C89F-4985-8D4E-A56DBD1A1E96-png_jpg.rf.566aa43fe4ef95247c20758959743e96.jpg,1,0,0,0,0
-C81D4835-A2D9-4CAB-9A3E-72DAD8FC6090-png_jpg.rf.d2e4da762301a8027f6043c9e285a68e.jpg,0,0,0,1,0
ba48af4c8d74070d_jpg.rf.d9690e9225e745b92566aeb6979319fb.jpg,0,0,0,0,0
761_jpg.rf.2aef6fd3bfa8b1d5db5273f60d71bcc0.jpg,0,0,1,0,0
29_JPG_jpg.rf.66bea1eb708c698a9aece2826f242e9d.jpg,0,0,0,1,1
Bike-1046-_jpeg_jpg.rf.fb346a8789943c7e345d977929134593.jpg,0,0,1,0,0
bus-236_jpg.rf.250568ab0ee580441dad16ead0dcc72f.jpg,0,1,0,0,0
Image_013389_jpg.rf.737853b92c750b1a6262727303d09e9c.jpg,0,0,0,1,1
Image_000149_jpg.rf.61e1a5662797140b5f06555cd4fbe488.jpg,0,0,0,0,1
bus-87_jpg.rf.c510ddfcf664ed48fbb9646787077e70.jpg,0,1,0,0,0
365_jpg.rf.9606feb27687cbb54d74ba30a9c559c6.jpg,0,0,1,0,0
-B6D061C7-37D5-4849-8F5F-2F1BEBFAE4D2-png_jpg.rf.e17a4c7bad72623198bf03daeb80dec3.jpg,1,0,0,0,0
25d550cb70b99743_jpg.rf.302baa967817d9c6b3aca2e693c1fc50.jpg,0,0,0,0,1
Image_013449_jpg.rf.4d8b0cbe4ad8c1526fbbb196b2458c58.jpg,0,0,0,0,1
-A9ABCA24-2458-462C-9877-6DE974E84A68-png_jpg.rf.e16b4aceea53619bef386ef0077d7f99.jpg,0,0,0,1,0
Bike-111-_jpeg_jpg.rf.ead2498f5294f42f4077bb966fa668ce.jpg,0,0,1,0,0
462228_a_jpeg_jpg.rf.b84829fc1f01b81b741446ce5c677c8e.jpg,0,0,0,0,1
-E9B93242-136F-49A0-8906-3B6573D9BC59-png_jpg.rf.5a017901a9f3c9c562c4130de61d4a1c.jpg,0,0,0,0,0
b85fe6ea8fd1af66_jpg.rf.3b62254461cb6d33ed6d1cabd6632c93.jpg,0,1,0,0,0
3d5d5da5c9fefdea_jpg.rf.ca74d964c51496af5bf45ee5dcdd89a6.jpg,0,1,0,0,0
bus-269_jpg.rf.8d414649c4da6dc1e501068c00843676.jpg,0,1,0,0,0
65716d56db8f9865_jpg.rf.57bb449cc9ac08604b67a196643389fc.jpg,0,1,0,0,0
Image_013469_jpg.rf.d985044c07957c0efe02a8f627f4feae.jpg,0,0,0,0,1
YT00640_1_jpg.rf.3a469a8767e272795730a545e3950a73.jpg,0,0,0,0,1
ad-assets-2F17828-5812AIS01-2Ffield_jpg.rf.9cd11e384dd19f602182158f28c4b195.jpg,0,0,0,0,1
b71f4eaf0dd44455_jpg.rf.3086d6dffc615b203c15ec8a48f19ee3.jpg,0,1,0,0,0
230_jpg.rf.c259251f24b98dad8b42785a1b809b56.jpg,0,0,1,0,0
508_jpg.rf.4a1a104ab8c4c7c0a48c3f82b4c867d3.jpg,0,0,1,0,0
511_jpg.rf.7b3aaf05e8669fe5b9df69ffbfadb616.jpg,0,0,1,0,0
02ef6de789b37127_jpg.rf.015047ea5570b17821e920b70cb1fdf8.jpg,0,1,0,0,0
b1f97ba895f52a19_jpg.rf.be6819f6982bfc85a9b751b042cc0d63.jpg,0,1,0,0,0
-88227847-E8ED-4195-839B-8983A4B093BF-png_jpg.rf.0dc9a05ff5aafd076db50a61cdeca5f6.jpg,0,0,0,1,1
-AD8A2B9C-A00D-4D3A-AD20-41B17782BCEE-png_jpg.rf.f4f3d5cd9b0721b8e2c433fd5be44b20.jpg,0,0,0,0,0
Image_013333_jpg.rf.bc860435832be468984c6d7921dea5da.jpg,0,0,0,0,1
-E39DE576-0BDF-4674-9CCE-4780BD8A5744-png_jpg.rf.a9f07b8553fe1e733567cee0568269aa.jpg,0,0,0,0,0
-FDBCA379-DAA6-4F02-90DD-4E239035C8E9-png_jpg.rf.5a059cb31e2f6b3dfe14c14e182e3960.jpg,0,0,0,0,0
-C96EB60C-375E-476D-8D20-3643A20C26B5-png_jpg.rf.1c711092fbf403120695fd25651e1843.jpg,0,0,0,1,0
430_jpg.rf.504453089e3b48e1b55686a92d4312b3.jpg,0,0,1,0,0
4e06822a10d2e72c_jpg.rf.7e9cea9f0820d33e97ef686d426c4f2d.jpg,0,1,0,1,0
59505ae245b1caeb_jpg.rf.d3937ff25ca768be3a85f974036c4c38.jpg,0,1,0,0,0
fuso-34tb_jpg.rf.4b0f632d6e15717fda167709334ab8f1.jpg,0,0,0,0,1
9277ef0838b2c75a_jpg.rf.022dd2ac9bac0e1f550972972ba6670b.jpg,0,1,0,0,0
d31c720e294fee1a_jpg.rf.8b7354cb184afd677a3a360cf26456ec.jpg,0,0,0,1,1
453_jpg.rf.469e37a24a43c76e8ddf76295258bafd.jpg,0,0,1,0,0
3b85b50da35139f1_jpg.rf.c92a1a418d609827bba36f369186a4fd.jpg,0,1,0,1,0
5b1b555a0c7d784a_jpg.rf.3c498f80227a06ab2cd7d8d31cd3dc98.jpg,0,1,0,0,0
65806ca2a54a57bc_jpg.rf.9d5673632f7ac7435d21988550e3883d.jpg,0,1,0,0,0
GH011387-MP4-t-122-6_jpg.rf.bf1e320e8e3e96d0b9cd32d15d190ab3.jpg,0,0,0,1,0
bus-167_jpg.rf.277f007b254a1e081abc441e7d84a95f.jpg,0,1,1,0,0
Bike-1120-_jpeg_jpg.rf.603ea74450b14e63b45a90d2ab92ddda.jpg,0,0,1,0,0
-6254A622-2157-4AD7-BB2C-4A3F4E465B5A-png_jpg.rf.cbef8c62b80420eeaaa0421a9b330472.jpg,0,0,0,1,0
404_jpg.rf.920b378f3eac3b4c82b8351ff1160f60.jpg,0,0,1,0,0
3b927df0a7609ae5_jpg.rf.f3d74df5232c75772d28a7f4ebf370a7.jpg,0,1,0,1,0
3c7f92c3309fb376_jpg.rf.fe92540988f2e4ad35f60534bd80f2ee.jpg,0,1,0,1,0
333_jpg.rf.30b17ac299dd419dd27c3aee8664a041.jpg,0,0,1,0,0
b961d8239bf8b98a_jpg.rf.34ec9782306567b0a8c5004b87771156.jpg,0,1,0,1,0
-C4FB6EE5-2134-4252-A3E7-FCE53E7F5D62-png_jpg.rf.7683f4c709ec0befc704bb1cbde5336c.jpg,0,0,0,1,0
0c5893544d3fdc26_jpg.rf.0a5c389437dbe15b70ea38cf66fe4e79.jpg,0,1,0,0,0
-76F273C0-07AA-4C57-B850-A4AA9184447C-png_jpg.rf.4849ffb869a4f7b5ec55306a00104b74.jpg,0,0,0,1,0
144293_a_jpeg_jpg.rf.8e33551b6baf6e8fdac1e074dd6e6250.jpg,0,0,0,0,1
Image_013404_jpg.rf.bf29177196b4bb4616c66ebcf5b03d7c.jpg,0,0,0,0,1
431_jpg.rf.7a52ee1a666c2406614e0673b145fc6e.jpg,0,0,1,0,0
a15cccae5ae7bcb5_jpg.rf.833fcdb6f08582c2e75be80cdb174019.jpg,0,0,0,1,0
-B1F2728E-0ACA-4F08-A854-6975EEC03AA3-png_jpg.rf.20dfb94c48f137f0a4b496bf4385b6d4.jpg,0,0,0,1,0
-5762915D-A5A7-41B9-B425-48A920A394E7-png_jpg.rf.c8359e8499a71ed7b1de2bce2c2cb597.jpg,0,0,0,1,0
204_jpg.rf.6673c849004663fc939630fef16b4914.jpg,0,0,1,0,0
17d99b801acab230_jpg.rf.e1ec7c75b3d0f4b8512055f0e9030fb4.jpg,0,0,1,0,0
-77061E5B-C4D4-45FD-81EB-51C68F8AC893-png_jpg.rf.25b028de6ff6e1e1d7c8665b39e50b76.jpg,0,0,0,1,0
Image_013449_jpg.rf.b39aa4e0c4b923779590ade89e67c5c1.jpg,0,0,0,0,1
aeb050c3f8cd4cd0_jpg.rf.ad3f4a01fc20c66fc2022e411e2e323e.jpg,0,0,0,1,0
65806ca2a54a57bc_jpg.rf.51cccc13eaf34513c071be4b492a1358.jpg,0,1,0,0,0
5559d85c5384af88_jpg.rf.cbb0f8d0cd9197b258ed483a08c80e6e.jpg,0,0,0,0,1
-87FD317E-6F61-44EC-99D8-CD780485C6D1-png_jpg.rf.1da054fc3e47ad39be408801c355e150.jpg,0,0,0,1,0
162467517660d693686dd40_1_jpeg_jpg.rf.6b5281801128f9b8d35b322faadf240b.jpg,0,0,0,0,1
9eb47e708593623d_jpg.rf.c840c787e784165ecc0e760bf862464b.jpg,0,0,0,1,0
0c76214c9994fe1d_jpg.rf.ea69fe39ed19d6cecb58b9e113cb224c.jpg,0,1,0,0,0
-560B3012-6E26-4551-A44C-6F4AB53B707E-png_jpg.rf.d167dd4558c50eaa71e8e591fdfa32d1.jpg,0,0,0,1,0
066783e763e74642_jpg.rf.cbbe779c34efc9b6fad2494472003106.jpg,0,1,0,0,0
390_jpg.rf.1b48c3a95fe5813e7d91ec55df1af9c1.jpg,0,0,1,0,0
c62b429a89e422f0_jpg.rf.e29dfc428344b99d8154b2520bcac88b.jpg,0,1,0,0,0
2f2935eb52e79354_jpg.rf.4641fce487d97216923ab8926b962e9e.jpg,0,0,0,0,0
-7A5157C7-2559-41E2-8D05-376D1E96A58E-png_jpg.rf.72787116b2844b9562f7241f558ac6d9.jpg,0,0,0,1,0
03a839c386d0bea3_jpg.rf.5dbfefe210fc8b4be1747b4ead1ecfe5.jpg,0,1,0,0,0
-F3A221BA-F8F5-4505-A9C2-35C1A9218266-png_jpg.rf.d6f4baf789d75082e23c0c3bfdc93592.jpg,0,0,0,0,0
-531F9D36-6096-4999-B709-28F1E5F38DFE-png_jpg.rf.be4370839a24d530b11b3b0b8b3a5d2d.jpg,0,0,0,1,0
2b57d29e03ed81fb_jpg.rf.d823051dcc389b56e1b4883af7bc4fca.jpg,0,0,0,0,1
d31c720e294fee1a_jpg.rf.f539ae19bbddd64fe3ea931140c5db8d.jpg,0,0,0,1,1
-63991B4F-9F98-4B3C-9CF4-B7985DB357D1-png_jpg.rf.c61e71366340c3ee2d83b311fcc33e5d.jpg,0,0,0,1,0
-D3D7864A-309B-4CE0-B18F-3CAC8DFD86D4-png_jpg.rf.c25079e81b9a3054bb462dd5385cc9e4.jpg,0,0,0,0,0
-F3ED7138-85D2-4BAF-BBBF-EDF5B5083498-png_jpg.rf.26831ad2e5a3a2bd85050fcf2626b57d.jpg,0,0,0,0,0
-53D41263-2FA3-40DF-9556-1EB08D19D5F1-png_jpg.rf.83e5969122ae29b2238322241a22cdb9.jpg,0,0,0,1,0
bus-186_jpg.rf.486f63d141de1bd8b67b182bd36a49da.jpg,0,1,0,0,0
464_jpg.rf.c9d93b08c87668dd0e0dc8204f4a0004.jpg,0,0,1,0,0
202104201579079_jpg.rf.83209b442fc96cd1124cefb6fa0ced79.jpg,0,0,0,0,1
-67A4D449-E510-4E00-9670-57BE579333CA-png_jpg.rf.351285b5a4a4a683389a978653d157a4.jpg,0,0,0,1,0
Image_013328_jpg.rf.d9e5b7abf5363aaa3ba151dfd2b11900.jpg,0,0,0,0,1
Bike-110-_jpeg_jpg.rf.d333c34fdd90c16206eca69b122f8222.jpg,0,0,1,0,0
Image_013457_jpg.rf.194910add1319f364eaac1c1947c6731.jpg,0,0,0,1,1
-76F273C0-07AA-4C57-B850-A4AA9184447C-png_jpg.rf.d19ef67674f1faf5fde0ca18dd1efeb1.jpg,0,0,0,1,0
Bike-100-_jpeg_jpg.rf.7f9de67ad0b24a199f2b237ab9c46cba.jpg,0,0,1,0,0
-56F905BE-38EB-4BBE-B228-1A61B0FB1B4B-png_jpg.rf.ff61bd89502f9f580df274eb2bbda3f6.jpg,0,0,0,1,1
-56F905BE-38EB-4BBE-B228-1A61B0FB1B4B-png_jpg.rf.bcc03ed7f4637d955534f760042f32de.jpg,0,0,0,1,0
c64_jpg.rf.e0df4086762c1fe5c480e2a6f6dbaacc.jpg,0,0,1,1,1
Bike-1182-_jpeg_jpg.rf.033186e569461d9a5cd9cc71f8b6c58a.jpg,0,0,1,0,0
4449601908f2515e_jpg.rf.8b574d4227e7e5cd8794da923372fe7d.jpg,0,1,0,0,0
Image_013580_jpg.rf.fdb4f4507d15c5c0cda3a4f17135aa1d.jpg,0,0,0,0,1
202104171466835_jpg.rf.5e119010d08c5e89daed2ba18fad309d.jpg,0,0,0,0,1
54b9aac8bf5e1a20_jpg.rf.43f89303e9014b5fd133f7b2802a9f21.jpg,0,0,1,0,0
-5762915D-A5A7-41B9-B425-48A920A394E7-png_jpg.rf.6c64512dc0c8a8b989cdf7f5e07d13ea.jpg,0,0,0,1,0
426_jpg.rf.df5758a1311230e85af8eda13036d368.jpg,0,0,1,0,0
bus-120_jpg.rf.6f3e4e6387c506193acdf00875657472.jpg,0,1,0,0,0
Image_013333_jpg.rf.18e1de95ca7f1f6377e4f0dd7a18e887.jpg,0,0,0,0,1
518_jpg.rf.4eacfc28d34ac872b7ffa7ac83b8afbf.jpg,0,0,1,0,0
85_jpg.rf.50e53650a4415d13a76104bb77ef49cd.jpg,0,0,1,0,0
397_jpg.rf.6af4d0c52a090876a3a7f385499cf1a4.jpg,0,0,1,0,0
5b1b555a0c7d784a_jpg.rf.9f09ce81daae40bc0bf81bbc084eecee.jpg,0,1,0,0,0
Image_013559_jpg.rf.f364f5b3b4e7583762121a24e2114f2d.jpg,0,0,0,1,1
bus-115_jpg.rf.d0456108030d0d177df7acbe966ab94d.jpg,0,1,0,0,0
-46175DA7-1566-414C-8B5E-587BE9339765-png_jpg.rf.314acda1a56c6b5c517949b0443f95f6.jpg,0,0,0,1,0
451_jpg.rf.4a4803b15e6b4385fd5732ab05930a72.jpg,0,0,1,0,0
-6DAD352D-A46B-4983-AAC5-88BE86A2EA9D-png_jpg.rf.874ff051e133e7dbed7b50c31919ce71.jpg,0,0,0,1,0
-B6D061C7-37D5-4849-8F5F-2F1BEBFAE4D2-png_jpg.rf.8becc0bcd6c57e6324332302b12e4408.jpg,1,0,0,0,0
202104201607089_jpg.rf.c838fea598b6f0a183b760c57c2dfb03.jpg,0,0,0,0,1
Bike-1025-_jpeg_jpg.rf.0141d0a6ecbf7c41e0a86ee8976217cb.jpg,0,0,1,0,0
Image_013315_jpg.rf.84f1f23c6e40d63839e1a7db332ea10f.jpg,0,0,0,1,1
-50C76EC2-B514-4A65-ABA6-5BAF8A6015B7-png_jpg.rf.3d5fe7fbdd5ec41a0231c27271387834.jpg,0,0,0,0,1
3d5d5da5c9fefdea_jpg.rf.7f58cb21a6da2799f29e49ba99fcfbd4.jpg,0,1,0,0,0
4a62b94a60780e92_jpg.rf.bfc2e976e2de240ea095a02f89e75875.jpg,0,1,0,0,0
2f3a371cf82c1a41_jpg.rf.f736e3f59a61b60f61a02f619dd5f36e.jpg,0,1,0,1,0
Bike-110-_jpeg_jpg.rf.9bdfd43666f2b792b9221162036b5b11.jpg,0,0,1,0,0
Bike-101-_jpeg_jpg.rf.e506ae5651d47fb2e7ed431e6afbec0e.jpg,0,0,1,0,0
516_jpg.rf.d75cb71bc4332960265e24232ddec9a9.jpg,0,0,1,0,0
Bike-1046-_jpeg_jpg.rf.6164b62febed0b8c49e785894a869c5a.jpg,0,0,1,0,0
bus-178_jpg.rf.699e198ba713d2392837237251f36168.jpg,0,1,0,0,0
3ca132f99ab6cd1a_jpg.rf.cb18b59c1283b1b4e6b827a4ab745b9d.jpg,0,1,0,0,0
482_jpg.rf.25bb143a525c742ea46c74b45005ed2f.jpg,0,0,1,0,0
2fe05f8b84a21bc5_jpg.rf.2225c592b7ad9add814d519488f56e76.jpg,0,0,0,0,0
33577_jpg.rf.74a2b4bff6dbc026000691e69163e096.jpg,0,0,0,0,1
-C2DEBBE3-7D35-4B32-8AC1-D9271147FDB7-png_jpg.rf.5402f5d66e1a95a5a8ef965df812ebfd.jpg,0,0,0,0,0
a15cccae5ae7bcb5_jpg.rf.9b7068689a22206cafccac5f5b135627.jpg,0,0,0,1,0
202104171466824_jpg.rf.6870c5711095040191f62e80be628141.jpg,0,0,0,0,1
3ba40d83b9434a93_jpg.rf.5e7b2944d7e346ae9f96fd41b96c504b.jpg,0,1,0,0,0
4a2023f19f6cd19e_jpg.rf.f0cdd6bb41926239b6942c2f7fcc0c60.jpg,0,1,0,1,0
f0e4f481d71014ab_jpg.rf.ebdb5790cbf4c0e11aa2634a375fccfc.jpg,0,0,0,0,1
bus-185_jpg.rf.9519ef50307092eacb3ba7d384e60111.jpg,0,1,0,0,0
31613fe0dbe77eecb9b2be7159e40d1d_jpg.rf.bbb60737d84a89e8c55fd0365f81b4e6.jpg,0,1,0,0,1
bus-186_jpg.rf.3980b8af9e947fec61dd64e171ecb8b5.jpg,0,1,0,0,0
Image_013368_jpg.rf.2f714a617a0eb3e120f58b18cbf16745.jpg,0,0,0,1,1
Bike-106-_jpeg_jpg.rf.cfd50f92a788bc2fe5fba1b0c50d1938.jpg,0,0,1,0,0
3c55270cd2b68fb5_jpg.rf.7708761be4bb4cf8b69dbf3102b89e23.jpg,0,0,0,0,0
300892940a0358e7_jpg.rf.653cd8209bb5f20ad02e04549ae9ebe1.jpg,0,1,0,0,0
-5CEE3337-3AF2-49E4-AE4E-42B9E2E44512-png_jpg.rf.480fb4eb8d6186e4344c220676bee3d5.jpg,0,0,0,1,0
25d550cb70b99743_jpg.rf.ee077f8d8efefa1acf6c74ded516a66b.jpg,0,0,0,0,1
bus-169_jpg.rf.e095ec50f84aed7806e0d4856d0c950a.jpg,0,1,0,0,0
1bb570757e5bb503_jpg.rf.8297aa3d92a85d10912a5bd7ccffdf8b.jpg,0,1,0,0,0
2d30a7e1f9a0e9e3_jpg.rf.24ae4c8e48e9472bbc07243b72412f29.jpg,0,0,0,0,0
0fe031eac8a29688_jpg.rf.1a6b1b7c22e5efe88d44730b4a6cab0c.jpg,0,1,0,0,0
202104071070099_jpg.rf.9389f03c7376309ed6e7c2cfafc9d72b.jpg,0,0,0,0,1
Image_013561_jpg.rf.bbe6cd352637a05e841c20a3d121d78c.jpg,0,0,0,1,1
-DDF02CB8-2C31-4AEC-87F6-22360E427E9A-png_jpg.rf.6c2ff2777de9321af4c0c7399ade8434.jpg,0,0,0,1,0
573_jpg.rf.3ff1124f14377f760d8cc415dfb609da.jpg,0,0,1,0,0
Bike-304-_jpeg_jpg.rf.06cade0751bebb309f63c74682d5a25f.jpg,0,0,1,0,0
1b595e2fabf29582_jpg.rf.9ce00af6309df834eb931e26d0b11774.jpg,0,1,0,0,0
-24FFED69-CE70-43C8-8E00-90684987BD32-png_jpg.rf.b9b18b787b158fd8a3aba76ba33e0c8a.jpg,0,0,0,1,0
202012317526049_jpg.rf.294496ac5f5709bbb595035ab7125915.jpg,0,0,0,0,1
56_jpg.rf.77d7020ede1a1f36f1c93d9a34f7a677.jpg,0,0,1,0,0
9784be5435ddde67_jpg.rf.88772964a711fdfe021e67d1e4395d98.jpg,0,1,0,0,0
341_jpg.rf.4864ba7e5126f6e278fcfcf4fb9f47cb.jpg,0,0,1,0,0
357_jpg.rf.d25aa24f6aacd7a2acab13beef7fe437.jpg,0,0,1,0,0
202104091167091_jpg.rf.956ee058e9363536ef566b2a643c5071.jpg,0,0,0,0,1
-5AF06BED-94B4-4CFE-9682-4D5AB122CE95-png_jpg.rf.8051129946f8c0c10abc63c9fb4cb2e0.jpg,0,0,0,1,0
1fffc6800d73a55e_jpg.rf.650f3d700bc4cc7a88e15e74d4d6f8f5.jpg,0,1,0,1,0
1b972e42f9524967_jpg.rf.b1541a07c2eda686228474502053b0b5.jpg,0,1,0,0,0
Bike-27-_jpeg_jpg.rf.e0d0c07947022be1ba0fa490b6a4a51e.jpg,0,0,1,0,0
1b972e42f9524967_jpg.rf.24355d8d8a3343b9fdb664c3d7a50c6d.jpg,0,1,0,0,0
573_jpg.rf.61aafe3606bf21d91f0afeb6753f8b7a.jpg,0,0,1,0,0
369_jpg.rf.903092811c5bb695630629992cbf936e.jpg,0,0,1,0,0
Customized_Hino_Ranger_Dump_Trucks_For_Sale_in_Thailand_02_jpg.rf.0441323deb80c8656b6a635c049319c8.jpg,0,0,0,0,1
9346e0f48f03eb27_jpg.rf.f4a22fac9815987d9a95c09e0b690dc8.jpg,0,1,0,1,0
98155425cf96eedf_jpg.rf.7c4d04fa56137ee564d0268b9487066d.jpg,0,1,0,0,0
9ead2683d36b6457_jpg.rf.8a63c97db232fd080a8243e552957efa.jpg,0,0,0,1,1
-6DAD352D-A46B-4983-AAC5-88BE86A2EA9D-png_jpg.rf.fd946baa8330d451bbe0d7aa700ef3fc.jpg,0,0,0,1,0
-52262D73-8B4E-4F06-883D-4C6E2E6ADED2-png_jpg.rf.65f0b8f194b4706e2b35b93848f5cf62.jpg,0,0,0,0,0
199272159181db28_jpg.rf.ab0f75c87fdae6f2e0a0b2c13ce96dd6.jpg,0,0,0,0,1
8936c2b4224b03ec_jpg.rf.7c02499c1940272172a4deb5fa17bc6e.jpg,0,1,0,0,0
303_jpg.rf.c3f060b45cd64505ab0b1faa1dabd008.jpg,0,0,1,0,0
-046E9840-F025-4749-B3AB-19402B34E739-png_jpg.rf.427778555a806144c3402efb66978e4e.jpg,0,0,0,1,0
00d17e785bbf2ca1_jpg.rf.80370ed62d9a29fbcfb1b71b71887a97.jpg,0,1,0,0,0
26670e15f4e98457_jpg.rf.4a9ac4f6e3b4c88a520006aaa5a3f519.jpg,0,1,0,0,0
202104071067201_jpg.rf.f0131c70450740d63d227a37c082bc78.jpg,0,0,0,0,1
Image_013311_jpg.rf.c2f693887539a0c3f6c79480315cb1ee.jpg,0,0,0,0,1
Image_013357_jpg.rf.1a1ed757b55a02830ade6618a6be079e.jpg,0,0,0,0,1
0cad172beb608add_jpg.rf.665dc1459df58645c1aef3705b1286bd.jpg,0,1,0,0,0
7783e0cff56a7c38_jpg.rf.6064cf190540a5764fd95e67c86c920d.jpg,0,1,0,0,0
Bike-269-_jpeg_jpg.rf.74a68d14d92ab515164dc3ae700cbc2a.jpg,0,0,1,0,0
Bike-1508-_jpeg_jpg.rf.c223df60ff899a666f8ff29f4ffeb55e.jpg,0,0,1,0,0
0d247641b3d720a0_jpg.rf.b6e56c93b534fad02ca3e7a704a6cfde.jpg,0,1,0,0,0
-E65ADAD7-7559-4704-8100-0091A6B9C3C6-png_jpg.rf.b3ebd1f3026da92621de4350aa28a161.jpg,0,0,0,1,0
Delivery-Moving-Straight-Box-Truc-1_jpg.rf.868424a0026905f9907b80e21629ca89.jpg,0,0,0,0,1
202104091173542_jpg.rf.7d8a525988f2ec15af2df7eef0e9db44.jpg,0,0,0,0,1
202103310829450_jpg.rf.58149303c21d352e6b44d59508ee890b.jpg,0,0,0,0,1
202104091171021_jpg.rf.95f87c6a4090008610306b241870dcfc.jpg,0,0,0,0,1
202103150156998_jpg.rf.910d768d044536e88b6ed9455ca02a37.jpg,0,0,0,0,1
Bike-134-_jpg.rf.dd517060d1c5ad9ba6fe65f4b56648ad.jpg,0,0,1,0,0
2364e615592f1fe0_jpg.rf.7d8fdfb6261a83939d8df35bc8018a43.jpg,0,1,0,0,0
bus-145_jpg.rf.ae05636b9cee1db6fda1f4f216914dd0.jpg,0,1,0,0,0
2d30a7e1f9a0e9e3_jpg.rf.d5a2783984091395fe526bf361b09d2d.jpg,0,0,0,0,0
21ee3abf4cdded99_jpg.rf.a44668c06fb0f2553c343154e04f039c.jpg,0,1,0,0,0
2d9b808243c2ccb4_jpg.rf.0baf9077190fd91e2977671b2f5609fd.jpg,0,1,0,0,0
636c52a2-2185-61da-7f4f69e6100998dd_jpg.rf.31a85c69fd36c77ca78f1d7373cc3035.jpg,0,0,0,0,1
1bac701471f3429f_jpg.rf.de4e7b84ccaf825b9cd3591c10c7cd4f.jpg,0,1,0,0,0
Delivery-Moving-Straight-Box-Truc-1_jpg.rf.008165824aa20596cc813f54af6695ae.jpg,0,0,0,0,1
202104141364670_jpg.rf.2457f4e6d78d9c2e270c63c5c1e4782b.jpg,0,0,0,0,1
584_jpg.rf.2a5d65a166aeaa42cace239b0b4824b3.jpg,0,0,1,0,0
202101127902321_jpg.rf.a36c87c7e40935a160a06086908a97bd.jpg,0,0,0,0,1
22a74841a6af3806_jpg.rf.11bf0a104b8ee6ced8c114cff8be1179.jpg,0,1,0,1,0
-19FD5421-B6A2-4865-807F-65DEBDA59E17-png_jpg.rf.ba8447b1eff02420fd8a1ce23993b423.jpg,0,0,0,1,0
595_jpg.rf.a8fa5b08eaede21f57fc951facce9b7a.jpg,0,0,1,0,0
202103019604053_jpg.rf.1a8b1495b16ca9d6d3455333e2047c03.jpg,0,0,0,0,1
-E6F47A47-82C1-4A5E-A1FB-BE0B0B76C5DF-png_jpg.rf.dc8120ea20c1106d57cf83bcfe593d4b.jpg,0,0,0,1,0
543_jpg.rf.bfdadf7df74ba579efdfbd301914bd28.jpg,0,0,1,0,0
202103049729895_jpg.rf.d13d9d46d23a35f66ae025ffdc31014e.jpg,0,0,0,0,1
bus-159_jpg.rf.9b5159f5c544760d7bd9960196dff1ca.jpg,0,1,0,0,0
a2ec7cc1bc04f59a_jpg.rf.32bb287d5fd0a48bd9d1eb811fd627e9.jpg,0,1,0,0,0
202103240535808_jpg.rf.22f8c2df278c584f30084d02872cf51d.jpg,0,0,0,0,1
ceaec0f3cdb104c0_jpg.rf.27720f3f66a36e3806e5ab8deb22f597.jpg,0,1,0,0,0
2013-Mitsubishi-18ft-Refrigerated-Va_jpg.rf.c0c0774176f46ac338df2009c88b418f.jpg,0,0,0,0,1
Bike-27-_jpeg_jpg.rf.ef65ccf952002966caeb62c97bc1a3b8.jpg,0,0,1,0,0
-9E5DCDFE-604C-4774-9BCC-613523B3EC83-png_jpg.rf.e30b52f8b2056d4df8bab74156225707.jpg,0,0,0,1,0
-C94776E1-EF34-4408-A9D3-69BE388FC761-png_jpg.rf.ed68511ec0688942fad17523a0368bf9.jpg,0,0,0,0,0
59_jpg.rf.407d2ec06b6f4c0f28b9700aba632ca2.jpg,0,0,1,0,0
202104121257671_jpg.rf.e90ee5858fb0fb015798c9e02641c51d.jpg,0,0,0,0,1
Image_013455_jpg.rf.49c020a838eb9a418278b7905b66d637.jpg,0,0,0,0,1
cutting-sticker-truck-canter-terbaru_jpg.rf.75880219c1ffdae65fd3e33da9a1e3b3.jpg,0,0,0,0,1
703_jpg.rf.35f3a40fc6e5d097a404cd44b4e8d7e0.jpg,0,0,1,0,0
Image_013457_jpg.rf.d46c4d1966b559538fb97ad636744803.jpg,0,0,0,1,1
371_jpg.rf.6e14fdb5db274794cd2a33f00f3fe069.jpg,0,0,1,0,0
bus-285_jpg.rf.986e4ae562b1d1f73f650c52da717d7e.jpg,0,1,0,0,0
bus-82_jpg.rf.956dc006d36e760c106880d4d84455c0.jpg,0,1,0,0,0
592_jpg.rf.eb2fc181859ff5957427834cb3203745.jpg,0,0,1,0,0
2aed161b05efb13d_jpg.rf.98816e7ff82a5692565eecad055b3b73.jpg,0,1,0,0,0
2a11f342ea1e8107_jpg.rf.3e01c3de64bc4fd64c1a26a0c1914ff0.jpg,0,1,0,0,0
93684b17bf1c1b0f_jpg.rf.f025b78412b6e6d3a11bd35211041d02.jpg,0,1,0,0,0
202012096919255_jpg.rf.d93486af95765252d4bbf14b5b6022f1.jpg,0,0,0,0,1
13256cc333df9113_jpg.rf.bcd4082a58015cf0ff99dd05da307f48.jpg,0,1,0,0,0
202012086881144_jpg.rf.e2959f379fd4f1ce47806aaa766d9ae8.jpg,0,0,0,0,1
f69_jpeg_jpg.rf.1bf04ccc30ddcc8bfb682528603b319e.jpg,0,0,0,0,0
7654aaa60913d6a2_jpg.rf.55e4881e04cba0aecb1dc8dfcec990a4.jpg,0,0,0,1,0
84_jpg.rf.0e247d104644d7164aea66e630be4f23.jpg,0,0,1,0,0
-17914F96-DBD6-49D7-B722-763408B57213-png_jpg.rf.9bf0237e3d0b29cccae8d43c94f610d8.jpg,0,0,0,0,0
1ac1cd7543eefb44_jpg.rf.24af1e271af63a7cd41f07c18a906a7e.jpg,0,0,0,0,0
1b595e2fabf29582_jpg.rf.362e07e9f035c9927ce7c79c8f566314.jpg,0,1,0,0,0
202011206333844_jpg.rf.596e18f84d9d9173fdb2310628207703.jpg,0,0,0,0,1
cf8379de677b7911_jpg.rf.c6868a30546ff30d6f77c38212afeff1.jpg,0,0,0,1,0
Image_013209_jpg.rf.52f957727bb413a70a0b5abcbdf9499c.jpg,0,0,0,1,1
bus-273_jpg.rf.de1e1b299cdd3b2b4a294a8ea2fb0781.jpg,0,1,0,0,0
202104131309361_jpg.rf.6f4d4c89fcfbe8cb46ab6c067c9ebb26.jpg,0,0,0,0,1
Canter2019_thumbnail_jpg.rf.b8e7ca9a939988ed6dd201712d16ca33.jpg,0,0,0,0,1
Bike-1205-_jpeg_jpg.rf.e8927a0a579fffe9e828ae5e5c0db084.jpg,0,0,1,0,0
-31A39D7C-DC0F-4C2E-9CC8-74C1BCC9C660-png_jpg.rf.b2cbf3076ddb4e7ef4c7cdcac5b11d3e.jpg,0,0,0,1,0
202011206333844_jpg.rf.769fe2eebccfe982e6c6d3e7415dc8d0.jpg,0,0,0,0,1
202104141364670_jpg.rf.29eacfcc20b0412a58af1458d6923011.jpg,0,0,0,0,1
tripod_seq_14_072_jpg.rf.2b857722f68ba1bab05146ac54fbd23e.jpg,0,0,0,0,0
628_jpg.rf.fa65946a787c96d299923b2cfb36a557.jpg,0,0,1,0,0
-323E6828-EFA4-4B9B-AC96-692A9C51B2A7-png_jpg.rf.3634b7d1d5d297fb0c448318dd63531d.jpg,0,0,0,1,0
-341F28F4-B515-475F-8729-F40EFDDDF0C2-png_jpg.rf.a46d4a5f2ba7468c12c491f86aa4b766.jpg,0,0,0,1,0
01a1def8bf6b9e53_jpg.rf.593797658a7815b80353570bd46b9c2f.jpg,0,0,0,0,0
023f2321116f341e_jpg.rf.e700f2f37031d80faaf08a58a902cdb1.jpg,0,0,0,0,0
-251916A3-E839-4E52-A1D6-142BF4DE219F-png_jpg.rf.d62b9fb0630724582a318e50d16a8180.jpg,0,0,0,1,0
ceaec0f3cdb104c0_jpg.rf.0d8ec7b4b6fd7e4ad3f78493056c07cc.jpg,0,1,0,0,0
00d17e785bbf2ca1_jpg.rf.1d463a8a804b6b6e9acab0506d311d43.jpg,0,1,0,0,0
-41421EB3-10E7-4E8B-9D22-424751A9FE8A-png_jpg.rf.09b2e4555ed48209ee2741d839ad04fb.jpg,0,0,0,1,0
-39F48ED3-07A0-41D7-85B6-474E4ABF17C4-png_jpg.rf.36753057c2b9f8d81c384cb34ba7ded6.jpg,0,0,0,1,0
bus-107_jpg.rf.67887c68d525e4753c137d89b199428a.jpg,0,1,0,0,0
00edd52b1922df7b_jpg.rf.6908109fa9faa9744bda29ba5621a81f.jpg,0,0,0,0,0
-8780E321-98BD-408B-A8A9-E17B838682AC-png_jpg.rf.8624b56ec78a67dd22de2754a96f70a6.jpg,0,0,0,1,0
210_jpg.rf.e715047fa98d41389a8104865c07f243.jpg,0,0,1,0,0
bus-86_jpg.rf.cd15a4d11222897fb92b751e8fd6e345.jpg,0,1,0,0,0
-85692E92-3B6C-49F8-B16D-E99133131917-png_jpg.rf.6ece8402b96748b97a331203146c4d44.jpg,0,0,0,1,0
-398D11E1-12E9-4FE1-83DA-198B0C1A0D9D-png_jpg.rf.7bb0ec7b010bc9db80af3ed8995d6622.jpg,0,0,0,1,0
-D3D7864A-309B-4CE0-B18F-3CAC8DFD86D4-png_jpg.rf.cbdbf0f58add62a223debfd8a496a48a.jpg,0,0,0,0,0
-0945FFF1-B95A-49D9-AF38-521144CBA0A7-png_jpg.rf.b3c98bde3db577323b1a6aa95a35d81a.jpg,0,0,0,1,0
-2D294BA4-46A9-4671-B484-97276D883A2F-png_jpg.rf.e854c9e828f348af6646d21f9aab1c66.jpg,0,0,0,1,0
00c9f3f8e860c48f_jpg.rf.89f96a797003c6d1d8a2001c6de5942a.jpg,0,1,0,0,0
b67ffe423c04636f_jpg.rf.9c750218ca50fc28a54e42ee8765eaa0.jpg,0,1,0,0,0
bus-218_jpg.rf.0d7c254cbbe5be1590644af7636533eb.jpg,0,1,0,0,0
00c0e508d6ad8af3_jpg.rf.f977500a6110c77af801df9f868b515a.jpg,0,1,0,0,0
-6254A622-2157-4AD7-BB2C-4A3F4E465B5A-png_jpg.rf.9505779da8f62caa61080a10e11981a6.jpg,0,0,0,1,0
-11AEC4CC-B462-46A2-9E6C-75AADB3C1792-png_jpg.rf.5bb31e42f4f080d308f325e6de89115c.jpg,0,0,0,1,0
628_jpg.rf.343387ffae970c722f946c0694505e21.jpg,0,0,1,0,0
-32A5D21B-354D-4AF7-9DE3-CF9222F072D6-png_jpg.rf.528e402bf46b482721323f61ca94bb1b.jpg,0,0,0,1,0
045cd7226292ad16_jpg.rf.36e78bf267aee24d189a29b5ed68cb91.jpg,0,0,0,0,1
0acf70024e74b6c6_jpg.rf.a09a70126f4905e0aaacbc7d73b58d29.jpg,0,0,0,1,0
01ad46727038a8e2_jpg.rf.f4ef3df7345143c4db68b62a46dc05da.jpg,0,1,0,0,0
01b1982b96fe1551_jpg.rf.c601df319dd0076bdf024c8718b00191.jpg,0,1,0,0,0
001bdbbf7a3ac993_jpg.rf.dedd80cab5caf30b4814fd5da2c5e416.jpg,0,1,0,0,0
04f106918e695e72_jpg.rf.5f510afdef76660919412b388428cefd.jpg,0,0,0,0,1
01ad46727038a8e2_jpg.rf.6e99568f27d4a757abaf996f78944f05.jpg,0,1,0,0,0
tripod_seq_09_088_jpg.rf.7ed9daff94468a1a1bc05c815a45ce33.jpg,0,0,0,0,0
-46175DA7-1566-414C-8B5E-587BE9339765-png_jpg.rf.90a60aed8a51983b6dfda295d85906e8.jpg,0,0,0,1,0
Image_013471_jpg.rf.3a83675846ef6848d0d122f32cd05fac.jpg,0,0,0,0,1
-2D08F0C0-6CF5-48A3-A125-01AC2118A734-png_jpg.rf.95f9cfa81fb7bdc3adfdc8c273745d25.jpg,0,0,0,1,0
bus-115_jpg.rf.3f3cb1358ef271312ffa94cdd9d96ac2.jpg,0,1,0,0,0
-251916A3-E839-4E52-A1D6-142BF4DE219F-png_jpg.rf.a20eac7af76b2878bfef401241cfc062.jpg,0,0,0,1,0
a39209dc51883124_jpg.rf.f4b8b659d192dbbd4f07bd3aa4ed35f5.jpg,0,1,0,0,0
0d829bbd335fe81c_jpg.rf.78368b7caeb5f70bedeaa315e13b15ef.jpg,0,1,0,0,0
bus-104_jpg.rf.2528919040a2768159582710c8b55e63.jpg,0,1,0,0,0
-251A7DC4-47FA-45BF-8F18-8C933578D147-png_jpg.rf.d8c5eee0de58ba0d37ebd035b6bcb562.jpg,0,0,0,1,0
00c3642bc01c173f_jpg.rf.2ff9df09db05bbd0d6d85841b39a8de3.jpg,0,1,0,1,0
tripod_seq_09_088_jpg.rf.64a686235bb46e6e87d8d6d66731b859.jpg,0,0,0,0,0
-22C97EA9-A33B-4CCD-941C-5A2130410D29-png_jpg.rf.510291ef5d19e43f80c781ee31b0d7cb.jpg,0,0,0,0,0
212_jpg.rf.a515b333a0580912444f93df0ecf743a.jpg,0,0,1,0,0
b36b71f4a09c1b4e_jpg.rf.d129b2e1f78eec96b49718e0571f15d1.jpg,0,1,0,1,0
-2202A4F3-BE1B-4E4C-8D0C-DCBDAA8F5303-png_jpg.rf.b2e2bcf826c6b5fe6586a71415b29ac4.jpg,0,0,0,1,0
624_jpg.rf.fe790f20c4faa0a3f73e071c0e6e496d.jpg,0,0,1,0,0
-15D32EAC-AC48-4D31-BEFC-BB6539C96CAC-png_jpg.rf.d58a00003c9c21454e15953d2939420e.jpg,0,0,0,1,0
356_jpg.rf.acc4bf4750abb76a15dcee4808c25695.jpg,0,0,1,0,0
-BBC6D213-1075-48CE-B772-FDD44F34A3E7-png_jpg.rf.44dfb927dea22b0a6126b99a4c01cdb6.jpg,0,0,0,0,0
-C5CC1F92-FB42-42AD-B684-D2D2C374D62F-png_jpg.rf.79face75d7e66ef1aff39716fcb30a6e.jpg,0,0,0,0,1
-76F273C0-07AA-4C57-B850-A4AA9184447C-png_jpg.rf.4de851ad6521ab3bd9b3591c97b618a8.jpg,0,0,0,1,0
tripod_seq_08_021_jpg.rf.4a1134b5559204924c3e89f058e5d053.jpg,0,0,0,0,0
a99d97524c1526b3_jpg.rf.5f7e7b37f0e0dc733f5e2db034ad9ca5.jpg,0,1,0,0,0
bedd68e3dad53060_jpg.rf.a0899e6424dc9dd9383970e3842e1812.jpg,0,1,0,0,0
136_jpg.rf.3507c2da70d72b2ce6e7c45ba5226dd7.jpg,0,0,1,0,0
c03540dabbd8858c_jpg.rf.de208a2702bc9c74e2dbe4f6734becd6.jpg,0,1,0,0,0
tripod_seq_12_064_jpg.rf.f1841a0557cb21888249b90612f6a9a5.jpg,0,0,0,0,0
6007950747_jpg.rf.a324c9984df377a2346430de1712f275.jpg,0,0,0,0,1
k4_jpg.rf.fad447ce420e05a68bb5df9d673c256f.jpg,0,0,0,0,1
-DA3965EC-4742-4B3C-89EC-DE47EE19072C-png_jpg.rf.b7e1cd77651b47660381ce9e545f03d1.jpg,0,0,0,1,0
113_jpg.rf.a5acf915355fc9a0cb9f396fbc5f4509.jpg,0,0,1,0,0
117_jpg.rf.ef803b79dcb56915368b5d860242323d.jpg,0,0,1,0,0
023f2321116f341e_jpg.rf.497fa301209fd310d3477f95387a578a.jpg,0,0,0,0,0
00c96e0e060aeb2f_jpg.rf.6678a371dc53e17fcfb9682051be3e0d.jpg,0,1,0,0,0
749_jpg.rf.cda61414b1b8db90a116b22465172d81.jpg,0,0,1,0,0
282_jpg.rf.b4de9a0f232db7290b98f8a26ba9cfc7.jpg,0,0,1,0,0
-0945FFF1-B95A-49D9-AF38-521144CBA0A7-png_jpg.rf.914d3bd6310ffd2937982f780692b81c.jpg,0,0,0,1,0
-C4FB6EE5-2134-4252-A3E7-FCE53E7F5D62-png_jpg.rf.9798d631af5089f6c06d51d7e5a10de1.jpg,0,0,0,1,0
WhatsApp-Image-2020-07-04-at-18-38-3_jpg.rf.575f62353de1c496efa6d8689b1629e6.jpg,0,0,0,0,1
-F790D7CB-9608-4247-9DD5-F13FCB2CBA2B-png_jpg.rf.c47ab66f3f999955cc90e58c97243f26.jpg,0,0,0,1,0
763_jpg.rf.986ae4f044cb2cb39d5da2e4ac4259f6.jpg,0,0,1,0,0
624_jpg.rf.f8f82e7078cec2923c3d12ef16c799de.jpg,0,0,1,0,0
a8000474711304b5_jpg.rf.15b66bc9c51f251706873c2acb8b2c79.jpg,0,1,0,0,0
-2202A4F3-BE1B-4E4C-8D0C-DCBDAA8F5303-png_jpg.rf.6622423fa91bbe339e300b07c842b967.jpg,0,0,0,1,0
256_jpg.rf.7306abf895291179649ad60cf51655da.jpg,0,0,1,0,0
-CF18C7DF-3DC1-4F14-A3B1-8521CEE36C3E-png_jpg.rf.11c61cb0814c31c773fa13e67cd124db.jpg,0,0,0,1,0
b55adb584214025d_jpg.rf.9b0ef5d8d1b94d5fb967d8029a813d26.jpg,0,1,0,0,0
-CFE43611-3817-4981-B605-D34C68958207-png_jpg.rf.d684c4725d0f4e53eec9561148da12a2.jpg,0,0,0,1,0
249_jpg.rf.8e0d3b0a9f65b2693b4577b43ecc6fe1.jpg,0,0,1,0,0
GH011387-MP4-t-120-333333_jpg.rf.adf426d8488ed762cac8c49d5ebee9a0.jpg,0,0,0,1,0
-E0FF4F1D-4071-4FCD-A1BC-5AE95DE30292-png_jpg.rf.ed4cd7932f3ef8d68585dfe7d15369ec.jpg,0,0,0,0,0
-83956755-788E-4F05-89DE-7B8A6D2B5C21-png_jpg.rf.355a009dc2a4971be2f9e65bfa97c5ae.jpg,0,0,0,1,0
bus-96_jpg.rf.9561b7bf582f18efc4b6e62897f98afd.jpg,0,1,0,0,0
a9fe3d2f48686f41_jpg.rf.d70eb3f17b411d8fab99433004441e66.jpg,0,1,0,0,0
-3B54DE29-3BCA-4191-A23E-003270236E01-png_jpg.rf.effa41921e1f5a7f51b7028a043a6e40.jpg,0,0,0,1,0
0df8ce351519bee5_jpg.rf.d3f61018f1884161c09be7a0b659ef74.jpg,0,0,0,1,1
-8437E1F6-8E99-458C-992D-8794FF4B5C1D-png_jpg.rf.6a310a55f226735e38359baba99ce808.jpg,0,0,0,1,0
Image_013480_jpg.rf.c8988df9134b99d7271bbf9ba50f56cd.jpg,0,0,0,1,1
765_jpg.rf.b6d6be083cce86bf8e7c5264b2322bbf.jpg,0,0,1,0,0
bus-94_jpg.rf.a05b28bbc0c8cf5b49932283cce2dead.jpg,0,1,0,0,0
-C4FB6EE5-2134-4252-A3E7-FCE53E7F5D62-png_jpg.rf.84e78bdd812bcf773a3c6c1bfd471cfc.jpg,0,0,0,1,0
28_jpg.rf.c339fb62518907a8d931ca80515780e2.jpg,0,0,1,0,0
Mitsubishi-Fuso_mp36_pic_105514_jpg.rf.13225bf506cb4e0af12afca3841d3104.jpg,0,0,0,0,1
OTS-thumbnail-1024x576_jpg.rf.1e6008ab6bf1858557a0b31beea93cee.jpg,0,0,0,0,1
WhatsApp-Image-2020-07-04-at-18-38-3_jpg.rf.dfd4cb5600940f57bfe9fb481716686f.jpg,0,0,0,0,1
-375965D7-1A26-4644-AF71-19B3585749B4-png_jpg.rf.6bdb5e454503614ac049cd2f0a980120.jpg,0,0,0,1,0
-422F5744-FC5F-4A43-8DFE-CEF738B5015C-png_jpg.rf.382802b9863b4fd5b65dfd228ed3cf38.jpg,0,0,0,1,0
-85692E92-3B6C-49F8-B16D-E99133131917-png_jpg.rf.d136c8ede98ea4543e6ee6f63d528d58.jpg,0,0,0,1,0
63_jpg.rf.4eb326cd3c438a733a1a4fa9d28b29d8.jpg,0,0,1,0,0
-76F273C0-07AA-4C57-B850-A4AA9184447C-png_jpg.rf.7822a417318902a4bd4a80d350b24ca7.jpg,0,0,0,1,0
132_jpg.rf.53be5b1a706f96b5549aef427424a55d.jpg,0,0,1,0,0
-B8C4C3D6-5E2B-4B74-A600-D4CC31B03C80-png_jpg.rf.6e8cfe6a725269710b605e4528e7748f.jpg,0,0,0,1,0
00ae221519d850b2_jpg.rf.e1942cffb636c1fea7aa75bae4847af4.jpg,0,1,0,1,0
tripod_seq_14_072_jpg.rf.03cd81dd1ddf95f5f614694eb37efc96.jpg,0,0,0,0,0
-B7C16E32-9846-40EF-8C8E-B26051E149DF-png_jpg.rf.0c8c0021cea4f259dd4712ca16f35581.jpg,0,0,0,1,0
-3ED11401-3001-41F4-8807-7BDA41D24CF3-png_jpg.rf.49950de5298c536dfd9709b86c5d1a4a.jpg,0,0,0,1,0
00b1884d72d57a22_jpg.rf.24a8705bf571f069f9e1b81f28272750.jpg,0,1,0,0,0
89384a5a3ddd12ce_jpg.rf.9315c4d9f3f22e34df23bf0acce9f5e1.jpg,0,1,0,0,0
bus-87_jpg.rf.8a8f29b02e8a801e98e013fcc2332d25.jpg,0,1,0,0,0
-4B472EFE-F5FA-44B6-A214-B41E70E2A0BC-png_jpg.rf.0a156c3c35155509b1582a605fafb5df.jpg,0,0,0,1,0
c73276e412857679_jpg.rf.0aca30af2a66ded0ddb414816aebcd68.jpg,0,0,0,0,0
611_jpg.rf.5e6a3cceb826ef7d42dc143aa14b1c9e.jpg,0,0,1,0,0
03f180fcb44db669_jpg.rf.bdcc3e178b3d55b1ef78708f1aa75c1f.jpg,0,1,0,0,0
c1a2489309958b38_jpg.rf.0fc74d822715ea56607c8671f6a379f5.jpg,0,1,0,0,0
bea51fb43b06927e_jpg.rf.f37660218c59b98a549890bc5d2e245a.jpg,0,1,0,0,0
-ECA3B880-4547-4E14-97D1-753BEED63EB3-png_jpg.rf.ae7302ac6fb4701eff62bc074de16d80.jpg,0,0,0,0,0
a94d9c78dde60ec7_jpg.rf.82e32992192cda0593539d67a0db57ac.jpg,0,1,0,0,0
-7A5157C7-2559-41E2-8D05-376D1E96A58E-png_jpg.rf.dc33115061d276cd3f5ba2f000273a31.jpg,0,0,0,1,0
134_jpg.rf.5cd9f4762e186d678da2a41dc2b878c9.jpg,0,0,1,0,0
ceaec0f3cdb104c0_jpg.rf.43657bcfb0ee113e54760c398fa17e78.jpg,0,1,0,0,0
0b41aadcfc42c627_jpg.rf.71604f89e727157676cebe66b719ea7d.jpg,0,0,0,0,1
2014-mitsubishi-fuso-fe160-14-feet-b_jpg.rf.bdeecf6f05a3b1c55a39fd58af9ff44b.jpg,0,0,0,1,1
00b4831b8f1408e6_jpg.rf.9b64bf09df71025080111de936171dd5.jpg,0,1,0,0,0
-BC165CAD-1004-4A38-B8A5-0E25AC65AAC9-png_jpg.rf.9e5a987fb149a32d99ba59a4d4e68427.jpg,0,0,0,1,0
-E0F2527D-3B61-4274-8655-B807876330E9-png_jpg.rf.21b52dec34f1662e68fe7216380f8e13.jpg,0,0,0,1,0
136_jpg.rf.e22c64b7e36cd01ffa126e21ac849bde.jpg,0,0,1,0,0
c62b429a89e422f0_jpg.rf.88eeb4633aaa188402d986b7ad01cc7b.jpg,0,1,0,0,0
c47b340996e4a8eb_jpg.rf.65e0335e6fcb226798bf35dfafc78f81.jpg,0,1,0,0,0
-C96EB60C-375E-476D-8D20-3643A20C26B5-png_jpg.rf.a3737880e7c18ea9f28a350eeb0baa47.jpg,0,0,0,1,0
bea51fb43b06927e_jpg.rf.5fe7064c43ba6d10c14ff2287fc2e5b3.jpg,0,1,0,0,0
-CF43F395-72F5-4264-B3F8-6B49D71F17FA-png_jpg.rf.656db42449c29cff9e4355d0e5770c13.jpg,0,0,0,0,0
-251A7DC4-47FA-45BF-8F18-8C933578D147-png_jpg.rf.f4104b477166cba9425d186733fbc08b.jpg,0,0,0,1,0
-77061E5B-C4D4-45FD-81EB-51C68F8AC893-png_jpg.rf.0b994dcae0ca7510106e60397a2d85ba.jpg,0,0,0,1,0
mitsubishi-fuso-truck-64f23fb463_t_jpg.rf.6310073530f7ef1991a0ff9c8ba0d3f7.jpg,0,0,0,0,1
m176_jpg.rf.b8717945065f21f97e5c6a27ca241b29.jpg,0,0,0,0,1
-B7791A7C-8010-42CA-B0A6-CFC6FB56E7EE-png_jpg.rf.3c3bf9a6a1031c52671ebdd52ba2d346.jpg,0,0,0,1,0
-BAEF245D-475F-4C90-807D-558E1FFFBF2A-png_jpg.rf.59653fac985f40d8398222347316a0a7.jpg,0,0,0,1,0
-BC165CAD-1004-4A38-B8A5-0E25AC65AAC9-png_jpg.rf.cbd44f7c30f3c56fe2b3b96ebf27f3e5.jpg,0,0,0,1,0
b856e2f0ec2e5fcc_jpg.rf.7404fd0e4a6907b4a08de2e2a4125bc1.jpg,0,1,0,0,0
c40ccdf6f1ae2370_jpg.rf.fa9526288046625b2bdf592b48c5ec3c.jpg,0,1,0,0,0
-D276856D-8655-4E00-9B81-7746DB0426B0-png_jpg.rf.b7cef52f190ff70bb9e86947310ae994.jpg,0,0,0,1,0
a88fd00b71219f9f_jpg.rf.8b0b20cbcfffbae88fe9a4d417648832.jpg,0,1,0,0,0
bus-223_jpg.rf.d6e2ee6a06a910d9e9ec697de0ccba7c.jpg,0,1,0,0,0
bus-277_jpg.rf.f0e81523c4c88ad8858a2c748f85fbb6.jpg,0,1,0,0,0
153_jpg.rf.7b8c9f3aaa791fe4cdafa0a6d82e3091.jpg,0,0,1,0,0
-BAEF245D-475F-4C90-807D-558E1FFFBF2A-png_jpg.rf.5509182287fd6afd06cfbffd99fda02b.jpg,0,0,0,1,0
-251A7DC4-47FA-45BF-8F18-8C933578D147-png_jpg.rf.e08691022602dc257d468861534ac8bd.jpg,0,0,0,1,0
Image_000475_jpg.rf.f6f50434cf698c09ac01f3d5c4a66e30.jpg,0,0,0,1,1
image-45-_jpeg_jpg.rf.b20e5a2a61bbf166814fa9f16fe58c17.jpg,0,0,0,0,1
bd83b1913c6b7453_jpg.rf.066d522791425601e8e2a0b5f2df791a.jpg,0,1,0,0,0
-015C8F67-D57B-40D2-A8D4-6717E7D78918-png_jpg.rf.3fc65df25050c38c18b4a617275f3f01.jpg,0,0,0,1,0
-344A5C5C-CF3A-48B7-BE2F-7373A99B6465-png_jpg.rf.f4cdc5f99ed96e17ec6b7720a2e5293c.jpg,0,0,0,0,0
-E169C681-EEF4-4F14-8884-D6C35F9A4005-png_jpg.rf.256e862c86eebca9ea301d800d3c5ef5.jpg,0,0,0,1,0
thumb2_3c6f302cc1ac614c6408b3828bc73_jpg.rf.c8792ef62737554d65b7258511b8217b.jpg,0,0,0,0,1
-BE444330-6708-4396-A543-1D9380EE1763-png_jpg.rf.c3146591121420441f91e3e84ade5685.jpg,0,0,0,1,0
02e523f39066742d_jpg.rf.2a9e09a3913d1b907ff55c469ee6b40c.jpg,0,1,0,0,0
760_jpg.rf.9ecaeaff643f777841fdb85ddca1021a.jpg,0,0,1,0,0
760_jpg.rf.eea48a762b2d7d7c653b208f10805641.jpg,0,0,1,0,0
-BA173764-E7BD-413C-96AC-203C060B30CF-png_jpg.rf.db4dbd5bcbf51c192e720f44a244b524.jpg,0,0,0,1,0
-BA330F2F-CFC8-4541-9275-C6AE204C6D0D-png_jpg.rf.a9d781829be5430f855638d718b73188.jpg,0,0,0,1,0
aeb050c3f8cd4cd0_jpg.rf.a36eb01f26f7aa41d82428a50981b04a.jpg,0,0,0,1,0
-0EA5B2D5-C63C-45B2-9048-072293BBA378-png_jpg.rf.335e603229a8a22442fb413d3b9e6fa7.jpg,0,0,0,1,0
88_jpg.rf.a98f667bfcdadc702df51ec7b4f66482.jpg,0,0,1,0,0
256_jpg.rf.27759f43f074df1d09cc488634f39925.jpg,0,0,1,0,0
2005-mitsubishi-fuso-fm260-18ft-dies_jpg.rf.f6868766f205600cc4f6e04428ccf289.jpg,0,0,0,0,1
283_jpg.rf.d413661119c6b45584bf5533e3e3df75.jpg,0,0,1,0,0
-B545A484-7AEC-4211-AE64-92650557307F-png_jpg.rf.f7e73ec0ad750d2c7c617f68b64cf1f1.jpg,0,0,0,1,0
-C3D83141-091E-44E3-B5AF-321A93A32FD2-png_jpg.rf.0a5dbe91322692358cbbfc7d9bd33e30.jpg,0,0,0,1,0
1626336865_126_36710_2_jpg.rf.c676f72344a072fb7b5a755b80f7155f.jpg,0,0,0,0,1
0c76214c9994fe1d_jpg.rf.69645f0f0c38be71f4790f709f499ad8.jpg,0,1,0,0,0
H97817c4b136e48e7882e48f522e02ef9b_png_jpg.rf.4653673bc14c78b1f183a79ad4609c72.jpg,0,0,0,0,1
a48d5787b92c0680_jpg.rf.02130794d74a1392646409e3271da491.jpg,0,1,0,0,0
-F64D4D40-EA8F-4C27-A513-EF17529D9016-png_jpg.rf.f76bd5ed6a635c193576617de086a133.jpg,0,0,0,0,0
ac1d5a91213b8945_jpg.rf.684be41efe0dcd7a943e038f9fae9243.jpg,0,0,0,0,0
bus-226_jpg.rf.86bd618d9a379a0697ad03acebdda551.jpg,0,1,0,0,0
c73276e412857679_jpg.rf.6b70799688af7c73d48281eac81fc16c.jpg,0,0,0,0,0
-251A7DC4-47FA-45BF-8F18-8C933578D147-png_jpg.rf.527bdb3834c649d5d01a2b902f978613.jpg,0,0,0,1,0
739_jpg.rf.358d7d509c84063776051cb6ef8023c3.jpg,0,0,1,0,0
00edd52b1922df7b_jpg.rf.89b1b599b7b9a7587c67e861d9b6e95b.jpg,0,0,0,0,0
-BBC6D213-1075-48CE-B772-FDD44F34A3E7-png_jpg.rf.c4543c2fbaaaecb2fdc3c68180305c71.jpg,0,0,0,0,0
00b1884d72d57a22_jpg.rf.b3969e3a4055f962af19131595448935.jpg,0,1,0,0,0
mitsubishi-fuso-truck-64f23fb463_t_jpg.rf.4cc41ff9bf61aff096e8576f307be0bd.jpg,0,0,0,0,1
217_jpg.rf.d782e61cdfcaca082e3af0e6146d65f2.jpg,0,0,1,0,0
image-53-_jpeg_jpg.rf.103c03ada718c0d517d0dfbead4038fe.jpg,0,0,0,0,1
c040debe908057db_jpg.rf.44304ac9ce2c3e815ea8f12de08769d7.jpg,0,1,0,0,0
-B1463014-0B20-42AE-AEE7-75F9E8E0FCAB-png_jpg.rf.3cc62e6e3549232ef18fae2416b66fef.jpg,0,0,0,0,0
-51FFF967-684D-4519-8EC0-A9C7CC6F2280-png_jpg.rf.f8e3aefcef6651b7865f4e970bab946a.jpg,0,0,0,1,0
a85fb449d4c7caed_jpg.rf.f5683378cfe27d217ba5fd88f40f0dbf.jpg,0,0,0,0,0
-8BCDBC76-A3A4-4C0A-A595-5993A129EFA0-png_jpg.rf.2f9422a665a10a025638f6584b6b9aa4.jpg,0,0,0,1,0
66464d2f3349b226_jpg.rf.d5637821a8e2a735e11e97122613f7ab.jpg,0,1,0,0,0
-BE444330-6708-4396-A543-1D9380EE1763-png_jpg.rf.2cb17866f63917b842e6dfc7aa0bb39f.jpg,0,0,0,1,0
-C3D83141-091E-44E3-B5AF-321A93A32FD2-png_jpg.rf.477382341f5176f2f7d55662d1f1b446.jpg,0,0,0,1,0
-B536D43A-C9BA-41F0-8A85-01C6EA42A506-png_jpg.rf.0f1ab49bac98f3f84fec7f2374702556.jpg,0,0,0,1,0
-C5CC1F92-FB42-42AD-B684-D2D2C374D62F-png_jpg.rf.0ec17373ab69daa5bdc130891bcf9353.jpg,0,0,0,0,1
-C3D83141-091E-44E3-B5AF-321A93A32FD2-png_jpg.rf.9808ba205bd4148ecd15fea935e60116.jpg,0,0,0,1,0
ad1271c888f99ac0_jpg.rf.84834cf39d5aee513597b48d17382018.jpg,0,1,0,0,0
-F3ED7138-85D2-4BAF-BBBF-EDF5B5083498-png_jpg.rf.9b38e364f62501cc3d24262a73b26e5e.jpg,0,0,0,0,0
Image_013585_jpg.rf.73d422d1e8cffc6ce44df7160169cd51.jpg,0,0,0,0,1
-DC48B948-99D7-485C-8E3A-4C8D9D4CFB32-png_jpg.rf.33b633f857a366990a39ee9b770a6579.jpg,0,0,0,1,0
k4_jpg.rf.2751b23a135e2c00156edb784870af56.jpg,0,0,0,0,1
Mitsubishi-Fuso-Truck-of-America-600_jpg.rf.ba9ac428beeb6bfaa1c1bdca0fcb10fe.jpg,0,0,0,0,1
045cd7226292ad16_jpg.rf.e51b41fb02aaf36ce2280d963e382eab.jpg,0,0,0,0,1
-CF924BAD-E770-48B0-BE7C-791609AB2656-png_jpg.rf.48eac917064e9ceb105ade1a7ce0aaac.jpg,0,0,0,1,0
ac5a8c173a1d5679_jpg.rf.cadf3b204fba0e6248d468116dd02dd0.jpg,0,1,0,0,0
-BEACF130-F07D-4352-87CF-2BBC32A8C5AC-png_jpg.rf.22923c8fa226904622a50397c2e71086.jpg,0,0,0,1,0
772_jpg.rf.c7a24a37be4b023834e57797a82dd7e7.jpg,0,0,1,0,0
772_jpg.rf.2b66a19d242429aa44358cd9a9721ad5.jpg,0,0,1,0,0
-BAEF245D-475F-4C90-807D-558E1FFFBF2A-png_jpg.rf.cd18a2468beb563c7f5dcfb895c76c18.jpg,0,0,0,1,0
-7A5157C7-2559-41E2-8D05-376D1E96A58E-png_jpg.rf.87971300ee0a4b0a1ef394383ae21175.jpg,0,0,0,1,0
-400E9E90-CD4A-470F-89E2-C9E1D1854AAB-png_jpg.rf.d05a3d5c9a7d7ff2f137923a1dd9583b.jpg,0,0,0,1,0
-3ED11401-3001-41F4-8807-7BDA41D24CF3-png_jpg.rf.562ddd296905655578cc338b82a0d9e3.jpg,0,0,0,1,0
-B5C21DCF-89F3-4ABF-AA43-EF194DC8AF9D-png_jpg.rf.c3d7f44000010af0258393dd86e53c40.jpg,0,0,0,0,0
mitsubishi_fuso_2535998_orig_jpg.rf.6cf991ab1bb7f289a0f9a7d977a7146a.jpg,0,0,0,0,1
-608B1B77-EBBE-4E69-AB2F-13A3A5ED4C39-png_jpg.rf.b2691c51e01368699efda4c07090e856.jpg,0,0,0,0,0
-7BD0670A-F3AA-4DF3-A61F-D64CF293E7DA-png_jpg.rf.4a585a8b036d6f1869cd7500b438ef6f.jpg,0,0,0,1,0
-CF18C7DF-3DC1-4F14-A3B1-8521CEE36C3E-png_jpg.rf.18f749d39fc6ec5ff8185efd0f94f00d.jpg,0,0,0,1,0
-6DAD352D-A46B-4983-AAC5-88BE86A2EA9D-png_jpg.rf.91d946923d2216675b1df92a9516e8a0.jpg,0,0,0,1,0
-B545A484-7AEC-4211-AE64-92650557307F-png_jpg.rf.c602d620bd95f1495e6421b27070df6d.jpg,0,0,0,1,0
bus-226_jpg.rf.a296542705c20cb39d9303b6c1053e3d.jpg,0,1,0,0,0
-D276856D-8655-4E00-9B81-7746DB0426B0-png_jpg.rf.f77cab60256a7af6a4070984a241a7f5.jpg,0,0,0,1,0
162467517660d693686dd40_1_jpeg_jpg.rf.6518d0310c5ea817ccb243dbfc792e58.jpg,0,0,0,0,1
27_jpg.rf.4a5eab4de3f8da3454524d1bec61e86a.jpg,0,0,1,0,0
-B900C4EA-26D3-438D-B91A-2F7E03FCF2D5-png_jpg.rf.9ad19f5dbde0694e1af6fa94f3cfe4d0.jpg,0,0,0,0,0
-E169C681-EEF4-4F14-8884-D6C35F9A4005-png_jpg.rf.4b3288ff0c423703f7894de978b468fe.jpg,0,0,0,1,0
Image_013240_jpg.rf.f74716e5a75ec4bc9faeec3457475943.jpg,0,0,0,0,1
-C04C7AD3-AEAC-4250-9856-9D1606800D44-png_jpg.rf.b49becf18d0ade4a38da978b38bb1f17.jpg,0,0,0,1,0
Image_013585_jpg.rf.021e09cd0cec8eedf1244e8437b970a9.jpg,0,0,0,0,1
282_jpg.rf.044abcb5412ea8cd1dae647dedaaf512.jpg,0,0,1,0,0
mitsubishi_fuso_2552923_orig_jpg.rf.1a09d974219d9e4f6ee42c34a7b43891.jpg,0,0,0,0,1
140_jpg.rf.dfc8d3d11270e4f12887c1f78018e243.jpg,0,0,1,0,0
129278bcb16b412a_jpg.rf.05c6cb1f999678ef80a222a9369318a8.jpg,0,0,0,0,1
-BBC6D213-1075-48CE-B772-FDD44F34A3E7-png_jpg.rf.eb6920ff21c1b0aa88986c17edf58a4a.jpg,0,0,0,0,0
204_jpg.rf.827b008b1b637e5277b7a8f92f01c441.jpg,0,0,1,0,0
-DE74A13D-6CCE-4DB2-BA24-DC8DBA95BB56-png_jpg.rf.13b1851be99ef219433234b72cb28326.jpg,0,0,0,0,0
-251A7DC4-47FA-45BF-8F18-8C933578D147-png_jpg.rf.94d8d0d19af9220974540d62169db92e.jpg,0,0,0,1,0
-DE7261E4-D7F8-41FB-BE0C-8C4DF0B0EF9B-png_jpg.rf.b729099a7a9e00b8ba58185131e9ebf2.jpg,0,0,0,1,0
-2D08F0C0-6CF5-48A3-A125-01AC2118A734-png_jpg.rf.eee3985165e056fe668c913864314a4a.jpg,0,0,0,1,0
169_jpg.rf.7ddf6f61b43a192eb38518f9fd74ee0f.jpg,0,0,1,0,0
279_jpg.rf.242ba4a39bd9a6af6d5d0ab6edf6a151.jpg,0,0,1,0,0
Image_000128_jpg.rf.68e243d4d4bd5265dec6f59d9c013e14.jpg,0,0,0,0,1
-3947B75C-299F-46E6-84AF-947CB4AE712E-png_jpg.rf.3aaccc2df8214da2f4d78833bece493a.jpg,0,0,0,0,0
-BF6A8C7E-455B-4B26-A5AD-C4AEC6EE3683-png_jpg.rf.6de749167026d06a8b062d5cd791239f.jpg,0,0,0,1,0
-C29F9614-FB66-4954-B867-6C6200C511C5-png_jpg.rf.931be23aa906b092cf3cf26eb1abd8f2.jpg,0,0,0,0,0
-DF93EFBF-E1DA-447E-9557-5B4551969ADD-png_jpg.rf.a2114de113806e3c233e6e6c7b6278ac.jpg,0,0,0,1,0
-DE7261E4-D7F8-41FB-BE0C-8C4DF0B0EF9B-png_jpg.rf.a41d414ced3e2bb078df2e96a2d5f9b0.jpg,0,0,0,1,0
-4FB14832-DB4E-41E9-B8FC-9D33DEB67AAA-png_jpg.rf.974ca84fad3812c7458d2fa1e4bcc9a6.jpg,0,0,0,0,0
757_jpg.rf.429ea9f0e0f6f3e1c06aa7dbda484f2a.jpg,0,0,1,0,0
WhatsApp-Image-2022-12-05-at-18-26-29_jpeg_jpg.rf.1efef0081e6037c328648e6cb524fe3c.jpg,0,0,0,1,0
-BF6A8C7E-455B-4B26-A5AD-C4AEC6EE3683-png_jpg.rf.2cf7ccf60aef9857947dea1a322f63e2.jpg,0,0,0,1,0
-4DFF09F8-2283-495F-9C84-6A25870884F8-png_jpg.rf.a288f309d595cedff6440b214008370b.jpg,0,0,0,1,0
-BF6A8C7E-455B-4B26-A5AD-C4AEC6EE3683-png_jpg.rf.4e0f2629dd6ba269abafd2ee64e12aef.jpg,0,0,0,1,0
-FDE945D0-FBF3-4C9A-8081-439EBB7FA66E-png_jpg.rf.6900597f4378e4d7da284edb5b5816d3.jpg,0,0,0,0,0
-BF5B09CD-88BE-4B44-92C0-66FACF354706-png_jpg.rf.30151c9862a8e39a51e01b2375774448.jpg,0,0,0,1,0
bf973a3e20d1d2bd_jpg.rf.aaf4270bc66f5b8cf5ab107b7b2baf93.jpg,0,1,0,0,0
bf1a53a00674166b_jpg.rf.8b0086702b0aa7e82ca93a9c9de23a3b.jpg,0,1,0,0,0
-CA45E750-4780-41D5-87A3-B27806F02374-png_jpg.rf.a72ab8a76011cce74b63da54daeb6c42.jpg,0,0,0,1,0
716_jpg.rf.e382b1ff852a035a4437a1200f1fc430.jpg,0,0,1,0,0
image-42-_jpeg_jpg.rf.9300ef2adb786d48a2a9391260f910a2.jpg,0,0,0,0,1
-A5A6199B-EE3F-4721-9A5F-86EB5A1547F2-png_jpg.rf.0d5a4fdb367d562fcbaca1b64adcbf0e.jpg,0,0,0,1,0
-B8C4C3D6-5E2B-4B74-A600-D4CC31B03C80-png_jpg.rf.f0cd6cc9acd66b724f696ecdff9027c4.jpg,0,0,0,1,0
c40ccdf6f1ae2370_jpg.rf.398c43c66278574cf576f14a9ad49d89.jpg,0,1,0,0,0
180_jpg.rf.b9c4f5524a170421e23f5fa15fbbccb4.jpg,0,0,1,0,0
75_jpg.rf.53bb9a3d5ccce2eb5d826668c9beed60.jpg,0,0,1,0,0
b99124b1199cbde8_jpg.rf.0d4dca213cdd35a51d1315eecaa09566.jpg,0,1,0,0,0
171_jpg.rf.7770eb1261531d4906df38441d80f8c2.jpg,0,0,1,0,0
-2D294BA4-46A9-4671-B484-97276D883A2F-png_jpg.rf.f150525a683fbff23863bb5a6e2990ee.jpg,0,0,0,1,0
thumb2_3c6f302cc1ac614c6408b3828bc73_jpg.rf.69dd7bbe081ea3ee9f86745074533436.jpg,0,0,0,0,1
-4B472EFE-F5FA-44B6-A214-B41E70E2A0BC-png_jpg.rf.67137595dca78983d822c69cdcf3b9b9.jpg,0,0,0,1,0
-E65ADAD7-7559-4704-8100-0091A6B9C3C6-png_jpg.rf.093fa02e57d3412d1c926af98dde4f46.jpg,0,0,0,1,0
-B3FD9FD3-9900-4194-9B4D-94050415AFD1-png_jpg.rf.850f75edc7d11eac3043aeb26429f2f3.jpg,0,0,0,1,0
-5F2E8303-69B1-48D6-956E-CECAF910937A-png_jpg.rf.bf91401b22e5815f3118230d651d8eef.jpg,0,0,0,1,0
-DF011F3F-ACBA-4857-9E5F-49E8B2CE4FEC-png_jpg.rf.8838d3a0ffe5f107f820ca96a66208e8.jpg,0,0,0,0,0
113_jpg.rf.bb184fd811f1684c26a8c8de7f25c884.jpg,0,0,1,0,0
-BF6A8C7E-455B-4B26-A5AD-C4AEC6EE3683-png_jpg.rf.90cfdb9a32c01ff3beae62547ba5f3e8.jpg,0,0,0,1,0
b99124b1199cbde8_jpg.rf.48b9714e13c942dbf9436c4e53803a88.jpg,0,1,0,0,0
1e668423ae32ce6f_jpg.rf.717af4eddbfcfdaa5a6dbfcb43a7d601.jpg,0,0,0,1,0
-B3FD9FD3-9900-4194-9B4D-94050415AFD1-png_jpg.rf.5d32bb51adcdf657be437f3fa8dd50fc.jpg,0,0,0,1,0
-BA330F2F-CFC8-4541-9275-C6AE204C6D0D-png_jpg.rf.19c4aef1f9bfe8cdf75f997f3270fabb.jpg,0,0,0,1,0
b994ed2b5a34ef24_jpg.rf.bd074d494447260a88ae5fb900396cdc.jpg,0,0,0,0,0
170_jpg.rf.99b6832b931035fb9d813de2e6cf93bd.jpg,0,0,1,0,0
Image_000215_jpg.rf.8c157cc9305ead787b1d6883db5b2e6e.jpg,0,0,0,0,1
65e29a38268145a8_jpg.rf.d2971a8ef8d5af4570c4c853be8de5bd.jpg,0,0,0,1,0
c11ab621e4c456df_jpg.rf.d49b2c65462d16481df43977dc3f78f6.jpg,0,1,0,0,0
-DF011F3F-ACBA-4857-9E5F-49E8B2CE4FEC-png_jpg.rf.3a5ad4fe6cfac4520f72724e43e7b12b.jpg,0,0,0,0,0
-A6117ECA-41CF-4E26-BF2E-94332EBBF8EC-png_jpg.rf.e3fd9309f84bc8cdf624995fdb1c59dd.jpg,0,0,0,0,0
1_15635159215d315c1195f97_jpeg_jpg.rf.2cbc40a8d1616bb4985c08dcb1d95d95.jpg,0,0,0,0,1
250_jpg.rf.ee813c3cb29fdc8c614ebf8a94368ca0.jpg,0,0,1,0,0
-DE74A13D-6CCE-4DB2-BA24-DC8DBA95BB56-png_jpg.rf.2d8cb78d03752a470d390dba4b67fb58.jpg,0,0,0,0,0
Image_000375_jpg.rf.4a403d2412fe898d1f835917c41085b5.jpg,0,0,0,1,1
-D92BD235-F2FB-41AB-AA48-E1BDDB51D6E4-png_jpg.rf.28a4a814cd6404da4f72ab01c3b4d522.jpg,0,0,0,0,0
c040debe908057db_jpg.rf.6ce7190e73f9df5a8cd35588b539e034.jpg,0,1,0,0,0
-E65ADAD7-7559-4704-8100-0091A6B9C3C6-png_jpg.rf.bf722985f09a6efcd069c03ece027716.jpg,0,0,0,1,0
-DA3965EC-4742-4B3C-89EC-DE47EE19072C-png_jpg.rf.b1dc15d1240bb9b98bda464988afdd36.jpg,0,0,0,1,0
-BAEF245D-475F-4C90-807D-558E1FFFBF2A-png_jpg.rf.bdf2438dbe190a9ce23167916729a7ce.jpg,0,0,0,1,0
Sejarah-Palkun-4_jpg.rf.71b712d635b625b07dd99dff98d062c9.jpg,0,0,0,0,1
-9E27EB33-F9C5-4777-A81B-3D8D02D9E3AC-png_jpg.rf.64287d4e6753b4088975de457355f91c.jpg,0,0,0,1,0
169_jpg.rf.e01cd5d5725bc9be0533cdc8e91a859c.jpg,0,0,1,0,0
-AFC92243-360D-4139-9A81-2819BD21298A-png_jpg.rf.805a093af0d3875817c7b46bdf22cced.jpg,0,0,0,0,1
10_jpeg_jpg.rf.4415068e62d0965786d812912c2f7503.jpg,0,0,0,1,0
-9E5DCDFE-604C-4774-9BCC-613523B3EC83-png_jpg.rf.e5176d7a05983a4d3fecc7c143c34526.jpg,0,0,0,1,0
65e29a38268145a8_jpg.rf.2d24e3ce112c4aef60d909e1bdf3541e.jpg,0,0,0,1,0
-A32165C5-76E6-4434-8D9F-E752D71D3457-png_jpg.rf.364a01305bfe94c43ea81fef2848a1e7.jpg,0,0,0,1,0
b9f55294f0c23014_jpg.rf.5f37a6e23de29349d6992f5ff94856f9.jpg,0,1,0,0,0
-B1F2728E-0ACA-4F08-A854-6975EEC03AA3-png_jpg.rf.150caa686b04316c0064d15c347d6b30.jpg,0,0,0,1,0
-E65ADAD7-7559-4704-8100-0091A6B9C3C6-png_jpg.rf.fea9903332b51fc32f36a75f243aee9c.jpg,0,0,0,1,0
73_jpg.rf.b1f875d84aee02cbed199fb4f61ed8b7.jpg,0,0,1,0,0
-AB4D1295-51CB-454E-ABB1-DFF009174980-png_jpg.rf.986962108c1d9e0399d31c712235d8af.jpg,0,0,0,1,0
132_jpg.rf.ec253cecdea1e36bc1a73c8dc7301256.jpg,0,0,1,0,0
-2D2D8602-E497-4B46-B4B3-5C7594A43411-png_jpg.rf.7fe6f52563dbd25589d2d524c8cec6d5.jpg,0,0,0,0,1
153_jpg.rf.a7a3d0e8d9fc1ea54f9ba4cfe106824d.jpg,0,0,1,0,0
29_jpg.rf.707289e2ca1c8173533ebbc140a3a88a.jpg,0,0,1,0,0
-F97F2A7B-C398-4B5E-93AB-A14AB075D458-png_jpg.rf.78570fd56f703b60b468160853afe24e.jpg,0,0,0,0,0
249_jpg.rf.8be0be0ea81ed7a34003da8186a1a772.jpg,0,0,1,0,0
-EB077461-353D-44D7-9FD8-ABDD9D3134DF-png_jpg.rf.b59e22b20d333887e17e583cc7abb4ef.jpg,0,0,0,0,0
-B3FF9CBC-6C9F-4BDD-B814-790723E32E98-png_jpg.rf.b891b4004b22ea8fa58d4af8596c6a99.jpg,0,0,0,1,0
213_jpg.rf.16a4b26971b7740c7c49d75aced12e25.jpg,0,0,1,0,0
img-20200305-wa00143333_jpg.rf.52b5cf46f12c61a3f17b1a2323620d44.jpg,0,0,0,0,1
bd46e3ef81f40cf3_jpg.rf.9fec30baa9a3584c1f9057a966abd7ed.jpg,0,1,0,0,0
03ab132d14415426_jpg.rf.2bc6b5c61b99ec5ee45985c28923f3ee.jpg,0,0,0,0,0
65e29a38268145a8_jpg.rf.b42458d16fd8a88c3841e63653ece3be.jpg,0,0,0,1,0
-ECDAC625-A642-4F2C-8A95-1B919C612877-png_jpg.rf.10f3416c769a423df4a942e0c1fb5cf0.jpg,0,0,0,1,0
-ADDF5980-54BB-40B3-AE1C-DC7B5E303458-png_jpg.rf.24fee88668d621b24e99b8ed613a5190.jpg,0,0,0,1,0
-BA173764-E7BD-413C-96AC-203C060B30CF-png_jpg.rf.dcae29899b684d0751cb0097df3103ab.jpg,0,0,0,1,0
-D3ED54BD-094A-471D-A8A9-C1A7B3262064-png_jpg.rf.2be1012b5a1ac07b869a38b964ab154b.jpg,0,0,0,1,0
MITSUBISHI-FUSO-SUPER-GREAT-V-BETA-V_jpg.rf.fd00eea00de92c835feef9f175fc649d.jpg,0,0,0,0,1
c72b24e8567cdcea_jpg.rf.4fd23a7c6330e1c963663103027ef26b.jpg,0,0,0,0,0
-31A39D7C-DC0F-4C2E-9CC8-74C1BCC9C660-png_jpg.rf.b75a4f8c1a569ee7ae412b804e970de4.jpg,0,0,0,1,0
-E9B93242-136F-49A0-8906-3B6573D9BC59-png_jpg.rf.e9dbec6e5e2e29b0277d8c9caa34fb9f.jpg,0,0,0,0,0
0bed11ef073a4ec2_jpg.rf.0399d0e1feef0d9d1b0c2371da3d7d53.jpg,0,0,0,1,1
169164679-240x180_jpeg_jpg.rf.2b7dea12fb3820aadf6e79b4b210d54f.jpg,0,0,0,0,1
-D6C38741-2164-4DC8-9271-C27E407A47BD-png_jpg.rf.c84d079a7e2227f95451dbf772c9b212.jpg,0,0,0,0,0
bbacf1518d9f17f2_jpg.rf.f3345799348892b85416b8123a0f7ee2.jpg,0,1,0,0,0
-DE7261E4-D7F8-41FB-BE0C-8C4DF0B0EF9B-png_jpg.rf.c3af5200adf729dbe99d055b77de661f.jpg,0,0,0,1,0
c7e0c818a2ae192b_jpg.rf.f031294d70f7fdd8942d5e81684a6832.jpg,0,1,0,0,0
-88227847-E8ED-4195-839B-8983A4B093BF-png_jpg.rf.1fb5ac5b8eabdd1e4a0ad38305bf3103.jpg,0,0,0,1,1
151_jpg.rf.0b66b0bafa2885cb55b1d4086c385b30.jpg,0,0,1,0,0
m176_jpg.rf.e3ebd9b990dc8abdc6f535b618e78217.jpg,0,0,0,0,1
117_jpg.rf.0a9b15476acb148629310650b1af5787.jpg,0,0,1,0,0
b9e6f5384003dfe3_jpg.rf.21caa093f485119dd8bd1bc2ea60c553.jpg,0,1,0,0,0
-EE559B46-E301-4D74-AA70-4B69BEA93ADF-png_jpg.rf.3d3691b809c0c63378869abda00a02a2.jpg,0,0,0,1,0
Image_013544_jpg.rf.6b5a910e782251ef01a91f9b7a2a35d7.jpg,0,0,0,0,1
-A8CEB249-7307-4E78-ACC4-EF1CACB514C7-png_jpg.rf.4450c53373454722d319614cd3b2e236.jpg,0,0,0,0,0
bus-285_jpg.rf.38fda0a79abbc1417ec3be49835fde12.jpg,0,1,0,0,0
modifikasi-2Btruk-2Bdan-2Bvariasi_jpg.rf.62ce14390deb57e91bc375de000f79a6.jpg,0,0,0,0,1
180_jpg.rf.e9e003131a94dab8c05d18273a95bdae.jpg,0,0,1,0,0
-F790D7CB-9608-4247-9DD5-F13FCB2CBA2B-png_jpg.rf.8535cd9597be2b170bf8dd69fee6064a.jpg,0,0,0,1,0
177_jpg.rf.c4d9be95e0bfd34e3f1341965ccc19bf.jpg,0,0,1,0,0
790_jpg.rf.eb74622314f549f5d5a835173375b493.jpg,0,0,1,0,0
-88227847-E8ED-4195-839B-8983A4B093BF-png_jpg.rf.1106ad6dcbf243ccb635f9039e9cff83.jpg,0,0,0,1,1
-EE9EF0CD-5BB3-46A8-BFBE-08FFA7CFF083-png_jpg.rf.1be117fe4822b3e630568b956ba96b77.jpg,0,0,0,1,0
Image_013565_jpg.rf.448dfa5ab45a7de2e8a781685cc987ce.jpg,0,0,0,0,1
Image_000123_jpg.rf.2317fd32cc069fef5c3d5bce2a728f58.jpg,0,0,0,0,1
c11ab621e4c456df_jpg.rf.42832ba47d57ae35510589a0a23806d9.jpg,0,1,0,0,0
614_jpg.rf.7a0f585ec33326e88aed6ff144348812.jpg,0,0,1,0,0
Image_000128_jpg.rf.84e0cc4006e01cbd27bd8bbfdf2ce3d7.jpg,0,0,0,0,1
-E6BC2AE8-2582-4FDC-A74E-87AE67E0678B-png_jpg.rf.a222d1eb208d9e022a4756ceb761f4a8.jpg,0,0,0,0,0
-B006C8A8-E443-4D86-B9F8-6B197E8B92C6-png_jpg.rf.3a413ab4fab63c7e4ba1506960065055.jpg,0,0,0,1,0
143_jpg.rf.947d2ec5dd8cbe75e76e543b18a05adc.jpg,0,0,1,0,0
-B900C4EA-26D3-438D-B91A-2F7E03FCF2D5-png_jpg.rf.260c314d1e07d055cad352435accf86e.jpg,0,0,0,0,0
c11ab621e4c456df_jpg.rf.638f8354e90efdc8dd6478390647d8ca.jpg,0,1,0,0,0
Image_013603_jpg.rf.d8b3625765037836f2983e0d4560565f.jpg,0,0,0,0,1
c7a4af67badec548_jpg.rf.cc43f7b2a0eb7390e8a857c66fb9f80d.jpg,0,1,0,0,0
sold-20-09-10-0730193a_jpg.rf.6a31ff4e49dc2ae906ef11b687eb2e84.jpg,0,0,0,0,1
-375965D7-1A26-4644-AF71-19B3585749B4-png_jpg.rf.fbf93ef4619b30a4ba20c66f8dd74369.jpg,0,0,0,1,0
bus-269_jpg.rf.08d1516c5861de38b9fced7ed4859c02.jpg,0,1,0,0,0
164_jpg.rf.a494f66292b85f8c5c3cf6b6048ce2c1.jpg,0,0,1,0,0
Image_000162_jpg.rf.a8e8e98bede17a6d1c87b32ffd8640a0.jpg,0,0,0,0,1
-0471C451-8CA5-4CEA-8EFD-3B0F147BF4B7-png_jpg.rf.44c42ee77d6185620b2ca073d57f9881.jpg,0,0,0,0,0
720_jpg.rf.876e3ecbe1324c553cda75a6c83201e4.jpg,0,0,1,0,0
166_jpg.rf.2ca9219f1a0c2014a95bcaec394caa3e.jpg,0,0,1,1,0
Modifikasi-2BTruk-2BIndonesia-2B10_jpg.rf.ea9d48cbca8a1ac910068a2e136c1d55.jpg,0,0,0,0,1
MITSUBISHI-FUSO-SUPER-GREAT-V-BETA-V_jpg.rf.9adfba16134b47de3044d4c80e2d8fa6.jpg,0,0,0,0,1
-B41BBCCE-A512-4CBA-94C0-D236EC1DEBA1-png_jpg.rf.148427eb8c59e7152bba16227744e279.jpg,0,0,0,0,0
-608B1B77-EBBE-4E69-AB2F-13A3A5ED4C39-png_jpg.rf.213cc5898956fff1d8bae046eaa3e060.jpg,0,0,0,0,0
b856e2f0ec2e5fcc_jpg.rf.e63f1b1d6065cf9baf8b0d401d2c982a.jpg,0,1,0,0,0
77_jpg.rf.ac426f6089c08b166c2c84779a7ef501.jpg,0,0,1,0,0
83_jpg.rf.94c218ace88cf561aa9afd07c3bdd339.jpg,0,0,1,0,0
-A5A6199B-EE3F-4721-9A5F-86EB5A1547F2-png_jpg.rf.e678371eda09405ba4dee17aa8c26ef8.jpg,0,0,0,1,0
95_jpg.rf.a7ee4be4e6a9f4897318a0ae05967659.jpg,0,0,1,0,0
-251A7DC4-47FA-45BF-8F18-8C933578D147-png_jpg.rf.4ddf00749f14f7c073abc29611f537e5.jpg,0,0,0,1,0
unnamed-11-_jpg.rf.2364a8b0ffd9151b2f5fc579751dd2e7.jpg,0,0,0,0,1
73_jpg.rf.8a320adfce08c3bb2c961e900244631f.jpg,0,0,1,0,0
-AFDBA762-453D-4003-BBDF-A57AD7B04932-png_jpg.rf.6eb720c0bf2763f09fb2ade5f37c4bdf.jpg,0,0,0,1,0
fuso-34tb_jpg.rf.83c9e7a98ec35e2fdf0c83886808fd17.jpg,0,0,0,0,1
3306489836719c96_jpg.rf.6c24462d50993233cd0d6a63faca7a5d.jpg,0,1,0,1,0
Image_013588_jpg.rf.ecef83405aaf15bab2e870be9b348b5b.jpg,0,0,0,0,1
-BC165CAD-1004-4A38-B8A5-0E25AC65AAC9-png_jpg.rf.775de64ddb3cd89a005482b28b3e0ed0.jpg,0,0,0,1,0
-B6D061C7-37D5-4849-8F5F-2F1BEBFAE4D2-png_jpg.rf.74551e2c90fa9727808e0a9bf68099e4.jpg,0,0,0,0,0
163_jpg.rf.b5822d4c577ebac8608e0cf2f7fe47f3.jpg,0,0,1,0,0
736_jpg.rf.3e01642e3938ed8e8fcba72aa308e61d.jpg,0,0,1,0,0
-F851C0BB-07B3-498C-BEA7-09DE743C2B02-png_jpg.rf.454cc74b6a53cb23fcc608c59e23205e.jpg,0,0,0,1,0
-E0FF4F1D-4071-4FCD-A1BC-5AE95DE30292-png_jpg.rf.62f5de7bdc573df7ffe723a73f359619.jpg,0,0,0,0,0
-3947B75C-299F-46E6-84AF-947CB4AE712E-png_jpg.rf.6715048051aace39edffe66a08a991f0.jpg,0,0,0,0,0
Image_000149_jpg.rf.628498684e8f2e14903eea48b2b3f91d.jpg,0,0,0,0,1
-B5E2431C-7F4B-4751-8AC1-D267314A9AA2-png_jpg.rf.05772ad5fd0a476cdd7414a1a06f6f1a.jpg,0,0,0,0,0
-A516B7AF-BC18-46D8-92D4-9D1328F72025-png_jpg.rf.22320c02a1d3af806fafcb4832bec652.jpg,0,0,0,1,0
-8F267914-7330-4F78-8369-CCEBA1B12FF3-png_jpg.rf.3430d0cd26d052f6320a648281520787.jpg,0,0,0,1,0
m189_jpg.rf.ecac1b29e6f9d1b2d99650ea27bf7d91.jpg,0,0,0,0,1
used-2003-mitsubishi-fuso-fe-hd-box-_jpg.rf.86625b07db0aba00f79a497b4a051f49.jpg,0,0,0,0,1
sold-20-09-10-0730193a_jpg.rf.bcce104746393bbd6ac731a492a107f0.jpg,0,0,0,0,1
-E6BC2AE8-2582-4FDC-A74E-87AE67E0678B-png_jpg.rf.508001fcdd2274a95bb1cf96327ee349.jpg,0,0,0,0,0
-8780E321-98BD-408B-A8A9-E17B838682AC-png_jpg.rf.4f7e4f1ff249047637615cccb34412dd.jpg,0,0,0,1,0
-CF924BAD-E770-48B0-BE7C-791609AB2656-png_jpg.rf.63edb665264478392a25e9d0853218e3.jpg,0,0,0,1,0
175_jpg.rf.11c78cc297ad6f0ebdbac999679a8b77.jpg,0,0,1,0,0
163_jpg.rf.d3e05f254c3be6d752df6a15b843279c.jpg,0,0,1,0,0
-C4FB6EE5-2134-4252-A3E7-FCE53E7F5D62-png_jpg.rf.59eb401de7f2e82826d52797bc99527b.jpg,0,0,0,1,0
-A428FE7B-009C-4CA2-826A-7D052B12D17E-png_jpg.rf.67c6f2f5d26e6901cf68c2a09666f0c5.jpg,0,0,0,1,0
mitsubishi_fuso_2535998_orig_jpg.rf.ac2caa91b9b314b79af4a25e875a69fe.jpg,0,0,0,0,1
162_jpg.rf.b85bcb52add56248ef19238c60d2c90d.jpg,0,0,1,0,0
bus-50_jpg.rf.94b44a3bca7d842aef5eb3b71ba12f95.jpg,0,1,0,0,0
bacab82928428142_jpg.rf.d64b2da0d25b5f1747996d41fd5a622c.jpg,0,1,0,0,0
175_jpg.rf.c2d7888c4a3f0fc8078a11911605eb39.jpg,0,0,1,0,0
-ADDF5980-54BB-40B3-AE1C-DC7B5E303458-png_jpg.rf.76eed8f9dc3f3cc11235019670f8c82d.jpg,0,0,0,1,0
-FC8189D7-B6B1-4EF4-B540-5BDD2867805E-png_jpg.rf.ce1daa2f22f926f847bb551c9d3c9983.jpg,0,0,0,1,0
-B006C8A8-E443-4D86-B9F8-6B197E8B92C6-png_jpg.rf.ca9769e42eea0678eeeb10dc3c30ab2f.jpg,0,0,0,1,0
-E7BC1256-2122-4014-855D-540850BED99C-png_jpg.rf.9430dcb310f2eeab1c1b65493f17db0e.jpg,0,0,0,0,0
-E957EAC4-E32A-4131-8291-DC4F62F29724-png_jpg.rf.06d7b9d2f24c56e8b9ebb9d4db4fd2e6.jpg,0,0,0,1,0
3ded02412ac12d4b_jpg.rf.fb33f8a192f0e43c4af9200084045884.jpg,0,1,0,1,0
181_jpg.rf.714e226b77c69769f00a76aed50f197d.jpg,0,0,1,0,0
bb8784d66b93ba92_jpg.rf.70595918dd989e7fa35598deedce0c60.jpg,0,1,0,1,0
-EB7E8F5D-F81A-4009-B16E-02A92C5017BB-png_jpg.rf.42cd0207c29b51e533e0a5a569b452f7.jpg,0,0,0,0,0
202104171466835_jpg.rf.4db21b780b782a9242c5e902730b3289.jpg,0,0,0,0,1
-f6070acc85_jpg.rf.cb92438c6db7b64687400a91450c5d13.jpg,0,0,0,0,1
0133391d627e6df4_jpg.rf.1a91c2ae81aeaa93bce7dceba08cb649.jpg,0,0,0,0,1
WhatsApp-Image-2022-12-05-at-18-26-29_jpeg_jpg.rf.efa7acef705b01d0a777faf7e6577187.jpg,0,0,0,1,0
c73276e412857679_jpg.rf.89910fbab67e621c1beb3ab25e524d43.jpg,0,0,0,0,0
25d550cb70b99743_jpg.rf.fd2622a482c7cf8c232a442482de54a3.jpg,0,0,0,0,1
181_jpg.rf.13cac4a7eab5f538eb4dd4081a7ff198.jpg,0,0,1,0,0
-5CEE3337-3AF2-49E4-AE4E-42B9E2E44512-png_jpg.rf.e2845b614afac81897693c8b9be0925c.jpg,0,0,0,1,0
484_jpg.rf.4b664ce89198bda18a57ee15cafc52f3.jpg,0,0,1,0,0
-A32165C5-76E6-4434-8D9F-E752D71D3457-png_jpg.rf.f0cdcbb010382d8130cc65c1eb54181e.jpg,0,0,0,1,0
-4DFF09F8-2283-495F-9C84-6A25870884F8-png_jpg.rf.abefc6d7f9e20bf55d29568326873df7.jpg,0,0,0,1,0
-1EE5CA55-C89F-4985-8D4E-A56DBD1A1E96-png_jpg.rf.0a9c8ad79472008fa4ca16f9d3bccd14.jpg,1,0,0,0,0
bacab82928428142_jpg.rf.df2dbc1f7754fa05c3002d5ce689272a.jpg,0,1,0,0,0
174_jpg.rf.e7a9e4c6bbbe75382a3d4c463f7fde0d.jpg,0,0,1,0,0
-A6117ECA-41CF-4E26-BF2E-94332EBBF8EC-png_jpg.rf.55e82faa81303db6d8d699529aadd6c3.jpg,0,0,0,0,0
-F4BE2D4E-B942-48C9-828F-B4FD564E1465-png_jpg.rf.ea80f3487c16e692a1189a18ef2941a2.jpg,0,0,0,0,0
19_jpg.rf.2d89c52f5e2e9946dfc5fef06fa44b87.jpg,0,0,1,0,0
b9f55294f0c23014_jpg.rf.b967186c6b4948f12e03fb71beb29316.jpg,0,1,0,0,0
bus-177_jpg.rf.6427e44d7d2839ece28fdfb1ed76a356.jpg,0,1,0,0,0
172_jpg.rf.403902c2b7b46a1ae514dff6d8320325.jpg,0,0,1,0,0
c246b69c5d360f32_jpg.rf.2f67839fcd7f10bb512bab674987f77e.jpg,0,1,0,0,0
-E65ADAD7-7559-4704-8100-0091A6B9C3C6-png_jpg.rf.ec372ce71d7c39dd9b366662b309ca18.jpg,0,0,0,1,0
-DCC10965-2F71-42B2-8751-833FAFC81B07-png_jpg.rf.b34f70a8121890f3ff79646d20c6ed1e.jpg,0,0,0,1,0
-C29F9614-FB66-4954-B867-6C6200C511C5-png_jpg.rf.121f78bc3aed4eec64ea13f087c37eb3.jpg,0,0,0,0,0
-CF18C7DF-3DC1-4F14-A3B1-8521CEE36C3E-png_jpg.rf.bdc1715bc8dae07260b78743ccb9243a.jpg,0,0,0,1,0
-DA3965EC-4742-4B3C-89EC-DE47EE19072C-png_jpg.rf.229ff0fb9192ccbe1a9af8978e888958.jpg,0,0,0,1,0
-A8CEB249-7307-4E78-ACC4-EF1CACB514C7-png_jpg.rf.821718ec19801e9bbd025c8e0381b171.jpg,0,0,0,0,0
-A6117ECA-41CF-4E26-BF2E-94332EBBF8EC-png_jpg.rf.26256a26096244c6552a8c36d8b7682b.jpg,0,0,0,0,0
736_jpg.rf.5e259bec2b7173d6ec0d1b1d1ae832dd.jpg,0,0,1,0,0
84_jpg.rf.6287ade7d1634a72b2411df23607bc56.jpg,0,0,1,0,0
138_jpg.rf.e13f14e8d77ae58a970325f41b1e9e4c.jpg,0,0,1,0,0
Image_013529_jpg.rf.91d60b3a96cf8737d55e6ec498b45ed9.jpg,0,0,0,0,1
286_jpg.rf.63d58117894d9719840fd8cfc31e1615.jpg,0,0,1,0,0
-F13F3AD5-0C1F-47F2-862C-EF99705A9DCF-png_jpg.rf.c282f731820cc61c1c9d7974c7e532b1.jpg,0,0,0,1,0
c7e0c818a2ae192b_jpg.rf.1e04ab125fe540a3b37c653d7460c3a9.jpg,0,1,0,0,0
191_jpg.rf.f5d36c74a7057afd9d327369ec6ef68d.jpg,0,0,1,0,0
516_jpg.rf.adcf3eae51d3e590088f8d18b33407a7.jpg,0,0,1,0,0
maxresdefault-22-_jpg.rf.65ea4bf86bc23de11faf7ff254f8ca24.jpg,0,0,0,1,1
151_jpg.rf.9f8b5593f6a424d36c2b94d33b381e27.jpg,0,0,1,0,0
202104201579079_jpg.rf.2e7e877a3c1a1c5f1e7152b73a475525.jpg,0,0,0,0,1
-C96EB60C-375E-476D-8D20-3643A20C26B5-png_jpg.rf.8acdb65c8619e27750b143aba8dc6f20.jpg,0,0,0,1,0
202104191534216_jpg.rf.96a99a11d61da22990792e57d439856f.jpg,0,0,0,0,1
65806ca2a54a57bc_jpg.rf.2d08006e4b892e9d28e379c1ce52321d.jpg,0,1,0,0,0
202104211621730_jpg.rf.3ad6bee0446a925d5644b645e0e71089.jpg,0,0,0,0,1
02e523f39066742d_jpg.rf.2482d33bcd79e0e687f80b32cc1d6eb5.jpg,0,1,0,0,0
428_jpg.rf.c8b030afb7db5cc99cd15e514130ada3.jpg,0,0,1,0,0
435_jpg.rf.ee664df7d8239e6eac1eca0188ad1d9b.jpg,0,0,1,0,0
-8BCDBC76-A3A4-4C0A-A595-5993A129EFA0-png_jpg.rf.9c3d4f73029ffd27758960d85c8b77f8.jpg,0,0,0,1,0
-FE599FE5-93E0-4464-BF5A-94885FB3B47E-png_jpg.rf.0698b9c5de46b7f7301dec7db8f863f4.jpg,0,0,0,1,0
bbacf1518d9f17f2_jpg.rf.bcd2841d130eb2783b4b1915a678677a.jpg,0,1,0,0,0
463_jpg.rf.9897bf13ccf24453e901c21313cef5ea.jpg,0,0,1,0,0
2afc3da647bbc4e9_jpg.rf.507c1dd238c0be4dfb304c4c28e3981a.jpg,0,0,0,0,1
-B7791A7C-8010-42CA-B0A6-CFC6FB56E7EE-png_jpg.rf.4b938ee8384e763a1224596377f3c974.jpg,0,0,0,1,0
22_jpg.rf.5d3c2794507456cef58bd9c2ac7361d5.jpg,0,0,1,0,0
300892940a0358e7_jpg.rf.48463b7e7e6f999bd7d761bec3b85944.jpg,0,1,0,0,0
3e74b2e5afb80016_jpg.rf.8d334f74801647439af60debba30a79e.jpg,0,1,0,0,0
Image_013193_jpg.rf.f04d84af61c95f8f4114d12ad13023f6.jpg,0,0,0,0,1
Bike-1093-_jpeg_jpg.rf.9503ecd2570635e5e88e047a67ac168f.jpg,0,0,1,0,0
bus-64_jpg.rf.481edb741fc3ff9814bd71776ae4fc4b.jpg,0,1,0,0,0
3dc7e8b7c282b5f5_jpg.rf.702827b87e3628d57302ff3dbb99e42c.jpg,0,0,0,0,0
-5CEE3337-3AF2-49E4-AE4E-42B9E2E44512-png_jpg.rf.34b9643f38368503c956e99532ca52bc.jpg,0,0,0,1,0
-5E492592-1503-4FFB-A59A-7C84C8FB58C8-png_jpg.rf.4e0be9f53c0a532f47b4fd1ec6bca16b.jpg,0,0,0,1,0
m176_jpg.rf.faf2365b0dd5ae122b52475ee6552f4a.jpg,0,0,0,0,1
-EA70E933-49FB-45B9-9F15-4CD3864BD664-png_jpg.rf.aebd88dd14b82c53759a3c5b556b5b81.jpg,0,0,0,0,0
bak-truk-2B-25283-2529_jpg.rf.500d33e900942f71dc11c4b7befacd96.jpg,0,0,0,0,1
9b57ee9468a373aa_jpg.rf.1ba00548d268679861edf931c34bd3fd.jpg,0,1,0,1,0
-50C76EC2-B514-4A65-ABA6-5BAF8A6015B7-png_jpg.rf.a36da49c7ce2082af47a5fdca2003749.jpg,0,0,0,0,1
-6B809CAB-0782-409D-9497-D0C9237884D3-png_jpg.rf.20db35e31c880338c3556a45fc2dc6ca.jpg,0,0,0,1,0
2b57d29e03ed81fb_jpg.rf.032cbdce50c8ae0e2e56ace1ab7e1329.jpg,0,0,0,0,1
bak-2Btruk-2Bwarna-2Bkuning-2Bmerah-4_jpg.rf.0995d230e9ad65b20d1df353e4a386bc.jpg,0,0,0,0,1
34367_46211_238190_jpg.rf.fef49c4afc274f18b55761958585b09e.jpg,0,0,0,0,1
28_jpg.rf.f4ec06d85e97f0f0cf8b01d31385822a.jpg,0,0,1,0,0
-63991B4F-9F98-4B3C-9CF4-B7985DB357D1-png_jpg.rf.07ec8b765ee311dae3ae93d29d1dae5e.jpg,0,0,0,1,0
Bike-1009-_jpeg_jpg.rf.365ff59f3d9e0bb0613ad7cd172d21e1.jpg,0,0,1,0,0
3ded62c943789fc6_jpg.rf.01fba998a4db0039c8934cd52d3e85ba.jpg,0,1,0,0,0
-D6C38741-2164-4DC8-9271-C27E407A47BD-png_jpg.rf.b9ac3b4ddf4254055f1a0a3d88359d72.jpg,0,0,0,0,0
475_jpg.rf.4c88a0f8cd46c979839e85138595f68b.jpg,0,0,1,0,0
4ffeabb369261a61_jpg.rf.0c0ecff70c3ef499e87123e2bf5e29b7.jpg,0,1,0,0,0
-687977FC-98B3-4217-83A6-8DC558A0AA6D-png_jpg.rf.c4dec594359f6f683cffa6527307905e.jpg,0,0,0,1,0
25fa18f27288d3be_jpg.rf.de1ba0c9056207df6a1d4c9e21ddacbf.jpg,0,0,0,0,1
-3B54DE29-3BCA-4191-A23E-003270236E01-png_jpg.rf.2b6a31835d9bccdd9d6d889d81dd8829.jpg,0,0,0,1,0
-8A21E83B-626D-4945-8398-04050BFA2010-png_jpg.rf.5af4ae6b812cd6451004c671ec6ec97a.jpg,0,0,0,1,0
ac1d5a91213b8945_jpg.rf.bd7afd497ca03cb8377782b514718e1b.jpg,0,0,0,0,0
408_jpg.rf.87e37898fd0d3f1752e872fee89470cf.jpg,0,0,1,0,0
231_jpg.rf.7bee6d1803e6baa48df5869f07d2652c.jpg,0,0,1,0,0
-410FB936-1128-4721-89DE-79E2F58D3B24-png_jpg.rf.c46756e8bfcaa389c583097ebde9fd30.jpg,0,0,0,0,0
-5CEE3337-3AF2-49E4-AE4E-42B9E2E44512-png_jpg.rf.e72977d28f3d06d3b043465178bbeb8d.jpg,0,0,0,1,0
Mitsubishi-Fuso-Truck-of-America-600_jpg.rf.1c929353f19cdbf7f4bab5c6de7d062c.jpg,0,0,0,0,1
-D58AE18F-D469-4490-B868-3C9475D156BD-png_jpg.rf.81e18799aa044c5b7c7066f4dbb2101c.jpg,0,0,0,0,0
Image_013341_jpg.rf.765cd9543137bdbbddc62b1ccb291a69.jpg,0,0,0,1,1
217_jpg.rf.b1c14609d2ce019c332f0dda81b17812.jpg,0,0,1,0,0
53157ca05b6ef3b5_jpg.rf.bedb7a8220e51ad9abe83875ac587ee8.jpg,0,1,0,0,0
364_jpg.rf.be387b61b17fefa54cd7ccae2ec317c6.jpg,0,0,1,0,0
50_jpg.rf.6ebeb731e9eda82f5db93c40a7301184.jpg,0,0,1,0,0
739_jpg.rf.f4037d9abb92655ed78ffa601813d1e8.jpg,0,0,1,0,0
703_jpg.rf.e692a69a6647aab635cc53def4969747.jpg,0,0,1,0,0
-D84C356C-DE9C-41A7-82D7-95F3D27663B3-png_jpg.rf.0e2d7f09cebbf11859be280555640049.jpg,0,0,0,0,0
WhatsApp-Image-2022-12-05-at-18-29-12_jpeg_jpg.rf.42b270d208852f38ac6c0f35384ca259.jpg,0,0,0,1,0
75_jpg.rf.f61e14909865d72b789f7d04f5b10155.jpg,0,0,1,0,0
Bike-111-_jpeg_jpg.rf.d5c4202c4e356f8758f92fa4971be638.jpg,0,0,1,0,0
GH011387-MP4-t-90-266667_jpg.rf.fb800a4602193f597e3708a225b0497d.jpg,0,0,0,1,0
465_jpg.rf.57fcf7841f3ebac21e44de546862b4ca.jpg,0,0,1,0,0
408_jpg.rf.f4527886623b32527d2e47b9d437d1ef.jpg,0,0,1,0,0
-C2DEBBE3-7D35-4B32-8AC1-D9271147FDB7-png_jpg.rf.2ea541c2fc148b63a5bab97f9f67e0f5.jpg,0,0,0,0,0
bus-178_jpg.rf.664fbd10167f63b46f367851df974444.jpg,0,1,0,0,0
ets2-mitsubishi-fuso-supergreat-truc_jpg.rf.799222ec57ebed6859fb7036c0aa3f4b.jpg,0,0,0,0,1
777_jpg.rf.5c1df5b024eecda7f686d8f4f42954ca.jpg,0,0,1,0,0
3e6ff6bb5d1b744c_jpg.rf.4a9bdd6640e53d924fc1590dc40f4c75.jpg,0,1,0,0,0
image-54-_jpeg_jpg.rf.12aa5d6b40d55c1fbf64c421dad76f03.jpg,0,0,0,0,1
159_jpg.rf.67527c6ca2dc2934f62a42104b436323.jpg,0,0,1,0,0
2828a5c05eaf5526_jpg.rf.3407694d55081b453d5eac84f6650d56.jpg,0,0,0,0,1
2e571628df2c7651_jpg.rf.8531a79b3d1537c343553db4554634bf.jpg,0,0,0,0,0
-5399AA20-C3A4-4841-9CA4-0D18DFCA3806-png_jpg.rf.8166935a61b8b3263fef00677b28130e.jpg,0,0,0,0,0
b1504e1cad941c22_jpg.rf.a87efed9abbc546ce93d45b3f2c9f996.jpg,0,1,0,0,0
1e668423ae32ce6f_jpg.rf.3cd1b287a4c700072162ce76444f22cc.jpg,0,0,0,1,0
b172c5ea03e5b6eb_jpg.rf.3f33569c74b7b357c94f608369f75b2b.jpg,0,1,0,0,0
Bike-1201-_jpeg_jpg.rf.be654bf8e7884f6ff77dfe1cbc2f6e0a.jpg,0,0,1,0,0
112dcbe1a88dff8a_jpg.rf.f9ec0d6daccc37982f50675dbe7f2e0a.jpg,0,0,0,0,1
089cc41a901b2653_jpg.rf.932adfc8a2a649088dfd054c07e6cd3e.jpg,0,0,0,1,0
2828a5c05eaf5526_jpg.rf.ef6d52e70f77401e20187ae5b42f9d18.jpg,0,0,0,0,1
Bike-1148-_jpeg_jpg.rf.62df048f92164544d57b49aac863a0aa.jpg,0,0,1,0,0
Image_013415_jpg.rf.917544cf41a8d7f32961b4ee9293020d.jpg,0,0,0,0,1
405_jpg.rf.cd30b71581cce9d9e8a5b7288ca42fa0.jpg,0,0,1,0,0
-EB077461-353D-44D7-9FD8-ABDD9D3134DF-png_jpg.rf.c8f6036704d4361901978e600ce7857d.jpg,0,0,0,0,0
-6254A622-2157-4AD7-BB2C-4A3F4E465B5A-png_jpg.rf.7297d0f86c489ad529454bdc69435a66.jpg,0,0,0,1,0
Bike-114-_jpeg_jpg.rf.97d24f1e60e316b60ad4d0d6fad9b108.jpg,0,0,1,0,0
4d595cc19841f866_jpg.rf.09b500a09567b8a7a46586fd74a9a69b.jpg,0,1,0,0,0
Image_013375_jpg.rf.d1073cf883ba9e1aeefd945d6cb36b21.jpg,0,0,0,0,1
207_jpg.rf.fe6ced882c1db174e9e6afd1b95aefb8.jpg,0,0,1,0,0
-BE412F80-6FDD-4522-8C6B-D26DA55927F5-png_jpg.rf.23e79a4380226db997e081f87e03fcf3.jpg,0,0,0,0,0
471_jpg.rf.f21974a82660a38abb3b9ca7f10306da.jpg,0,0,1,0,0
Image_013413_jpg.rf.688d81bbdaf2da52a931f7a63203b9a6.jpg,0,0,0,0,1
-DE7261E4-D7F8-41FB-BE0C-8C4DF0B0EF9B-png_jpg.rf.c6fc330f6e098b18245c3c7c9e0fd7b0.jpg,0,0,0,1,0
Image_013403_jpg.rf.ed8ca824f6070b013eea8f25b0316e27.jpg,0,0,0,0,1
223_jpg.rf.bd13754cb8db1d27c44b99baeaafaed4.jpg,0,0,1,0,0
3ab9d3652e0d499c_jpg.rf.38a972b2abedea369b71878bab37102b.jpg,0,0,0,0,0
Image_013345_jpg.rf.bf30a5fdffc97fb634cca00190399a62.jpg,0,0,0,0,1
112dcbe1a88dff8a_jpg.rf.5ddfad39cbfe318ba37754cf76048f2e.jpg,0,0,0,0,1
54044ead7b8e47ce_jpg.rf.355014b54f1a5599c64c9077050361d6.jpg,0,1,0,0,0
-56F905BE-38EB-4BBE-B228-1A61B0FB1B4B-png_jpg.rf.e929c3a67c21099ab957b47612fb74b4.jpg,0,0,0,1,1
bus-198_jpg.rf.c997b7372c376265a7b38cf5eaab81b6.jpg,0,1,0,0,0
b883a730af5f9db4_jpg.rf.40cfef62cb8c7d6ca45c63fc87ede9a1.jpg,0,0,0,0,0
386_jpg.rf.cef932dcdd8939439a131fa558f531c0.jpg,0,0,1,0,0
222d4711703ef065_jpg.rf.ce99cf26733d2daa2b8a80d908367708.jpg,0,0,1,1,0
65716d56db8f9865_jpg.rf.4f6e8dbcce8c57dfdaa9644d315d5f09.jpg,0,1,0,0,0
02e4ba3c19e0b891_jpg.rf.c06203951dd893ffbd61685da0824e92.jpg,0,1,0,0,0
Bike-103-_jpg.rf.17ede32927c4783c133ded313ad7d863.jpg,0,0,1,0,0
-7A5157C7-2559-41E2-8D05-376D1E96A58E-png_jpg.rf.99e8e3d945949e66c2ac48a375ed6dc8.jpg,0,0,0,1,0
Image_013391_jpg.rf.a83113d851a460d7260103775ab38017.jpg,0,0,0,0,1
-3ED11401-3001-41F4-8807-7BDA41D24CF3-png_jpg.rf.6102fadaa2922e583828d325c1a3c1ed.jpg,0,0,0,1,0
-8A21E83B-626D-4945-8398-04050BFA2010-png_jpg.rf.0ca24aa3dda5ad49dc240d5e237e3d12.jpg,0,0,0,1,0
d5982e8c9f63acc8_jpg.rf.99c761293e77fda22c2e4abeef1e497d.jpg,0,0,0,1,0
bf973a3e20d1d2bd_jpg.rf.b8aea66a794628d92075ba83fcb17648.jpg,0,1,0,0,0
-51FFF967-684D-4519-8EC0-A9C7CC6F2280-png_jpg.rf.c813e32c83d5fe2cbeff201d7f4dd2dc.jpg,0,0,0,1,0
-7FAF411D-CD18-4902-9409-0DA28E30E6D5-png_jpg.rf.ffd8553fffbe393e87de9a450ba62f22.jpg,0,0,0,1,0
-EB077461-353D-44D7-9FD8-ABDD9D3134DF-png_jpg.rf.0f3e2f2d2f46f79f8aa42d184e1dbe98.jpg,0,0,0,0,0
3e04eb2029c6ab2a_jpg.rf.2fe1a4011e0f094b27da63d9eb689cfd.jpg,0,1,0,1,0
129278bcb16b412a_jpg.rf.c0a55ec4338804a7290e43492592d338.jpg,0,0,0,0,1
-2B9B8378-CF94-4121-9F57-AA504E361DEC-png_jpg.rf.0c66b21ec3adc74dc4bbcec7eac12d87.jpg,0,0,0,1,0
179795f3d2775d7c_jpg.rf.477a8e2321b16bb30a746c6563a47d10.jpg,0,1,0,0,0
-82085ACB-2BE5-447D-89D7-913E7BEDC54D-png_jpg.rf.e42b2b67cd7c0850cba96598c7c36218.jpg,0,0,0,1,0
5beb1a3021e4afde_jpg.rf.1bef96c30d4de69fe028119617aea7e2.jpg,0,1,0,0,0
73eecdcf3e8b2d0a_jpg.rf.ed6ccca103211c53a3e188553bac3591.jpg,0,0,0,1,0
1702165-faw-1525412823_png_jpg.rf.c64ce6df632971d2ef1e5dfa7df24242.jpg,0,0,0,0,1
3e6ff6bb5d1b744c_jpg.rf.df9a98742ca1d066c635c1e0c731d492.jpg,0,1,0,0,0
-5762915D-A5A7-41B9-B425-48A920A394E7-png_jpg.rf.6466f484d90f3fe2cc27b42a179592e9.jpg,0,0,0,1,0
171_DSC9335_jpg.rf.b155e49c64943da699c5854be5ddb267.jpg,0,0,0,0,1
bus-118_jpg.rf.e9a5b6324b5e77153f57ea7b0a41431b.jpg,0,1,0,0,0
479_jpg.rf.fd567b42f2b04890fb160c217820309d.jpg,0,0,1,0,0
397_jpg.rf.318467d65c33fed85638749b6efa473c.jpg,0,0,1,0,0
419_jpg.rf.e462741aa7429e00010b8d4a00f13c74.jpg,0,0,1,0,0
61736_1_jpg.rf.04852304dc120bccc84e9fad3e47443c.jpg,0,0,0,0,1
545d37cef5dac94bc85179274dbfcbf8_jpg.rf.cd73e3b0267d0db4407e1eb932b6a7b3.jpg,0,0,0,1,1
-52D877A5-D9D5-4B8F-848F-E449684E4869-png_jpg.rf.75c5cc75d3454451aa09d716bc18f13e.jpg,0,0,0,1,0
-63991B4F-9F98-4B3C-9CF4-B7985DB357D1-png_jpg.rf.4cf91606e916fee2cd0c0d4f75a52558.jpg,0,0,0,1,0
134_jpg.rf.77f7cbf0b3e839f03ac42d502bced2d5.jpg,0,0,1,0,0
02fa299740ebc5ab_jpg.rf.abdc52bc10735110bc5a4bf31951bf16.jpg,0,1,0,0,0
bf1a53a00674166b_jpg.rf.8b120cf0eb7e8ae0e53778632d51be45.jpg,0,1,0,0,0
Image_013550_jpg.rf.851bfa70240b3533a7a7045aa8203b89.jpg,0,0,0,0,1
b883a730af5f9db4_jpg.rf.ef82952cb541b883364fdfef43876811.jpg,0,0,0,0,0
Image_013448_jpg.rf.d2f65a16f59a7cbae4d399cce887be46.jpg,0,0,0,0,1
392_jpg.rf.30a8dcd3a51c62a7531b3c2340a6e6f3.jpg,0,0,1,0,0
-57BA68ED-7240-45E2-80B1-0DDAF03D1881-png_jpg.rf.cabb273a45b39b690e3055f9644e4a0a.jpg,0,0,0,1,0
4e2eba8761d33040_jpg.rf.6fa9f19c86640e14d10999b46385cff0.jpg,0,1,0,1,0
333_jpg.rf.b07fec43a52e510f7cd52a81ebeb9d25.jpg,0,0,1,0,0
6deb06ad4f5642aa_jpg.rf.d3e427deb3e56bcc86c6c8ed8a338024.jpg,0,1,0,0,0
02e4ba3c19e0b891_jpg.rf.2811ad166cf9b8615aec40a462a2a879.jpg,0,1,0,0,0
4ffeabb369261a61_jpg.rf.629ebc4eb6e2cc567980ab0d54fffa21.jpg,0,1,0,0,0
bus-180_jpg.rf.0f5e042c61a0fed2c6519c0348df27d4.jpg,0,1,0,1,0
Image_013375_jpg.rf.39d738333091d7b842e86c1997a01645.jpg,0,0,0,0,1
-79CD8919-65C6-42BE-B5A1-81EF57DAED94-png_jpg.rf.4b5e7b50961e47a964c8428666986fe7.jpg,0,0,0,1,0
-E39DE576-0BDF-4674-9CCE-4780BD8A5744-png_jpg.rf.e6fc04724dde417754793ac7e1f267dc.jpg,0,0,0,0,0
-51FFF967-684D-4519-8EC0-A9C7CC6F2280-png_jpg.rf.0175649f7951469e213ad9ef109461f5.jpg,0,0,0,1,0
bus-174_jpg.rf.9568a6f8c30b5f7fd396523f577613fc.jpg,0,1,0,0,0
-6DAD352D-A46B-4983-AAC5-88BE86A2EA9D-png_jpg.rf.de13ab2dfb0fd4952ba0155b16a696a3.jpg,0,0,0,1,0
bus-280_jpg.rf.bde943d7218f8ac44a2b47447a7d38bf.jpg,0,1,0,0,0
60917981ca9ce63e_jpg.rf.d16774c7aee29be25259881c38b7742d.jpg,0,1,0,0,0
604_jpg.rf.db64ab0df81343c001684a00dd901a7d.jpg,0,0,1,0,0
61736_1_jpg.rf.c282c34f724c94508a3cf66a3f169d3c.jpg,0,0,0,0,1
199272159181db28_jpg.rf.e68cf515db8ddae5afebede9d16cdef6.jpg,0,0,0,0,1
Bike-245-_jpeg_jpg.rf.4fc8c7329d83ff404e62a04e8aeb6a2b.jpg,0,0,1,0,0
-2088E07B-6C63-4BE9-88C8-F7101EF0F6A5-png_jpg.rf.135ff4565f84eb86620c2717606caccf.jpg,0,0,0,1,0
419_jpg.rf.1bd1cc98ce6c935891914d473b33f8ca.jpg,0,0,1,0,0
90019eeccbdd6cab_jpg.rf.a68902e654bfcffb21e0547a84490777.jpg,0,1,0,0,0
60917981ca9ce63e_jpg.rf.ef1b8c1c1102dc89cef40f1ded8c085d.jpg,0,1,0,0,0
Bike-1120-_jpeg_jpg.rf.85910f985bed6907ce5de104348c9666.jpg,0,0,1,0,0
03a839c386d0bea3_jpg.rf.d59e7d3a7b924c5b7bec556353f28a27.jpg,0,1,0,0,0
66464d2f3349b226_jpg.rf.2b010b3c1c12746395349d8b71f2a1ab.jpg,0,1,0,0,0
-C96EB60C-375E-476D-8D20-3643A20C26B5-png_jpg.rf.8025736e0032af0f698a9a888858b02b.jpg,0,0,0,1,0
b8048a67ccb26b7c_jpg.rf.c9422225da5e61462cca90822daba795.jpg,0,1,0,0,0
bus-116_jpg.rf.a2fc338c515ab168e4080df7dc7aa796.jpg,0,1,0,0,0
1453219_253142391685050_1501147957419868457_n_jpg.rf.f8d762f234765af55811650448c682a0.jpg,0,0,0,0,1
-FDBCA379-DAA6-4F02-90DD-4E239035C8E9-png_jpg.rf.04230b18f63b97d27bb84a8e478e0218.jpg,0,0,0,0,0
0acf70024e74b6c6_jpg.rf.4de237e644c9f5218f8458369a3d9982.jpg,0,0,0,1,0
Bike-114-_jpeg_jpg.rf.b16c0ec41f19a5b777cfdd50c4f0cd2c.jpg,0,0,1,0,0
Bike-235-_jpeg_jpg.rf.223c2d4a2f4438be3dc39186b96fff32.jpg,0,0,1,0,0
-834D156C-1093-4AD9-A086-72E4C7B5D2D9-png_jpg.rf.480df2a81563aa302e7693a3e8e0aef3.jpg,0,0,0,1,0
-4DC13D04-A903-4B83-B0AB-F69731C0DDFB-png_jpg.rf.54d99cbab4f0d2085059bd59e689b950.jpg,0,0,0,1,0
bus-218_jpg.rf.2a260b312c5066e90e23b5aa680d3938.jpg,0,1,0,0,0
-C96EB60C-375E-476D-8D20-3643A20C26B5-png_jpg.rf.e532503ed8879b29d321951a836ddf2c.jpg,0,0,0,1,0
bd376a63e8191075_jpg.rf.c0ba07d470149b8f9fd3a57b2e09f667.jpg,0,1,0,0,0
-FC8189D7-B6B1-4EF4-B540-5BDD2867805E-png_jpg.rf.58331ed5cdb9a0a97120affa5686ef02.jpg,0,0,0,1,0
Image_013395_jpg.rf.f2d2f97aa8e72fbaea5084c4848d22ea.jpg,0,0,0,0,1
bus-258_jpg.rf.c2f3b5b0254d6ec6891b8bcc8527d1b7.jpg,0,1,0,0,0
1453219_253142391685050_1501147957419868457_n_jpg.rf.cc09443374eeef5dacd81773b285fdc5.jpg,0,0,0,0,1
1860X1050-fujin001_jpg.rf.cdab580b391677f97cd2c4c16ebd3ad8.jpg,0,0,0,0,1
-8A21E83B-626D-4945-8398-04050BFA2010-png_jpg.rf.24042ab34632ea8020af9605f5fe018d.jpg,0,0,0,1,0
9346e0f48f03eb27_jpg.rf.c9985ac4f0110456ce760ed49dbe1713.jpg,0,1,0,1,0
-B3FF9CBC-6C9F-4BDD-B814-790723E32E98-png_jpg.rf.6dacf437259699e6a35e393b1b5dc92d.jpg,0,0,0,1,0
-C04C7AD3-AEAC-4250-9856-9D1606800D44-png_jpg.rf.e7149e4ef2f6859b8a4e4f0725ac5548.jpg,0,0,0,1,0
-63991B4F-9F98-4B3C-9CF4-B7985DB357D1-png_jpg.rf.f2124200a7bc82c5776bbeccb5e0db85.jpg,0,0,0,1,0
mitsubishi-fuso-truck-64f23fb463_t_jpg.rf.241bb77cb0d772373abff3177f6f1d43.jpg,0,0,0,0,1
maxresdefault-4_jpg.rf.3dcc4fbebf5f02ff6a966cbc57714553.jpg,0,0,0,0,1
20c199ea745dd0de_jpg.rf.776ff4624d0f713f2e0a54b9e48899e1.jpg,0,0,0,1,0
c07c243f08fbc86f_jpg.rf.8c24a913151e719efa122445ff2e19b2.jpg,0,1,0,1,0
763_jpg.rf.3aa82c0f04cebed8195589f8db0b274f.jpg,0,0,1,0,0
5a5a11676c3b7e60_jpg.rf.965cb6d968629e0dab9aa6c15c57a0dd.jpg,0,1,0,0,0
BF278470_5a4447_jpg.rf.b431316747389174f9e6d8df4ca9d503.jpg,0,0,0,0,1
Image_013592_jpg.rf.e8d554ddb052106151937c8791744890.jpg,0,0,0,0,1
308_jpg.rf.1fda155fa4b3c15b5cfbb426de51d0ad.jpg,0,0,1,0,0
1_16081097455fd9ceb19a2c2_jpeg_jpg.rf.85982163b5b57baa75443d5a0a826959.jpg,0,0,0,0,1
1fc8576317033787_jpg.rf.5997e04e959d3da135cedd889f9b3a28.jpg,0,0,0,1,0
-232F1AAC-99B4-4968-8EF1-6B89C021BE11-png_jpg.rf.ac945a86f7e15281336dfa3f57aafedb.jpg,0,0,0,1,0
Image_013419_jpg.rf.abf782f351e4ab48a8c75ffcfcfc6ada.jpg,0,0,0,1,1
465_jpg.rf.e5da63162750d3df0beac8041ccabe73.jpg,0,0,1,0,0
-531F16FE-7468-484D-8B14-D5229D4851B8-png_jpg.rf.229e2ef4aaf7add44161f83dfa91f3b4.jpg,0,0,0,1,0
-531F16FE-7468-484D-8B14-D5229D4851B8-png_jpg.rf.49ec146cd80c7852e4dd962af4722b44.jpg,0,0,0,1,0
1_15635159215d315c1195f97_jpeg_jpg.rf.4f6679b253215be7a683f020c5e2e8ad.jpg,0,0,0,0,1
Image_013558_jpg.rf.11eb67c3e2df925bc2c7fee8f27ef8d0.jpg,0,0,0,0,1
3e04eb2029c6ab2a_jpg.rf.304a985787223dc3b824fc7bcd35db3e.jpg,0,1,0,1,0
Bike-123-_jpeg_jpg.rf.87defd96d0b7c144c24efdee7667ad3b.jpg,0,0,1,0,0
Bike-1188-_jpeg_jpg.rf.b39e239536adceab35928acacc6636ac.jpg,0,0,1,0,0
3ecaed19398430e6_jpg.rf.2d5cdf19c230f0848fd2dc63b080f90d.jpg,0,0,0,0,0
-444DBD47-6269-41AA-8450-942029C69375-png_jpg.rf.c2b9dd89e794804e76f8e899588f4c9a.jpg,0,0,0,1,0
2005-mitsubishi-fuso-fm260-18ft-dies_jpg.rf.1a33440ce05935d76578d4f3e5de225b.jpg,0,0,0,0,1
-219385A6-1305-4394-A47C-8D7503109ABF-png_jpg.rf.1e030f7e77618709bb29db95360e6a7f.jpg,0,0,0,1,0
bus-188_jpg.rf.09c30a49b9c01791e193ed4555c48d97.jpg,0,1,1,0,0
284a81abb7cc891f_jpg.rf.1bed60a070c48a915d19bcca5e76ede1.jpg,0,0,0,0,1
Bike-1214-_jpeg_jpg.rf.a953e3df8ceab7daab55829ac7e02b57.jpg,0,0,1,0,0
Image_013603_jpg.rf.f4ee7859b7ae946cac43fccefb78377c.jpg,0,0,0,0,1
457_jpg.rf.17a658f37d86cf2aa9869b86beda9d63.jpg,0,0,1,0,0
-FC886638-15CC-4648-9C63-FA6788161E1B-png_jpg.rf.b6992ed99a20245db3d038995731090d.jpg,0,0,0,0,0
4cd304ae96e4a521_jpg.rf.0a3ad13e1da7ec4091f696aa10bdfba9.jpg,0,0,0,0,1
023f2321116f341e_jpg.rf.ba7bdcd649e061e199fe7b5cc4647181.jpg,0,0,0,0,0
329_jpg.rf.a153baefb485a162465f5df4eb42a488.jpg,0,0,1,0,0
373_jpg.rf.543a5c3616e4ffeb6d593753c445f094.jpg,0,0,1,0,0
6772038324f86104_jpg.rf.8d3338062c47a6d647df80f073979392.jpg,0,1,0,0,0
1626336865_126_36710_2_jpg.rf.9e74d5ddc41ece3cb206948cd34d94e4.jpg,0,0,0,0,1
458_jpg.rf.82cedf9ec3431ff5583895eef082049e.jpg,0,0,1,0,0
Bike-1097-_jpeg_jpg.rf.a2c384b6fbbea1852c23244449b205aa.jpg,0,0,1,0,0
464_jpg.rf.44453f725c8406014f5b28018f0f3664.jpg,0,0,1,0,0
58468a_jpg.rf.c670c2343788bafd6fb9256c1c39edb0.jpg,0,0,0,0,1
-531F9D36-6096-4999-B709-28F1E5F38DFE-png_jpg.rf.d6196338e9fe4b583ea49c6b0396f7d1.jpg,0,0,0,1,0
-6B809CAB-0782-409D-9497-D0C9237884D3-png_jpg.rf.50f1d0815f4c71ce44b071fe6f83b334.jpg,0,0,0,1,0
-8BCDBC76-A3A4-4C0A-A595-5993A129EFA0-png_jpg.rf.8c6a8f869d3f3b1f7da1700384d5aec3.jpg,0,0,0,1,0
290_jpg.rf.93d55587702408ace3a42118a9ec2df9.jpg,0,0,1,0,0
bus-196_jpg.rf.079efe3d36558d2b679b21496e28b035.jpg,0,1,0,0,0
3e6ff6bb5d1b744c_jpg.rf.24842324fc94c304dca95b1a17227049.jpg,0,1,0,0,0
-66F945A5-3856-4F91-9EDD-6EF4833F57FA-png_jpg.rf.464e30f07b51e8ded98ca0a89fd223c0.jpg,0,0,0,1,0
-5399AA20-C3A4-4841-9CA4-0D18DFCA3806-png_jpg.rf.b584cb78a39375d47dc879c691315b44.jpg,0,0,0,0,0
Image_013558_jpg.rf.2b58bb493fe2e1dd0869a320a7fec86b.jpg,0,0,0,0,1
027802fd1528a467_jpg.rf.42c394bce1ab7308631c60a5cfcd8232.jpg,0,1,0,0,0
ets2-mitsubishi-fuso-supergreat-truc_jpg.rf.2c05b267ec1c5775d5f1f11b36a73703.jpg,0,0,0,0,1
392_jpg.rf.21ab61df267c61cce22deeb27c9b3270.jpg,0,0,1,0,0
a2bb19c347cb94d5_jpg.rf.fc29a7b45be19c23f5a0e82214045c6d.jpg,0,0,0,0,1
64708fe110f8ee96_jpg.rf.c7c051af334792a356dbf83b5f6f2bd4.jpg,0,1,0,0,0
Image_013327_jpg.rf.52602fba2bcaf709cd144e1ac67d65a9.jpg,0,0,0,0,1
Image_013404_jpg.rf.6eab299181ca85806a689e1d381d8406.jpg,0,0,0,0,1
-C01087D7-A9FF-4402-8715-C983088F2476-png_jpg.rf.c9f5ecf7e1493f33baeec20dcc24eed2.jpg,0,0,0,1,0
-560B3012-6E26-4551-A44C-6F4AB53B707E-png_jpg.rf.a0c712892882970ef01f13c685fa48fa.jpg,0,0,0,1,0
162467517660d693686dd40_1_jpeg_jpg.rf.86e0e6b3cc82d685404a2339a4cfb82c.jpg,0,0,0,0,1
3ecc0e0a3dc82aec_jpg.rf.3e60e1a0dadbd67d78150673ab5bfa49.jpg,0,1,0,0,0
089cc41a901b2653_jpg.rf.9d5422695febdca272501e4c1dc219b7.jpg,0,0,0,1,0
fd30ab5d0338b876_jpg.rf.6eae68cf1ebf5c65977e7b9b38b4e375.jpg,0,0,0,1,0
a57d500ff5355b1f_jpg.rf.6273ffd77d5d1b2140c49c9f9f68171f.jpg,0,1,0,1,0
Bike-1205-_jpeg_jpg.rf.51bf6cd0a9dcd1408b87add7034289e9.jpg,0,0,1,0,0
Bike-1217-_jpeg_jpg.rf.4fe0dbce006a544af6ec16fba3459427.jpg,0,0,1,0,0
463_jpg.rf.1f476f205b9dfcd9004755345c46bd3e.jpg,0,0,1,0,0
3e04eb2029c6ab2a_jpg.rf.6ac5bf4c2f503c1b96af2f326e5b2802.jpg,0,1,0,1,0
3ca132f99ab6cd1a_jpg.rf.55c26979bc382e501403911590e99d4b.jpg,0,1,0,0,0
Bike-1209-_jpeg_jpg.rf.433b370ad0c55cb107885c29fd092f45.jpg,0,0,1,0,0
0ab2be6809214e38_jpg.rf.2e8cb3079def58a818f16348b7475a16.jpg,0,1,0,0,0
460_jpg.rf.2984b7632129ce6d3935ad76b4788e66.jpg,0,0,1,0,0
-37EAFDFC-4667-4A10-98F7-3C9FB6EC7912-png_jpg.rf.313a51453c39ec3c62d141d74d483b0b.jpg,0,0,0,0,0
307_jpg.rf.30a1f0be0b6c9e9d5ff4e1d6e8203a4c.jpg,0,0,1,0,0
m189_jpg.rf.612f8682c289b6bf38e8e431a4e7973a.jpg,0,0,0,0,1
46_jpg.rf.32fde12061c22ada14aec766d2dafbdb.jpg,0,0,1,0,0
a4_jpg.rf.3636a4774d799368ca594b7e47b79305.jpg,0,0,0,0,1
527_jpg.rf.6d8a9ce3a4d3f26d514c38979336f026.jpg,0,0,1,0,0
61_jpg.rf.861bb1e2e2a79ba8711544e53ee4ba03.jpg,0,0,1,0,0
Image_013446_jpg.rf.560ce2e0eb09edde82fa0372f85d929c.jpg,0,0,0,0,1
-52D877A5-D9D5-4B8F-848F-E449684E4869-png_jpg.rf.4d478b7ff463bc3493607ea449f847ae.jpg,0,0,0,1,0
Bike-1093-_jpeg_jpg.rf.0fa4712158fc5c57b40464332e17e51c.jpg,0,0,1,0,0
-2229E395-534F-4F69-9F9B-80628BD8D5AC-png_jpg.rf.df765ae73cc91c85c1f2b983adaaaef3.jpg,0,0,0,1,0
394_jpg.rf.bd77a1ba42f3695c37736a2cab5ad6b6.jpg,0,0,1,0,0
15374419375ba380915572a_jpeg_jpg.rf.a3bcd2665d7c155118c7760b6c3f04b7.jpg,0,0,0,0,1
-422F5744-FC5F-4A43-8DFE-CEF738B5015C-png_jpg.rf.fa6627cadb05ffd3afecd55ba5db8a52.jpg,0,0,0,1,0
035688ba3f2ccd56_jpg.rf.676826b6b0837b9981a913f9b32ccb04.jpg,0,1,0,0,0
4e2eba8761d33040_jpg.rf.a600192a4807be6ff0245a3ed8785617.jpg,0,1,0,1,0
1fc132805e66f61a_jpg.rf.acb8e910aa8501e642642a7ca6217821.jpg,0,0,0,0,1
394_jpg.rf.c265ccd0f3c93e2d093a6341967c4c4e.jpg,0,0,1,0,0
202104171466824_jpg.rf.14b0d64aaf63e2569f2ea2b1a8c04bec.jpg,0,0,0,0,1
169164679-240x180_jpeg_jpg.rf.7d22d79b0e561efbf7219d0e99ab86c8.jpg,0,0,0,0,1
326_jpg.rf.d584ddbfc7d1b4b0b4bf714f5bacd65d.jpg,0,0,1,0,0
02fba0ff657a2fd1_jpg.rf.f7ded3065ddbe9af9559953e71512767.jpg,0,1,0,0,0
2005-mitsubishi-fuso-fm260-24ft-box-_jpg.rf.4f3b926d032b36a300e52137da4b7ea8.jpg,0,0,0,0,1
327_jpg.rf.95b9a1f0a11f96089c9d53e72d682ee3.jpg,0,0,1,0,0
516_jpg.rf.790498704159e1d64440418102f96973.jpg,0,0,1,0,0
4ddebfc57fb0beea_jpg.rf.c39f84ef6b2b6d1c04d5801f9954e1a2.jpg,0,1,0,1,0
Bike-1182-_jpeg_jpg.rf.a05dab2ee446a5fb6475bc01dc35a945.jpg,0,0,1,0,0
bus-201_jpg.rf.e9c2aff1f8e12215ed47aa7da53fa7ab.jpg,0,1,0,1,0
-F3ED7138-85D2-4BAF-BBBF-EDF5B5083498-png_jpg.rf.38da79a89a1e1da9157afcfc75dc75b0.jpg,0,0,0,0,0
-5F2E8303-69B1-48D6-956E-CECAF910937A-png_jpg.rf.0ce92070868c15f7ef1019264c9ebff7.jpg,0,0,0,1,0
Bike-290-_jpeg_jpg.rf.ab70e9397b5a0a24ce4b267c3f8acb61.jpg,0,0,1,0,0
1574230907_ets2_04090_jpg.rf.ed38675347bd00d27f4023edace1694d.jpg,0,0,0,0,1
bus-118_jpg.rf.c3a0b414306602a037027663b2684bc3.jpg,0,1,0,0,0
Image_013238_jpg.rf.67e096acd15d0b1b21f42526f1ed487d.jpg,0,0,0,1,1
612_jpg.rf.78f2d5d5a119667bb34e31ff86fb2fdb.jpg,0,0,1,0,0
325_jpg.rf.fd1b75637852e5f7ba22ab00b7cd823e.jpg,0,0,1,0,0
202104181502807_jpg.rf.0a09f4cb192b43d185ca67acc260c83c.jpg,0,0,0,0,1
bus-197_jpg.rf.c02c202a0c50072a67ab57ce72638bc3.jpg,0,1,0,1,1
bus-120_jpg.rf.906b343650adbd97f15346470cb40ba3.jpg,0,1,0,0,0
324_jpg.rf.b97435d1e0f1abe61b39609318519986.jpg,0,0,1,0,0
0abd21baef23d872_jpg.rf.885629e18e84493c56088cd8b5beab73.jpg,0,1,0,0,0
Image_013610_jpg.rf.dd58856347153ad3b25d8fa601bb241d.jpg,0,0,0,0,1
Image_013426_jpg.rf.d00aa2f2d3080d91beb9a2ca4ac7027f.jpg,0,0,0,1,1
457_jpg.rf.f07ae151b5d16c720484d68fffccfe15.jpg,0,0,1,0,0
0ba3d539f63542b2_jpg.rf.e2e64edbfb61551269fa841ae93819bf.jpg,0,1,0,0,0
394_jpg.rf.82040fd923d2692831a0fcedbb8e5337.jpg,0,0,1,0,0
f81_jpeg_jpg.rf.114d7c3fd496d684de9087034b9fc673.jpg,0,0,0,1,0
-3F312249-5BB2-476B-ACB5-2E2DF4202FEC-png_jpg.rf.200a04c19abb19f962e1e02e2f70396b.jpg,0,0,0,1,0
395_jpg.rf.792344e8777e90686ef39e070a965b7c.jpg,0,0,1,0,0
608_jpg.rf.09808d0ab0104827aab583a7555b00f2.jpg,0,0,1,0,0
-CA45E750-4780-41D5-87A3-B27806F02374-png_jpg.rf.1b56de088595ac915417cb08a43b4468.jpg,0,0,0,1,0
Bike-1226-_jpeg_jpg.rf.f05c2294bd938fc2cf995aab0e5d4272.jpg,0,0,1,0,0
Bike-1243-_jpeg_jpg.rf.c8c54fbe22a6d52d823cb44ce1b878f6.jpg,0,0,1,0,0
29_JPG_jpg.rf.86666325c6ab622676fcae5ba5ba6157.jpg,0,0,0,1,1
Bike-106-_jpeg_jpg.rf.7c7363ee8e76d46f719bcb65eafbdd1a.jpg,0,0,1,0,0
Canter2019_thumbnail_jpg.rf.e3f9ea4060bb99364c1a1d275ae435a0.jpg,0,0,0,0,1
9784be5435ddde67_jpg.rf.86abaecca3679aa0cfde561a2614c5e6.jpg,0,1,0,0,0
Bike-1074-_jpeg_jpg.rf.5c972c922f07c3083407cb0522166cb0.jpg,0,0,1,0,0
976475604734006a_jpg.rf.75e43614d506c7ac0cc738586be6528f.jpg,0,1,0,0,0
Bike-1016-_jpeg_jpg.rf.03919201973516113e4108e5a0971a77.jpg,0,0,1,0,0
37_jpg.rf.f79339e7346081a876c3b2c027289d24.jpg,0,0,1,0,0
171_DSC9335_jpg.rf.acc36bee9bf9baaff29dec603462b84d.jpg,0,0,0,0,1
371_jpg.rf.b076afc124612427b412917f76d87413.jpg,0,0,1,0,0
404377603aafa9bf_jpg.rf.655a075aff134d889353e708b975d843.jpg,0,1,0,0,0
Bike-107-_jpeg_jpg.rf.2e7f22805a16fb62828c80ebb3072c22.jpg,0,0,1,0,0
51_jpg.rf.3b786dc9f31a2b47726cfe34d160452b.jpg,0,0,1,0,0
Image_013458_jpg.rf.f2c53369656a00bd0da38060e720e52f.jpg,0,0,0,0,1
-F4BE2D4E-B942-48C9-828F-B4FD564E1465-png_jpg.rf.ec8a6217c4de1ab1862c0dbdb150efc1.jpg,0,0,0,0,0
3fc6ea65e3e4be39_jpg.rf.c74d2ba40b8a3ef391053de17be6613d.jpg,0,1,0,0,0
3ecc0e0a3dc82aec_jpg.rf.1be7821a247387e341f2a4a57326b162.jpg,0,1,0,0,0
4aba80b9d7435fea_jpg.rf.26a32b592cdda1101ed1eadb1dbb110a.jpg,0,1,0,1,0
-B3FF9CBC-6C9F-4BDD-B814-790723E32E98-png_jpg.rf.e0ad069e782bce79e75aead9c1bca4f4.jpg,0,0,0,1,0
510_jpg.rf.d183ee4d3bbbee1fb6f8c0c564a4c676.jpg,0,0,1,0,0
372_jpg.rf.3311f829d34bb45caf6777b08fdd0395.jpg,0,0,1,0,0
-5762915D-A5A7-41B9-B425-48A920A394E7-png_jpg.rf.ea896566fec2f9ea749103910c2f0379.jpg,0,0,0,1,0
bus-169_jpg.rf.5ae3ac30fec3f5c2d6184c1bd9472f92.jpg,0,1,0,0,0
2afc3da647bbc4e9_jpg.rf.4e9a8e26f5221fd83a0eb370986c102d.jpg,0,0,0,0,1
169164679-240x180_jpeg_jpg.rf.75c920cb677e2afed6b16c9c3d677b05.jpg,0,0,0,0,1
Bike-1-_jpg.rf.91d2e749cfff82d33271e409f52606b2.jpg,0,0,1,0,0
Bike-30-_jpeg_jpg.rf.d7ceec3b331a935d3cfe7926e2c77845.jpg,0,0,1,0,0
Image_013368_jpg.rf.dade421952698edfd52a9c97ca08ff12.jpg,0,0,0,1,1
a2bb19c347cb94d5_jpg.rf.15aecd7b4ad2dc30eba888b58beccd34.jpg,0,0,0,0,1
-5F2E8303-69B1-48D6-956E-CECAF910937A-png_jpg.rf.33fd4d643f3ee0b05bf9b1607ad28193.jpg,0,0,0,1,0
58468a_jpg.rf.a8da2a15054db817da3ccc4322846c17.jpg,0,0,0,0,1
4d595cc19841f866_jpg.rf.1d2092dc18854ded1a0e40101887896f.jpg,0,1,0,0,0
-560B3012-6E26-4551-A44C-6F4AB53B707E-png_jpg.rf.5efafe5627e1a2f8ed31a163b971d386.jpg,0,0,0,1,0
375_jpg.rf.abee2bfe0af1e517cdd512d8516411d7.jpg,0,0,1,0,0
313_jpg.rf.9549abf8a3bc49c17cae0a755426fec5.jpg,0,0,1,0,0
4d1454c978641ec9_jpg.rf.b37bd1a5897aa465306b21ba4339cb6a.jpg,0,1,0,1,0
405_jpg.rf.398f1fe9a33e4d40b8a82dbf8282d2d8.jpg,0,0,1,0,0
3e74b2e5afb80016_jpg.rf.1dd9ac517f5128782a60df7822091a6b.jpg,0,1,0,0,0
Bike-302-_jpeg_jpg.rf.ebb689695362827bb40415502c021771.jpg,0,0,1,0,0
611_jpg.rf.9787fdcc9350079cb6c1538c3d068d1e.jpg,0,0,1,0,0
Bike-110-_jpeg_jpg.rf.109deb374f7fd960322d45ed1dbf994f.jpg,0,0,1,0,0
Image_013568_jpg.rf.6181de8e4b8c7211f0ba79e23a32737b.jpg,0,0,0,0,1
-56F905BE-38EB-4BBE-B228-1A61B0FB1B4B-png_jpg.rf.be2dd5b6295e67998a2d295fcce643ec.jpg,0,0,0,1,1
1ee6243c0c99c262_jpg.rf.e00c43abecc6fcf2002bd04fad697ce2.jpg,0,0,0,1,1
Bike-1261-_jpeg_jpg.rf.e8b43f4ce81da00bb6eb894364d44006.jpg,0,0,1,0,0
h51_jpg.rf.277092dec64bc6c68f09d389a219830a.jpg,0,0,0,1,1
1781ceeba365928b_jpg.rf.e4f4d60d8b9ba213475fce70f981cb2d.jpg,0,1,0,1,0
-B3FF9CBC-6C9F-4BDD-B814-790723E32E98-png_jpg.rf.7d3d347429a1f2ca5beac1604d61ec91.jpg,0,0,0,1,0
3b6986bd37ece365_jpg.rf.83f909da1e491bf30328d4f61e544279.jpg,0,0,0,1,0
Bike-1174-_jpeg_jpg.rf.3cf730d365b12a4753ace645015cd73e.jpg,0,0,1,0,0
a1c8be4b5b838f0d_jpg.rf.011cb9b167ca8614ee3ae99785bdff24.jpg,0,1,0,0,0
-6254A622-2157-4AD7-BB2C-4A3F4E465B5A-png_jpg.rf.9a9896dc09c6ccad535aa0d62060d93e.jpg,0,0,0,1,0
Bike-601-_jpeg_jpg.rf.d245d1a3d4af9ad5b20adeb938d3adda.jpg,0,0,1,0,0
452_jpg.rf.1ad5692209f2a1267367c846977ebfcf.jpg,0,0,1,0,0
63865eabe369d845_jpg.rf.a823a9285d9124701ded80140db53cb7.jpg,0,1,0,0,0
-6254A622-2157-4AD7-BB2C-4A3F4E465B5A-png_jpg.rf.01e41d89d1c33b52f2fcc24112b398df.jpg,0,0,0,1,0
-63991B4F-9F98-4B3C-9CF4-B7985DB357D1-png_jpg.rf.bf57b9f6d7b07d2811855a65a0b5604d.jpg,0,0,0,1,0
1702165-faw-1525412823_png_jpg.rf.6057cb644490229249cf7adaf56c125f.jpg,0,0,0,0,1
2fe05f8b84a21bc5_jpg.rf.d10a46a07fc1d175338458790f26043c.jpg,0,0,0,0,0
Bike-1009-_jpeg_jpg.rf.1c2deb1a66cebd1a3b6e0c843055cfa3.jpg,0,0,1,0,0
427_jpg.rf.f77aae4321d7f60cb20fdef7140d8bd3.jpg,0,0,1,0,0
-560B3012-6E26-4551-A44C-6F4AB53B707E-png_jpg.rf.41fb33d69f6f84111e718bf87be9fcdf.jpg,0,0,0,1,0
9b57ee9468a373aa_jpg.rf.d0f6d0358d4bb740e3e327ceeb7290ff.jpg,0,1,0,1,0
370_jpg.rf.7687e6bde1612cf77ece33d422cdea8f.jpg,0,0,1,0,0
462_jpg.rf.44969ff98028c5a76c34ec0079d54ae4.jpg,0,0,1,1,0
54208a92e560f2f6_jpg.rf.78d0e8fe7a04a2ccc036a41e87c91036.jpg,0,1,0,0,0
bus-180_jpg.rf.946b4eb1ef6a69597cdf2134cdbe5ab5.jpg,0,1,0,1,0
453_jpg.rf.e33cf01f65bac96917b0468bff991b48.jpg,0,0,1,0,0
2828a5c05eaf5526_jpg.rf.4cbaf01c102ede5deeaa0b5f8780816a.jpg,0,0,0,0,1
-63A3759B-1595-4A66-BB62-1E7F580BA753-png_jpg.rf.8531a9d0195f849d037019643ea4ed04.jpg,0,0,0,1,0
1997_mitsubishi_fuso_cab_over_box_tr-1_jpg.rf.65ad3f3b1c392ab6c6d2189cde457af3.jpg,0,0,0,0,1
475_jpg.rf.1bb0a3da141148dd03f00369eba6a77a.jpg,0,0,1,0,0
1626336865_126_36710_2_jpg.rf.09fa2e5989b3d767f0182f78f5e4fad4.jpg,0,0,0,0,1
369_jpg.rf.78b29aa1123582d18f1294cba2bc3d98.jpg,0,0,1,0,0
-7FAF411D-CD18-4902-9409-0DA28E30E6D5-png_jpg.rf.a98fa8b2b6c0cab6fa9ce5798ac7e8c7.jpg,0,0,0,1,0
284a81abb7cc891f_jpg.rf.c236d3c7886bd77123ef4dc6a39afda5.jpg,0,0,0,0,1
408_jpg.rf.b7009a9969376d0f86bde334c8936ef8.jpg,0,0,1,0,0
bus-187_jpg.rf.a690a563ffb320556a7f304f9ac69a11.jpg,0,1,0,0,0
395_jpg.rf.3b08d1128ab4b0cf4ba016c7bb208df6.jpg,0,0,1,0,0
03f180fcb44db669_jpg.rf.12e2022fa216017a3a48b967f7af9018.jpg,0,1,0,0,0
Bike-11-_png_jpg.rf.5d2e0f036af33270c7a7146ca8e40c99.jpg,0,0,1,0,0
3d5d5da5c9fefdea_jpg.rf.1c3a5861b54b9e00346f360b7ba542fc.jpg,0,1,0,0,0
2d499dab8c71a566_jpg.rf.bedbce002481955a0f1d5320b7f1e908.jpg,0,0,0,1,0
0ab2be6809214e38_jpg.rf.2bf736f6b70312a12eef3da355cfaf72.jpg,0,1,0,0,0
322_jpg.rf.383ee0a3396673682050aac98ceab830.jpg,0,0,1,0,0
144293_a_jpeg_jpg.rf.b872220dd698b54a099759aa6cda64a9.jpg,0,0,0,0,1
Image_013515_jpg.rf.05d8b494b7616af63fcf78570e48190c.jpg,0,0,0,0,1
Bike-304-_jpeg_jpg.rf.c04ea9a654b29716618f98c34487f67c.jpg,0,0,1,0,0
Image_013462_jpg.rf.3e605b37a81fdb570437af773f6c6d51.jpg,0,0,0,0,1
Image_013415_jpg.rf.0d40672810540445cbc636ab214e37f9.jpg,0,0,0,0,1
-46175DA7-1566-414C-8B5E-587BE9339765-png_jpg.rf.0c246fb48b40d4207a8f6c3cb4c58210.jpg,0,0,0,1,0
Image_013561_jpg.rf.0f2c5bae21d8753564c6d0a296edaa58.jpg,0,0,0,1,1
394_jpg.rf.f5544880373a9b68cfde68b62aeebb1a.jpg,0,0,1,0,0
Bike-56-_jpg.rf.01684784163633dde5b7157afc2d2fea.jpg,0,0,1,0,0
422_jpg.rf.90ce21c23d7331b8245c6ee1332b9a62.jpg,0,0,1,0,0
54044ead7b8e47ce_jpg.rf.433d3166f98ff732d14580e472714e2f.jpg,0,1,0,0,0
Bike-1504-_jpeg_jpg.rf.c52a801b10d4023efa7fc0264e0eabbb.jpg,0,0,1,0,0
-3ED11401-3001-41F4-8807-7BDA41D24CF3-png_jpg.rf.dcc041f315223b92db71368aa51f1964.jpg,0,0,0,1,0
Image_013419_jpg.rf.43283ac60e8fa1c24d1fe44ca3530c65.jpg,0,0,0,1,1
Image_013610_jpg.rf.3f13d1b941bd84a3def40d5bb5942f4a.jpg,0,0,0,0,1
Bike-1283-_jpeg_jpg.rf.a1270dfa34a0316bd2306c0be50d2549.jpg,0,0,1,0,0
0baf0bf0223cb62b_jpg.rf.39d98ca6aed8fd17012b6b1805ebc039.jpg,0,1,0,0,0
Bike-1148-_jpeg_jpg.rf.4504e23f30891350a20458d776ce1cfa.jpg,0,0,1,0,0
5beb1a3021e4afde_jpg.rf.a5592d983babbb81dd939d51410a06b7.jpg,0,1,0,0,0
0ab42925c98edb51_jpg.rf.1177fd12b7fc9a28e7d6f777eee451b2.jpg,0,1,0,0,0
-46175DA7-1566-414C-8B5E-587BE9339765-png_jpg.rf.2673ebfce4042af8a109cc1d8e9639ee.jpg,0,0,0,1,0
Image_013376_jpg.rf.65859f21081ad04369a0bf190eca4c54.jpg,0,0,0,1,1
-51FFF967-684D-4519-8EC0-A9C7CC6F2280-png_jpg.rf.08c810b1a0ada6eb94c397fc545419a9.jpg,0,0,0,1,0
404_jpg.rf.3850cd2dc3d852a382d310796f4cb23d.jpg,0,0,1,0,0
202104191536321_jpg.rf.bc5d66ece53578963b5e34a2e36bf2fb.jpg,0,0,0,0,1
320_jpg.rf.c03699dc5c8d82f4a2de93ed307df6bb.jpg,0,0,1,0,0
Bike-100-_jpeg_jpg.rf.df9b0485237bfd23b0bde28aa60fb9f1.jpg,0,0,1,0,0
bus-196_jpg.rf.a37dbf12d1e5c189ceb8b5a4d949f1c7.jpg,0,1,0,0,0
Bike-101-_jpeg_jpg.rf.e0f74f0034e4cccd26fe439f3fadfac2.jpg,0,0,1,0,0
8_JPG_jpg.rf.e65f58928b63e2ff7ca66ee46cbc7026.jpg,0,0,0,0,1
Image_013328_jpg.rf.584d00aa3a6e55315f19186cd196b2eb.jpg,0,0,0,0,1
458_jpg.rf.d990263189de20c58d6b2b9516b7cbba.jpg,0,0,1,0,0
2b8c09ceefc9b7a7_jpg.rf.eca095f2129c6ba0f7f30c256f868c30.jpg,0,0,0,0,1
-2B9B8378-CF94-4121-9F57-AA504E361DEC-png_jpg.rf.e8161c7e4fe976d80faf9788a75cb7c3.jpg,0,0,0,1,0
Image_013413_jpg.rf.e07649552b524c4ff90a38a1fe689095.jpg,0,0,0,0,1
8198f23f3d6e76f5_jpg.rf.c416b27d49a72ff9e844967dcd42d25a.jpg,0,1,0,1,0
5559d85c5384af88_jpg.rf.66bf72bd75c741a20853983381fa9225.jpg,0,0,0,0,1
098c422127bc0bcb_jpg.rf.6c3b683c51c5fbf1ade628f5aeb5dea9.jpg,0,0,0,0,1
284a81abb7cc891f_jpg.rf.cae56172bee5ed5eb3b9d2d5538a84e6.jpg,0,0,0,0,1
53157ca05b6ef3b5_jpg.rf.ed64de33010fb0195df77e12c2abbb09.jpg,0,1,0,0,0
46_jpg.rf.c179a3a6f713081e997bf7e40242fbe5.jpg,0,0,1,0,0
-C006FC45-64AF-4FA9-B836-17F1DE49F186-png_jpg.rf.fd86f13b1758a0b430c0e9696b952b1a.jpg,0,0,0,0,0
451_jpg.rf.cb3ebd78a415cb9c45933f57db289dd5.jpg,0,0,1,0,0
Bike-1182-_jpeg_jpg.rf.a53784a6142045fef75d2884ddb2c4a1.jpg,0,0,1,0,0
460_jpg.rf.8a2dee631a965fc79e2c7dcf03532835.jpg,0,0,1,0,0
Bike-1503-_jpeg_jpg.rf.921e8fb4c167591b347f213d360a4b8c.jpg,0,0,1,0,0
01b1982b96fe1551_jpg.rf.22575e9681562f25f9723536ee1ae97f.jpg,0,1,0,0,0
33577_jpg.rf.c5993a2d13b4cd0c6771ff4b9598a035.jpg,0,0,0,0,1
46_jpg.rf.7cf3411a3d2a1ba88464fc648d7efaa3.jpg,0,0,1,0,0
352_jpg.rf.7f4cb022cadf29fdd721f37a667cdf85.jpg,0,0,1,0,0
-67A4D449-E510-4E00-9670-57BE579333CA-png_jpg.rf.f24baf133faabb6c1d7fe5ef41abd68d.jpg,0,0,0,1,0
300892940a0358e7_jpg.rf.66488827c0c2774086f0731726570ee3.jpg,0,1,0,0,0
4aba80b9d7435fea_jpg.rf.ff404501bc0b96361ef756a127756bc0.jpg,0,1,0,1,0
Image_013339_jpg.rf.eae1c7ad608bca96516eb77f8f703f4b.jpg,0,0,0,0,1
2d499dab8c71a566_jpg.rf.46a9c9b8a326ad6f1925c65464f6cc6d.jpg,0,0,0,1,0
524_jpg.rf.9d7f87edacda18418c0045568654e163.jpg,0,0,1,0,0
bus-128_jpg.rf.0307751869fbfbae6fb70aaf028c5fe6.jpg,0,1,0,0,1
-251A7DC4-47FA-45BF-8F18-8C933578D147-png_jpg.rf.1db902c1b945a7314d879701c13b7176.jpg,0,0,0,1,0
311_jpg.rf.911e60293177677598e31cde7961c435.jpg,0,0,1,0,0
GH011387-MP4-t-122-6_jpg.rf.00c769cf40e80d51491215914852d22a.jpg,0,0,0,1,0
74901d64ea81e118_jpg.rf.a59e863618a41e00c8c36f270273e9b0.jpg,0,1,0,0,0
527_jpg.rf.a527ee8609ad78c4519516d6fefd364d.jpg,0,0,1,0,0
514_jpg.rf.bb54d025873c133d7d3cfaf4bea164db.jpg,0,0,0,1,0
bus-198_jpg.rf.0410aa038d9259ddb5ef05c5ee87acef.jpg,0,1,0,0,0
bus-180_jpg.rf.09aa4932ac706da5075c9330019b6587.jpg,0,1,0,1,0
5a5a11676c3b7e60_jpg.rf.32c3120e55c9504804d4c3f41093fc25.jpg,0,1,0,0,0
0abd21baef23d872_jpg.rf.5f9047f71b1538485941d82779d53652.jpg,0,1,0,0,0
-332D2462-631E-4F9D-914E-9EA5A217A8FA-png_jpg.rf.a3898d4b32cc9e9d13208961c7fe22d8.jpg,0,0,0,1,0
511_jpg.rf.d3564e7c9b7bbfd42449e43d7bd4317c.jpg,0,0,1,0,0
458_jpg.rf.1619f0467aa378a0d9d7727c0432d98d.jpg,0,0,1,0,0
2f3a371cf82c1a41_jpg.rf.6fe1a1dede9b6c0ce2d4703de6e02573.jpg,0,1,0,1,0
4cd304ae96e4a521_jpg.rf.c451a25f12a4cb6c1771cc49955f2926.jpg,0,0,0,0,1
3ecaed19398430e6_jpg.rf.9e19d79ac2a6b57e6cca54c9ef50af3c.jpg,0,0,0,0,0
202104191531557_jpg.rf.a594547e875bd233b052eb42fcc8d47e.jpg,0,0,0,0,1
87b33e9edd7ccafe_jpg.rf.d5d3525283439a5b02be0db4280ab5e9.jpg,0,0,0,1,0
76220d2e0ca2543c_jpg.rf.fd6b7843ef9d1c200fa856273f7fe167.jpg,0,1,0,0,0
202104191534216_jpg.rf.c8f94dd1ca7a9dde05a1ea889660dbcf.jpg,0,0,0,0,1
Bike-761-_jpeg_jpg.rf.a2cad07306b776f984f7ab2eb053d545.jpg,0,0,1,0,0
202104201595710_jpg.rf.6b94159e0d722031f3e9e81f93b23960.jpg,0,0,0,0,1
Image_013368_jpg.rf.a91bd5c15a1b7149573677176f0e4218.jpg,0,0,0,1,1
-6404E51D-D7FB-473B-959A-3E4E845899CF-png_jpg.rf.052b3b0f8b9079bed028ac12b68f2209.jpg,0,0,0,1,0
Image_013339_jpg.rf.e1a59fd9c05e16274dfdaffde050706d.jpg,0,0,0,0,1
c645a919dfb54b94_jpg.rf.09ec7e80b4d304fe6a88067f4ddc015e.jpg,0,0,0,1,0
3ecaed19398430e6_jpg.rf.cf1b4af72c15dafeceb8a55475b76cdd.jpg,0,0,0,0,0
Bike-1500-_jpeg_jpg.rf.d15f6c61b13926ad08ed37f3627ba313.jpg,0,0,1,0,0
3861170527f5006a_jpg.rf.ac2a0513a2a3d40f65186fbd9524cd34.jpg,0,0,0,0,0
545d37cef5dac94bc85179274dbfcbf8_jpg.rf.df23497eac7132b8e2b745220a061605.jpg,0,0,0,1,1
202104201606848_jpg.rf.73e42961f706a7502a3b79444d8dbf64.jpg,0,0,0,0,1
468_jpg.rf.647fba2061344ea796d7e26f7d383c9f.jpg,0,0,1,0,0
bus-177_jpg.rf.9c014da06b487d424a253941bc26d6b1.jpg,0,1,0,0,0
514_jpg.rf.63639449ba0a55ab29c98f2c54fdd498.jpg,0,0,0,1,0
22f514af548280a7_jpg.rf.1b7b0b2fe49aa9c36e26daf42c26c082.jpg,0,0,0,1,1
4a62b94a60780e92_jpg.rf.1e6a8c87ed92e65f94334b64d314e424.jpg,0,1,0,0,0
3da656476a29ba2a_jpg.rf.d473ebcd8c7b2592743e9d4b715daef8.jpg,0,1,0,0,0
-7FAF411D-CD18-4902-9409-0DA28E30E6D5-png_jpg.rf.cef9b52742ac64f3486aebe641f1d230.jpg,0,0,0,1,0
34367_46211_238190_jpg.rf.9f55cfbbfcc6f241a747a6181885417f.jpg,0,0,0,0,1
Image_013365_jpg.rf.f46399f2a6012416135deb05fd1d072f.jpg,0,0,0,1,1
fd30ab5d0338b876_jpg.rf.a21fc1a7193ad4d3ec133514db61d59d.jpg,0,0,0,1,0
d5982e8c9f63acc8_jpg.rf.8f2ae144f7d4d8453427b98dada9729a.jpg,0,0,0,1,0
-5A06964D-6D40-4132-A769-F21A3B8E1DAA-png_jpg.rf.c40c423a3c867967614675dcfaf5387b.jpg,0,0,0,0,0
Bike-107-_jpeg_jpg.rf.a7aef1f80eef0125098d861c97c72eeb.jpg,0,0,1,0,0
81ef85dffa49536c_jpg.rf.bd6982bd76bce190b1838359e6e52dd4.jpg,0,1,0,0,0
25591-788489_2_jpg.rf.6d123a7e350d8ad6a6e9bae8311377d0.jpg,0,0,0,1,1
43272096972_81c95bfb50_b_jpg.rf.c7b3011fee46cc25a78de2ab30ca8cc1.jpg,0,0,0,0,1
-3B48CB36-3DE2-4088-B9D1-6F639B60DA9C-png_jpg.rf.1a64776ab2b0ff96586937b58b794029.jpg,0,0,0,1,0
bus-186_jpg.rf.26d852cd2dd37a9528fc50280e00c808.jpg,0,1,0,0,0
479_jpg.rf.13410b29335967058730dc38bdab6d37.jpg,0,0,1,0,0
-87FD317E-6F61-44EC-99D8-CD780485C6D1-png_jpg.rf.c8e8d0228161bedda237f37b85f664bc.jpg,0,0,0,1,0
160_jpg.rf.56ff4a07a1a98ec5d4214564f33d6b01.jpg,0,0,1,0,0
-66F945A5-3856-4F91-9EDD-6EF4833F57FA-png_jpg.rf.006ca1d968ce801c0886e01910e479b7.jpg,0,0,0,1,0
Bike-1046-_jpeg_jpg.rf.909ffc64b2e477263840f042b737f26b.jpg,0,0,1,0,0
480_jpg.rf.798e6d6edd839d1eaa3f8a79e6be5449.jpg,0,0,1,0,0
484_jpg.rf.8dcf1f374f0236a7975cc7c3edc274f2.jpg,0,0,1,0,0
2ee0950c0c60184e_jpg.rf.ce20c19d5a167c8ddb6966adbe3548d9.jpg,0,0,0,0,0
518_jpg.rf.4b6955c1e05044af576b31e4364945c8.jpg,0,0,1,0,0
-57BA68ED-7240-45E2-80B1-0DDAF03D1881-png_jpg.rf.59d98b74ed6b68b66386b94206d5cdd1.jpg,0,0,0,1,0
bus-175_jpg.rf.717853fa0f011235e6ef97dbedda4b44.jpg,0,1,0,0,0
2e9f41812ca22780_jpg.rf.d610727d699fec008228535cd0b5a4df.jpg,0,1,0,0,0
bus-185_jpg.rf.1f560ce7cd73c27073dfd0f3927bef96.jpg,0,1,0,0,0
520_jpg.rf.024d32587d488748d729109ed27601ad.jpg,0,0,1,0,0
2eafddbc758ee2a6_jpg.rf.85feaa58e817ce983b792b59d53ad113.jpg,0,0,0,0,0
522_jpg.rf.ddbcac99df4eb85158eaa6d6def5b276.jpg,0,0,1,0,0
521_jpg.rf.02cde40482150782749e48d830149d65.jpg,0,0,1,0,0
bus-167_jpg.rf.d22fd84c7c3c45baf686e484807e03a5.jpg,0,1,1,0,0
3c7f92c3309fb376_jpg.rf.62a67230a7e7593388e6bbd14e0dd860.jpg,0,1,0,1,0
52_jpg.rf.fa226f31e0285391e1c2ed27ae784195.jpg,0,0,1,0,0
09acb63accd06236_jpg.rf.ddc40bf23dee6af2e1865c910a5a0d5a.jpg,0,0,0,0,1
9b57ee9468a373aa_jpg.rf.f365ee5970c3d7708cc85a8e5b97f219.jpg,0,1,0,1,0
511_jpg.rf.d42ee1c68a043ea256b9fb190b6bcfd7.jpg,0,0,1,0,0
51_jpg.rf.fb7ef881b740428195e2f7c8e40a14a4.jpg,0,0,1,0,0
202104201579079_jpg.rf.d0f3166028e2f4dfd7c81cb5e9dab1e6.jpg,0,0,0,0,1
3ab7f95a2b8079d6_jpg.rf.94ba6934126af4b4d68f31e1214d4eda.jpg,0,1,0,0,0
2afc3da647bbc4e9_jpg.rf.ced463e37d0fae02d52fac29aaf3e707.jpg,0,0,0,0,1
bus-175_jpg.rf.88bedadecde37b71694ca1003959d43e.jpg,0,1,0,0,0
510_jpg.rf.9bcb6546855fccacabf36c60e5d912d1.jpg,0,0,1,0,0
202104161432522_jpg.rf.b908625dfb0e5fa28b5405ced0a20728.jpg,0,0,0,0,1
tripod_seq_07_028_jpg.rf.66d21834a102a95c96f6f4322981ce17.jpg,0,0,0,0,0
765_jpg.rf.5da347fd60fe25593e7dc09244f5f756.jpg,0,0,1,0,0
22908bd0a323fa77_jpg.rf.bb61315456efcec3f60877873fca6e14.jpg,0,0,0,0,1
Image_013448_jpg.rf.801367def44ae3457e1fbc3469d5cabe.jpg,0,0,0,0,1
-B3FF9CBC-6C9F-4BDD-B814-790723E32E98-png_jpg.rf.1f9faf02d33effe82eba4d4e063bc782.jpg,0,0,0,1,0
202011045781780_jpg.rf.afdf0e69b6d5e6bac29909fb7823806f.jpg,0,0,0,0,1
-B8C4C3D6-5E2B-4B74-A600-D4CC31B03C80-png_jpg.rf.a4625670dbe14fd1c449e3c87f21a2ed.jpg,0,0,0,1,0
93684b17bf1c1b0f_jpg.rf.2f00417b03481a318fd48fe1373cacdd.jpg,0,1,0,0,0
5f630068e794c-jpg_jpg.rf.518c7b820705fad16dd898cd25f7ce5d.jpg,0,0,0,0,1
5a1e37db78f66_jpg.rf.44914bb1e150a8cb87abf1944138fd2e.jpg,0,0,0,0,1
202011206333844_jpg.rf.0da242d979ee5979787ff9b8c789eb17.jpg,0,0,0,0,1
202011105988710_jpg.rf.e109768f423e03231ebfd811044cd57c.jpg,0,0,0,0,1
13256cc333df9113_jpg.rf.7f4de00fc2535ec381df2f8b532f7023.jpg,0,1,0,0,0
202012016667837_jpg.rf.0252b8e1d58bc4b3021e21c624e00bea.jpg,0,0,0,0,1
202012036741300_jpg.rf.9aebd96f8e7c2211781c60382fb2f9c4.jpg,0,0,0,0,1
bus-142_jpg.rf.02f53cfd39fbefe39d2aad7e073afb30.jpg,0,1,0,1,1
1217257695405075_jpg.rf.d04f4bce1bdd0a8a7f92cf3fec81f29a.jpg,0,1,0,0,0
Image_013391_jpg.rf.c192b26ca2b83bfe88ff0de8dee33898.jpg,0,0,0,0,1
452_jpg.rf.626ed0012d6b1828b02f5fc28acb84ce.jpg,0,0,1,0,0
50_jpg.rf.6dd13fe43809cbc72f1df34db41bf1c9.jpg,0,0,1,0,0
4449601908f2515e_jpg.rf.93d7d64c19fefce7fd9de6b75dc6de3f.jpg,0,1,0,0,0
Bike-1016-_jpeg_jpg.rf.b92831e0033310bb799d03c41c9cbd55.jpg,0,0,1,0,0
Image_013363_jpg.rf.f814e224dc94cb720aecd0f8d9f2100d.jpg,0,0,0,0,1
3b85b50da35139f1_jpg.rf.07959f463ec3a7b9fd758d75254c01a0.jpg,0,1,0,1,0
Bike-107-_jpeg_jpg.rf.9ba437f5bbe5c588108c6b0b4c6bd98a.jpg,0,0,1,0,0
0fb428a78b101b9b_jpg.rf.6d7e968accd1c3130c2ef634d3630e83.jpg,0,1,0,0,0
1c821ce5b084cd23_jpg.rf.80c325db244e18d2952671abfaa011dc.jpg,0,1,0,0,0
9ead2683d36b6457_jpg.rf.ce9c4483f870e545d949f8c6096e9f7a.jpg,0,0,0,1,1
202104071070099_jpg.rf.a0f2c3aae20c4b00a0a5995d26be5eb3.jpg,0,0,0,0,1
6641a2f004915c04_jpg.rf.1c1635c595a5684e8da9db1c33d81886.jpg,0,1,0,0,0
329_jpg.rf.d001d63cc6830db199ac447bf1883386.jpg,0,0,1,0,0
21ee3abf4cdded99_jpg.rf.f7d57ee3cc52316f20474bc33125d4d2.jpg,0,1,0,0,0
202103019604053_jpg.rf.b83ad08eccaa0a2af7987bcc4462f214.jpg,0,0,0,0,1
1c765efebc41876c_jpg.rf.384fc63ed1374ebc19985fca84bd2f5b.jpg,0,1,0,1,0
365_jpg.rf.5e5dd3d3f56f38cc2a6b1f1b5e5311f2.jpg,0,0,1,0,0
9864bf5633c65e59_jpg.rf.b7af19f0fffe9370622b757d6eb02145.jpg,0,0,0,0,0
bus-153_jpg.rf.9b41dd2133dc33c85027865ce74cb007.jpg,0,1,0,0,0
1cf6b3d1274052bb_jpg.rf.232cba3d7d67abbd495b58880c1e7771.jpg,0,1,0,0,0
0fff210cd6af51bf_jpg.rf.521228de6902052c4c9c666724ce6340.jpg,0,1,0,0,0
-A3DAB092-266E-462D-A4D5-790862172311-png_jpg.rf.c6865fbda76ae9b227331cb8327a31a0.jpg,0,0,0,0,1
00d9a751d73ee232_jpg.rf.33b01c42dd68c6fc6579449047977d13.jpg,0,0,0,0,0
313_jpg.rf.04d193c6238e6be00dac684e9603a1ff.jpg,0,0,1,0,0
540_jpg.rf.f0b00b3397656e3de8ee0de564f37873.jpg,0,0,1,0,0
Bike-221-_jpeg_jpg.rf.1e398238d6c7a1abbab20e0069e006e8.jpg,0,0,1,0,0
8d9eabbbc5f0ef15_jpg.rf.f1811d50f66eee30e97882015705b0cb.jpg,0,0,0,1,0
322_jpg.rf.4c02baf8f46171ae4e8e38717ba1eb04.jpg,0,0,1,0,0
202104131305268_jpg.rf.e3aeba31c0300263b1f16d33c51542e2.jpg,0,0,0,0,1
202104151399075_jpg.rf.e43a286f1b6e8af566e991312fb448c2.jpg,0,0,0,0,1
333_jpg.rf.728975e228f05aa9e00758c5f0615c67.jpg,0,0,1,0,0
1bb570757e5bb503_jpg.rf.77cb86c9f76930ac6277519bcca4723a.jpg,0,1,0,0,0
Bike-761-_jpeg_jpg.rf.ad5cbd5d2e67f011ef70a1e66cdd7735.jpg,0,0,1,0,0
311_jpg.rf.9ec61e4825aa87b7191a8ae441097fa6.jpg,0,0,1,0,0
202010124908515_jpg.rf.1e3dce9ea88e97cff530fbfc89b2cc15.jpg,0,0,0,0,1
59_jpg.rf.9c1e6bdc5bbf7476bc0ea7d7e7caab42.jpg,0,0,1,0,0
Bike-1205-_jpeg_jpg.rf.ed09c230e42764eb30460ee2378964ba.jpg,0,0,1,0,0
2005-mitsubishi-fuso-fm260-24ft-box-_jpg.rf.cb8a25155cdef1a784a52392086b9f73.jpg,0,0,0,0,1
bus-131_jpg.rf.08f069ebb89ddc3c0dd4a6f343b5c9e5.jpg,0,1,0,0,0
-AFDBA762-453D-4003-BBDF-A57AD7B04932-png_jpg.rf.cd0f24424697bcf17d76687e4d3c6f9e.jpg,0,0,0,1,0
7706ad9c064034ca_jpg.rf.7664662ade224f5b43439d4f804e5fbd.jpg,0,1,0,0,0
Image_013556_jpg.rf.0863d42981c7afd870e7925736cff5ff.jpg,0,0,0,0,1
36_jpg.rf.aead200b842f22d8b1c55bf7804512f7.jpg,0,0,1,0,0
202103190345556_jpg.rf.2758d594beaa85e8d557c6dcdd2572f6.jpg,0,0,0,0,1
Bike-229-_jpeg_jpg.rf.82a800597e90060d43941a1427ced623.jpg,0,0,1,0,0
5b0f57b9bad38bc2_jpg.rf.275fbc4220d1c91846a4aaf88cf67455.jpg,0,0,0,1,0
f9_jpeg_jpg.rf.a318d9ba83a814b01633161019694237.jpg,0,0,0,1,0
Bike-1504-_jpeg_jpg.rf.be8dc9bf7219e2a5f37407e17dc0d72e.jpg,0,0,1,0,0
Bike-568-_jpeg_jpg.rf.ebd98b54940da202b57454284cb41d08.jpg,0,0,1,0,0
-251A7DC4-47FA-45BF-8F18-8C933578D147-png_jpg.rf.556e34e64fed980faae7b3861862b15a.jpg,0,0,0,1,0
0fdb1538b15cced4_jpg.rf.c4f854359effbdfff5a09e5c382bb0a6.jpg,0,0,0,0,0
-CCFB44DE-C25D-4C37-981B-6DBCB4F963AB-png_jpg.rf.b0d7aab7e385f14352a77c3296182722.jpg,0,0,0,0,0
22a74841a6af3806_jpg.rf.130de3cbda599c91e0253f9a4ed76551.jpg,0,1,0,1,0
2d9b808243c2ccb4_jpg.rf.9a6dff220bf81cda9b597c008cbc2af6.jpg,0,1,0,0,0
Bike-1314-_jpeg_jpg.rf.aeee5deb3024a078fe6b13f39a32735f.jpg,0,0,1,0,0
4caf1ee77638a3fd_jpg.rf.92818265636a51795457c35de44f759d.jpg,0,0,1,0,0
Bike-1301-_jpeg_jpg.rf.c06ea8c2e79c3538342f59fcb11a4931.jpg,0,0,1,0,0
Image_013586_jpg.rf.7c43e891306629d9a17af1900c173efc.jpg,0,0,0,0,1
583_jpg.rf.f73574e0fc974fdf44fc611e6576b210.jpg,0,0,1,0,0
2008-mitsubishi-fuso-wrecker-tow-tru_jpg.rf.11f5fc5678e0912697b17a58e8680894.jpg,0,0,0,0,1
202010134934695_jpg.rf.60c0bd4094f8a3643b4c09bdcfbaabde.jpg,0,0,0,0,1
89384a5a3ddd12ce_jpg.rf.ba549922a3520212eb7e37c32112fe9c.jpg,0,1,0,0,0
202103220434013_jpg.rf.0991e137d6d09f158ba6a4482e5a6b2d.jpg,0,0,0,0,1
-3B54DE29-3BCA-4191-A23E-003270236E01-png_jpg.rf.986d067f4cf2d608bcd023036ec0d042.jpg,0,0,0,1,0
-772CD519-4BDF-4DA7-82A8-4F9838D0A100-png_jpg.rf.31e34e0c3399237d2ecbcf04b7306502.jpg,0,0,0,1,0
-C006FC45-64AF-4FA9-B836-17F1DE49F186-png_jpg.rf.5e958eb2f06a53871a7df8bbb71ec8a1.jpg,0,0,0,0,0
bedd68e3dad53060_jpg.rf.b4b7fac7f23bc6ab9f113aa1fecd4ec8.jpg,0,1,0,0,0
63_jpg.rf.157c9b9029ccbd6432ed9a854c29d9e7.jpg,0,0,1,0,0
-DE7261E4-D7F8-41FB-BE0C-8C4DF0B0EF9B-png_jpg.rf.0822c1eac4bb4575e46275d20be8b1dd.jpg,0,0,0,1,0
-50894A9D-DA2D-4049-9C7B-6006F32452BC-png_jpg.rf.2aaec361a725976f91e458a4b43668e8.jpg,0,0,0,1,0
276_jpg.rf.02a050b964c8b6af540978ef57268c9e.jpg,0,0,1,0,0
-B1ED27E9-03FD-44D8-970B-7B2700586B59-png_jpg.rf.0394483a4f8030d0352d06a6c820f9f2.jpg,0,0,0,1,0
-BA330F2F-CFC8-4541-9275-C6AE204C6D0D-png_jpg.rf.37cc34c54bc9b77b2d9acf75147c13bf.jpg,0,0,0,1,0
-C5CC1F92-FB42-42AD-B684-D2D2C374D62F-png_jpg.rf.b12062abba6393a439b43c9828b72499.jpg,0,0,0,0,1
-C3D83141-091E-44E3-B5AF-321A93A32FD2-png_jpg.rf.e8cdd404409f2c8cf5268e7b964e7688.jpg,0,0,0,1,0
-C3D83141-091E-44E3-B5AF-321A93A32FD2-png_jpg.rf.acbb3c172ea5cf22c7efa681be384052.jpg,0,0,0,1,0
-ED03379B-DF37-4C24-B1C9-4B9E26047F11-png_jpg.rf.96d4d01903d2e7251cc4a83dd1026d53.jpg,0,0,0,1,0
Bike-1504-_jpeg_jpg.rf.2a06d3a0894a8083692b7e6bb9e56580.jpg,0,0,1,0,0
bus-128_jpg.rf.463d0a13ce797ebe9dfc722cf152f55d.jpg,0,1,0,0,1
366_jpg.rf.e1af58d790017df60d5445c055a15edd.jpg,0,0,1,0,0
Bike-1508-_jpeg_jpg.rf.d099b6ad8f54fb16048bc49c9a0df38d.jpg,0,0,1,0,0
7812cf18a02fef26_jpg.rf.fc675e9dbbe492b7af228a82d10437c5.jpg,0,1,0,0,0
202103220443433_jpg.rf.7ebd8c7e5bc0951f03c7ece690751517.jpg,0,0,0,0,1
340_jpg.rf.1338bdc48af3f186654b9b06d8f3cd57.jpg,0,0,1,0,0
Bike-1297-_jpeg_jpg.rf.8364faf4814bcd8bd74cd0ea501ff503.jpg,0,0,1,0,0
202012317526049_jpg.rf.2c2d84a7aceb985de7308c6b59986e42.jpg,0,0,0,0,1
202104131302129_jpg.rf.30caac1baafcac4d4a57f19add3a8899.jpg,0,0,0,0,1
8936c2b4224b03ec_jpg.rf.27c7423831ada1d75f7b121c7e38da98.jpg,0,1,0,0,0
0fe031eac8a29688_jpg.rf.19d6cfa3d4d582044d852d8a2fc779e0.jpg,0,1,0,0,0
202103220439215_jpg.rf.8657a14aea81331fda8844605c706abd.jpg,0,0,0,0,1
202104141364670_jpg.rf.4f4b4530007150434ca6f90554493ea6.jpg,0,0,0,0,1
9346e0f48f03eb27_jpg.rf.6999c7918dfde25cb6041919b018b1ab.jpg,0,1,0,1,0
564_jpg.rf.1371bb0de433c8b51b4ccf338ecf27b9.jpg,0,0,1,0,0
-C94776E1-EF34-4408-A9D3-69BE388FC761-png_jpg.rf.9aedf3f71c26a5c884cd374001a688bd.jpg,0,0,0,0,0
-B3BBA8CB-5B74-43EA-B4C1-765411FEDC4C-png_jpg.rf.50c47fdd5eda1290c99109c8ca436d49.jpg,0,0,0,1,1
201910313871465_jpg.rf.0333f6cb1c61eb23b5577a2cea4b7775.jpg,0,0,0,0,1
584_jpg.rf.7843ea50e568522208b437de8dbeafb8.jpg,0,0,1,0,0
Image_013475_jpg.rf.be2b6f91b2403a60ccf935253d8614f2.jpg,0,0,0,0,1
1bac701471f3429f_jpg.rf.066c69c7f4001eb14a563293269cc55c.jpg,0,1,0,0,0
202103170254981_jpg.rf.764cd7874f63cac6a40db66834667ed3.jpg,0,0,0,0,1
580_jpg.rf.0bc6d2cff964103a48bd78d4698c105e.jpg,0,0,1,0,0
f9_jpeg_jpg.rf.bf04e3489ba76907734d2c9069c6a03c.jpg,0,0,0,1,0
bus-209_jpg.rf.be819023f735c9ee36905aa47eaaf02a.jpg,0,1,0,0,0
531_jpg.rf.cc1bf4a5303e374ed0b1aae06ad54a89.jpg,0,0,1,0,0
-B8C4C3D6-5E2B-4B74-A600-D4CC31B03C80-png_jpg.rf.68ad4b592f96c39669f9d3caf7cd5645.jpg,0,0,0,1,0
Image_013209_jpg.rf.244e3c67dcdba575d91f08dfcc64003a.jpg,0,0,0,1,1
d900408a3652fdce_jpg.rf.af71297cf08bc63f03f54b99a5721f39.jpg,0,1,0,0,0
202012157131248_jpg.rf.182d8e40f5c19f78af1863e36df6e4ab.jpg,0,0,0,1,1
23_jpg.rf.31949bbde833a50205a0cc79e657ee2e.jpg,0,0,1,0,0
0de41ac1e800611b_jpg.rf.fbb7a9150dc0d56904890a3aabe50aeb.jpg,0,1,0,0,0
179795f3d2775d7c_jpg.rf.ed32340957fa71bfb257cc08364c1b7e.jpg,0,1,0,0,0
f81_jpeg_jpg.rf.f36ef30c5076748f41d80136602f186a.jpg,0,0,0,1,0
202104121271764_jpg.rf.4aaa21102f377b3523b890eda448050d.jpg,0,0,0,0,1
583_jpg.rf.ab7f186d37a37007fcedd226318a7e76.jpg,0,0,1,0,0
76220d2e0ca2543c_jpg.rf.6fbf302c0ef78290415ee7f80bb0066c.jpg,0,1,0,0,0
-A3DAB092-266E-462D-A4D5-790862172311-png_jpg.rf.f9273faf34d03d203914911b8dd0eaa0.jpg,0,0,0,0,1
210_jpg.rf.a74197e552cc7dcb9956119016dd65c2.jpg,0,0,1,0,0
7eecf7ff2aaa158b_jpg.rf.f58d73c898d0c55021b9ef5ceb13a15f.jpg,0,0,0,0,1
Image_013518_jpg.rf.1c58c56d834381ce083a5b990187177d.jpg,0,0,0,0,1
Image_013463_jpg.rf.4d2bef16d313d86fb52ccc42f9ce15e9.jpg,0,0,0,1,1
Image_013473_jpg.rf.c986e2f1bf553200e4a7a866cbcd9bf7.jpg,0,0,0,0,1
892601232994ed3b_jpg.rf.fa59a403b37cdf52ea3c53cf944821ca.jpg,0,1,0,0,0
Image_013209_jpg.rf.f3575649f9b0479223bbc9c00ecfb1fd.jpg,0,0,0,1,1
231_jpg.rf.bb462fec1ab3fa8861b11db5634c0b81.jpg,0,0,1,0,0
589_jpg.rf.d18bbac1a480d72a29d5c9aece802168.jpg,0,0,1,0,0
0de64e0e6e2c916a_jpg.rf.9585d486eeb3f41a6e703fdef3a76cee.jpg,0,1,0,0,0
2010-mitsubishi-fuso-fe145-12ft-box-1_jpg.rf.9e90e52e1e1a79d660caa4233c9448ab.jpg,0,0,0,0,1
539_jpg.rf.18599df9416a6667425dbf0745e4a192.jpg,0,0,1,0,0
232_jpg.rf.766cbcbc59e9c47f45a5a74e556375a2.jpg,0,0,1,0,0
202103190345556_jpg.rf.179bf5137f1032398cbc82d59f87b5e2.jpg,0,0,0,0,1
-F6123FC1-A54F-46BC-9D23-148D96B1B00F-png_jpg.rf.984dbfe545111deb4d004311feaa40ed.jpg,0,0,0,1,0
2a839a6cb685d9d6_jpg.rf.9b527ebca7d74b85e293a50140d07cfd.jpg,0,1,0,0,0
202004098906884_jpg.rf.b325d13d92dcbed377004e594420c822.jpg,0,0,0,0,1
bus-153_jpg.rf.cdfb124ec3fd91ba4cbd08a3f4d8d837.jpg,0,1,0,0,0
202012317526049_jpg.rf.2d23a5cf29a835907c98a60abe75a380.jpg,0,0,0,0,1
images-495-_jpeg_jpg.rf.ba542d51e092854de24dae7d307bad18.jpg,0,0,0,1,1
2a698c23915634a2_jpg.rf.b09d60a15312527e82faf73571d88e8b.jpg,0,1,0,0,0
9784be5435ddde67_jpg.rf.3f86d244a659dc2d8cae64f9b30c25b8.jpg,0,1,0,0,0
352_jpg.rf.a6ff01cd52c2f206239724fd5603a973.jpg,0,0,1,0,0
1e2e61ecce77e8cf_jpg.rf.95e54e5688486a5338912d958d715014.jpg,0,1,0,0,0
0fb2c003c669d33c_jpg.rf.ea76e9fec80702ad72383b555de7b80b.jpg,0,1,0,0,0
Image_013209_jpg.rf.232a9687121fe33ab08bf645c4490015.jpg,0,0,0,1,1
333_jpg.rf.11b204007d53776bf4076ecf07c7b481.jpg,0,0,1,0,0
202103220434013_jpg.rf.28594bdffa93758c58f4f33a90b00c44.jpg,0,0,0,0,1
-9E27EB33-F9C5-4777-A81B-3D8D02D9E3AC-png_jpg.rf.48483a3b7961b48e030d6600e66d4350.jpg,0,0,0,1,0
0eab75e9998db83c_jpg.rf.3f70c8642608bb0cb199a43adde1b5c6.jpg,0,1,0,0,0
324_jpg.rf.60b3504742e9ec4d59b41666e942234a.jpg,0,0,1,0,0
Bike-1406-_jpeg_jpg.rf.367fd370cb299887059bb9ecd26781e2.jpg,0,0,1,0,0
Image_013473_jpg.rf.7a02bbfadcc91cf52590edefe789d967.jpg,0,0,0,0,1
-A76B17FB-A1F8-4C15-9F7F-66E718DEB040-png_jpg.rf.59b42859f66db61a7a4a8deac4eea6b2.jpg,0,0,0,1,0
2008-mitsubishi-fuso-wrecker-tow-tru_jpg.rf.75e044008896a231f7d27fe6fb118d90.jpg,0,0,0,0,1
0d8d563a6de63f80_jpg.rf.746fc5302edb96d7f0a8658a4b6c57be.jpg,0,1,0,0,0
0eec3b919dbb83b8_jpg.rf.7bcece547a37075eedbde8a92699c14a.jpg,0,1,0,0,0
8d9eabbbc5f0ef15_jpg.rf.8aab19d360854da9f7fd24d049425cf9.jpg,0,0,0,1,0
0c76214c9994fe1d_jpg.rf.e37434090f4702b92cf704453ec23ee7.jpg,0,1,0,0,0
202104121268806_jpg.rf.e3aef70aa3209570455b5dafb9770a72.jpg,0,0,0,0,1
0d829bbd335fe81c_jpg.rf.10e55b08c9b4f4ea15f98da51b74b84b.jpg,0,1,0,0,0
Bike-302-_jpeg_jpg.rf.e03a99dc8329151af11d1aaf80bc30bc.jpg,0,0,1,0,0
d1d94b2d00fe61ca_jpg.rf.8993e238f89f162e9a08c3deee6ff078.jpg,0,0,0,0,1
709_jpg.rf.260a38bb8a4ff09c827396afdc175fd7.jpg,0,0,1,0,0
202101188098240_jpg.rf.b0e444c483a3ea6d09c2afb9177822c2.jpg,0,0,0,0,1
9864bf5633c65e59_jpg.rf.265b7a3ad4809361bc5c74ad9b06e3f7.jpg,0,0,0,0,0
202012177194928_jpg.rf.8be10a61c0eccab0a63f8f7e125a7c63.jpg,0,0,0,0,1
591_jpg.rf.ef1fd3cfb0923e22d7ecad021a2b6568.jpg,0,0,1,0,0
1f77879b041fed85_jpg.rf.7989388900a2ffce385f0fe864de03ab.jpg,0,1,0,0,0
2008-mitsubishi-fuso-wrecker-tow-tru_jpg.rf.d0bf4d41eafc6786ed4a2eb296d61e49.jpg,0,0,0,0,1
-3C758EB2-E016-4C89-93CE-0E4FF51161C2-png_jpg.rf.05973c54cc41bcd5b944d9da2a32c12a.jpg,0,0,0,1,1
202009193934939_jpg.rf.7bb5984e1ab17960c3875bf0d3e152e1.jpg,0,0,0,1,1
Bike-245-_jpeg_jpg.rf.4f9fd7eafc2fe6d851234f90c86ca248.jpg,0,0,1,0,0
Bike-1594-_jpeg_jpg.rf.3435e449283566ccece7dc2da57db777.jpg,0,0,1,0,0
Customized_Hino_Ranger_Dump_Trucks_For_Sale_in_Thailand_02_jpg.rf.8085c83772fe4267b873e313c1fe0928.jpg,0,0,0,0,1
bus-103_jpg.rf.1e7694ea453bc69e0503460417a34b36.jpg,0,1,0,0,0
583_jpg.rf.f518f1e7c0daaea566e8e78c88ee82eb.jpg,0,0,1,0,0
00b21814b93ce5df_jpg.rf.1fdddcf188feccd9967e5f974858b079.jpg,0,0,0,0,1
552_jpg.rf.8f7c3996f7a664c6d29301cce3e754f7.jpg,0,0,1,0,0
576_jpg.rf.cab724b6eeec4ac03a9b7c55159560c1.jpg,0,0,1,0,0
202104131305268_jpg.rf.f6f3aa94cc91ec277d3f42c5ff417b63.jpg,0,0,0,0,1
1bb570757e5bb503_jpg.rf.3cbdc7622721089cba6d4f04f0e835af.jpg,0,1,0,0,0
Image_013469_jpg.rf.76f3691f7f7d06c1d4421fefca2dca3e.jpg,0,0,0,0,1
Bike-229-_jpeg_jpg.rf.6b8b049951f82fed056a3eb1ae492778.jpg,0,0,1,0,0
539_jpg.rf.5cf18a7f617bda9cb712b80b532fa335.jpg,0,0,1,0,0
-2229E395-534F-4F69-9F9B-80628BD8D5AC-png_jpg.rf.ba6289cc183221f6b9559a26d428ba5e.jpg,0,0,0,1,0
549_jpg.rf.3bc69c0a4c478b4824eaa31ad6c2fec7.jpg,0,0,1,0,0
0fb2c003c669d33c_jpg.rf.c0cfd8714d4368db29a90f158fc844d1.jpg,0,1,0,0,0
2c7a450f83508900_jpg.rf.2fd03853a4653240ec1b92b0f71cc918.jpg,0,1,0,0,0
2013-Mitsubishi-18ft-Refrigerated-Va_jpg.rf.48baee5507ac59245b29f2c43efb4ba7.jpg,0,0,0,0,1
-5EA2A12A-708A-4984-80AC-438C76933457-png_jpg.rf.2e935bf55039a17b77e85c592cba4c22.jpg,0,0,0,1,0
202104131298039_jpg.rf.824823f28aae2012134be3e19d970dca.jpg,0,0,0,0,1
Bike-30-_jpeg_jpg.rf.2e08c1d057679db1768c9b7f280354e9.jpg,0,0,1,0,0
Image_013462_jpg.rf.319497a471172b33f4e2261d5562ea48.jpg,0,0,0,0,1
536_jpg.rf.a5327aaed2f0d8d2a895b30683b93bc7.jpg,0,0,1,0,0
604_jpg.rf.7a626fc47f682e2fe63f9b20af147be4.jpg,0,0,1,0,0
00ae221519d850b2_jpg.rf.99520f89aa081b57c28f0526cc6f7cc7.jpg,0,1,0,1,0
Image_013584_jpg.rf.57ea6a84ee03bad8e2455d077712560c.jpg,0,0,0,0,1
311_jpg.rf.368ea2680f7f58caa3d230945e18c31e.jpg,0,0,1,0,0
a57c628c5a026bed_jpg.rf.6e141f69494f756101adc464cd76b4f7.jpg,0,1,0,0,0
-219385A6-1305-4394-A47C-8D7503109ABF-png_jpg.rf.5fe7060cf2059d7d737b98d41965d3eb.jpg,0,0,0,1,0
5a1e37db78f66_jpg.rf.98999c5f7fa892b120899e34fe797232.jpg,0,0,0,0,1
-F56B0D6D-B8B3-4FF0-AF9A-3BA3C637AF38-png_jpg.rf.9db7d498ae516e8cb0345ed559faf6c8.jpg,0,0,0,0,0
bus-77_jpg.rf.a17614cde224fab0ff91b2df7615a9e2.jpg,0,1,0,0,0
1ac1cd7543eefb44_jpg.rf.db45a80e96be1001a2ee3333ce11e9c2.jpg,0,0,0,0,0
bus-201_jpg.rf.ea5455448b4cbcf93e323fe6a91894cb.jpg,0,1,0,1,0
555_jpg.rf.01d1bf58977567fd09d72720708ce595.jpg,0,0,1,0,0
Bike-1261-_jpeg_jpg.rf.50b6c546ad11a048ddf2ce81eba630c2.jpg,0,0,1,0,0
bus-81_jpg.rf.09441da989ee131739f7556f548574f6.jpg,0,1,0,0,0
bus-43_jpg.rf.569bf334b15e53c312f53b268e1057a6.jpg,0,1,0,0,0
00072b81abc72d21_jpg.rf.5d6c9148f2d3ce6ada4156607faa9768.jpg,0,0,0,0,1
0fe6e5c615189a10_jpg.rf.6302095546143f630b0f1c3f11c2167c.jpg,0,1,0,0,0
Bike-229-_jpeg_jpg.rf.787426a293ff4ecccb2624f70b8b0bf7.jpg,0,0,1,0,0
202012086881144_jpg.rf.bb430ab9f57c90921a89c8e72b0cccce.jpg,0,0,0,0,1
235_jpg.rf.dba7ec687139237175dbb16cdddb3420.jpg,0,0,1,0,0
191_jpg.rf.0272c8d0eda9a6b4a857ba524bf8e13b.jpg,0,0,1,0,0
cf8379de677b7911_jpg.rf.c3239252d94a8e1bde55790ebc7d0dd6.jpg,0,0,0,1,0
202104111224749_jpg.rf.540e586a284e541acf638d74cd9a34d5.jpg,0,0,0,0,1
202010124908515_jpg.rf.c705c0e195e55521c530c30578f0b15f.jpg,0,0,0,0,1
a2d8e3b9157301c4_jpg.rf.d34b898eb539a0936f9377f7ffab0ae5.jpg,0,1,0,0,0
ets2-mitsubishi-fuso-supergreat-truc_jpg.rf.db4385db461162222bdb467f1db6785a.jpg,0,0,0,0,1
-DD69513A-F7AA-42AB-8934-FED2717CC935-png_jpg.rf.f3ad898253aa3d826e6d3966a61e7e21.jpg,0,0,0,1,0
202104141361760_jpg.rf.0612fe254aee0026f5a6d85383be439c.jpg,0,0,0,0,1
Image_013204_jpg.rf.6912257ff2e9db5265fe910484504884.jpg,0,0,0,1,1
-B8C4C3D6-5E2B-4B74-A600-D4CC31B03C80-png_jpg.rf.010774690c4042b7820e26ecd76a0e38.jpg,0,0,0,1,0
bak-truk-2B-25283-2529_jpg.rf.5a5f41b74ccc04c44d9c5747a8ff12b4.jpg,0,0,0,0,1
202012036741300_jpg.rf.387aeb94e1507efb5ac77cbd87239a50.jpg,0,0,0,0,1
bus-152_jpg.rf.95fde76df77523457de374f8509b9edf.jpg,0,1,0,0,0
YT00640_1_jpg.rf.9e8679419b11dd8f5d4feb0f98c64490.jpg,0,0,0,0,1
b1f97ba895f52a19_jpg.rf.9997b494768457cb6a938ade6e737df5.jpg,0,1,0,0,0
2a11f342ea1e8107_jpg.rf.1b384d32bee269d4987b8f604bcfe78a.jpg,0,1,0,0,0
0fe031eac8a29688_jpg.rf.6a6ba27ccd3c84d5221eea4800a011a2.jpg,0,1,0,0,0
-7E37B3B7-140B-4D05-9757-A121EA2D41E0-png_jpg.rf.9034c609065f713673e0960cbf5cbca2.jpg,0,0,0,1,0
-4C9F05A1-7CD5-458B-B604-60361B491683-png_jpg.rf.859089459ba2b1d3618ee41d3e1e0828.jpg,0,0,0,0,0
202103019604053_jpg.rf.f897293883176b2826033e7a3b88dade.jpg,0,0,0,0,1
Image_013580_jpg.rf.a431fa9aaa2cdc19fa16a2d4902f0536.jpg,0,0,0,0,1
217_jpg.rf.c5ddb83c46bf260debbe04ab401a122e.jpg,0,0,1,0,0
558_jpg.rf.064be46c8f4e79e230751176b75a2518.jpg,0,0,1,0,0
1e1ca4b50aabb2bf_jpg.rf.fecd29152a2171de55bfc235a5bc3502.jpg,0,1,0,1,0
Bike-761-_jpeg_jpg.rf.4df670c5afe44aead327dc881f9bb70b.jpg,0,0,1,0,0
bus-45_jpg.rf.98cccad60e9abf5d231df8010d47ff35.jpg,0,1,0,0,0
5f630068e794c-jpg_jpg.rf.842ef783d00bcf4ddfd6daac60294593.jpg,0,0,0,0,1
-3C758EB2-E016-4C89-93CE-0E4FF51161C2-png_jpg.rf.6dec204c2081c43dc9591a47d9af136f.jpg,0,0,0,1,1
202104121257671_jpg.rf.5f06564e808374c26abb2477f46ce787.jpg,0,0,0,0,1
202103069804402_jpg.rf.6dd04d3c8ae8127d2bdee4a877fe7a48.jpg,0,0,0,0,1
bak-truk-modifikasi_jpg.rf.d479ca28d48f73424b7a152d8a10ecaa.jpg,0,0,0,0,1
307_jpg.rf.77eb5e25cbf0b940bab80ae7953960c7.jpg,0,0,1,0,0
Image_013341_jpg.rf.ab685e9dc5c44015e26fb1ccb4675040.jpg,0,0,0,1,1
-5E492592-1503-4FFB-A59A-7C84C8FB58C8-png_jpg.rf.59e4b4d803f8ddbbd0fcfa1813236716.jpg,0,0,0,1,0
550_jpg.rf.9c94303917bfd96fc5aca407b4161190.jpg,0,0,1,0,0
a1c8be4b5b838f0d_jpg.rf.cb6354d881be7d4df7a84a29c6cba109.jpg,0,1,0,0,0
11_jpeg_jpg.rf.092c21ef1ee5e603ae5c2acfec413aed.jpg,0,0,0,1,0
304_jpg.rf.a21f0fd9772f3e25b18a2563091c0ca8.jpg,0,0,1,0,0
bus-62_jpg.rf.91fb8a787b5f60ed89f140000bc3bdb1.jpg,0,1,0,1,0
202010295573878_jpg.rf.ce073e4fb3aed371ace6aacd05f80458.jpg,0,0,0,0,1
11_jpeg_jpg.rf.b226bd286a20f77c3b6e60129c6070fe.jpg,0,0,0,1,0
554_jpg.rf.49b78c500674312dc570c30fcfbcc5c3.jpg,0,0,1,0,0
202012086886254_jpg.rf.385e0d485b67b0cb09d23bca8f33e74a.jpg,0,0,0,0,1
Bike-1243-_jpeg_jpg.rf.39c5f8ebf47450de3639d20f7b3729a7.jpg,0,0,1,0,0
309_jpg.rf.2ad19e26d129ce213106667196ac3455.jpg,0,0,1,0,0
552_jpg.rf.50c4f53e4a4dad4a59424174207032f7.jpg,0,0,1,0,0
-15D32EAC-AC48-4D31-BEFC-BB6539C96CAC-png_jpg.rf.f8da224d59fe72a609dc3dd0ed0063dd.jpg,0,0,0,1,0
1998-nissan-ud-diesel-big-thumb-cw55-cw55ahud-10-ton-tonne-t_png_jpg.rf.e5ebbc5b44843aa2d21daf8dbaef0e7c.jpg,0,0,0,0,1
d1d94b2d00fe61ca_jpg.rf.02e375add4c3036e155b2cb36acf43eb.jpg,0,0,0,0,1
b8048a67ccb26b7c_jpg.rf.67f23c951faf7b700e1a5465588e4273.jpg,0,1,0,0,0
-E6F47A47-82C1-4A5E-A1FB-BE0B0B76C5DF-png_jpg.rf.2a2d442c0b4acd9daa6fd1d326db203f.jpg,0,0,0,1,0
29110be3c2c739de_jpg.rf.57b9795584d240ac6e68789df00628d8.jpg,0,1,0,0,0
b1504e1cad941c22_jpg.rf.fb13500368237a193ee869d4ea4c9267.jpg,0,1,0,0,0
308_jpg.rf.b84c46ad007037d0d0a0c634ee5144d3.jpg,0,0,1,0,0
0d8d563a6de63f80_jpg.rf.302ce91cfcb5fecafacfce59e53b8c0c.jpg,0,1,0,0,0
bus-50_jpg.rf.9f089d6138db662f88289e11170267e9.jpg,0,1,0,0,0
1168647385c43306_jpg.rf.4c11137f8b43588f051dd3776540b8c8.jpg,0,1,0,0,1
-B3BBA8CB-5B74-43EA-B4C1-765411FEDC4C-png_jpg.rf.a3fd36b811bc79c277591b0556324501.jpg,0,0,0,1,1
199272159181db28_jpg.rf.34ca24377a4acb03ac5ece4f30571178.jpg,0,0,0,0,1
558_jpg.rf.17ab7a816dba8c3a3cb18c8add5b3d6b.jpg,0,0,1,0,0
306_jpg.rf.113ca727f207e9b3cdb646d02d91519c.jpg,0,0,1,0,0
-B20BF572-7ABA-427A-9911-0697A5B4C44E-png_jpg.rf.461a35add0ae29a04d252bf9bd320ed1.jpg,0,0,0,1,0
234_jpg.rf.80e0f1cbe2bebd244d57d93d65de4681.jpg,0,0,1,0,0
202010215267318_jpg.rf.20c4009db39a2ba349c54288378d9c90.jpg,0,0,0,0,1
231_jpg.rf.52377f4431c555a4fe48b367ba056818.jpg,0,0,1,0,0
287508cc376a5f0d_jpg.rf.0c47b08fad109d559dd3c9444adbe7a1.jpg,0,0,0,0,0
b85722b842d649e8_jpg.rf.d5575333f97fc431c907400c1c7dc7d3.jpg,0,1,0,0,0
h51_jpg.rf.a1019a8d553129e5dd679f685a970a0a.jpg,0,0,0,1,1
bus-50_jpg.rf.010ef93ebc9eb0dc6c3e151799e220e4.jpg,0,1,0,0,0
310_jpg.rf.2e038c658d330044d30e50f7ff115ca3.jpg,0,0,1,0,0
287508cc376a5f0d_jpg.rf.2e5d8abb88ef03644836d148c8650b6d.jpg,0,0,0,0,0
0fdb1538b15cced4_jpg.rf.9f74e74cd56918b325c2d93ef9cf1f04.jpg,0,0,0,0,0
Image_013586_jpg.rf.0b1a594b40b99dafc538e52c1731bfab.jpg,0,0,0,0,1
232_jpg.rf.c0d511730b44de5d17cb90ccc88e5015.jpg,0,0,1,0,0
-3C758EB2-E016-4C89-93CE-0E4FF51161C2-png_jpg.rf.bbaaaa5f5ca5923b6166f70a40c93049.jpg,0,0,0,1,1
ets2-mitsubishi-fuso-supergreat-truc_jpg.rf.3181fd02bbcad42bed4f5a93da000216.jpg,0,0,0,0,1
0fff210cd6af51bf_jpg.rf.037b7564a6e77f68cdc7140ad742f121.jpg,0,1,0,0,0
-7FAF411D-CD18-4902-9409-0DA28E30E6D5-png_jpg.rf.11ef758e9ce2075316890b181edea6ad.jpg,0,0,0,1,0
1e553c5a0b8e3960_jpg.rf.13148ff1da48458dd56bae4a714d0e8b.jpg,0,1,0,0,0
9702d272dcc9e1fe_jpg.rf.64169598102b6a0f439b7fb00825b2d1.jpg,0,1,0,0,0
220_jpg.rf.fce4e1ea29e287fa824256dcc9c81b96.jpg,0,0,1,0,0
202012086886254_jpg.rf.fbc81198b8532d20e19ecbd252480d0b.jpg,0,0,0,0,1
0b90182951fe815e_jpg.rf.f60d507b84fd32ed295749cf769121e2.jpg,0,1,0,0,0
291_jpg.rf.158e30b63098a6e45ca98e13f78377f9.jpg,0,0,1,0,0
a2ec7cc1bc04f59a_jpg.rf.cafaf2b8555b90ed8c3d12e17f43ffbd.jpg,0,1,0,0,0
3ded02412ac12d4b_jpg.rf.209b8da3758ef6f1415af34ad2e62071.jpg,0,1,0,1,0
1b204be35502c5a0_jpg.rf.cea7ba7df1239582b925ce1ca548c92b.jpg,0,1,0,0,0
9702d272dcc9e1fe_jpg.rf.3be488ba9e9ddf56e331bcd157b7b39a.jpg,0,1,0,0,0
bus-120_jpg.rf.7ec29cfae76a5ffd1f89b49d5192006f.jpg,0,1,0,0,0
tripod_seq_17_005_jpg.rf.5f73bb0c9529e772c31ba92a29e56784.jpg,0,0,0,0,0
-86F182D0-73B9-46B2-826E-BE5DE5A76D12-png_jpg.rf.6a2129b1968de24c8f5a64652c95be08.jpg,0,0,0,1,0
bus-285_jpg.rf.b665f6874ea1eb3ae90976f92a5b2313.jpg,0,1,0,0,0
-79CD8919-65C6-42BE-B5A1-81EF57DAED94-png_jpg.rf.ffee02f69f34b4c69fe3c590c18af76b.jpg,0,0,0,1,0
goods-transportation-for-kabul_jpg.rf.3b274ffd9000daf8ac858d07e1601eb9.jpg,0,0,0,0,1
bus-145_jpg.rf.c580f5e3185b278714ad416419361c20.jpg,0,1,0,0,0
3ded02412ac12d4b_jpg.rf.4958616f2d0a919c15a4fa8e55c4bdb7.jpg,0,1,0,1,0
-f6070acc85_jpg.rf.4b88df3806a6bbecc9a336556affddad.jpg,0,0,0,0,1
Image_013357_jpg.rf.df4e1cbdd4e80d304a6081750edbe172.jpg,0,0,0,0,1
202012036741300_jpg.rf.f297ae21afe93aa8a17060e6809fee1c.jpg,0,0,0,0,1
-AFDBA762-453D-4003-BBDF-A57AD7B04932-png_jpg.rf.b8a073a1d7b9fc39111b41730fa4479e.jpg,0,0,0,1,0
-DD69513A-F7AA-42AB-8934-FED2717CC935-png_jpg.rf.6b72e4ec1138bd9d114dbf1905842ca0.jpg,0,0,0,1,0
290_jpg.rf.1a7c4ec2d4f8b9c1ac79b8256d27166c.jpg,0,0,1,0,0
modifikasi-2Btruk-2Bdan-2Bvariasi_jpg.rf.1891ee2eb573031eced958e61c7fffc1.jpg,0,0,0,0,1
-420B178A-1068-4C65-B00F-763738FCB982-png_jpg.rf.401144edbb33ea4157df5f2d1ab5d470.jpg,0,0,0,1,0
552_jpg.rf.c036e593b266e17ec12bc3ff6c07706d.jpg,0,0,1,0,0
ad-assets-2F17828-5812AIS01-2Ffield_jpg.rf.8aef33ad03e7570bf73eaea9107e3702.jpg,0,0,0,0,1
b654373c253af19a_jpg.rf.476ed7d4bdce83942e876cec626ac754.jpg,0,1,0,1,0
709_jpg.rf.b47170b5a186f71fa455eac1c619a234.jpg,0,0,1,0,0
29110be3c2c739de_jpg.rf.597082471feb5a8e1865626a3145a4ef.jpg,0,1,0,0,0
bus-64_jpg.rf.2fbd5e7dd28316b505089e068849a9e9.jpg,0,1,0,0,0
202012016667837_jpg.rf.89ea9949ffa369f271743c3e3af3f6ac.jpg,0,0,0,0,1
-687977FC-98B3-4217-83A6-8DC558A0AA6D-png_jpg.rf.66be5cc09f5080da5488d476275bb14b.jpg,0,0,0,1,0
bus-66_jpg.rf.bba63c730625858fe25eabe09a7c1c70.jpg,0,1,0,0,0
bus-65_jpg.rf.d60ac6835f4415e75bf062b7e3111e5e.jpg,0,1,0,0,0
b172c5ea03e5b6eb_jpg.rf.c0974e68bda80b4abe971b07f017afe3.jpg,0,1,0,0,0
5f630068e794c-jpg_jpg.rf.9fd5aa28532243c1670b1d56d0896037.jpg,0,0,0,0,1
02e3adf2289cefdb_jpg.rf.e1039bf19de7f14ee78635768e184eaf.jpg,0,0,0,0,0
b85722b842d649e8_jpg.rf.a929ca54222fe5b39dea19f36698d544.jpg,0,1,0,0,0
bus-280_jpg.rf.4f84dc0c45d01feb4e92e773ddd16e6b.jpg,0,1,0,0,0
91247a_jpg.rf.10ce2abb1f8245074759693bf7a7dd51.jpg,0,0,0,0,1
2005-mitsubishi-fuso-fm260-24ft-box-_jpg.rf.96830cba32798c399f075608369a47e5.jpg,0,0,0,0,1
-34DF5B40-DBDB-49DA-9FF2-401C7D6472AE-png_jpg.rf.de1539b0c87e2e3621b29dfc5a88096c.jpg,0,0,0,1,0
Image_013281_jpg.rf.c956d4963334a0956f2df74a3cad8ec0.jpg,0,0,0,0,1
bus-103_jpg.rf.e9668dac06527cae9abba2f4efd3c55f.jpg,0,1,0,0,0
-4669828B-853B-4599-BED7-E52C405426C1-png_jpg.rf.e005dac7608b2c1dc85ecfed50f6bddf.jpg,0,0,0,1,0
Image_013357_jpg.rf.1b4bd94726e763cc938e024e80d8b030.jpg,0,0,0,0,1
-34DF5B40-DBDB-49DA-9FF2-401C7D6472AE-png_jpg.rf.4def218a7150272eb60effd161a67e06.jpg,0,0,0,1,0
-3571FC71-85E8-4968-8882-3A4B92AC8388-png_jpg.rf.c3f50b31bcd64beff4771912e1e3f456.jpg,0,0,0,1,0
-FC886638-15CC-4648-9C63-FA6788161E1B-png_jpg.rf.f4fa0aa1454bc96453bafc7f10623dfe.jpg,0,0,0,0,0
b1f97ba895f52a19_jpg.rf.67aa3187a206d663997019913006ed5b.jpg,0,1,0,0,0
1fc8576317033787_jpg.rf.554d16619bec937d5c44712e44d3cb63.jpg,0,0,0,1,0
YT00640_1_jpg.rf.a0b8b2c363756f9e488ffd7c2a1dfec9.jpg,0,0,0,0,1
-251A7DC4-47FA-45BF-8F18-8C933578D147-png_jpg.rf.6c759e121af08af0ae57f2c7266954fe.jpg,0,0,0,1,0
b1aa709d72e93d78_jpg.rf.3cc420a0d4232b4aaf25b5cd984baeb6.jpg,0,1,0,0,0
1fc8576317033787_jpg.rf.5fd524730409d44c66343376b0903616.jpg,0,0,0,1,0
ac5a8c173a1d5679_jpg.rf.61836b85c6a1917c324978733bef23df.jpg,0,1,0,0,0
0baf0bf0223cb62b_jpg.rf.ba0f8e7126e48aa8f6b68cfaa4df6551.jpg,0,1,0,0,0
142_jpg.rf.6195229ce8bdd617b30f1e91835feb0d.jpg,0,0,1,0,0
-4C9F05A1-7CD5-458B-B604-60361B491683-png_jpg.rf.6fb2976b9f6b58ceaadf826918c62192.jpg,0,0,0,0,0
-FC8189D7-B6B1-4EF4-B540-5BDD2867805E-png_jpg.rf.eb43dc06452f57f69c00c7c41ca2b56c.jpg,0,0,0,1,0
-7A5157C7-2559-41E2-8D05-376D1E96A58E-png_jpg.rf.4ec964250439344f4894ee99df69faa0.jpg,0,0,0,1,0
b304d0ce55d54336_jpg.rf.09b408935b7e0d46829fad618386d26e.jpg,0,1,0,0,0
-FDBCA379-DAA6-4F02-90DD-4E239035C8E9-png_jpg.rf.2f5c24cb5048d53c8543cdfe6eb03182.jpg,0,0,0,0,0
a5719ae8fb65a259_jpg.rf.3a11babe007e5a5869e990d669500d3b.jpg,0,1,0,1,0
-7A5157C7-2559-41E2-8D05-376D1E96A58E-png_jpg.rf.6a529cf9a462b37a6b3398ae784156af.jpg,0,0,0,1,0
00c0e508d6ad8af3_jpg.rf.6de060813886ae126c294ea5a6188006.jpg,0,1,0,0,0
73eecdcf3e8b2d0a_jpg.rf.b5f42092625b60203d58aad0644dcca9.jpg,0,0,0,1,0
-0DB55AC0-C1EA-47D6-80E8-DD6C861D5B97-png_jpg.rf.7e4433d541ad619c598429e3758e5847.jpg,0,0,0,1,0
-DE08089E-9C98-4643-B056-358B21F13523-png_jpg.rf.b53f742db7ee5d97946a99609b16180f.jpg,0,0,0,0,0
image-42-_jpeg_jpg.rf.48b45059dd8dd6de9b3c35ccc4e90096.jpg,0,0,0,0,1
img-20200305-wa00143333_jpg.rf.23030f8b3e5ca9cef8b5bc01b766c365.jpg,0,0,0,0,1
-400E9E90-CD4A-470F-89E2-C9E1D1854AAB-png_jpg.rf.29c732083cae4d5979bec1a0743c8999.jpg,0,0,0,1,0
0158932b16a6417a_jpg.rf.3d2bb1b936a1b5a4022b89144815becd.jpg,0,0,0,0,0
Image_013341_jpg.rf.c0835f2cd29f61a9836d6dd02713b9eb.jpg,0,0,0,1,1
bak-2Btruk-2Bwarna-2Bkuning-2Bmerah-4_jpg.rf.e9863752922029385219ee5aba31568b.jpg,0,0,0,0,1
-2D294BA4-46A9-4671-B484-97276D883A2F-png_jpg.rf.05de06f5cbd093e9ea9a3dda2694662c.jpg,0,0,0,1,0
maxresdefault-22-_jpg.rf.0d58b945f2f96fe2dd992d1dffc3977b.jpg,0,0,0,1,1
-423FE4FB-F3E1-4E8E-8A40-5A99AEF6C353-png_jpg.rf.6eb54eeadb52090a1117a7128005394c.jpg,0,0,0,1,0
-19FD5421-B6A2-4865-807F-65DEBDA59E17-png_jpg.rf.73bd5d17637bf75e37433214af62b2ad.jpg,0,0,0,1,0
-BD831309-37C9-41D5-9E49-CFA006FA398D-png_jpg.rf.7ba2c0fbf90c4fb0e3ff97250caad8b6.jpg,0,0,0,1,0
179795f3d2775d7c_jpg.rf.cac5988b0bcf6353e62dd34a21a19a74.jpg,0,1,0,0,0
-2088E07B-6C63-4BE9-88C8-F7101EF0F6A5-png_jpg.rf.8a704f64cb7b1b033778e6ca93b709e0.jpg,0,0,0,1,0
-420B178A-1068-4C65-B00F-763738FCB982-png_jpg.rf.29578774757c23664d4fc95b90dcad5a.jpg,0,0,0,1,0
-EF9A5DB8-BD98-4669-9BEB-68093AECC064-png_jpg.rf.a22b3844d86106813fc3279d2d7422a7.jpg,0,0,0,0,0
379423cf6bfdfa68_jpg.rf.0121da95cc7964528c0e5c1b57041100.jpg,0,1,0,0,0
223_jpg.rf.eceeb45e39d77ae91d3760cfdcc56ff8.jpg,0,0,1,0,0
Image_013480_jpg.rf.49702396e1fe86912b3a8b0606eb8396.jpg,0,0,0,1,1
144293_a_jpeg_jpg.rf.6b5bc54654ba51cf1c0b409572a890bd.jpg,0,0,0,0,1
Image_013471_jpg.rf.72e4ed5cd4f1d80bef848d3619cb75dc.jpg,0,0,0,0,1
b50c7c2e53f1948d_jpg.rf.d55de7b1c80e8f2f7f22f5444901ff89.jpg,0,1,0,0,0
-32A5D21B-354D-4AF7-9DE3-CF9222F072D6-png_jpg.rf.f9a3c00e9b72e7fc0d0e46cb75eaffcc.jpg,0,0,0,1,0
027802fd1528a467_jpg.rf.e40bcc49944c94fe73b88204d0607e53.jpg,0,1,0,0,0
-251A7DC4-47FA-45BF-8F18-8C933578D147-png_jpg.rf.7cc4cfb29f345c8c36a8a37946df3f76.jpg,0,0,0,1,0
0ba3d539f63542b2_jpg.rf.8e6faf7fbd401faa6e253dc0d7cb133f.jpg,0,1,0,0,0
-6A6DD558-AE05-4068-83CA-C77433215445-png_jpg.rf.854f33e89e19ced746663abd9fb605c5.jpg,0,0,0,1,0
-323E6828-EFA4-4B9B-AC96-692A9C51B2A7-png_jpg.rf.919461b16f9da72e6066c26a6aa32fb9.jpg,0,0,0,1,0
ac1d5a91213b8945_jpg.rf.38ce7b5f25a1ae1242feb953e8d24869.jpg,0,0,0,0,0
-444DBD47-6269-41AA-8450-942029C69375-png_jpg.rf.2ac7c54d9db8bee7806302e2506cee67.jpg,0,0,0,1,0
b1bdc5e8f0555dd3_jpg.rf.b6d2837887d6318770af81ddf901f014.jpg,0,1,0,1,0
xe-tai-mitsubishi-fuso-canter-12-8-4_jpg.rf.469b785ae6633cc2d689a70f93a82e1b.jpg,0,0,0,0,1
1_16081097455fd9ceb19a2c2_jpeg_jpg.rf.ff719b97c115995724737fb8f8c75621.jpg,0,0,0,0,1
1fc132805e66f61a_jpg.rf.7163f845e8a1ef0c03954f00ccbe16a9.jpg,0,0,0,0,1
28_jpg.rf.73cc25f8e9a227da48476c454605ed9a.jpg,0,0,1,0,0
bus-103_jpg.rf.24535a778c6f311597ccfaf27f43d056.jpg,0,1,0,0,0
01ab51e8239f5718_jpg.rf.8d14cfbea4e4212e324f9c56cd18615d.jpg,0,0,0,0,0
-251A7DC4-47FA-45BF-8F18-8C933578D147-png_jpg.rf.20dee9b222d48f4582ad31bc5642a26f.jpg,0,0,0,1,0
-BE1B7E1A-3BF4-44E6-A49D-E46AC48D77B0-png_jpg.rf.eea9f7e0471ed31a7656d2d860cbc929.jpg,0,0,0,1,0
02a596b551ef7c7c_jpg.rf.64a1465fab2f2eabf2ce0fe9e4284bb0.jpg,0,0,0,1,1
71_jpg.rf.6c450569f3746a28b80719c5e7ce6dde.jpg,0,0,1,0,0
-423FE4FB-F3E1-4E8E-8A40-5A99AEF6C353-png_jpg.rf.46c86fd30b41dc0de88d7f7862b83d69.jpg,0,0,0,1,0
-341F28F4-B515-475F-8729-F40EFDDDF0C2-png_jpg.rf.03c9ed9c9981cbe8de85065b2455367b.jpg,0,0,0,1,0
0c5893544d3fdc26_jpg.rf.581cb22a410d711a31df9b8577f16d30.jpg,0,1,0,0,0
-3571FC71-85E8-4968-8882-3A4B92AC8388-png_jpg.rf.4f9c697621ab78f40ccf365f7f9e94f8.jpg,0,0,0,1,0
209_jpg.rf.72c70de40a9fed1bd71627e505248afc.jpg,0,0,1,0,0
-63A3759B-1595-4A66-BB62-1E7F580BA753-png_jpg.rf.d08cd59553e1728b6533fa8d65085f94.jpg,0,0,0,1,0
-2D08F0C0-6CF5-48A3-A125-01AC2118A734-png_jpg.rf.476345196f04d1120656225d165d3f96.jpg,0,0,0,1,0
tripod_seq_08_021_jpg.rf.477b25e6cb9ea12fca197a9330220999.jpg,0,0,0,0,0
bus-104_jpg.rf.a07e917240f752f426a1da300b02e149.jpg,0,1,0,0,0
-FC8189D7-B6B1-4EF4-B540-5BDD2867805E-png_jpg.rf.a5a74187bcabc22b37bbc03d5ad86b0d.jpg,0,0,0,1,0
00d9a751d73ee232_jpg.rf.59a754bb729dabafe610a9a8dcc75407.jpg,0,0,0,0,0
a8000474711304b5_jpg.rf.85a3c65cb06d957e24eb7eb315c8b71c.jpg,0,1,0,0,0
bus-236_jpg.rf.142c987d49e2c4bd84a0ee748ef06794.jpg,0,1,0,0,0
-6404E51D-D7FB-473B-959A-3E4E845899CF-png_jpg.rf.b499105946802ad1dbaec4b12e59c4f7.jpg,0,0,0,1,0
547919acfed4d238_jpg.rf.0a94c1fdfdedba2f44309a878d301cee.jpg,0,0,0,1,0
-C4FB6EE5-2134-4252-A3E7-FCE53E7F5D62-png_jpg.rf.85fe3cf62e6a6c946deb59586b16bf11.jpg,0,0,0,1,0
171_DSC9335_jpg.rf.ce369f329f2fa609c80a06933397cb55.jpg,0,0,0,0,1
-FDE945D0-FBF3-4C9A-8081-439EBB7FA66E-png_jpg.rf.bf91636bd4d5ae9abbe6afe229edb105.jpg,0,0,0,0,0
-0DB55AC0-C1EA-47D6-80E8-DD6C861D5B97-png_jpg.rf.a6983636fcecb0145247dcddc4f4d9d6.jpg,0,0,0,1,0
-6254A622-2157-4AD7-BB2C-4A3F4E465B5A-png_jpg.rf.0e124018be6647c804c89670db5a2fb2.jpg,0,0,0,1,0
-E169C681-EEF4-4F14-8884-D6C35F9A4005-png_jpg.rf.a7c8833115018e6957e83a979d7ddbde.jpg,0,0,0,1,0
-6D8CF994-CDAD-4784-9A07-C91C6EEDA073-png_jpg.rf.b1b4f532334d4c58ebeb9c7e5e780b36.jpg,0,0,0,0,0
035688ba3f2ccd56_jpg.rf.48d4cdd06662c350e37a8423907c85a7.jpg,0,1,0,0,0
0ab2be6809214e38_jpg.rf.973004be304a3de9b92f827b57988ba9.jpg,0,1,0,0,0
b50c7c2e53f1948d_jpg.rf.20f86f59d8d5b6405c70ef8748fc68dc.jpg,0,1,0,0,0
-EEA1641A-B371-4A29-B7ED-528A0B641DD4-png_jpg.rf.f106fd2466dbe16fd8a2262722b15cb0.jpg,0,0,0,0,0
2010-mitsubishi-fuso-fe145-12ft-box-1_jpg.rf.64156d8fd469339e214ae119b8f904ca.jpg,0,0,0,0,1
bus-114_jpg.rf.721a190e6df882be23e032e616b02393.jpg,0,1,0,0,0
-7E37B3B7-140B-4D05-9757-A121EA2D41E0-png_jpg.rf.ba95763bdd3a5fc502acb4ebff7ac650.jpg,0,0,0,1,0
-87FD317E-6F61-44EC-99D8-CD780485C6D1-png_jpg.rf.8781521c5fbc2071c74c9c21f3217ee4.jpg,0,0,0,1,0
0494ec6271e4c9f8_jpg.rf.91e1faf93c85992ebef66657e036cabd.jpg,0,0,0,1,1
001bdbbf7a3ac993_jpg.rf.44ca530a50e99020e4858d15bc314cea.jpg,0,1,0,0,0
1860X1050-fujin001_jpg.rf.dc3ed6025b1a935882c9c66016780274.jpg,0,0,0,0,1
image-45-_jpeg_jpg.rf.9a4a1371b48c2218b01ee4fe86ba78b5.jpg,0,0,0,0,1
-51FFF967-684D-4519-8EC0-A9C7CC6F2280-png_jpg.rf.7a7f56874b63a10d4d960b9f76bc1e36.jpg,0,0,0,1,0
unnamed-11-_jpg.rf.7cae803aabbb83214c10d4d217cb1ddf.jpg,0,0,0,0,1
image-53-_jpeg_jpg.rf.b24255328b8385bbf690eeaa7222ed06.jpg,0,0,0,0,1
bus-223_jpg.rf.2e92d7bd127bdd6b9690923d82398c2b.jpg,0,1,0,0,0
249_jpg.rf.39019bb53448cdd74755c434ed3f7edb.jpg,0,0,1,0,0
-BD23F506-8DE9-4C71-B79A-585BF30E68A5-png_jpg.rf.6b2eb7bf238ab8eb8dd4fe277302d67d.jpg,0,0,0,1,0
bus-218_jpg.rf.2e6eab51fec00225816278c5fcee8b82.jpg,0,1,0,0,0
066783e763e74642_jpg.rf.223957f609e5df8e2b643b882e6253a0.jpg,0,1,0,0,0
Image_013610_jpg.rf.55f3578e7ddf06137d1a2c1abee66729.jpg,0,0,0,0,1
-DDF02CB8-2C31-4AEC-87F6-22360E427E9A-png_jpg.rf.33f79baa55448614e6121ccef37eeb98.jpg,0,0,0,1,0
images-214-_jpeg_jpg.rf.3a2a6967890f789e74f985c658a359f3.jpg,0,0,0,0,1
-834D156C-1093-4AD9-A086-72E4C7B5D2D9-png_jpg.rf.25399708291e906c8cafd960656c9a0f.jpg,0,0,0,1,0
-219385A6-1305-4394-A47C-8D7503109ABF-png_jpg.rf.23a0ff92bf97078861e1932216dd1cc8.jpg,0,0,0,1,0
-63991B4F-9F98-4B3C-9CF4-B7985DB357D1-png_jpg.rf.b76a014d3c7d7129ec770606162c1689.jpg,0,0,0,1,0
274_jpg.rf.e75e25ba0b6aa906715f3caa7df75386.jpg,0,0,1,0,0
-DD95CFAF-9F07-4A41-BA25-AEDA2106D0E5-png_jpg.rf.179dfbaf113352d116d8a8b3c092196d.jpg,0,0,0,0,0
a94d9c78dde60ec7_jpg.rf.69eca84bd5b3f6731e8f312efc92846f.jpg,0,1,0,0,0
h51_jpg.rf.a0fe2cc5471a233045b46f75e229b3a5.jpg,0,0,0,1,1
00a42fc158bbdc03_jpg.rf.df8a48ea0d00e0af2725468273b1fd83.jpg,0,1,0,0,0
625_jpg.rf.ceb8dee152aa9275ce81958df601e68f.jpg,0,0,1,0,0
07779bdfd37cf6a5_jpg.rf.1251b25d9f93ed4286e75435b9474bd9.jpg,0,1,0,0,0
209_jpg.rf.f433ab82a6a852c7343122b48b04c943.jpg,0,0,1,0,0
cutting-sticker-truck-canter-terbaru_jpg.rf.1a79332763781eb7d6bc5f6f73d18f59.jpg,0,0,0,0,1
9041_1413578135698_jpg.rf.16bcad6e72c5a41e076abd8c395e6416.jpg,0,0,0,0,1
756_jpg.rf.28be5e78d5319cd463744103747f45ca.jpg,0,0,1,0,0
a99d97524c1526b3_jpg.rf.5d5d41e4999257049a01398d706c54a8.jpg,0,1,0,0,0
ad1271c888f99ac0_jpg.rf.a12581e816d1d4b8ca99d1b9cd5a3496.jpg,0,1,0,0,0
-DE08089E-9C98-4643-B056-358B21F13523-png_jpg.rf.f582b59349a5e715b35332fecc660cd9.jpg,0,0,0,0,0
b8048a67ccb26b7c_jpg.rf.0c80be97c563cebdbd004f5f885a7a35.jpg,0,1,0,0,0
-7E37B3B7-140B-4D05-9757-A121EA2D41E0-png_jpg.rf.1976929721eaaf15ed33a79f1f93b450.jpg,0,0,0,1,0
-3ED11401-3001-41F4-8807-7BDA41D24CF3-png_jpg.rf.486dff2ea3026558a0471da7004c0174.jpg,0,0,0,1,0
1574230907_ets2_04090_jpg.rf.552d5167c6fd0dd1289c15e4db0a7dde.jpg,0,0,0,0,1
00edd52b1922df7b_jpg.rf.563907029cce4fe93baf2ebb08a31e62.jpg,0,0,0,0,0
7f521593dc5e1d37_jpg.rf.872ec954626efcf7f536160395e4354a.jpg,0,1,0,0,0
bus-238_jpg.rf.37d5bb2b3291fd5a1adfd3812cd43f43.jpg,0,1,1,0,0
bus-106_jpg.rf.bba97861e15a42c741e1360d6339e66e.jpg,0,1,0,0,0
-FFB52469-E780-47C4-887D-EEAD0226DDE5-png_jpg.rf.249fd1484f85c3566c44b8c443542192.jpg,0,0,0,0,0
Image_013610_jpg.rf.9bb526a14357180ada35b2da8cabff29.jpg,0,0,0,0,1
234_jpg.rf.56d3b3a3139ef27d8439a9e74e6ab5a7.jpg,0,0,1,0,0
83_jpg.rf.bec1cea00cd623c618276a64c7cf0627.jpg,0,0,1,0,0
02fba0ff657a2fd1_jpg.rf.04992669f7a2371f856c893e1c3f35c7.jpg,0,1,0,0,0
612_jpg.rf.aad3a6538883172727572fb9119baeeb.jpg,0,0,1,0,0
-2202A4F3-BE1B-4E4C-8D0C-DCBDAA8F5303-png_jpg.rf.6899af463ebc54effb6f3c668277d745.jpg,0,0,0,1,0
053227f4aed1f791_jpg.rf.a85f134d884946fc11fbd9fee841699c.jpg,0,1,0,0,0
Image_013781_jpg.rf.8d5f5063eb460b1ca0d5f5436d96f16e.jpg,0,0,0,1,1
-7BD0670A-F3AA-4DF3-A61F-D64CF293E7DA-png_jpg.rf.7a1416dffe02c7b9711538ed459b17d9.jpg,0,0,0,1,0
a93956d6c3469789_jpg.rf.a8a8538a31313831895f734fecc93844.jpg,0,0,0,0,0
612_jpg.rf.801dbddba5bd651cbb65b95a9376246f.jpg,0,0,1,0,0
2013-Mitsubishi-18ft-Refrigerated-Va_jpg.rf.70488ee225ddcb6f89a6c074af8abd4e.jpg,0,0,0,0,1
image-54-_jpeg_jpg.rf.acfdad8f5ba8a6f2c3dde6714c68ec8a.jpg,0,0,0,0,1
-5E492592-1503-4FFB-A59A-7C84C8FB58C8-png_jpg.rf.d67b6593b806d323cdbc402a6df82cc2.jpg,0,0,0,1,0
-B5E2431C-7F4B-4751-8AC1-D267314A9AA2-png_jpg.rf.1fa1348b63f971e40894ec9c70012456.jpg,0,0,0,0,0
289_jpg.rf.f0b4d0d07627240143a48c0780e91d6f.jpg,0,0,1,0,0
Image_013403_jpg.rf.2d78f9e8b1d6e5896667e251e3781bc4.jpg,0,0,0,0,1
a62dc1c018ce79bf_jpg.rf.145a49cb323ad14442742cfd13cbc20a.jpg,0,1,0,0,0
-AEF9D29D-6920-40B6-A41E-C461F9DDD9F2-png_jpg.rf.d214a25796267f94405d2fc9a908290a.jpg,0,0,0,1,0
-4FB14832-DB4E-41E9-B8FC-9D33DEB67AAA-png_jpg.rf.f4979bc4283cc2d1d96074bab54743be.jpg,0,0,0,0,0
-F56B0D6D-B8B3-4FF0-AF9A-3BA3C637AF38-png_jpg.rf.d71b035c052a9d74b12a2cf643c0e14d.jpg,0,0,0,0,0
-3F312249-5BB2-476B-ACB5-2E2DF4202FEC-png_jpg.rf.87d57dae8959a1898c513c45856a4c7e.jpg,0,0,0,1,0
bus-228_jpg.rf.c5a8e99f3adf37344646ff5a6e2edfe3.jpg,0,1,0,0,0
2d499dab8c71a566_jpg.rf.67ea020c6deb7c726f4eff3b22ea423b.jpg,0,0,0,1,0
Image_000177_jpg.rf.b8b077f1498ad69fc313ba49ff8f900d.jpg,0,0,0,1,1
-F6E6F421-AD9D-48A9-8CF7-07EB7ADEE1AF-png_jpg.rf.3316b3f08e612e868ad337b5a557aeef.jpg,0,0,0,1,0
-BC89B900-872B-4F21-9203-A355A2B95F8A-png_jpg.rf.2f32155ef5b861743b7299b1297aa8d1.jpg,0,0,0,1,0
140_jpg.rf.5954f307c769d499276db154e946f16d.jpg,0,0,1,0,0
-C4FD8D81-9544-454B-9C40-CF4827AC5883-png_jpg.rf.8acf1ed39a1523c9c9de7b3083cf4d58.jpg,0,0,0,1,0
-CFE43611-3817-4981-B605-D34C68958207-png_jpg.rf.90fe0a6fa5ad7ae6ed503e48c1487d88.jpg,0,0,0,1,0
85_jpg.rf.0761cef930e762caf4446158b9cac11c.jpg,0,0,1,0,0
88_jpg.rf.2bb3d0915113ad5f76034d98fbd9b41f.jpg,0,0,1,0,0
761_jpg.rf.d39867eda25f64f0f7f72c703aaaf2c7.jpg,0,0,1,0,0
-C01087D7-A9FF-4402-8715-C983088F2476-png_jpg.rf.74be5e7ab5b4c3f510329e88add426c0.jpg,0,0,0,1,0
bf1a53a00674166b_jpg.rf.a2998b3937d043495861d0d4594f5b44.jpg,0,1,0,0,0
Image_000399_jpg.rf.1940a1d5d72d06074cd5a1e15c984147.jpg,0,0,0,1,1
02e77c5d58d53c63_jpg.rf.21778f4aeb1ea48d7b5278de25616740.jpg,0,0,0,0,0
-AEF9D29D-6920-40B6-A41E-C461F9DDD9F2-png_jpg.rf.c5fad1bf612a84b2e96ca8a0cbdfe0d1.jpg,0,0,0,1,0
Image_013565_jpg.rf.f12eb5ba9e4a037cb0b6f686b284a1f5.jpg,0,0,0,0,1
158_jpg.rf.64849503404f7af1f4ab95e715393903.jpg,0,0,1,0,0
bus-107_jpg.rf.8d1690bc962186b0ae77f6793c40e539.jpg,0,1,0,0,0
beed917f56f7ff96_jpg.rf.66543d54cb05109fae52c8b2f4b6cfd3.jpg,0,1,0,1,0
-232F1AAC-99B4-4968-8EF1-6B89C021BE11-png_jpg.rf.4a45b718a897635a2b1378fc565a1a88.jpg,0,0,0,1,0
Image_000177_jpg.rf.239ce7d27cfda93368babb42087451aa.jpg,0,0,0,1,1
163_jpg.rf.c173e4f4155f0c60629bf520fde5fdf2.jpg,0,0,1,0,0
-2846226C-6A55-4876-B717-7F8A5FA4E560-png_jpg.rf.fdf2e11681591d3640a7631bfdb40ca8.jpg,0,0,0,1,0
63_jpg.rf.0ed6051448bdfe7eb828516e5c8cfcef.jpg,0,0,1,0,0
-BEDD2378-C948-41BC-AF01-76A71A639266-png_jpg.rf.16cc63e1af5a9f4be0013e01cc507415.jpg,0,0,0,1,0
-AFC92243-360D-4139-9A81-2819BD21298A-png_jpg.rf.305711c3c63dd656861816dc900c5fa0.jpg,0,0,0,0,1
-E65ADAD7-7559-4704-8100-0091A6B9C3C6-png_jpg.rf.13fa7cf6ebcff00599986361629eff7b.jpg,0,0,0,1,0
-687977FC-98B3-4217-83A6-8DC558A0AA6D-png_jpg.rf.8c4931d4606a2a99d260af4c2deaebf8.jpg,0,0,0,1,0
-D276856D-8655-4E00-9B81-7746DB0426B0-png_jpg.rf.44b5f6b63179e15878df7d7106db551e.jpg,0,0,0,1,0
Modifikasi-2BTruk-2BIndonesia-2B10_jpg.rf.09ae81cf332179b1dfdfaad14f0b5759.jpg,0,0,0,0,1
c03540dabbd8858c_jpg.rf.2eb611921dab8d8d095313b9bea0ad3b.jpg,0,1,0,0,0
274_jpg.rf.f45291bfba549565aa950a779299c4bf.jpg,0,0,1,0,0
158_jpg.rf.a8da014744c33b3aa375419fe718a7a8.jpg,0,0,1,0,0
625_jpg.rf.5cdbaf4e9f525f115705586c57e73fc8.jpg,0,0,1,0,0
-9F02665A-62F1-4897-8B80-2A7DA735DBE9-png_jpg.rf.fb121a92097ce00783facf936f23646b.jpg,0,0,0,1,0
-E957EAC4-E32A-4131-8291-DC4F62F29724-png_jpg.rf.213d2e17c5580de3c311f72fb1116007.jpg,0,0,0,1,0
bacab82928428142_jpg.rf.fb4ba0cadbe98b681ba6d4f4b7eb19d3.jpg,0,1,0,0,0
-A6DFC8F3-98FD-47DF-9EA7-ED215D791A26-png_jpg.rf.e1c8c07c782db4c3431e22723b6ad827.jpg,0,0,0,0,0
291_jpg.rf.4dd199f0213033413487bbb28ee9c0c0.jpg,0,0,1,0,0
k48_jpg.rf.e5c214825233940ee1a44c6cb8d72822.jpg,0,0,0,0,1
0bed11ef073a4ec2_jpg.rf.84d40b4cc397644496b595272304cea6.jpg,0,0,0,1,1
-C5CC1F92-FB42-42AD-B684-D2D2C374D62F-png_jpg.rf.d897c43c7c4b20306f4470feac065630.jpg,0,0,0,0,1
-F56B0D6D-B8B3-4FF0-AF9A-3BA3C637AF38-png_jpg.rf.4097d8a35389aa26ec7cbe79ec6f7f85.jpg,0,0,0,0,0
-E6F47A47-82C1-4A5E-A1FB-BE0B0B76C5DF-png_jpg.rf.582d259ebcb52df237e23329af3a1756.jpg,0,0,0,1,0
bus-258_jpg.rf.c52197041f86316d5852736960680f0d.jpg,0,1,0,0,0
a7b2accbc11db2f9_jpg.rf.4e6bbf9e09ed1037fb61f45176117ea5.jpg,0,1,0,0,0
622_jpg.rf.5d75acb791aacd09b716fd395609ab3d.jpg,0,0,1,0,0
a7d8ea3670c30ba1_jpg.rf.bae020293620fbe087aa51ac5d98f6fb.jpg,0,1,0,0,0
-251916A3-E839-4E52-A1D6-142BF4DE219F-png_jpg.rf.b8f7c8c6c8740be1f9786855bb7725e5.jpg,0,0,0,1,0
-C5CC1F92-FB42-42AD-B684-D2D2C374D62F-png_jpg.rf.9292a58459688107a06372e508ec8fbe.jpg,0,0,0,0,1
hino-truck_jpg.rf.a8f51eca65335ce51e6c6a01948d1b15.jpg,0,0,0,0,1
-C04C7AD3-AEAC-4250-9856-9D1606800D44-png_jpg.rf.f9d1914f650c64edb423ff8eb062a563.jpg,0,0,0,1,0
-B30FAE54-4DD3-4C28-A34E-D68F15FA51DB-png_jpg.rf.004524906440804c56e6d2e34b668f4b.jpg,0,0,0,0,0
-B6D061C7-37D5-4849-8F5F-2F1BEBFAE4D2-png_jpg.rf.56d36764b66741f6627db204b4e44eb4.jpg,0,0,0,0,0
-152B35A7-2687-4126-B46B-5382319E7A3C-png_jpg.rf.6619363df0385fe3117fe59021030d46.jpg,0,0,0,1,0
-D84C356C-DE9C-41A7-82D7-95F3D27663B3-png_jpg.rf.4cfbab071ecfc9acb6d653514d5465d5.jpg,0,0,0,0,0
-B5C21DCF-89F3-4ABF-AA43-EF194DC8AF9D-png_jpg.rf.de144c2d7558b7acc7d394bc5e11d235.jpg,0,0,0,0,0
154_jpg.rf.3349069d3dfc81445f04f1b6606f899e.jpg,0,0,1,0,0
-C006FC45-64AF-4FA9-B836-17F1DE49F186-png_jpg.rf.4562a296861a1029e1590a070b4dce8d.jpg,0,0,0,0,0
-BAEF245D-475F-4C90-807D-558E1FFFBF2A-png_jpg.rf.d1e83974814ce3d25b2a75bd6d6ab6de.jpg,0,0,0,1,0
bus-277_jpg.rf.64fa007ebd8cf0483fa9809aa1d003be.jpg,0,1,0,0,0
777_jpg.rf.df007d562d1dbb33174d5d25d5c8b464.jpg,0,0,1,0,0
bdcbb306decf35de_jpg.rf.686488e4c63bc2634b6010101a724cc4.jpg,0,1,0,0,0
-DCC10965-2F71-42B2-8751-833FAFC81B07-png_jpg.rf.3f834f31962b1ca47ddfd81270486fb5.jpg,0,0,0,1,0
-9E5DCDFE-604C-4774-9BCC-613523B3EC83-png_jpg.rf.fc34563308acb8419b578da898201ed4.jpg,0,0,0,1,0
Image_013546_jpg.rf.3538676ab3e6b8f4771eeb0b716ffbfb.jpg,0,0,0,1,1
-E957EAC4-E32A-4131-8291-DC4F62F29724-png_jpg.rf.eb96dc02d3f331c494e081df2dc709b3.jpg,0,0,0,1,0
-BA330F2F-CFC8-4541-9275-C6AE204C6D0D-png_jpg.rf.0ff866f3dc6b0a9e8d569743e646e658.jpg,0,0,0,1,0
-B30FAE54-4DD3-4C28-A34E-D68F15FA51DB-png_jpg.rf.3c3dd47da3c35862a7b0eee642232eaa.jpg,0,0,0,0,0
-BEDD2378-C948-41BC-AF01-76A71A639266-png_jpg.rf.f6635ae9a8d9133baa6c20a1ebf40840.jpg,0,0,0,1,0
-ADCB798A-4304-439E-BC7F-33B1FF904A78-png_jpg.rf.466520f57ddce032eda8894a082905ec.jpg,0,0,0,1,0
Image_013849_jpg.rf.07669504be6d56c4fcfb767fdda1a427.jpg,0,0,0,1,1
c50f2a082ddf0245_jpg.rf.ecb3f29927f484519dbfe4a864edc393.jpg,0,1,0,0,0
a5719ae8fb65a259_jpg.rf.329e17e828f26bb9be6df10f25545a3d.jpg,0,1,0,1,0
0158932b16a6417a_jpg.rf.a7b3826e3fed28a156d8fc1f5e1e6de3.jpg,0,0,0,0,0
-A516B7AF-BC18-46D8-92D4-9D1328F72025-png_jpg.rf.6f984e021c540366d1b6758b143f6b8d.jpg,0,0,0,1,0
Image_013849_jpg.rf.0b6e45f262dcccdc32189f823f8c5f13.jpg,0,0,0,1,1
763_jpg.rf.f3c41561cdb42c86d46059d0af9c0b52.jpg,0,0,1,0,0
a85fb449d4c7caed_jpg.rf.12c0976aa98c653d0a999223a6745fee.jpg,0,0,0,0,0
-CF18C7DF-3DC1-4F14-A3B1-8521CEE36C3E-png_jpg.rf.84e19b578973381d1bf2d63fc0cf46da.jpg,0,0,0,1,0
image-34-_jpeg_jpg.rf.8c9425a5a14c008e1e6b0f8ed0ad3a0b.jpg,0,0,0,0,1
03a839c386d0bea3_jpg.rf.6b5613b273c47a921ae7f071b55206d3.jpg,0,1,0,0,0
27_jpg.rf.8966f5439cd36324bb4c9f84e35646a0.jpg,0,0,1,0,0
-BEDD2378-C948-41BC-AF01-76A71A639266-png_jpg.rf.b2b4073767d88d4994cd436992277f9c.jpg,0,0,0,1,0
-F790D7CB-9608-4247-9DD5-F13FCB2CBA2B-png_jpg.rf.4f193d2a390c2eee74f12bf30cff668f.jpg,0,0,0,1,0
-CF43F395-72F5-4264-B3F8-6B49D71F17FA-png_jpg.rf.f9c7e3f5260780d22ccd885032274051.jpg,0,0,0,0,0
-F64D4D40-EA8F-4C27-A513-EF17529D9016-png_jpg.rf.af5fd5bafbddb98742ff21cec4542455.jpg,0,0,0,0,0
-CEB03766-84EF-4E67-BBBB-A8B6E0537EA3-png_jpg.rf.b51e33489bf03f86e9377f644eaeb24a.jpg,0,0,0,1,0
c07c243f08fbc86f_jpg.rf.4123d682dc826912a4e7e3e075a71462.jpg,0,1,0,1,0
254_jpg.rf.522a9b9b3339a9e68f1cc29b6d495360.jpg,0,0,1,0,0
136_jpg.rf.0f8172b3f231503e02b26402ade19c0c.jpg,0,0,1,0,0
Image_000149_jpg.rf.5c55cae5e48d59ce7cea8e633d48a93a.jpg,0,0,0,0,1
Image_013406_jpg.rf.42132f0372f0373f53059a632c611488.jpg,0,0,0,0,1
-E7BC1256-2122-4014-855D-540850BED99C-png_jpg.rf.aca80eacd30a4ad10ecce197c6ccca05.jpg,0,0,0,0,0
151_jpg.rf.0a56182ec90ae9b33c93b960f1857b4e.jpg,0,0,1,0,0
-B5E2431C-7F4B-4751-8AC1-D267314A9AA2-png_jpg.rf.cdf3847866f4f35cbed66652a7edadd8.jpg,0,0,0,0,0
736_jpg.rf.c64a3e50756c6d52117feeb137e72d72.jpg,0,0,1,0,0
-37EAFDFC-4667-4A10-98F7-3C9FB6EC7912-png_jpg.rf.866a544dca965f1dc3ce8fc2aa767ea7.jpg,0,0,0,0,0
c040debe908057db_jpg.rf.69f38178f124bbbe74a6732f707cc7dd.jpg,0,1,0,0,0
-C4FD8D81-9544-454B-9C40-CF4827AC5883-png_jpg.rf.914bbdef8e2ddb3154d86681c78c4ce7.jpg,0,0,0,1,0
749_jpg.rf.e68786811c296baaf1465ddd0105940f.jpg,0,0,1,0,0
-24FFED69-CE70-43C8-8E00-90684987BD32-png_jpg.rf.e37b410a5fedce9fdd0153f9d140a166.jpg,0,0,0,1,0
-F3ED7138-85D2-4BAF-BBBF-EDF5B5083498-png_jpg.rf.998ad17f5a9a82815fbc9a82fe9aeb5e.jpg,0,0,0,0,0
-52D877A5-D9D5-4B8F-848F-E449684E4869-png_jpg.rf.d46fd98cb04a57700727955b0824d623.jpg,0,0,0,1,0
-BEDD2378-C948-41BC-AF01-76A71A639266-png_jpg.rf.28669429bef65f9061328afc0fba8061.jpg,0,0,0,1,0
-A8CEB249-7307-4E78-ACC4-EF1CACB514C7-png_jpg.rf.c02b179de307d18ffb28cd5b3a37642e.jpg,0,0,0,0,0
01a1def8bf6b9e53_jpg.rf.5bfad8cb90a07f8162332ff3cbf0d433.jpg,0,0,0,0,0
-B5E2431C-7F4B-4751-8AC1-D267314A9AA2-png_jpg.rf.61bfbd067e50fe2a4edadd8b9838cf16.jpg,0,0,0,0,0
bea51fb43b06927e_jpg.rf.bc69d2bfda1b4ea273ee533dd1b5ca06.jpg,0,1,0,0,0
-BC165CAD-1004-4A38-B8A5-0E25AC65AAC9-png_jpg.rf.62a86d6c5536b0c2f9c5511affe201f5.jpg,0,0,0,1,0
-420B178A-1068-4C65-B00F-763738FCB982-png_jpg.rf.cce7c817b19e610125b773a7a9e15da1.jpg,0,0,0,1,0
-AFC92243-360D-4139-9A81-2819BD21298A-png_jpg.rf.4de1a11c6a12dc745cb88977578ce919.jpg,0,0,0,0,1
c1b009ad1d353a43_jpg.rf.aa206fa44310a412603a87791c35257c.jpg,0,1,0,0,0
-CF43F395-72F5-4264-B3F8-6B49D71F17FA-png_jpg.rf.edd2c4e5cd565aade3f988d043ed4339.jpg,0,0,0,0,0
-ED0AE5F6-D932-431E-8783-FF484FD1E807-png_jpg.rf.5ab969ceb366d588274f3bf27274a8a2.jpg,0,0,0,1,0
-4B472EFE-F5FA-44B6-A214-B41E70E2A0BC-png_jpg.rf.e9b0c6ab1fc08b9be58881f0bf39d389.jpg,0,0,0,1,0
-560B3012-6E26-4551-A44C-6F4AB53B707E-png_jpg.rf.04628f36c54f0ede73d2b36bfaf3e8f7.jpg,0,0,0,1,0
-A32165C5-76E6-4434-8D9F-E752D71D3457-png_jpg.rf.b137ac0d0914c66d3c9bc49e4a955c55.jpg,0,0,0,1,0
-B042FF22-15AA-420D-8D1C-4F67652DA770-png_jpg.rf.3abc5efa223696d944f604d16bec60e3.jpg,0,0,0,1,0
a88fd00b71219f9f_jpg.rf.d24b96778b8717094778221609d202e8.jpg,0,1,0,0,0
-9E27EB33-F9C5-4777-A81B-3D8D02D9E3AC-png_jpg.rf.fef87741ef1da43a22eaaddb43ed7415.jpg,0,0,0,1,0
3306489836719c96_jpg.rf.67b5936399bf3b016202e5b779bc0fe4.jpg,0,1,0,1,0
-E0F2527D-3B61-4274-8655-B807876330E9-png_jpg.rf.90ccdf1ef5c06143a1b9287b4a1a0eb2.jpg,0,0,0,1,0
-B41BBCCE-A512-4CBA-94C0-D236EC1DEBA1-png_jpg.rf.46a4fc4d76554c7ffad498b76e0293b5.jpg,0,0,0,0,0
c47b340996e4a8eb_jpg.rf.681ef82c03f6a1b6a3cd08fc5d8052e6.jpg,0,1,0,0,0
171_jpg.rf.8a8f2b1546a2aaf6332d35f9958f56ba.jpg,0,0,1,0,0
10_jpeg_jpg.rf.0e070615057eca6324e868e4ba90210f.jpg,0,0,0,1,0
b33f632f18bda568_jpg.rf.431738ae8980170aa9dbb43146932f5b.jpg,0,1,0,1,0
Image_013544_jpg.rf.91fa9323b2cceb50d9a53b3a4c84b100.jpg,0,0,0,0,1
276_jpg.rf.39932b2e2b20f8567b87da62d4506e10.jpg,0,0,1,0,0
-9234C81D-1DB9-4AD0-8825-F99D233917A4-png_jpg.rf.43fc2cd05342a2bbb1d7b7ea69524f52.jpg,0,0,0,1,0
171_jpg.rf.8ee1e7db30560f13b2dfa133744840c0.jpg,0,0,1,0,0
xe-tai-mitsubishi-fuso-canter-12-8-4_jpg.rf.608a0f94c4b6ea26e96001eccb6b2232.jpg,0,0,0,0,1
bd46e3ef81f40cf3_jpg.rf.bee64d8dacb426edfc568a327032df5a.jpg,0,1,0,0,0
-ECDAC625-A642-4F2C-8A95-1B919C612877-png_jpg.rf.a3a4e86c8720b588ac810e6e717ea804.jpg,0,0,0,1,0
b9f55294f0c23014_jpg.rf.a2f6de82c74c4ce787f7db2eb264fbf8.jpg,0,1,0,0,0
Image_000399_jpg.rf.78f8f49b25a03a6cd9770152d7cd20a8.jpg,0,0,0,1,1
Image_000215_jpg.rf.9961a34cd330ec846e14bf5a8d02eb37.jpg,0,0,0,0,1
Image_013240_jpg.rf.e8e6d2b7b5835c9fc91328e8d77450f2.jpg,0,0,0,0,1
-BA330F2F-CFC8-4541-9275-C6AE204C6D0D-png_jpg.rf.15d2b87710e2621a824994caf4ae8854.jpg,0,0,0,1,0
-B3FD9FD3-9900-4194-9B4D-94050415AFD1-png_jpg.rf.470b2577bbb3a20266d4f413358c4968.jpg,0,0,0,1,0
-DF93EFBF-E1DA-447E-9557-5B4551969ADD-png_jpg.rf.4435dde3841f25287c5c2e97af699a61.jpg,0,0,0,1,0
Image_013565_jpg.rf.bc40169d70d5db023d19574217c72da1.jpg,0,0,0,0,1
-7BD0670A-F3AA-4DF3-A61F-D64CF293E7DA-png_jpg.rf.525a1786ceb89d81588d1838727e0940.jpg,0,0,0,1,0
-9F02665A-62F1-4897-8B80-2A7DA735DBE9-png_jpg.rf.6520f88f5443187a406834e40a1294cd.jpg,0,0,0,1,0
-D3ED54BD-094A-471D-A8A9-C1A7B3262064-png_jpg.rf.c2994d2571a6b61aa12e2239a669696b.jpg,0,0,0,1,0
-EA70E933-49FB-45B9-9F15-4CD3864BD664-png_jpg.rf.e67ed4bf9d9274ede967bc923ca64fd6.jpg,0,0,0,0,0
181_jpg.rf.77a86d2fe71b5259e5c37b5f0e422119.jpg,0,0,1,0,0
-FE599FE5-93E0-4464-BF5A-94885FB3B47E-png_jpg.rf.78c4164feac9b80f26c4dc652028f23e.jpg,0,0,0,1,0
-AEF9D29D-6920-40B6-A41E-C461F9DDD9F2-png_jpg.rf.268c3cacfdbbf010c8a65e8ea81ffbd5.jpg,0,0,0,1,0
Image_013537_jpg.rf.9aee08e3e067ab918b10e79de2cbec16.jpg,0,0,0,0,1
-ECDAC625-A642-4F2C-8A95-1B919C612877-png_jpg.rf.160ae3e9a54ecf8a339924f9b640729a.jpg,0,0,0,1,0
Image_013588_jpg.rf.c665a52db408f43cb335cf4d12ffa689.jpg,0,0,0,0,1
c7a4af67badec548_jpg.rf.98b1c126552d37375b8c91ef33adbf39.jpg,0,1,0,0,0
-EEA1641A-B371-4A29-B7ED-528A0B641DD4-png_jpg.rf.a4d7f3333a99f32f3bc3a48ba5de850a.jpg,0,0,0,0,0
170_jpg.rf.2dba8f361ccf12e468fee61e78baba01.jpg,0,0,1,0,0
-FA19065F-0734-4F1A-A565-FE5702DDF0D3-png_jpg.rf.f270bdab03f02c367721b0696638226c.jpg,0,0,0,0,0
172_jpg.rf.af581b05e8c625948a2b5f5bbe391590.jpg,0,0,1,0,0
c246b69c5d360f32_jpg.rf.339c3707db6fbc9666efef68598ac2ec.jpg,0,1,0,0,0
-DF93EFBF-E1DA-447E-9557-5B4551969ADD-png_jpg.rf.7a7fa54b6978e850eb880b92ab4d1213.jpg,0,0,0,1,0
-DE24E442-B2F4-43B7-8741-6AA037A20D4E-png_jpg.rf.3640926ba959b70975bee1efd6fbaa94.jpg,0,0,0,0,0
3306489836719c96_jpg.rf.54990d8e3cf2e75f73f17ce2a2cbcf76.jpg,0,1,0,1,0
Sejarah-Palkun-4_jpg.rf.b29b029cbe2dd2950d8f80282e378733.jpg,0,0,0,0,1
-531F9D36-6096-4999-B709-28F1E5F38DFE-png_jpg.rf.2b9212c79e2ccc70e5943a0ed7bad5cd.jpg,0,0,0,1,0
-D58AE18F-D469-4490-B868-3C9475D156BD-png_jpg.rf.a22237f66667eeaf700c4a499c6eaf82.jpg,0,0,0,0,0
Image_013529_jpg.rf.b151bed42214e7d962c8f749dad4ffe9.jpg,0,0,0,0,1
-E9FF0598-9C0D-494E-BFAD-287E1162ACBB-png_jpg.rf.64e72715b648fde6ec1391327938d86c.jpg,0,0,0,1,0
-E169C681-EEF4-4F14-8884-D6C35F9A4005-png_jpg.rf.7d703035ed41f97a3f706dceeea5236c.jpg,0,0,0,1,0
-FA19065F-0734-4F1A-A565-FE5702DDF0D3-png_jpg.rf.afe2e9eb37a01824cbd468a70ccfedda.jpg,0,0,0,0,0
bee243f1c4a8fdf3_jpg.rf.3d7b75a558f6645f6dbaf0f37808b929.jpg,0,0,0,0,0
-B1463014-0B20-42AE-AEE7-75F9E8E0FCAB-png_jpg.rf.2d728c41297acdc708c90de73586e085.jpg,0,0,0,0,0
-C01087D7-A9FF-4402-8715-C983088F2476-png_jpg.rf.b03caf609a3297c3366af97fe106bec7.jpg,0,0,0,1,0
-B7C16E32-9846-40EF-8C8E-B26051E149DF-png_jpg.rf.de000272c28bcd8721459e610d474af8.jpg,0,0,0,1,0
bus-228_jpg.rf.2afaa42fbfe9ba6dce386d29bc8b95ba.jpg,0,1,0,0,0
156_jpg.rf.79978fbaa268310c6808112f1120ed4e.jpg,0,0,1,0,0
bus-43_jpg.rf.da403546cc5a3521c0f7958d5068ddf4.jpg,0,1,0,0,0
-B8DB5A5A-AB24-4C45-BC0F-6F213320FE7B-png_jpg.rf.bebed94518069498dfae6037164065e1.jpg,0,0,0,1,0
-ADDF5980-54BB-40B3-AE1C-DC7B5E303458-png_jpg.rf.3c433ea406a97cfebf6deafd2cda2afb.jpg,0,0,0,1,0
-A428FE7B-009C-4CA2-826A-7D052B12D17E-png_jpg.rf.3553df04cce0aa8f1486c6cd3c1c92e0.jpg,0,0,0,1,0
-AEF9D29D-6920-40B6-A41E-C461F9DDD9F2-png_jpg.rf.13a2f099818fb991ab5399e6f6b8ef2a.jpg,0,0,0,1,0
-F97F2A7B-C398-4B5E-93AB-A14AB075D458-png_jpg.rf.42c0b460a314e867295896910b473fd7.jpg,0,0,0,0,0
a85fb449d4c7caed_jpg.rf.a93ff60fcf0eeac0abb0ffc1b17bbc13.jpg,0,0,0,0,0
-B3FD9FD3-9900-4194-9B4D-94050415AFD1-png_jpg.rf.629d66dcbc69d8a49b2923a27f8a4aad.jpg,0,0,0,1,0
-E9FF0598-9C0D-494E-BFAD-287E1162ACBB-png_jpg.rf.79b70aa21e7ba4140bb209c0662e4fca.jpg,0,0,0,1,0
Image_013475_jpg.rf.a6c830e97612bb36a54a72ddd67cd4ac.jpg,0,0,0,0,1
-B8C4C3D6-5E2B-4B74-A600-D4CC31B03C80-png_jpg.rf.b29fbf8c7c5fdec56dccc25a7b4063b1.jpg,0,0,0,1,0
Image_000375_jpg.rf.89362bd4577c46093e022d9e7687c0be.jpg,0,0,0,1,1
254_jpg.rf.dc948f7a7f8da63d89abca2b609c16a9.jpg,0,0,1,0,0
-B3FF9CBC-6C9F-4BDD-B814-790723E32E98-png_jpg.rf.0455ad7e8f0b9de0fda6a2085cc09f0e.jpg,0,0,0,1,0
175_jpg.rf.e4616aa46d200a346e3e97220f3c5059.jpg,0,0,1,0,0
-E9FF0598-9C0D-494E-BFAD-287E1162ACBB-png_jpg.rf.8c75cf8a229e40c7cbae249c08179cfc.jpg,0,0,0,1,0
214_jpg.rf.d4f5c22109db5a7d08ce8be1a188bf22.jpg,0,0,1,0,0
716_jpg.rf.13e76a50456792da78426a91db31698b.jpg,0,0,1,0,0
Image_000177_jpg.rf.5bd30e6663fab008a57d7fde6fc2eec4.jpg,0,0,0,1,1
-A0BD6770-22AD-41F1-BABF-4C6458C28A21-png_jpg.rf.4094cae5ddb7cf136335d5eb236e4fb6.jpg,0,0,0,1,1
-ECDAC625-A642-4F2C-8A95-1B919C612877-png_jpg.rf.d42a4d67e5c65304336dc17ee881f003.jpg,0,0,0,1,0
-EEA1641A-B371-4A29-B7ED-528A0B641DD4-png_jpg.rf.cedfbd34d4f26b210d8aaac788da8e66.jpg,0,0,0,0,0
-531F16FE-7468-484D-8B14-D5229D4851B8-png_jpg.rf.d950c8c0e3bdac1a520e649b9edf8a5f.jpg,0,0,0,1,0
146_jpg.rf.59e11e147f247e6de19705b719faf16c.jpg,0,0,1,0,0
xe-tai-mitsubishi-fuso-canter-12-8-4_jpg.rf.df60c3ed7fec03992909f649ea522bc5.jpg,0,0,0,0,1
-BD23F506-8DE9-4C71-B79A-585BF30E68A5-png_jpg.rf.3e4f4a3de49dada032c81cafab8b89bf.jpg,0,0,0,1,0
-DE74A13D-6CCE-4DB2-BA24-DC8DBA95BB56-png_jpg.rf.e8a2b0ebd2440a847eecaeb0c9a37ce0.jpg,0,0,0,0,0
-E169C681-EEF4-4F14-8884-D6C35F9A4005-png_jpg.rf.74ac3c4ff0fbaeb6e243141c050036e9.jpg,0,0,0,1,0
749_jpg.rf.205ef7575bd7b8890e9a6528bd08f0d0.jpg,0,0,1,0,0
-FC8189D7-B6B1-4EF4-B540-5BDD2867805E-png_jpg.rf.529308616250d4ffce62dfda5bd7a61f.jpg,0,0,0,1,0
-E4F1212D-2139-4C05-8658-217CF328B30E-png_jpg.rf.550476655d3d12b291f99ba803a0e8d0.jpg,0,0,0,1,0
-EB7E8F5D-F81A-4009-B16E-02A92C5017BB-png_jpg.rf.47f98b80fad3a1554e1717899ebb6798.jpg,0,0,0,0,0
-B8DB5A5A-AB24-4C45-BC0F-6F213320FE7B-png_jpg.rf.84a9f32d3b0bb7e754d9f7e903c647fa.jpg,0,0,0,1,0
images-495-_jpeg_jpg.rf.90d93dda6d37dba20fbb65c73c6baf69.jpg,0,0,0,1,1
-EB7E8F5D-F81A-4009-B16E-02A92C5017BB-png_jpg.rf.4fa4137e2ee488b7bd5363f0babf4a97.jpg,0,0,0,0,0
756_jpg.rf.c535dccbc5ec48d5d27284ea82602e9c.jpg,0,0,1,0,0
166_jpg.rf.161337693d07a88e062e0641aaad5b33.jpg,0,0,1,1,0
-344A5C5C-CF3A-48B7-BE2F-7373A99B6465-png_jpg.rf.557ec93e4eca77fd9ea2a55a2271fa43.jpg,0,0,0,0,0
-E9FF0598-9C0D-494E-BFAD-287E1162ACBB-png_jpg.rf.29a849d3837813be4de21c225bdefc0f.jpg,0,0,0,1,0
c7e0c818a2ae192b_jpg.rf.ac599fb291d879922e6a610e3f353492.jpg,0,1,0,0,0
-AFDBA762-453D-4003-BBDF-A57AD7B04932-png_jpg.rf.1892452668b9c13bd7e7b6e6a1091a45.jpg,0,0,0,1,0
-8F267914-7330-4F78-8369-CCEBA1B12FF3-png_jpg.rf.de50a63e4eda542bff9219062993285f.jpg,0,0,0,1,0
-D6C38741-2164-4DC8-9271-C27E407A47BD-png_jpg.rf.e09c1770c77d65f13609cd729de53077.jpg,0,0,0,0,0
-BE1B7E1A-3BF4-44E6-A49D-E46AC48D77B0-png_jpg.rf.d9e721e2511cb475e55b52cb7270b68b.jpg,0,0,0,1,0
-375965D7-1A26-4644-AF71-19B3585749B4-png_jpg.rf.e8983093cf71921e811b99d3a618f7fc.jpg,0,0,0,1,0
b85722b842d649e8_jpg.rf.8af9aad5b905a61ba7ad7ca28b4ffdab.jpg,0,1,0,0,0
160_jpg.rf.2018417814387fe78ec000539b868990.jpg,0,0,1,0,0
-E6F47A47-82C1-4A5E-A1FB-BE0B0B76C5DF-png_jpg.rf.cd7b501b81515f7b02b5c859db9f428d.jpg,0,0,0,1,0
-DE24E442-B2F4-43B7-8741-6AA037A20D4E-png_jpg.rf.70e10cf43a500c04d8dec0e920aff9bf.jpg,0,0,0,0,0
479_jpg.rf.0d73269968c3dbd5c531d14c48f49e1d.jpg,0,0,1,0,0
truk-2Bsawit-2Boleng_jpg.rf.3cb3d4dd92e4243ffb53edd6e07f7bb3.jpg,0,0,0,0,1
bbacf1518d9f17f2_jpg.rf.2818a56174c0ee0555b562445abeb4a2.jpg,0,1,0,0,0
3ccedd8e58c2bd4e_jpg.rf.70c99c93bf647b0d94d70d1961181e86.jpg,0,0,0,0,0
113_jpg.rf.776ea0625bf3a498435a9c93b8ec0ad1.jpg,0,0,1,0,0
214_jpg.rf.81ca2e7641c3e34cf9f7a6ef021da492.jpg,0,0,1,0,0
-BBC6D213-1075-48CE-B772-FDD44F34A3E7-png_jpg.rf.fcc41a3ece580deb8766434a6547a34d.jpg,0,0,0,0,0
25591-788489_2_jpg.rf.60d56d76d6f1deebe2cb8185e329f15f.jpg,0,0,0,1,1
b33f632f18bda568_jpg.rf.88a4ca9b76d47c550f921b56f681eddc.jpg,0,1,0,1,0
-BC89B900-872B-4F21-9203-A355A2B95F8A-png_jpg.rf.e49ebfa551a864e4bdd3169f9747b609.jpg,0,0,0,1,0
614_jpg.rf.76cfaa32687d3a31c5d720927586f245.jpg,0,0,1,0,0
2ee0950c0c60184e_jpg.rf.3fe48a246a63466ad5dbd48075e55f76.jpg,0,0,0,0,0
-BC89B900-872B-4F21-9203-A355A2B95F8A-png_jpg.rf.bf6e1a89b0a61a2a8e652960ed9c6f31.jpg,0,0,0,1,0
-DE08089E-9C98-4643-B056-358B21F13523-png_jpg.rf.e55d5b412bdd048d52a45cbb4b8af496.jpg,0,0,0,0,0
-A0BD6770-22AD-41F1-BABF-4C6458C28A21-png_jpg.rf.bd326c8eedbdc0dd7c8a30ae3f23f4b7.jpg,0,0,0,1,1
518_jpg.rf.07869ad6cd7e879c9d59aa2864f25bd0.jpg,0,0,1,0,0
-56F905BE-38EB-4BBE-B228-1A61B0FB1B4B-png_jpg.rf.6a1280cc6844abaec6e02b15ed8c38b7.jpg,0,0,0,1,1
-BC165CAD-1004-4A38-B8A5-0E25AC65AAC9-png_jpg.rf.210f4d989af8f8f5cab58a1dcb429977.jpg,0,0,0,1,0
73_jpg.rf.eafa825a69bcc2212ad15bcc62308799.jpg,0,0,1,0,0
bus-258_jpg.rf.2fc8044f94e686a8fa0289fbc5ff0ba2.jpg,0,1,0,0,0
-C006FC45-64AF-4FA9-B836-17F1DE49F186-png_jpg.rf.bf952c2c125810a715174fdf824de303.jpg,0,0,0,0,0
-FE599FE5-93E0-4464-BF5A-94885FB3B47E-png_jpg.rf.fb8eef3855262fc1cd74ce149e81ec4b.jpg,0,0,0,1,0
32d513726785e781_jpg.rf.15589c76d62646eac893f231193b63b5.jpg,0,0,0,1,0
a60bcc3950891459_jpg.rf.7cd71fd9d0e3930d5420c23a0a2de4cd.jpg,0,1,0,1,0
bak-truk-modifikasi_jpg.rf.37fe636dc221aafc8f6cbc35577bf0aa.jpg,0,0,0,0,1
new-2012-mitsubishi-fuso-canter-fg-1_jpg.rf.324caa9c892b1dcd91483b35234f4c85.jpg,0,0,0,0,1
-E4F1212D-2139-4C05-8658-217CF328B30E-png_jpg.rf.8495226854ee27a7bfe158d76b367f6e.jpg,0,0,0,1,0
-DCC10965-2F71-42B2-8751-833FAFC81B07-png_jpg.rf.bd7d835097ccf768dc2d557f210b9c55.jpg,0,0,0,1,0
-B30FAE54-4DD3-4C28-A34E-D68F15FA51DB-png_jpg.rf.774f6949ff21814c0df4bd4022dbdc0a.jpg,0,0,0,0,0
160_jpg.rf.ec959c011d32b00fddc0d22259dc563e.jpg,0,0,1,0,0
-ED69DDCA-32DB-44BF-AF7F-F67B49A5981D-png_jpg.rf.d175163fa4bf4a19d0e7369146152a63.jpg,0,0,0,0,0
142_jpg.rf.342aa351049392bdb795b9018a602178.jpg,0,0,1,0,0
-D92BD235-F2FB-41AB-AA48-E1BDDB51D6E4-png_jpg.rf.8b45b4377dc5d39468043f9c44af3190.jpg,0,0,0,0,0
-85692E92-3B6C-49F8-B16D-E99133131917-png_jpg.rf.37f81b383261b88c81b7fcb7dde37bfa.jpg,0,0,0,1,0
-CEB03766-84EF-4E67-BBBB-A8B6E0537EA3-png_jpg.rf.7c165f9f115ba3c8a4577979f7a689be.jpg,0,0,0,1,0
c72b24e8567cdcea_jpg.rf.b733b6560f903cf96ed1896fe0265cc8.jpg,0,0,0,0,0
-A9ABCA24-2458-462C-9877-6DE974E84A68-png_jpg.rf.a6806a719fd0653fe3756e7bfa8539b3.jpg,0,0,0,1,0
-BD831309-37C9-41D5-9E49-CFA006FA398D-png_jpg.rf.b4df84a821ee6fcc7038850ea21782f1.jpg,0,0,0,1,0
202104171466824_jpg.rf.68249c8773dbe0f1d42d4dc85be7ddc9.jpg,0,0,0,0,1
-ECA3B880-4547-4E14-97D1-753BEED63EB3-png_jpg.rf.bfb3235097b2a68d0fe1767a515f2bc7.jpg,0,0,0,0,0
-3B48CB36-3DE2-4088-B9D1-6F639B60DA9C-png_jpg.rf.636150fcda8a96ff36582da6ab8e188e.jpg,0,0,0,1,0
-DDF02CB8-2C31-4AEC-87F6-22360E427E9A-png_jpg.rf.0eef0be7ce9066de6668f409ad484ea9.jpg,0,0,0,1,0
3c55270cd2b68fb5_jpg.rf.e9fb38560dc8864e9c88c54669eeed2c.jpg,0,0,0,0,0
bee243f1c4a8fdf3_jpg.rf.30e29bc0f03bcbeaa924a9fb5282e9b9.jpg,0,0,0,0,0
613_jpg.rf.57512541fc20066e5ad84064c7cbd417.jpg,0,0,1,0,0
-CF18C7DF-3DC1-4F14-A3B1-8521CEE36C3E-png_jpg.rf.fd21db71552d0cec0c083495a89e7ac6.jpg,0,0,0,1,0
Image_013327_jpg.rf.f7413b108466729facba51ed6605a398.jpg,0,0,0,0,1
615_jpg.rf.2d16c775cc2197b63285ffc3c13ead80.jpg,0,0,1,0,0
-BAEF245D-475F-4C90-807D-558E1FFFBF2A-png_jpg.rf.1e2a172af4093aebed3b0d97ce530df6.jpg,0,0,0,1,0
-4DFF09F8-2283-495F-9C84-6A25870884F8-png_jpg.rf.988e2e752d9ec869b1bd7f6bb87964eb.jpg,0,0,0,1,0
81ef85dffa49536c_jpg.rf.275e03de1f2dcc2da7a74d71aa91270a.jpg,0,1,0,0,0
32d513726785e781_jpg.rf.139007a0e16c8a7638a030578e6bedb6.jpg,0,0,0,1,0
213_jpg.rf.cb514b11e0a2e1fc7e77e63f06b8844c.jpg,0,0,1,0,0
Modifikasi-cutting-sticker-truck-can_jpg.rf.59444cd9fe4f7c6dab0649982de74c6c.jpg,0,0,0,0,1
0ab42925c98edb51_jpg.rf.e588fb1db6a94816f729e22f36af6dc6.jpg,0,1,0,0,0
520_jpg.rf.ba494f48cac55f509a73f3ae7c9d6b63.jpg,0,0,1,0,0
Image_000123_jpg.rf.33a7f81bede9d6d52ca0a2229f1c097b.jpg,0,0,0,0,1
-C04C7AD3-AEAC-4250-9856-9D1606800D44-png_jpg.rf.d3a993365336776123dae4df2d559133.jpg,0,0,0,1,0
-5A06964D-6D40-4132-A769-F21A3B8E1DAA-png_jpg.rf.8581a8f46508977afec2540e1603e361.jpg,0,0,0,0,0
-DCC10965-2F71-42B2-8751-833FAFC81B07-png_jpg.rf.446b15742af24029ac2f1ae3d1616a39.jpg,0,0,0,1,0
-BC89B900-872B-4F21-9203-A355A2B95F8A-png_jpg.rf.9aed989e8ce13f8476bc5e0ee67b4efa.jpg,0,0,0,1,0
3ca132f99ab6cd1a_jpg.rf.5aa8a0ede2e28b8ba614ef262b379469.jpg,0,1,0,0,0
-B3FD9FD3-9900-4194-9B4D-94050415AFD1-png_jpg.rf.05c285c7acb45cbf102e1debf523d6a8.jpg,0,0,0,1,0
-A9ABCA24-2458-462C-9877-6DE974E84A68-png_jpg.rf.ba547dbf637659699b6343562993f744.jpg,0,0,0,1,0
9041_1413578135698_jpg.rf.b04a56b71380819e488f9a9e4830ae7a.jpg,0,0,0,0,1
bus-45_jpg.rf.d653e66df1d736c5fcea426a6677eab9.jpg,0,1,0,0,0
b961d8239bf8b98a_jpg.rf.fd9b337b41b8a1aa01488d22892d19f4.jpg,0,1,0,1,0
Image_000099_jpg.rf.25f29fe646da7efaef01c2605a5c32db.jpg,0,0,0,0,1
-B3FD9FD3-9900-4194-9B4D-94050415AFD1-png_jpg.rf.e8da90b327d15445d1db484b4e425ef4.jpg,0,0,0,1,0
Image_013537_jpg.rf.52cbb6fa222bcc7f6362d4847500f660.jpg,0,0,0,0,1
-FDBCA379-DAA6-4F02-90DD-4E239035C8E9-png_jpg.rf.3fe277b9a8cf020451528187fa197a7a.jpg,0,0,0,0,0
b304d0ce55d54336_jpg.rf.e8d9a94e8e85cff15f62637eb727f81f.jpg,0,1,0,0,0
170_jpg.rf.7bf902856f222473a62a3e280e18829a.jpg,0,0,1,0,0
0abd21baef23d872_jpg.rf.1dd984e60b5a0d051abe231bb63755f7.jpg,0,1,0,0,0
-AB4D1295-51CB-454E-ABB1-DFF009174980-png_jpg.rf.53d5c0909994b853bbb1d8f54579b66d.jpg,0,0,0,1,0
b81a34c48ddaa477_jpg.rf.03625eef863b9165f17b608e7c7e6229.jpg,0,1,0,0,0
22f514af548280a7_jpg.rf.fa7b061c93c1056c4a865361c847c420.jpg,0,0,0,1,1
174_jpg.rf.4d354bf451c084ed6c656909a886c8b6.jpg,0,0,1,0,0
-EB932518-781D-45BE-A14E-70D99C150304-png_jpg.rf.2da2832cad77b0b60e29845df4793ac2.jpg,0,0,0,0,0
c40ccdf6f1ae2370_jpg.rf.ae830a85555c0468434455f2b1b8f6a5.jpg,0,1,0,0,0
Image_013529_jpg.rf.ad7c90345574dfddc035c377984bc2ff.jpg,0,0,0,0,1
MITSUBISHI-FUSO-SUPER-GREAT-V-BETA-V_jpg.rf.53d8b94cb8b7c762668056a2192295fd.jpg,0,0,0,0,1
-DE24E442-B2F4-43B7-8741-6AA037A20D4E-png_jpg.rf.a3254960bbc6f4062ffd0946da151675.jpg,0,0,0,0,0
-66F945A5-3856-4F91-9EDD-6EF4833F57FA-png_jpg.rf.61ac839eade0b1c3689d011e074a97fc.jpg,0,0,0,1,0
bus-238_jpg.rf.3410c045a1b55af7303f569b71494d43.jpg,0,1,1,0,0
759_jpg.rf.baa197f04650a6eeaddd1c2e680dc0e0.jpg,0,0,1,0,0
WhatsApp-Image-2022-12-05-at-18-26-29_jpeg_jpg.rf.db183121960a9e8dd2835119ed17c16d.jpg,0,0,0,1,0
212_jpg.rf.176da56f52efb3d47f2c221e003fe975.jpg,0,0,1,0,0
-E957EAC4-E32A-4131-8291-DC4F62F29724-png_jpg.rf.2c3b3aa9134fd0ed4bdb4f63032a84da.jpg,0,0,0,1,0
b99124b1199cbde8_jpg.rf.7b6f17c00d9adbcd96f44ca238755236.jpg,0,1,0,0,0
mitsubishi_fuso_2535998_orig_jpg.rf.724755325ce19a5047ca5b25eff86d08.jpg,0,0,0,0,1
-EB932518-781D-45BE-A14E-70D99C150304-png_jpg.rf.ee1e194aab3add8bd825cb0d5754f753.jpg,0,0,0,0,0
-ED03379B-DF37-4C24-B1C9-4B9E26047F11-png_jpg.rf.cfa3a871c1e262c6e02bbb541da8618d.jpg,0,0,0,1,0
-B545A484-7AEC-4211-AE64-92650557307F-png_jpg.rf.733298308556e042ecb794c4f9f9d492.jpg,0,0,0,1,0
-1EE5CA55-C89F-4985-8D4E-A56DBD1A1E96-png_jpg.rf.2bfe231ea83aa105d73d1e06a1bebcb4.jpg,1,0,0,0,0
2f2935eb52e79354_jpg.rf.0840c4bd00336d2df76bde7add0128dc.jpg,0,0,0,0,0
-A76B17FB-A1F8-4C15-9F7F-66E718DEB040-png_jpg.rf.5c2b363035a109aedf9c96312f0d6fcc.jpg,0,0,0,1,0
-F851C0BB-07B3-498C-BEA7-09DE743C2B02-png_jpg.rf.33d90ba1deeb527649700b981bbccb42.jpg,0,0,0,1,0
Image_000475_jpg.rf.2aad355bcfd21d80f3386108992a3fe8.jpg,0,0,0,1,1
Image_000399_jpg.rf.f80ab1f6df4c711ab06d978da88513f2.jpg,0,0,0,1,1
379423cf6bfdfa68_jpg.rf.8920ecfd896b2eb0f64da5fe8c791f91.jpg,0,1,0,0,0
-B3FF9CBC-6C9F-4BDD-B814-790723E32E98-png_jpg.rf.1a50912372e54b8610b047c5a9ff04b9.jpg,0,0,0,1,0
Image_013537_jpg.rf.50ae85c0869cb97f9b2db14f257e1182.jpg,0,0,0,0,1
-C81D4835-A2D9-4CAB-9A3E-72DAD8FC6090-png_jpg.rf.3b4c7578c5658e46b93e5685584aa079.jpg,0,0,0,1,0
bd83b1913c6b7453_jpg.rf.36c7dd6bd9f629ab2909caf82ddb3898.jpg,0,1,0,0,0
k48_jpg.rf.80cf93664024a9a6ea1e9340f9d8970a.jpg,0,0,0,0,1
172_jpg.rf.8b7478cec8ada12f1fe71d09db5f72b2.jpg,0,0,1,0,0
-5EA2A12A-708A-4984-80AC-438C76933457-png_jpg.rf.2608abe3cdb5ffebf2efde878a788f85.jpg,0,0,0,1,0
irsyadputrakaroseri_20210128_2_jpg.rf.e63bf3a311c2df2085baac97f11f743f.jpg,0,0,0,0,1
71_jpg.rf.a0e45f5db70fe98d3532725028c23116.jpg,0,0,1,0,0
756_jpg.rf.3230d84d8d6cf7677087a5bf5f907253.jpg,0,0,1,0,0
-B41BBCCE-A512-4CBA-94C0-D236EC1DEBA1-png_jpg.rf.d2e60b8ff3713039dbc06bf49afb0f6c.jpg,0,0,0,0,0
162_jpg.rf.0f1d4c098ddb2198599a896b6089f8fe.jpg,0,0,1,0,0
140_jpg.rf.c5ca239aadea98d13d3faead1629f3fd.jpg,0,0,1,0,0
irsyadputrakaroseri_20210128_2_jpg.rf.d31382559b42c22dcec341d29ca2c4f7.jpg,0,0,0,0,1
k4_jpg.rf.afb219bcc3361e31aacec1c5a95450e7.jpg,0,0,0,0,1
169_jpg.rf.2617487c2955eaf39acfedc67c30ff06.jpg,0,0,1,0,0
-E65ADAD7-7559-4704-8100-0091A6B9C3C6-png_jpg.rf.47a42c99adc51fd9412ebe79a7d878f8.jpg,0,0,0,1,0
bd46e3ef81f40cf3_jpg.rf.d0201007dd4ff04361ec96f03fca81d5.jpg,0,1,0,0,0
-E169C681-EEF4-4F14-8884-D6C35F9A4005-png_jpg.rf.0f9311e5fb8a56944a64c81a01caa365.jpg,0,0,0,1,0
-E0F2527D-3B61-4274-8655-B807876330E9-png_jpg.rf.0b2e0f8315c6e210fc1b8efc92fb939d.jpg,0,0,0,1,0
-EF9A5DB8-BD98-4669-9BEB-68093AECC064-png_jpg.rf.13e5003c4e87a399d959c228bc12b090.jpg,0,0,0,0,0
419_jpg.rf.336a7ea8100d4dd7b99124a373c275d2.jpg,0,0,1,0,0
174_jpg.rf.000b652390df00ee5132ea86fc325f74.jpg,0,0,1,0,0
09acb63accd06236_jpg.rf.54107145a08b070b4158cf758b2dc5f5.jpg,0,0,0,0,1
b2744c4f5a1b8293_jpg.rf.154bae3832c234faf2537c90d7330cb6.jpg,0,1,0,0,0
158_jpg.rf.af19e6eb5370a0b749faa2fa9f9e7295.jpg,0,0,1,0,0
ba48af4c8d74070d_jpg.rf.9466ff8472eb16780fda68d1add4fa71.jpg,0,0,0,0,0
-8437E1F6-8E99-458C-992D-8794FF4B5C1D-png_jpg.rf.dccf080459cbdbaeaf4a993fa17bf5b0.jpg,0,0,0,1,0
241_jpg.rf.84e74a9e7eed6249326b221185af3217.jpg,0,0,1,0,0
-22C97EA9-A33B-4CCD-941C-5A2130410D29-png_jpg.rf.48c8437f903f325a7663447d18bb7adf.jpg,0,0,0,0,0
-A548B5B2-A5D1-4754-959D-D3BF4B6F779D-png_jpg.rf.bcd151996369b48915e5dec9b22f50d1.jpg,0,0,0,1,0
bf973a3e20d1d2bd_jpg.rf.1c8ef358c8b5b93526ebba55c8b86136.jpg,0,1,0,0,0
-BD23F506-8DE9-4C71-B79A-585BF30E68A5-png_jpg.rf.58e01070f6f685bb4d4a3bd3e5e5ac6f.jpg,0,0,0,1,0
truk-2Bsawit-2Boleng_jpg.rf.fdf77758e246886fa6c31acb04ec2ddd.jpg,0,0,0,0,1
-BEDD2378-C948-41BC-AF01-76A71A639266-png_jpg.rf.c43561c331ac977daaf4538b79afb61d.jpg,0,0,0,1,0
-87FD317E-6F61-44EC-99D8-CD780485C6D1-png_jpg.rf.5d45c7d4b7fe2bc41a30b76eb4a81ebd.jpg,0,0,0,1,0
b9e6f5384003dfe3_jpg.rf.3e30a0f854125adcbe00b0e29b4cf3d9.jpg,0,1,0,0,0
-C29F9614-FB66-4954-B867-6C6200C511C5-png_jpg.rf.1daa5d1548e768bd66afa66bc93afede.jpg,0,0,0,0,0
202104181502807_jpg.rf.b62bf0d94e5cdc6b0677a6b2574046d4.jpg,0,0,0,0,1
b654373c253af19a_jpg.rf.2b7368eef6e10d48fed99f26c4b9a98b.jpg,0,1,0,1,0
a7b2accbc11db2f9_jpg.rf.2f190c5675d0b6354988421504bf1de0.jpg,0,1,0,0,0
-4DC13D04-A903-4B83-B0AB-F69731C0DDFB-png_jpg.rf.8df527459cf8ed6f0407c6f899c7eb58.jpg,0,0,0,1,0
02e77c5d58d53c63_jpg.rf.4972b7cd37be3637514e41317266a2af.jpg,0,0,0,0,0
d900408a3652fdce_jpg.rf.7c55447d58771a77d840d559d442391d.jpg,0,1,0,0,0
7c4956f09516e64c_jpg.rf.3a138b35a8d32df7312594adc4a34b56.jpg,0,0,0,1,0
fuso-34tb_jpg.rf.5064d651948948dbef45a2fea172d59e.jpg,0,0,0,0,1
bus-174_jpg.rf.6751dea4c76e8ceb9630a6b50d600ca3.jpg,0,1,0,0,0
Bike-1301-_jpeg_jpg.rf.f6fe95f3171ce55d9d0e2b0743bd2a85.jpg,0,0,1,0,0
Bike-1016-_jpeg_jpg.rf.4401cbe450ddd0d55a723b2313b078a3.jpg,0,0,1,0,0
59505ae245b1caeb_jpg.rf.a515e005b7c71a51d5b4329f4f680943.jpg,0,1,0,0,0
Bike-1201-_jpeg_jpg.rf.afa3ce3484a1eac1ea5c41b90b8d6b31.jpg,0,0,1,0,0
-3F312249-5BB2-476B-ACB5-2E2DF4202FEC-png_jpg.rf.c8c1d5bf847f1b494d7728075859759d.jpg,0,0,0,1,0
b67ffe423c04636f_jpg.rf.e196980f87d0c3b3f69b6ea07844ab36.jpg,0,1,0,0,0
87b33e9edd7ccafe_jpg.rf.f6c582f7f5f889cb51aff5a481c16f56.jpg,0,0,0,1,0
ac5a8c173a1d5679_jpg.rf.1375146a82e7b5843aae780303930802.jpg,0,1,0,0,0
-AD8A2B9C-A00D-4D3A-AD20-41B17782BCEE-png_jpg.rf.2d51f68c91684227c579a10c809f2458.jpg,0,0,0,0,0
-8A21E83B-626D-4945-8398-04050BFA2010-png_jpg.rf.a72701eab8b941647caf6325e7148b72.jpg,0,0,0,1,0
Bike-1311-_jpeg_jpg.rf.b71270922945469f9aa112522c509c9a.jpg,0,0,1,0,0
Image_013413_jpg.rf.a74dbceb433e971509db2ced78b79e41.jpg,0,0,0,0,1
WhatsApp-2BImage-2B2017-07-26-2Bat-2_jpg.rf.d87d872c7605868044ff225cf4e89666.jpg,0,0,0,0,1
-8437E1F6-8E99-458C-992D-8794FF4B5C1D-png_jpg.rf.ff6bf4437f390e027c8ae2acf2cfc224.jpg,0,0,0,1,0
-423FE4FB-F3E1-4E8E-8A40-5A99AEF6C353-png_jpg.rf.114e5bac9ffdeca7d133b783600ff0f4.jpg,0,0,0,1,0
Image_013232_jpg.rf.2a59c2550554114316354e827efaf700.jpg,0,0,0,0,1
-ADCB798A-4304-439E-BC7F-33B1FF904A78-png_jpg.rf.2349e3084bfa664682848545077a0d02.jpg,0,0,0,1,0
309_jpg.rf.51df6f99d6ed962a89ef62fdb9bf0750.jpg,0,0,1,0,0
54208a92e560f2f6_jpg.rf.2d9eb48fd8a47e0fa5dd526429a95475.jpg,0,1,0,0,0
bus-116_jpg.rf.306c8e249b255ca542dcf273200b67ad.jpg,0,1,0,0,0
7706ad9c064034ca_jpg.rf.68abdc3895a6152fab8c3dd86062d274.jpg,0,1,0,0,0
25fa18f27288d3be_jpg.rf.7c52bb8b091f9957d8cae34fd125a8c3.jpg,0,0,0,0,1
b52c202df1a5c47e_jpg.rf.af682dff06c671290886a0448bb84bd1.jpg,0,1,0,0,1
427_jpg.rf.af72442fb73f8ee997f13558e84b6fb0.jpg,0,0,1,0,0
-AB4D1295-51CB-454E-ABB1-DFF009174980-png_jpg.rf.c914a001d6093ebd2b682d5314f3918d.jpg,0,0,0,1,0
-423FE4FB-F3E1-4E8E-8A40-5A99AEF6C353-png_jpg.rf.055322c612d7a047487b300ccbf5cb3a.jpg,0,0,0,1,0
Image_013389_jpg.rf.317fd41151c67197bcb14519256a4a47.jpg,0,0,0,1,1
-7B2232F0-BE04-4BB5-A476-806409239A4A-png_jpg.rf.4180a2a62290408b9e36eb946b5966e8.jpg,0,0,0,1,0
310_jpg.rf.aaa3a5d480da3b0dd0528c6881d28b7d.jpg,0,0,1,0,0
-8A21E83B-626D-4945-8398-04050BFA2010-png_jpg.rf.c84c76ab234c5455b386fb17a8719b11.jpg,0,0,0,1,0
545d37cef5dac94bc85179274dbfcbf8_jpg.rf.bb8d09da1187bdcfae4ac200945f7978.jpg,0,0,0,1,1
87b33e9edd7ccafe_jpg.rf.b7d3a41d279891a0248db809f056dcc1.jpg,0,0,0,1,0
image-45-_jpeg_jpg.rf.0aaf8614ff74f50ab309be53bc15b223.jpg,0,0,0,0,1
Image_013376_jpg.rf.e7bafcfb1b47930613be2b4bd0a58bfe.jpg,0,0,0,1,1
-C01087D7-A9FF-4402-8715-C983088F2476-png_jpg.rf.0614ee964ff03fe9f44a48dd1533c8dc.jpg,0,0,0,1,0
Bike-1120-_jpeg_jpg.rf.20478f4e205b061c2e678013f2555219.jpg,0,0,1,0,0
Bike-13-_jpeg_jpg.rf.90fced17352d316f4af941ead75e03be.jpg,0,0,1,0,0
MITSUBISHI-FUSO-SUPER-GREAT-V-BETA-V_jpg.rf.dfe723fc6c05ce2bb1029120009c37d8.jpg,0,0,0,0,1
53157ca05b6ef3b5_jpg.rf.e70d1ce635b63a2852a8564edf3ec08d.jpg,0,1,0,0,0
089cc41a901b2653_jpg.rf.f9cf3ebeb220c04c87a5fe4e42f04830.jpg,0,0,0,1,0
b50c7c2e53f1948d_jpg.rf.4d5b096b1b2fb54431c62454ba850053.jpg,0,1,0,0,0
4ddebfc57fb0beea_jpg.rf.62baafbe5c34bf7352f87a81461d0809.jpg,0,1,0,1,0
363_jpg.rf.6683654ebf4cbdfafa418bd35b02f967.jpg,0,0,1,0,0
5a5a11676c3b7e60_jpg.rf.853bdfcdf0db7f1b6316e1a2e9ce038f.jpg,0,1,0,0,0
64708fe110f8ee96_jpg.rf.9a4f90c721e249cdae75a040211839a0.jpg,0,1,0,0,0
129278bcb16b412a_jpg.rf.cebbfc7ef9b791c39c224a849ca6347c.jpg,0,0,0,0,1
6562b9dd98534552_jpg.rf.392af4d4b0a200a252c85ad6f75aa663.jpg,0,1,0,0,0
b1aa709d72e93d78_jpg.rf.3a1f76ed0672e07704806218666eab63.jpg,0,1,0,0,0
3fc6ea65e3e4be39_jpg.rf.4b31def17ccfac2a877976fb3c1414e2.jpg,0,1,0,0,0
1781ceeba365928b_jpg.rf.4f7ee9244d8d098d21f87a66a87ac256.jpg,0,1,0,1,0
156_jpg.rf.6412402a4f4fab37a63d353f7ab903ac.jpg,0,0,1,0,0
-EE559B46-E301-4D74-AA70-4B69BEA93ADF-png_jpg.rf.7280884d5f41b1b3a51dbc51f20a2044.jpg,0,0,0,1,0
Image_013345_jpg.rf.13d1ac950dbb9c8a3b892e386d2a0a1c.jpg,0,0,0,0,1
527_jpg.rf.2e2387ec02d0ebd4baa9037cc1d0f9d1.jpg,0,0,1,0,0
image-53-_jpeg_jpg.rf.b3efd361b34ca265fce114ff6961567d.jpg,0,0,0,0,1
Bike-101-_jpeg_jpg.rf.9738efff0787420c028e2813b65cd0b0.jpg,0,0,1,0,0
7712bc27484e931e_jpg.rf.388b0a5cfd604cede258d9506b862af8.jpg,0,1,0,0,0
02e3adf2289cefdb_jpg.rf.f94f89f4079f8b1746db1b110b6bbcda.jpg,0,0,0,0,0
613_jpg.rf.3a8087872b88e95e55c2ac3cbdfd5b28.jpg,0,0,1,0,0
1998-nissan-ud-diesel-big-thumb-cw55-cw55ahud-10-ton-tonne-t_png_jpg.rf.7ea459a4ce530d9252c6446dabeb8222.jpg,0,0,0,0,1
-7A5157C7-2559-41E2-8D05-376D1E96A58E-png_jpg.rf.16a457d136ee8bbe6748b3ff01635c5a.jpg,0,0,0,1,0
Image_013446_jpg.rf.708b9f7469985b95eb7c942a27f45571.jpg,0,0,0,0,1
54044ead7b8e47ce_jpg.rf.23ec998efbcedd0ee9d12b42e8c9a7da.jpg,0,1,0,0,0
Bike-1314-_jpeg_jpg.rf.bf17fa4b4b5eb9d9602ad1e67b465a86.jpg,0,0,1,0,0
3ba40d83b9434a93_jpg.rf.e422f09507e4d43c84cdd0c47a8f76a0.jpg,0,1,0,0,0
480_jpg.rf.45076e592215e45903c07202f2094d96.jpg,0,0,1,0,0
Bike-1406-_jpeg_jpg.rf.43c9e4bb3b97a79384bdfc4d7c040bb4.jpg,0,0,1,0,0
472_jpg.rf.185b4d7d0388fd851cc359ae8942dc81.jpg,0,0,1,0,0
Bike-1396-_jpeg_jpg.rf.21123fa5ad8ffb2862950a4261bd8b7d.jpg,0,0,1,0,0
8317d1025cc46b4a_jpg.rf.6bcc33a13b71ea56e182054cc8cc4ac4.jpg,0,1,0,0,0
Bike-1289-_jpeg_jpg.rf.969b2e78cde5fad1c7915193fcde888a.jpg,0,0,1,0,0
Bike-1508-_jpeg_jpg.rf.34321f3f04c811ec9f97faa5aca3434c.jpg,0,0,1,0,0
-6DAD352D-A46B-4983-AAC5-88BE86A2EA9D-png_jpg.rf.c3ec6d32a14943a3a2d610ecd6de5b8e.jpg,0,0,0,1,0
Image_013345_jpg.rf.ad4e83e5c809541588605837c064925d.jpg,0,0,0,0,1
Image_013469_jpg.rf.07584f1cca49bdb9bee01db53d3d179d.jpg,0,0,0,0,1
73eecdcf3e8b2d0a_jpg.rf.827d34a2d9799b8a299b20455a7ad9d3.jpg,0,0,0,1,0
202104211621730_jpg.rf.e78ab123c9a8dfec61b412241934391d.jpg,0,0,0,0,1
2e9f41812ca22780_jpg.rf.20629a23208da095b84002cca02c6220.jpg,0,1,0,0,0
431_jpg.rf.1a5722bcd331f3cb164d9e0b4de0bcfd.jpg,0,0,1,0,0
29_JPG_jpg.rf.5347e68fbbf6768d122a2ffab8975cf3.jpg,0,0,0,1,1
a4_jpg.rf.056e8014bbae90484df132e28e85ceba.jpg,0,0,0,0,1
59505ae245b1caeb_jpg.rf.1334f6e98d9ad9ecdeef0f87ec608737.jpg,0,1,0,0,0
Bike-55-_jpg.rf.279ad82cff4bc181ac3568bafda5e52c.jpg,0,0,1,0,0
-332D2462-631E-4F9D-914E-9EA5A217A8FA-png_jpg.rf.253df3aef31324484db6d1f8100c535b.jpg,0,0,0,1,0
25fa18f27288d3be_jpg.rf.448a4b8679b6badc411bbb680b09d92c.jpg,0,0,0,0,1
508_jpg.rf.dc9a8dbbe425caee741894ec35be0ea5.jpg,0,0,1,0,0
Bike-1297-_jpeg_jpg.rf.9b54f4e4ee17d6915531d819d4089cbf.jpg,0,0,1,0,0
066783e763e74642_jpg.rf.6b61e7011dc507f91cb39af4ad0d26fb.jpg,0,1,0,0,0
83875e780f9c74ea_jpg.rf.94da60c99c1b68b5697c1ebf6015b12d.jpg,0,1,0,0,0
4e06822a10d2e72c_jpg.rf.28fe93c7c5f750db02c01faafc3b7daf.jpg,0,1,0,1,0
2e571628df2c7651_jpg.rf.d833e7ff7a9b0be74d494465c1a4a115.jpg,0,0,0,0,0
-39F48ED3-07A0-41D7-85B6-474E4ABF17C4-png_jpg.rf.528f8415957412ae647a6ec065cc7c93.jpg,0,0,0,1,0
-6B809CAB-0782-409D-9497-D0C9237884D3-png_jpg.rf.07252b6a1d387d34d5247986b884f52d.jpg,0,0,0,1,0
Bike-100-_jpeg_jpg.rf.0b626f013fadc79b683dbade420d1e96.jpg,0,0,1,0,0
341_jpg.rf.384abd44151ce8698da0673548cc5536.jpg,0,0,1,0,0
435_jpg.rf.281922da26e406575a0e1bf615223ad8.jpg,0,0,1,0,0
00b1884d72d57a22_jpg.rf.0c05cdd2a32d473d074326781b537f61.jpg,0,1,0,0,0
0fe6e5c615189a10_jpg.rf.62ddaf43e6b5af59ee15c208e74cb246.jpg,0,1,0,0,0
Bike-1500-_jpeg_jpg.rf.8a60c4d709db3ebdef9c6272e5c4b511.jpg,0,0,1,0,0
Bike-601-_jpeg_jpg.rf.3b531dc86cd11204583618d60f4d72da.jpg,0,0,1,0,0
tripod_seq_14_072_jpg.rf.3ba9639c42fd46c6a58bb8c4a0384277.jpg,0,0,0,0,0
-5C9472C7-6F7B-45B6-A2F4-0CE739421A98-png_jpg.rf.6903ff09f2f07d8f7a8a793bdbbe36e6.jpg,0,0,0,0,0
202103220446697_jpg.rf.384c57b5cb51069f1fa450f033a21f40.jpg,0,0,0,0,1
589_jpg.rf.565be1b44b40552d1dddf79d479b15f5.jpg,0,0,1,0,0
202010134934695_jpg.rf.c39cd8ee58c85504ce01e61e0f3feca0.jpg,0,0,0,0,1
-B20BF572-7ABA-427A-9911-0697A5B4C44E-png_jpg.rf.eafc0c9629c2cb3257ea521aef220e91.jpg,0,0,0,1,0
Bike-216-_jpeg_jpg.rf.424c749806b873a03c041d7e920a2b38.jpg,0,0,1,0,0
353_jpg.rf.6c8d14a82731176edc028b871f39e5c9.jpg,0,0,1,0,0
90019eeccbdd6cab_jpg.rf.05e3e6141d41f3be15ea934758ca4acc.jpg,0,1,0,0,0
9277ef0838b2c75a_jpg.rf.bb81a04a3f3c322fda96a7c6d659dbe0.jpg,0,1,0,0,0
GH011387-MP4-t-120-333333_jpg.rf.6873625cda53c38b44182217fea52785.jpg,0,0,0,1,0
Bike-1594-_jpeg_jpg.rf.d940ba508cb6bbfbdfbd8f62261f862a.jpg,0,0,1,0,0
0fe6e5c615189a10_jpg.rf.00fc320973c6c4b6d0ab7502cb694591.jpg,0,1,0,0,0
1e553c5a0b8e3960_jpg.rf.f7a326e7781de6e9496e05f25bbe97a3.jpg,0,1,0,0,0
IMG_20190204_162414_jpg.rf.daffbff4bebf9a1c78724790e653cabd.jpg,0,0,0,0,1
202103150156998_jpg.rf.9680f94286dab01084cf5fd980bc41cc.jpg,0,0,0,0,1
356_jpg.rf.279b9d5ca767450514d90ce9c674d8f8.jpg,0,0,1,0,0
202104131309361_jpg.rf.df6c2e0ba33c36678f8681c7c7ba28cc.jpg,0,0,0,0,1
579_jpg.rf.d1eb72190f757d21063931b325eeb087.jpg,0,0,1,0,0
1e553c5a0b8e3960_jpg.rf.a6f77cec26df91e43e409682da1974e5.jpg,0,1,0,0,0
8198f23f3d6e76f5_jpg.rf.50e178a45a651ac550dc15e03ed32811.jpg,0,1,0,1,0
Image_013568_jpg.rf.5f8f38f1de53e0ebca4b179dd7f11f80.jpg,0,0,0,0,1
-6B809CAB-0782-409D-9497-D0C9237884D3-png_jpg.rf.f9750f34759182352eb41d1bec7555fa.jpg,0,0,0,1,0
266945d37ee268d5_jpg.rf.28a6148081ea5edd28e2c036c2eaa2fe.jpg,0,1,0,0,0
1f24c8d04afccd4e_jpg.rf.397dd4a30257ac48fc2cfad88fa025b7.jpg,0,1,0,0,0
202010215267318_jpg.rf.ee3bb223a892692492e77fb45e2078de.jpg,0,0,0,0,1
202104141335289_jpg.rf.0b81014fbe6521d57643a0469129f10d.jpg,0,0,0,0,1
-A3DAB092-266E-462D-A4D5-790862172311-png_jpg.rf.1e7caa2e393e5c8915ff74866debb017.jpg,0,0,0,0,1
0f7fdadc09c3b2d1_jpg.rf.15f861a56af2d3a18a7f5f93246c9db1.jpg,0,1,0,0,0
-F851C0BB-07B3-498C-BEA7-09DE743C2B02-png_jpg.rf.bfca1c5d6613177ca7a2d9d3d3b07c59.jpg,0,0,0,1,0
-8780E321-98BD-408B-A8A9-E17B838682AC-png_jpg.rf.9f24299fde4db832d27002ddb46f7124.jpg,0,0,0,1,0
bus-153_jpg.rf.0c93fb621c71c42672f31c126fe28f75.jpg,0,1,0,0,0
202104131305268_jpg.rf.9c09e7b0652f3d97de64fc426db5e990.jpg,0,0,0,0,1
202103220439215_jpg.rf.f7be9c69c49852a931a4111026fe0ced.jpg,0,0,0,0,1
0eec3b919dbb83b8_jpg.rf.b170eb3a284e9a0242a4f8d98f3ac7d9.jpg,0,1,0,0,0
-D85575CA-53D0-451F-AAD8-3F9BE76F9E52-png_jpg.rf.95281dc64e662befd0945d5e320f3369.jpg,0,0,0,0,0
0f7fdadc09c3b2d1_jpg.rf.ed32bcb18991408db66b1d0c5dd2c44d.jpg,0,1,0,0,0
7eecf7ff2aaa158b_jpg.rf.9354e360d9f1372bf0d1a5cd13342791.jpg,0,0,0,0,1
02a596b551ef7c7c_jpg.rf.5a4fcfbe9936c5752ce52e75bae29823.jpg,0,0,0,1,1
00aaf0a0a9ee7e71_jpg.rf.4619c2771b1cd11f05780190a7f470d4.jpg,0,0,0,0,1
548_jpg.rf.449b7d9ed5289895677e6e8a7b8e5345.jpg,0,0,1,0,0
bus-89_jpg.rf.4ab786e6d9df74882443f56a1ffd1725.jpg,0,1,0,0,0
BG154354_70f5a2_jpg.rf.65280069e05688d8ab5b3cea4719d9d5.jpg,0,0,0,0,1
18_jpeg_jpg.rf.64df73b10e2194d17e46eb0bcd052896.jpg,0,0,0,1,0
-F6E6F421-AD9D-48A9-8CF7-07EB7ADEE1AF-png_jpg.rf.37b4fcbbf39808929e168e46d109a18e.jpg,0,0,0,1,0
2a698c23915634a2_jpg.rf.2686a036006b88afd62160d49ef77bc3.jpg,0,1,0,0,0
tripod_seq_09_088_jpg.rf.21f6247f6ff5850ba4fab60dfdacce78.jpg,0,0,0,0,0
202104121268806_jpg.rf.3dc16174fe75d0fde87ed318c8b498e8.jpg,0,0,0,0,1
0fb428a78b101b9b_jpg.rf.27f2cfbd1f515448f88dd6d31b6ee6a0.jpg,0,1,0,0,0
f2463ddabfffc04f_jpg.rf.452de445b791bbaaf2f7bd4acb6e0152.jpg,0,0,0,1,0
549_jpg.rf.bff0f7e7057f1847bc4d7905a6536a06.jpg,0,0,1,0,0
-5C9472C7-6F7B-45B6-A2F4-0CE739421A98-png_jpg.rf.df9020fe8d62ae3067b15e69081698ba.jpg,0,0,0,0,0
2013-Mitsubishi-Fuso-Canter-7C15-PBU_jpg.rf.f5123de4dc3d5f7b5cd4cf7c2c594c9b.jpg,0,0,0,0,1
f9_jpeg_jpg.rf.e6a952f58af8141fbf8ac50cc5260e5a.jpg,0,0,0,1,0
8d9eabbbc5f0ef15_jpg.rf.18e0f62d87a8772f442685ad530e1ce9.jpg,0,0,0,1,0
1e2e61ecce77e8cf_jpg.rf.f95719edc1c3b5ed20bc63a98c57f94c.jpg,0,1,0,0,0
535_jpg.rf.e3d72aa04d2b74b27f9274f4869eaa9c.jpg,0,0,1,0,0
230_jpg.rf.c1f3697e82db9aa9f70c25c701226ece.jpg,0,0,1,0,0
2d06f6df7b46f3ca_jpg.rf.a69effbe786cb07a0be4669a60b5d6e3.jpg,0,1,0,0,0
bdb39aad895c90c6_jpg.rf.f3f11c2b6efc78bea7a827d4bb5947f7.jpg,0,0,0,1,0
bus-52_jpg.rf.f6240105d98508fc505c15704a1f8385.jpg,0,1,0,0,0
300_jpg.rf.9b49261b18941b9a060256982a74d927.jpg,0,0,1,0,0
23_jpg.rf.73b260cc6c88506d00dd818271ac0b1f.jpg,0,0,1,0,0
Bike-795-_jpeg_jpg.rf.43d84dc311bcf3bb020595944b0bd98b.jpg,0,0,1,0,0
Image_013471_jpg.rf.49b7015e1adc00e901e769d99e133d2a.jpg,0,0,0,0,1
230_jpg.rf.0e66059e78aee33ffcb6ed6abb4fc032.jpg,0,0,1,0,0
93684b17bf1c1b0f_jpg.rf.b5abbe9ab1bfa5bbced46d137e6b2da6.jpg,0,1,0,0,0
bus-106_jpg.rf.668877d45423bc931a5eacd924e38a04.jpg,0,1,0,0,0
-86F182D0-73B9-46B2-826E-BE5DE5A76D12-png_jpg.rf.7bbcc72a627429b493fef12a8af57a35.jpg,0,0,0,1,0
202012016667837_jpg.rf.ffd17a2d3389c7ecd2771670359e0e78.jpg,0,0,0,0,1
-2D2D8602-E497-4B46-B4B3-5C7594A43411-png_jpg.rf.b03a4f87f85608a06c3d46f5e7c526bb.jpg,0,0,0,0,1
-7BD0670A-F3AA-4DF3-A61F-D64CF293E7DA-png_jpg.rf.01c6c2b6634a694597729c4660eb9263.jpg,0,0,0,1,0
61_jpg.rf.7a2e972f76cca003cf913edb81553540.jpg,0,0,1,0,0
550_jpg.rf.b4e0ee251c008161436fe4ff08b72d64.jpg,0,0,1,0,0
1b972e42f9524967_jpg.rf.cc879d152c7f0cdf8ebc18eb2e7c5836.jpg,0,1,0,0,0
707_jpg.rf.83c40681b7c78c5a54080bb9052d3aaa.jpg,0,0,1,0,0
b81a34c48ddaa477_jpg.rf.9949f42e11a98148ff09d2d5d9cf84dd.jpg,0,1,0,0,0
227_jpg.rf.61add1837b6ffbe3ab433de144906dc6.jpg,0,0,1,0,0
bus-142_jpg.rf.143dd69a229ce76a42ccef0740611859.jpg,0,1,0,1,1
aeb050c3f8cd4cd0_jpg.rf.0cab1ede52762042b77b6e3b3458c410.jpg,0,0,0,1,0
bus-94_jpg.rf.63c038807afe33a1f0cd8410b79f8814.jpg,0,1,0,0,0
-83956755-788E-4F05-89DE-7B8A6D2B5C21-png_jpg.rf.9f31591084d054134eaef9f947255d86.jpg,0,0,0,1,0
-87FD317E-6F61-44EC-99D8-CD780485C6D1-png_jpg.rf.4ec6c31b07122d65ca6bf4983eee9792.jpg,0,0,0,1,0
370_jpg.rf.6a84257f4f9b25f76efc329c4c465f6c.jpg,0,0,1,0,0
ad-assets-2F17828-5812AIS01-2Ffield_jpg.rf.483dd4890041f6956f7ecdfb31ae2d04.jpg,0,0,0,0,1
54b9aac8bf5e1a20_jpg.rf.06addc165ffd7868e3d94497f8363c75.jpg,0,0,1,0,0
-1E060058-A56A-4311-B732-3ADEA1E80274-png_jpg.rf.7d286cf3ab4a39184b14b0ec8d99fc74.jpg,0,0,0,1,0
5f630068e794c-jpg_jpg.rf.da56bc007db9872f1d83ad8b9580d18f.jpg,0,0,0,0,1
-8780E321-98BD-408B-A8A9-E17B838682AC-png_jpg.rf.a7020d8d7ab4f034c80c95a84385adba.jpg,0,0,0,1,0
-56F905BE-38EB-4BBE-B228-1A61B0FB1B4B-png_jpg.rf.226a96da2f6be858ec6b6cfefded1507.jpg,0,0,0,1,1
d31c720e294fee1a_jpg.rf.e940782d8a5446dc61add5ce93ce54f8.jpg,0,0,0,1,1
-8780E321-98BD-408B-A8A9-E17B838682AC-png_jpg.rf.41d25f95030c61af8d0aba11b80da52b.jpg,0,0,0,1,0
b1504e1cad941c22_jpg.rf.64cefcdc6b205a7e75c3b98e080bfbf6.jpg,0,1,0,0,0
22_jpg.rf.f59bd6a8aafaa0d552638e25c24c9f1f.jpg,0,0,1,0,0
b172c5ea03e5b6eb_jpg.rf.50ff846018caf85515420f2ac1e1550f.jpg,0,1,0,0,0
Image_013610_jpg.rf.574217a47e8a69f993f45532fd594fc3.jpg,0,0,0,0,1
-834D156C-1093-4AD9-A086-72E4C7B5D2D9-png_jpg.rf.54fb21cd8c966dcab083bf76fb89f2dd.jpg,0,0,0,1,0
ets2-mitsubishi-fuso-supergreat-truc_jpg.rf.8f2c2064c545d39baa91b1cc3f202625.jpg,0,0,0,0,1
a39209dc51883124_jpg.rf.d9c95533e6334152d22a261744594103.jpg,0,1,0,0,0
ets2-mitsubishi-fuso-supergreat-truc_jpg.rf.5e42ccd1cfb4c9e66d196f18dc3942b6.jpg,0,0,0,0,1
bus-88_jpg.rf.a1d2d37bab7c6a41e07ba615b1295490.jpg,0,1,0,0,1
608_jpg.rf.e3c91530f09a985112730ec375a9f132.jpg,0,0,1,0,0
61_jpg.rf.2c98df7950b127e31e03af8311a1576f.jpg,0,0,1,0,0
GH011387-MP4-t-120-333333_jpg.rf.85bb369a2cc060f7c4c387a65c81fcdf.jpg,0,0,0,1,0
-040585B0-923B-49A3-B6F7-D149A58534ED-png_jpg.rf.cce44d93dac20bae5942c67f0c94d49d.jpg,0,0,0,1,0
7f521593dc5e1d37_jpg.rf.a0a1f82e3647ca7f2db49553013d431f.jpg,0,1,0,0,0
15374419375ba380915572a_jpeg_jpg.rf.8c158511cd3499b01c9049db8da8dbbe.jpg,0,0,0,0,1
256_jpg.rf.bcd4b8a305594a524accfcaa318d3cbb.jpg,0,0,1,0,0
bus-73_jpg.rf.53b31fd3592c8ca97a24170170aa42b8.jpg,0,1,0,0,0
16104227295ffd19c9c7fcb_1_jpeg_jpg.rf.2abb6e7722bea12a49fe867e28f4209c.jpg,0,0,0,1,1
WhatsApp-2BImage-2B2017-07-26-2Bat-2_jpg.rf.2fe4f3495f6982145bd973d609b4221f.jpg,0,0,0,0,1
-15F66BCC-7D1B-4C04-82EF-C560EC4C612E-png_jpg.rf.dc20ed10db4957a897a6c7122471253b.jpg,0,0,0,1,0
00abf276002161e1_jpg.rf.64afb2de11aa030d01c75807e3df0a5f.jpg,0,1,0,0,0
a1f88049afb2c467_jpg.rf.aac991c0e79f2dd0190c25d5042e8d81.jpg,0,0,0,0,0
00fce9f060ba3884_jpg.rf.9037cbf1e401336f6abf7093d1455d28.jpg,0,1,0,0,0
Modifikasi-cutting-sticker-truck-can_jpg.rf.9e04e73d88af65f3bef59d136d0a7f7c.jpg,0,0,0,0,1
207_jpg.rf.ddb18325c7c75d79b280cf476c89c4c4.jpg,0,0,1,0,0
272_jpg.rf.60cc4e954f12a0c743ff7ded60853327.jpg,0,0,1,0,0
-219385A6-1305-4394-A47C-8D7503109ABF-png_jpg.rf.2953f474ad6b23b59ce5dc9aa6de8a07.jpg,0,0,0,1,0
-DDF02CB8-2C31-4AEC-87F6-22360E427E9A-png_jpg.rf.867541120e103273c0415430b08e1b05.jpg,0,0,0,1,0
c645a919dfb54b94_jpg.rf.48401115a3bd171795fafa546d2ca2a1.jpg,0,0,0,1,0
-618A0E4F-DFF5-4624-B30C-9F657BE51772-png_jpg.rf.b83aba0dac4bfbc22361a742c9790870.jpg,0,0,0,0,0
241_jpg.rf.c05b36d11e0bd3119254c67caee86064.jpg,0,0,1,0,0
bus-81_jpg.rf.c86c44a75a765a81657cfd49d80a6c86.jpg,0,1,0,0,0
bb8784d66b93ba92_jpg.rf.f02e41253e51f268443dec560afeae68.jpg,0,1,0,1,0
-A6DFC8F3-98FD-47DF-9EA7-ED215D791A26-png_jpg.rf.6e552520ffdafe54028bea4b3c4e837b.jpg,0,0,0,0,0
480_jpg.rf.c249f371301a77f982c2fe128e8493e6.jpg,0,0,1,0,0
166_jpg.rf.6ae8fe63c86f58ccf441f472dce26ba6.jpg,0,0,1,1,0
-BF6A8C7E-455B-4B26-A5AD-C4AEC6EE3683-png_jpg.rf.c535cb2b070f9af3c244e89f51d62674.jpg,0,0,0,1,0
-B042FF22-15AA-420D-8D1C-4F67652DA770-png_jpg.rf.4dbc89ac5c816cee1cca1f86d2df860a.jpg,0,0,0,1,0
-8BCDBC76-A3A4-4C0A-A595-5993A129EFA0-png_jpg.rf.8a31f690ff26078c60d62a3a34695a76.jpg,0,0,0,1,0
0bed11ef073a4ec2_jpg.rf.992949768b1ebd1c3939a3ba7d2f6bcd.jpg,0,0,0,1,1
0133391d627e6df4_jpg.rf.90bddafa825395e41b4125dab8ae774e.jpg,0,0,0,0,1
7783e0cff56a7c38_jpg.rf.ff33f09cbe54024dd846d5656e6427aa.jpg,0,1,0,0,0
227_jpg.rf.919cf1f9dc8c84907e15b259c700ad19.jpg,0,0,1,0,0
464_jpg.rf.e551773844fdc031f5426b9802f2b7aa.jpg,0,0,1,0,0
b85fe6ea8fd1af66_jpg.rf.f164e49343f8d68a0140f1078768b303.jpg,0,1,0,0,0
8736925341819488_jpg.rf.e99a16e0a3196d08584fc7df95955c13.jpg,0,1,0,0,0
Bike-1-_jpg.rf.2ee4efa65b833c31300b02ce25d33101.jpg,0,0,1,0,0
202104201607089_jpg.rf.89a439c506760e3d30f7498e9fbf1964.jpg,0,0,0,0,1
3ecc0e0a3dc82aec_jpg.rf.b7b82b9b3f3be607216684c2ba859169.jpg,0,1,0,0,0
580_jpg.rf.a39d7a5eced5381467960cbdcc587c11.jpg,0,0,1,0,0
f21_jpeg_jpg.rf.8190f79a363a7fe62c6621c591ca6f58.jpg,0,0,0,1,0
202010215267318_jpg.rf.9e5bd8987297bd1ca2f9bc9add539a9f.jpg,0,0,0,0,1
1c821ce5b084cd23_jpg.rf.052e813507e04ecddc4d6c60cd9853c7.jpg,0,1,0,0,0
202103220434013_jpg.rf.84916cdd58a1f4040abaecab5ae27b36.jpg,0,0,0,0,1
bus-64_jpg.rf.f44647921f0b6b700e8a317f4f4f59e0.jpg,0,1,0,0,0
220_jpg.rf.3f9f527e24d582be416a4bb2e0144cd2.jpg,0,0,1,0,0
b55adb584214025d_jpg.rf.710983ae1db8340469f4881ce2570e1c.jpg,0,1,0,0,0
-FE599FE5-93E0-4464-BF5A-94885FB3B47E-png_jpg.rf.4ce459ffb35bceeec067842f4eeb84e9.jpg,0,0,0,1,0
0158932b16a6417a_jpg.rf.8884f75f6e23646f2f966b5d6d6f927b.jpg,0,0,0,0,0
-ECDAC625-A642-4F2C-8A95-1B919C612877-png_jpg.rf.28b03900c20e2eaa4a23004843cdc104.jpg,0,0,0,1,0
9864bf5633c65e59_jpg.rf.b8068172182a73fc40967098bf749ece.jpg,0,0,0,0,0
29110be3c2c739de_jpg.rf.7936ceef32b9254d601ca06ae070cc3e.jpg,0,1,0,0,0
-B3FF9CBC-6C9F-4BDD-B814-790723E32E98-png_jpg.rf.064cb427c7545324955efedc3e73ddf1.jpg,0,0,0,1,0
-398D11E1-12E9-4FE1-83DA-198B0C1A0D9D-png_jpg.rf.15071c08a1411295ed4817b8c02958f5.jpg,0,0,0,1,0
-6A6DD558-AE05-4068-83CA-C77433215445-png_jpg.rf.3f3f0ef99fe560651b10cf13ee53fcab.jpg,0,0,0,1,0
554_jpg.rf.a3698a2f3e7eec7f65f6dee3ab8769b7.jpg,0,0,1,0,0
WhatsApp-Image-2022-12-05-at-18-29-12_jpeg_jpg.rf.6b71b4ba44a68f821425a4058850c30f.jpg,0,0,0,1,0
119_jpg.rf.c88210eb844ef337ffeaf77239e1dca6.jpg,0,0,1,0,0
301_jpg.rf.d136a18255c427ebd7ae2e0c5d17cc0e.jpg,0,0,1,0,0
1c0dd3e32f4a8806_jpg.rf.3d452116dbfa18dc65db349edec97acf.jpg,0,1,0,1,0
Bike-568-_jpeg_jpg.rf.153a387a7318c6cb165d53dd28b91a4f.jpg,0,0,1,0,0
f0e4f481d71014ab_jpg.rf.6d3f7711b9e5a99e8728b846f9d8ec66.jpg,0,0,0,0,1
202104121261481_jpg.rf.5a4e3505510f1dc45cc74de6c2c33a53.jpg,0,0,0,0,1
720_jpg.rf.a5e75b588a70039df71517a7472716ad.jpg,0,0,1,0,0
17d99b801acab230_jpg.rf.03cfee126e3b785dbc90531f293f623d.jpg,0,0,1,0,0
389_jpg.rf.82ebf0046c33d700ad7ff0f0c008b729.jpg,0,1,1,1,0
1cf6b3d1274052bb_jpg.rf.2bd0b540dab338d99f3bd53243945626.jpg,0,1,0,0,0
-DC48B948-99D7-485C-8E3A-4C8D9D4CFB32-png_jpg.rf.3ca8a72f0297ed6bcae66b087adc57dd.jpg,0,0,0,1,0
2013-Mitsubishi-Fuso-Canter-7C15-PBU_jpg.rf.5bdbbd415e1d7e560c5dca6a9284f468.jpg,0,0,0,0,1
bus-72_jpg.rf.fe2d8b19d7fa42c2d05b17b11fc3cffc.jpg,0,1,0,0,0
a48d5787b92c0680_jpg.rf.8ba4a8ab4117e561d27c7f769518ec1c.jpg,0,1,0,0,0
492_jpg.rf.8edd97a0cf31394d20682fd6142ff201.jpg,0,0,1,0,0
379423cf6bfdfa68_jpg.rf.aba4d6399b2df7331c956207cd6a7c1b.jpg,0,1,0,0,0
-A8CEB249-7307-4E78-ACC4-EF1CACB514C7-png_jpg.rf.cdc0e1922f73299f8107224c6b3b16d8.jpg,0,0,0,0,0
2364e615592f1fe0_jpg.rf.5bdae0978ef10969897d2721a3a85334.jpg,0,1,0,0,0
Bike-1503-_jpeg_jpg.rf.4201a92a23a08ef75fe8a841983300b8.jpg,0,0,1,0,0
Image_013463_jpg.rf.249ea05110d5df2b82f6e177132e433e.jpg,0,0,0,1,1
-57BA68ED-7240-45E2-80B1-0DDAF03D1881-png_jpg.rf.e7077a27b1f75a56ec43f0c2805ae3f7.jpg,0,0,0,1,0
739_jpg.rf.62cf9624b468d90eddabc64f2470187d.jpg,0,0,1,0,0
bus-88_jpg.rf.4b8967ee97ab1eb5998ad90a3879279e.jpg,0,1,0,0,1
bak-2Btruk-2Bwarna-2Bkuning-2Bmerah-4_jpg.rf.0da4ee2ba3545af9d70b15dfdea23fea.jpg,0,0,0,0,1
177_jpg.rf.0fd162801cb35dae18a4c8b554de98aa.jpg,0,0,1,0,0
-D3D7864A-309B-4CE0-B18F-3CAC8DFD86D4-png_jpg.rf.9fac9a23b477fd9a8a9e4e2d53441f27.jpg,0,0,0,0,0
Image_013403_jpg.rf.02b0468b842b3e10a4316fc0f6d3ebf3.jpg,0,0,0,0,1
ad4766d5f3124bc8_jpg.rf.f73c0e66fc61433d1644b869018a621c.jpg,0,1,0,0,0
358_jpg.rf.587d85b92101817985e72d234a9b4c29.jpg,0,0,1,0,0
0df44ae71ebdbb85_jpg.rf.7f11fbb43a6abdf1b57b12bdc4353a17.jpg,0,0,0,0,0
1_1618985037607fc04d9adc8_jpeg_jpg.rf.14132fb20b6888a930c9b741978f6dc4.jpg,0,0,0,0,1
-F851C0BB-07B3-498C-BEA7-09DE743C2B02-png_jpg.rf.9e29e4c88de67ca807972c925a7ea0a8.jpg,0,0,0,1,0
053227f4aed1f791_jpg.rf.b863842ac2b1f73e747f8094ec934cf7.jpg,0,1,0,0,0
366_jpg.rf.bd69a16318714f68d8931f4b154791eb.jpg,0,0,1,0,0
Bike-13-_jpeg_jpg.rf.61ec13e83849ee039ad87802be0e378d.jpg,0,0,1,0,0
b1bdc5e8f0555dd3_jpg.rf.ae89e663429d742e984f59df641da0ad.jpg,0,1,0,1,0
Customized_Hino_Ranger_Dump_Trucks_For_Sale_in_Thailand_02_jpg.rf.9fa2e6f4618b8833616beef915e8266a.jpg,0,0,0,0,1
-63991B4F-9F98-4B3C-9CF4-B7985DB357D1-png_jpg.rf.49a2ec539b079064cdbd743c37617c16.jpg,0,0,0,1,0
1217257695405075_jpg.rf.5bedee9a6a5a42b109efc8534a4db9f1.jpg,0,1,0,0,0
0fff210cd6af51bf_jpg.rf.5ecf9af2db07d2bdee2be9f1035d226e.jpg,0,1,0,0,0
59_jpg.rf.01ad7f916e51c2602c42a5fcbcb4e651.jpg,0,0,1,0,0
-AFDBA762-453D-4003-BBDF-A57AD7B04932-png_jpg.rf.c2d1c7e2f3e3ca98abbde39ac9136b21.jpg,0,0,0,1,0
f34351bcba59ff09_jpg.rf.643581b1b5369041b4936b689b8cdf31.jpg,0,1,0,1,0
202103170254981_jpg.rf.a25d3049eb21d7438991d8a32eb2e960.jpg,0,0,0,0,1
2013-Mitsubishi-18ft-Refrigerated-Va_jpg.rf.5ca371835c3ca8e1da383564ee5b3869.jpg,0,0,0,0,1
54b9aac8bf5e1a20_jpg.rf.53beafd8fbb2a7c4e26dd0d748a1f32b.jpg,0,0,1,0,0
-46175DA7-1566-414C-8B5E-587BE9339765-png_jpg.rf.861b5146075ca53450338c9b4b9fa2a9.jpg,0,0,0,1,0
1c0dd3e32f4a8806_jpg.rf.6a5674666ffd8ae0c26d1bec76c27771.jpg,0,1,0,1,0
202104091166906_jpg.rf.744fa2d99dfae67c97c4db8247b53207.jpg,0,0,0,0,1
0e71f64b38d841f2_jpg.rf.07a9132039dd96bc5bda48ec74e10d97.jpg,0,1,0,0,0
358_jpg.rf.d58344dc7bc5bf9a84e7dc32d23da262.jpg,0,0,1,0,0
18_jpeg_jpg.rf.358781761e3745e85467b8a47536ef12.jpg,0,0,0,1,0
goods-transportation-for-kabul_jpg.rf.8b7a7321c4754df1d68ab2d71a1aaa7e.jpg,0,0,0,0,1
26670e15f4e98457_jpg.rf.4ed5a79369c5d266790c4277b707b29d.jpg,0,1,0,0,0
1cfb1ceeb7be1b8e_jpg.rf.6d78cdafda61d0eb07d090d7b544c216.jpg,0,0,0,0,0
202104151399354_jpg.rf.bc6f10e8203e46a4ae655abfb9f2b514.jpg,0,0,0,1,1
83875e780f9c74ea_jpg.rf.6a449a2f13c2755d6e5ca2363642320a.jpg,0,1,0,0,0
Bike-55-_jpg.rf.0c79a57914fe4bc597dd7a59a7935747.jpg,0,0,1,0,0
a48d5787b92c0680_jpg.rf.15cd5722db983a8c5b2e0732b4177b2a.jpg,0,1,0,0,0
f69_jpeg_jpg.rf.905ee2a857bf63dc964b97de23fe8017.jpg,0,0,0,0,0
0cad172beb608add_jpg.rf.0d90ee40a3e871dad6f7fa03c79521f5.jpg,0,1,0,0,0
202104121261481_jpg.rf.f78809a9c3639f95ba79b74bd9e9803f.jpg,0,0,0,0,1
202010124908515_jpg.rf.91fbf7817ee001c02dd33726c9df4e0d.jpg,0,0,0,0,1
531_jpg.rf.341ca582e06f78cadf66dd7cd37176a5.jpg,0,0,1,0,0
364_jpg.rf.9b6a0e08494b0f3f015edf79c1499b43.jpg,0,0,1,0,0
00c0e508d6ad8af3_jpg.rf.0080fcb32edc7de15ebe536addc9704b.jpg,0,1,0,0,0
2cc32a335f698db0_jpg.rf.7bae842f13d73397bc70600669566137.jpg,0,1,0,1,0
0cad172beb608add_jpg.rf.b51b923b80c4972ab7cbbbf7363312e0.jpg,0,1,0,0,0
3534274-foto-camion_jpg.rf.75e850908ccf8ce6d51b3222b63cabd1.jpg,0,0,0,0,1
0fb428a78b101b9b_jpg.rf.ab360e38c3dbc000a57ee56179707ba8.jpg,0,1,0,0,0
9041_1413578135698_jpg.rf.9fa2bc06be70d5163b61df3ca9c2b1b3.jpg,0,0,0,0,1
202103220439215_jpg.rf.ce5d3642dfb70a558188fbbd5c5603b1.jpg,0,0,0,0,1
bus-161_jpg.rf.9ce975dfa6618a18d28afc010ce12f55.jpg,0,1,0,0,0
-F6E6F421-AD9D-48A9-8CF7-07EB7ADEE1AF-png_jpg.rf.b0355122a26ee81744c318c4e314b7ee.jpg,0,0,0,1,0
-F97F2A7B-C398-4B5E-93AB-A14AB075D458-png_jpg.rf.53d4027bda9ac4e7ec93716300a8ce57.jpg,0,0,0,0,0
Image_013610_jpg.rf.213e589b6a77e40af091c222982e469b.jpg,0,0,0,0,1
-F790D7CB-9608-4247-9DD5-F13FCB2CBA2B-png_jpg.rf.4f365f53aa17a243fb6f1f56f8b512d4.jpg,0,0,0,1,0
bus-161_jpg.rf.98418199e7b36f69000bebcf10293ce9.jpg,0,1,0,0,0
Image_013240_jpg.rf.464d64ea746898760c319b8ef41eeeb6.jpg,0,0,0,0,1
-232F1AAC-99B4-4968-8EF1-6B89C021BE11-png_jpg.rf.ec06ccbfa28876df71811e0ad63b9a4e.jpg,0,0,0,1,0
bus-273_jpg.rf.b6f38255732462ee98a11bbb3e5cb60e.jpg,0,1,0,0,0
bus-94_jpg.rf.f71541ed3f1ac0626196e1be223ed86a.jpg,0,1,0,0,0
-A76B17FB-A1F8-4C15-9F7F-66E718DEB040-png_jpg.rf.c8b98e7124d32418472ab620c9816a58.jpg,0,0,0,1,0
-FA19065F-0734-4F1A-A565-FE5702DDF0D3-png_jpg.rf.bd9d92df93f5fa5ed4651ed28462f5e9.jpg,0,0,0,0,0
202104131309361_jpg.rf.7337b9ce26e4d87ea6bb315e2b502174.jpg,0,0,0,0,1
202007231601914_jpg.rf.340de54a436524d66ee8ff8503341bb2.jpg,0,0,0,0,1
Image_013508_jpg.rf.d171c1727109e8748bbf6ed166a467be.jpg,0,0,0,1,1
0fdb1538b15cced4_jpg.rf.1206a955ef9c388f518a79747958f3ae.jpg,0,0,0,0,0
f69_jpeg_jpg.rf.3fc454ac7914ab6a22fab265ab85ac17.jpg,0,0,0,0,0
202102098866704_jpg.rf.d9baf6641a03df7e4bda4e8e7bffc9da.jpg,0,0,0,0,1
-0DB55AC0-C1EA-47D6-80E8-DD6C861D5B97-png_jpg.rf.90d02e0301d11868b2fc6521104fbd21.jpg,0,0,0,1,0
-9E5DCDFE-604C-4774-9BCC-613523B3EC83-png_jpg.rf.2b24dd4b7e373e3dabf30b888d23b984.jpg,0,0,0,1,0
-F3A221BA-F8F5-4505-A9C2-35C1A9218266-png_jpg.rf.80225463ca92b7247bfaa7276c2f3289.jpg,0,0,0,0,0
bus-65_jpg.rf.f2e874fe06238105056d9475a9bd18a5.jpg,0,1,0,0,0
00c9f3f8e860c48f_jpg.rf.61cf90eee3525cfd1e454a9c6d67027e.jpg,0,1,0,0,0
-F3ED7138-85D2-4BAF-BBBF-EDF5B5083498-png_jpg.rf.4bd09e2ca6a1514da925aaa2ce080dce.jpg,0,0,0,0,0
-834D156C-1093-4AD9-A086-72E4C7B5D2D9-png_jpg.rf.fa0cd31a0cca0164d619c83faa02cf9c.jpg,0,0,0,1,0
-7B2232F0-BE04-4BB5-A476-806409239A4A-png_jpg.rf.9a3fdcd100d94889bb22bc3dc5c76638.jpg,0,0,0,1,0
Image_013238_jpg.rf.d4f2346819f0432e56067b5a5732c775.jpg,0,0,0,1,1
bus-45_jpg.rf.489413ae1c694d49997a14c1f2f631b1.jpg,0,1,0,0,0
b1aa709d72e93d78_jpg.rf.ca2cc4c0560d73f8f3b3b9dbfef8ab11.jpg,0,1,0,0,0
Image_013586_jpg.rf.cfc6aca67f3fc31d7c7f71fb23e744a8.jpg,0,0,0,0,1
-560B3012-6E26-4551-A44C-6F4AB53B707E-png_jpg.rf.52c1dd308b67ce9ab4aa0389a2840b89.jpg,0,0,0,1,0
bus-96_jpg.rf.4df4518291a563b73b57aaae0b7f9f05.jpg,0,1,0,0,0
Image_013406_jpg.rf.c24610469e43dbe6849a7ed83834e6ef.jpg,0,0,0,0,1
202104121261481_jpg.rf.804dd5f6bc33a8e820b5b9e68dea70b1.jpg,0,0,0,0,1
bus-43_jpg.rf.374fb83fa86a790db8c85f3aa5452435.jpg,0,1,0,0,0
ets2-mitsubishi-fuso-supergreat-truc_jpg.rf.66d046f31b1f3868cb05b46a6d8e738c.jpg,0,0,0,0,1
-6B809CAB-0782-409D-9497-D0C9237884D3-png_jpg.rf.902552c3862eea6a014fb4226e02d7c9.jpg,0,0,0,1,0
01ab51e8239f5718_jpg.rf.b0cbecdcb438ec39803227fe63b329f4.jpg,0,0,0,0,0
-5EA2A12A-708A-4984-80AC-438C76933457-png_jpg.rf.c8973698b829b8cffc6d0aa912cc56b7.jpg,0,0,0,1,0
-F64D4D40-EA8F-4C27-A513-EF17529D9016-png_jpg.rf.ff28488be1342c963f4c159124e26dbd.jpg,0,0,0,0,0
a34ca85b9e6087ab_jpg.rf.b55ae5a9072b611ce19307315dc32880.jpg,0,1,0,0,0
0000146000-137ff09b3cd9edbdd68daccf403efb568b1a3fda_jpg.rf.81f00d8c71fb0a60bd0533521639348a.jpg,0,0,0,0,1
-772CD519-4BDF-4DA7-82A8-4F9838D0A100-png_jpg.rf.1b9e003d2bf5eaf1faab87d172dc43e2.jpg,0,0,0,1,0
bus-52_jpg.rf.acd62d6b1403958d351df3baca758381.jpg,0,1,0,0,0
3b6986bd37ece365_jpg.rf.b51b0ca835c50cf51e2d293b22cdfc41.jpg,0,0,0,1,0
-56F905BE-38EB-4BBE-B228-1A61B0FB1B4B-png_jpg.rf.6eb154c7ec8dc33e0a2d2ad385fc9e39.jpg,0,0,0,1,1
-7A5157C7-2559-41E2-8D05-376D1E96A58E-png_jpg.rf.53c4fa9eb57f4983b3d96f326adedb0f.jpg,0,0,0,1,0
-56F905BE-38EB-4BBE-B228-1A61B0FB1B4B-png_jpg.rf.98987a446d391d16bd8f2541d4d7a891.jpg,0,0,0,1,0
-8561227C-3731-4CFC-9FE9-2715B581C159-png_jpg.rf.d0e86e713324a715ff02e81291806e3f.jpg,0,0,0,1,0
-8437E1F6-8E99-458C-992D-8794FF4B5C1D-png_jpg.rf.fa6d698427f924fa4841ee0d9dcc88ff.jpg,0,0,0,1,0
-A90B3615-2D88-48C9-B87E-2168E84C7D45-png_jpg.rf.316be0887ab233c86a66991d42d7542a.jpg,0,0,0,1,0
178_jpg.rf.966e9e9cbe88c7a950f9357c1ccc7ff2.jpg,0,0,1,0,0
-FFB52469-E780-47C4-887D-EEAD0226DDE5-png_jpg.rf.3537f199e5f8a434001c9c641154e83a.jpg,0,0,0,0,0
-83956755-788E-4F05-89DE-7B8A6D2B5C21-png_jpg.rf.d7829e28f1f2cd88da0d5b38f8338114.jpg,0,0,0,1,0
23_jpg.rf.8e434dcbeebc0d296ecb1299fcc12c24.jpg,0,0,1,0,0
xe-tai-mitsubishi-fuso-canter-12-8-4_jpg.rf.7efba7761429e237545f22edb9e40b0f.jpg,0,0,0,0,1
2f3a371cf82c1a41_jpg.rf.bbc72d4f8010dfc0de7612f934b6c7c7.jpg,0,1,0,1,0
-CEB03766-84EF-4E67-BBBB-A8B6E0537EA3-png_jpg.rf.364eadf1a242cdf5df0118058817f0c4.jpg,0,0,0,1,0
-EB077461-353D-44D7-9FD8-ABDD9D3134DF-png_jpg.rf.50d21d113403b44ad4f2207349c5d5f6.jpg,0,0,0,0,0
-67A4D449-E510-4E00-9670-57BE579333CA-png_jpg.rf.f08f66ad372ff073afb4e0702dc4d809.jpg,0,0,0,1,0
-8780E321-98BD-408B-A8A9-E17B838682AC-png_jpg.rf.f6818967181cdf3bbcf1b79e855f9f12.jpg,0,0,0,1,0
-E169C681-EEF4-4F14-8884-D6C35F9A4005-png_jpg.rf.c2286284a241adf697e7b8e59df1901e.jpg,0,0,0,1,0
irsyadputrakaroseri_20210128_2_jpg.rf.c16694d62e78937980b3881b241a6753.jpg,0,0,0,0,1
-85692E92-3B6C-49F8-B16D-E99133131917-png_jpg.rf.484139110d3d3ad58ff2b77e6633337d.jpg,0,0,0,1,0
-F3A221BA-F8F5-4505-A9C2-35C1A9218266-png_jpg.rf.2c5d6de041eeae81b1ff732005dd6496.jpg,0,0,0,0,0
-E957EAC4-E32A-4131-8291-DC4F62F29724-png_jpg.rf.650b6212f5a504b5fba98820c6cf53ca.jpg,0,0,0,1,0
-D58AE18F-D469-4490-B868-3C9475D156BD-png_jpg.rf.678d37da1ffcb5eb93d777623e2212e0.jpg,0,0,0,0,0
202104201595710_jpg.rf.cd94327f9b11a46592d046baa1c2fdb8.jpg,0,0,0,0,1
-BE1B7E1A-3BF4-44E6-A49D-E46AC48D77B0-png_jpg.rf.4de8dca82bd7a9748da64d2aedb9d4cb.jpg,0,0,0,1,0
Image_013315_jpg.rf.9e1e7c5bbc7f3d56b855d34f29c0c966.jpg,0,0,0,1,1
22f514af548280a7_jpg.rf.27e1c612f2bfc513e551d0c4e46faff8.jpg,0,0,0,1,1
Image_013333_jpg.rf.0a713caba7e9d90fe3231b64efb8b08c.jpg,0,0,0,0,1
-C006FC45-64AF-4FA9-B836-17F1DE49F186-png_jpg.rf.98a0fca22f66785755d99e92e3c553d7.jpg,0,0,0,0,0
468_jpg.rf.6190a5156fea62f0869d65560c34d72e.jpg,0,0,1,0,0
cutting-sticker-truck-canter-terbaru_jpg.rf.c08d0b92c076c832856c749506230d5f.jpg,0,0,0,0,1
405_jpg.rf.10609d500718d80cce31c2eb313b96b2.jpg,0,0,1,0,0
3db93df5a35dade3_jpg.rf.98bf4f3f42258a8e2d8a791006408031.jpg,0,1,0,1,0
-B1ED27E9-03FD-44D8-970B-7B2700586B59-png_jpg.rf.f55b61f052ede961fe129cca642790df.jpg,0,0,0,1,0
Image_013471_jpg.rf.b9e47dd1836ecbafe1340e7ed6161b78.jpg,0,0,0,0,1
-50C76EC2-B514-4A65-ABA6-5BAF8A6015B7-png_jpg.rf.06f2723f9ed8e3a4f3cf809e2ec6ff96.jpg,0,0,0,0,1
-7E37B3B7-140B-4D05-9757-A121EA2D41E0-png_jpg.rf.f14f4bc589f3dc7ad398da2438d87229.jpg,0,0,0,1,0
-400E9E90-CD4A-470F-89E2-C9E1D1854AAB-png_jpg.rf.508cb7f48d488cc71d32709ef87af7eb.jpg,0,0,0,1,0
2735407_a_jpeg_jpg.rf.a1fe4760ad651b95e715e010de4b6f17.jpg,0,0,0,0,1
452_jpg.rf.a8a43064ba83db99cb0e432b819c6879.jpg,0,0,1,0,0
1238d5f7b2820007_jpg.rf.beaaaab78cbe1ad486d807c4d276a1a0.jpg,0,1,0,1,0
0b41aadcfc42c627_jpg.rf.1f0abda8345e66aaba1a92b6f2c37f8f.jpg,0,0,0,0,1
463_jpg.rf.a69567354e48be6884a97a4eac7b72be.jpg,0,0,1,0,0
31_jpg.rf.fd6434e8e2636a52ee8af6b17cada320.jpg,0,0,1,0,0
614_jpg.rf.3511f1f53c817f429572af9bb4b45e68.jpg,0,0,1,0,0
02e523f39066742d_jpg.rf.bf434dbfaf38a33d289a7fbcdf9c2e66.jpg,0,1,0,0,0
-8BCDBC76-A3A4-4C0A-A595-5993A129EFA0-png_jpg.rf.44523e25432f60787dad17a7251793f9.jpg,0,0,0,1,0
035688ba3f2ccd56_jpg.rf.366360127c67fd616f0e48aa9093a538.jpg,0,1,0,0,0
31613fe0dbe77eecb9b2be7159e40d1d_jpg.rf.328eef8415bdc7054ccf0017eb84a9df.jpg,0,1,0,0,1
29_jpg.rf.9157686e0c8b8390eeaf7824ee400203.jpg,0,0,1,0,0
xe-tai-mitsubishi-fuso-canter-12-8-4_jpg.rf.e44c0eb1c5c0111a26c9750943423892.jpg,0,0,0,0,1
2e9f41812ca22780_jpg.rf.78c69aca9e7e498038a00eb7bc0e2558.jpg,0,1,0,0,0
289_jpg.rf.7fb10a2dd00ad498e11d95632b6f7799.jpg,0,0,1,0,0
4d595cc19841f866_jpg.rf.75c0da378a5e43b8d39446732e2f2506.jpg,0,1,0,0,0
6deb06ad4f5642aa_jpg.rf.82ef619f6d33995b13ac319b80b3c52e.jpg,0,1,0,0,0
-398D11E1-12E9-4FE1-83DA-198B0C1A0D9D-png_jpg.rf.980619a1981032032e3f5808fc9da685.jpg,0,0,0,1,0
431_jpg.rf.a9ad3a8201b3e8673087f33696913342.jpg,0,0,1,0,0
36_jpg.rf.aeeaf0cde74eaf759dfa395a0e934b54.jpg,0,0,1,0,0
386_jpg.rf.6baea9c2c1b961b121493e8070bbb156.jpg,0,0,1,0,0
bus-115_jpg.rf.8c5d48b6d154f7347082fda1dde40484.jpg,0,1,0,0,0
2nd-picture_jpg.rf.ba88e2fd212fcf1a475213b750aa1613.jpg,0,0,0,0,1
03f180fcb44db669_jpg.rf.f9c35bc0eae3c6ca7116024546977748.jpg,0,1,0,0,0
2005-mitsubishi-fuso-fm260-18ft-dies_jpg.rf.4ac1712867e86fa4f329107de672fa02.jpg,0,0,0,0,1
-24FFED69-CE70-43C8-8E00-90684987BD32-png_jpg.rf.0d8c2cce3839005f857ac5377185c6cb.jpg,0,0,0,1,0
-D85575CA-53D0-451F-AAD8-3F9BE76F9E52-png_jpg.rf.d4014751cf4fac694e70fa1ce9463d22.jpg,0,0,0,0,0
027802fd1528a467_jpg.rf.190920e278a902192cab61593ebeb271.jpg,0,1,0,0,0
35_jpg.rf.802b9e4d6b2cb508cad0859403590aa4.jpg,0,0,1,0,0
Bike-134-_jpg.rf.956a462f6997de6ff8b1d4f36294bcd5.jpg,0,0,1,0,0
31613fe0dbe77eecb9b2be7159e40d1d_jpg.rf.5ccfff7a8e130cc55166b8feeed4ae86.jpg,0,1,0,0,1
6562b9dd98534552_jpg.rf.4c88e532a1cb4d5ab93c53f1fdb21dec.jpg,0,1,0,0,0
Bike-133-_jpeg_jpg.rf.ec110c530fb61b64bbb47e6b0337e074.jpg,0,0,1,0,0
357_jpg.rf.7d57b547cf591563997804f6c837b68b.jpg,0,0,1,0,0
4d1ca372d780c875_jpg.rf.71cf154eed8deb0615d45993678773de.jpg,0,1,0,0,0
Image_013232_jpg.rf.956026bb88aa8ae2b44a8a7e38f71f1f.jpg,0,0,0,0,1
1860X1050-fujin001_jpg.rf.b14fb3fc4767b42dd8dd62949b4fc418.jpg,0,0,0,0,1
5b0f57b9bad38bc2_jpg.rf.303d1042c45d0676f1abdee0d4515760.jpg,0,0,0,1,0
360_jpg.rf.c2ecfab8845ab3405fe7abed8d2b5517.jpg,0,0,1,0,0
304_jpg.rf.5a1c7ff42f8cf8aa54710a94e5537aa2.jpg,0,0,1,0,0
524_jpg.rf.4eb9624d76e44e04e1401c2a19b94436.jpg,0,0,1,0,0
Bike-1025-_jpeg_jpg.rf.473a35350f51e0756d95ec72b89b4897.jpg,0,0,1,0,0
15d882026fea738a_jpg.rf.092e9f64c4c49b37a30c8eaa52d8e1d8.jpg,0,0,0,1,1
1997_mitsubishi_fuso_cab_over_box_tr-1_jpg.rf.29306874de2fcfca0743aaaf4818a330.jpg,0,0,0,0,1
-6B809CAB-0782-409D-9497-D0C9237884D3-png_jpg.rf.760422b712b641cf2ff8e9fca21708a2.jpg,0,0,0,1,0
428_jpg.rf.c6fbae21aa2728207e7c177d86bea5f9.jpg,0,0,1,0,0
Image_013345_jpg.rf.0c05ba4f615d5993277407c57380ac86.jpg,0,0,0,0,1
4cd304ae96e4a521_jpg.rf.54c5138e1586d0a1ca4385bc1bd110cc.jpg,0,0,0,0,1
goods-transportation-for-kabul_jpg.rf.56524ae8409782ef57c42735d9f24b02.jpg,0,0,0,0,1
21452_NT789-1_19-1_jpg.rf.84e82d9f78ed1a89529fafed101aa5dd.jpg,0,0,0,0,1
202101127902321_jpg.rf.9caa3a18a4bad75d77ffb4b52c4e5b00.jpg,0,0,0,0,1
-17914F96-DBD6-49D7-B722-763408B57213-png_jpg.rf.63b5d9ae4a7c48a6cc4438893c7460b5.jpg,0,0,0,0,0
ae59c50e33947163_jpg.rf.e6e7c021ab671a43f76b5af264acb682.jpg,0,1,0,0,0
547919acfed4d238_jpg.rf.98fd61f3c64c65585f96a0eeed307971.jpg,0,0,0,1,0
-DDF02CB8-2C31-4AEC-87F6-22360E427E9A-png_jpg.rf.1ea72bed40a0612b31580da53bcc1bda.jpg,0,0,0,1,0
-420B178A-1068-4C65-B00F-763738FCB982-png_jpg.rf.7782696653a85335d8255dc4b35fb883.jpg,0,0,0,1,0
1f1d578fbebeb017_jpg.rf.76eb1228957b11d497cede139e74b70d.jpg,0,1,0,0,0
6007950747_jpg.rf.83298084b7095053255c9bc2211904ba.jpg,0,0,0,0,1
-B536D43A-C9BA-41F0-8A85-01C6EA42A506-png_jpg.rf.015d601a1e063df18c5836b94c424ad7.jpg,0,0,0,1,0
ae59c50e33947163_jpg.rf.e5a05f0480c333b147af26ac13d67ee1.jpg,0,1,0,0,0
462228_a_jpeg_jpg.rf.78bee81e990c40971b2f2eb36da1c14d.jpg,0,0,0,0,1
-F6123FC1-A54F-46BC-9D23-148D96B1B00F-png_jpg.rf.35cb09d1e6f87ca843c2f2801bf1d65e.jpg,0,0,0,1,0
Image_013550_jpg.rf.2bd182dee52306c86896687e5ff37bf7.jpg,0,0,0,0,1
352_jpg.rf.953eed3bb2329b182ed1b79d9b714651.jpg,0,0,1,0,0
50_jpg.rf.ff439cc391430c8671f87d00b97e51b2.jpg,0,0,1,0,0
098c422127bc0bcb_jpg.rf.321b144a697cfd9f691d48ba5887db04.jpg,0,0,0,0,1
Bike-133-_jpeg_jpg.rf.9463e8c0956c9b46bf088a6ea8494c9d.jpg,0,0,1,0,0
Image_013508_jpg.rf.b09b61075981ffbc7fd268f31399d87c.jpg,0,0,0,1,1
202103049729895_jpg.rf.4ac52add9778bd62e88eeff4e4688876.jpg,0,0,0,0,1
Image_013281_jpg.rf.1d9daf1d9aa8f17f09bc2bc7a8365a2d.jpg,0,0,0,0,1
-D276856D-8655-4E00-9B81-7746DB0426B0-png_jpg.rf.d0e37e1afaf108a1392ebdf7c6f56ced.jpg,0,0,0,1,0
301_jpg.rf.19b9c198a3a9247475a04cac1e4b6a4e.jpg,0,0,1,0,0
2000-mitsubishi-fuso-fe639-diesel-bo_jpg.rf.3400e49fb44dd9189010081721f4790f.jpg,0,0,0,0,1
-375965D7-1A26-4644-AF71-19B3585749B4-png_jpg.rf.05dfb6572db945fa7687ded9c2d71276.jpg,0,0,0,1,0
-834D156C-1093-4AD9-A086-72E4C7B5D2D9-png_jpg.rf.5f72e97bff88e5dba9e744a8958e44b8.jpg,0,0,0,1,0
-341F28F4-B515-475F-8729-F40EFDDDF0C2-png_jpg.rf.5673bd1e320abf5f6a30c0e83fd975ca.jpg,0,0,0,1,0
202101188098240_jpg.rf.bf35dedaa529e0f49dc047e217c08f8b.jpg,0,0,0,0,1
bus-269_jpg.rf.4b3ce344b356a330d21afaa06478b695.jpg,0,1,0,0,0
Image_000162_jpg.rf.b653d4f0bb4fe48f4d16f51294026c02.jpg,0,0,0,0,1
-56F905BE-38EB-4BBE-B228-1A61B0FB1B4B-png_jpg.rf.1ac93564a85bfc7d3cb62fe782f498e4.jpg,0,0,0,1,1
00c96e0e060aeb2f_jpg.rf.9fe3df6170669b618eefd7266c385120.jpg,0,1,0,0,0
202007111127814_jpg.rf.05c8d287ce0eff48bad0eeeb3922ced9.jpg,0,0,0,0,1
bus-155_jpg.rf.c06b72e352607fe6c02434facf9b6fb3.jpg,0,1,1,0,0
bus-162_jpg.rf.f4076bc625fe21e678bb2fce0ad41620.jpg,0,1,0,0,0
223_jpg.rf.80abd01d2a82c67efbbe203ea4c891f2.jpg,0,0,1,0,0
-BF5B09CD-88BE-4B44-92C0-66FACF354706-png_jpg.rf.cb921697bb723b88e2f48a6238e95620.jpg,0,0,0,1,0
-C94776E1-EF34-4408-A9D3-69BE388FC761-png_jpg.rf.c5ded8c49a2779609221fe07fa6500fd.jpg,0,0,0,0,0
-24FFED69-CE70-43C8-8E00-90684987BD32-png_jpg.rf.d9980fc24e9b70964d3bfd3e1e7eacbd.jpg,0,0,0,1,0
c62b429a89e422f0_jpg.rf.95f3aae1a4462c5315664d9ad3c75a91.jpg,0,1,0,0,0
460_jpg.rf.844890998103296e5d81b4fe3d64653f.jpg,0,0,1,0,0
202004098906884_jpg.rf.c81fb7685579fa9374617389598d8faf.jpg,0,0,0,0,1
1997_mitsubishi_fuso_cab_over_box_tr-1_jpg.rf.fe66b048818d8308319e4acd61a27bc5.jpg,0,0,0,0,1
329_jpg.rf.d9d172b51217bc852ee5e6829aa857b2.jpg,0,0,1,0,0
c19fa271d298929e_jpg.rf.6356dc65f30560e4cdb3fb98edee9e2b.jpg,0,1,0,0,0
340_jpg.rf.226310f732d0e0fb1aa92f7f1a4d0bee.jpg,0,0,1,0,0
b856e2f0ec2e5fcc_jpg.rf.ecac6b04d7ad4df3c4ab976012b3cd23.jpg,0,1,0,0,0
-5AF06BED-94B4-4CFE-9682-4D5AB122CE95-png_jpg.rf.a524dbc6ea7bee71180d850c0caa9254.jpg,0,0,0,1,0
202102098866704_jpg.rf.7d567b3d39a0291eec1ab68e9d5c1b00.jpg,0,0,0,0,1
-5E492592-1503-4FFB-A59A-7C84C8FB58C8-png_jpg.rf.d244c42bc154f30816655fa65dde5d14.jpg,0,0,0,1,0
Bike-114-_jpeg_jpg.rf.0de031bf7b788b3f0450579bb0dcc92a.jpg,0,0,1,0,0
-15F66BCC-7D1B-4C04-82EF-C560EC4C612E-png_jpg.rf.39113bb02b538db2607a6f3e8769afe1.jpg,0,0,0,1,0
images-495-_jpeg_jpg.rf.78191366d6708ababa012bb14ba47e12.jpg,0,0,0,1,1
390_jpg.rf.56ad6b2e98da0a60138fbe1eb3d85d89.jpg,0,0,1,0,0
35_jpg.rf.ea80ac84dd60326aefd1cfbbe36528b8.jpg,0,0,1,0,0
2c4c828c5788c379_jpg.rf.c9ef2551d76a7e8b5d5829f643aef422.jpg,0,1,0,0,0
00a42fc158bbdc03_jpg.rf.6b6a838eda56ac1163df4183415f5d0c.jpg,0,1,0,0,0
-ED0AE5F6-D932-431E-8783-FF484FD1E807-png_jpg.rf.a3a1934b847de6f752540a7cf31b8562.jpg,0,0,0,1,0
3b6986bd37ece365_jpg.rf.59a715f119de02e8cae953e622209a86.jpg,0,0,0,1,0
-B536D43A-C9BA-41F0-8A85-01C6EA42A506-png_jpg.rf.43b2083e5cf88e747940230375b7a633.jpg,0,0,0,1,0
01b1982b96fe1551_jpg.rf.c56726c71beae330304182f7525a204e.jpg,0,1,0,0,0
4e2eba8761d33040_jpg.rf.8d677b24a773eb0b04577dacd8a0ee22.jpg,0,1,0,1,0
Image_013518_jpg.rf.7200262b6bf31692c65f45049a2b64a3.jpg,0,0,0,0,1
-F3ED7138-85D2-4BAF-BBBF-EDF5B5083498-png_jpg.rf.984b9de8f30037803fdc6993e643e0e3.jpg,0,0,0,0,0
-EEA1641A-B371-4A29-B7ED-528A0B641DD4-png_jpg.rf.5df88abf073db47019a8894a38d33684.jpg,0,0,0,0,0
-3CE149A4-29C8-4710-8B76-E45719A9E65F-png_jpg.rf.7f885879109e1441b3e546822d54d947.jpg,0,0,0,0,0
-7BD0670A-F3AA-4DF3-A61F-D64CF293E7DA-png_jpg.rf.180e513f7bf1a6e5192a06b41c602e74.jpg,0,0,0,1,0
7f521593dc5e1d37_jpg.rf.6f5c0cf8f11b18f3d1598cf29f378c0e.jpg,0,1,0,0,0
0000147617-e4eb190337827f8bbbcc9317d_jpg.rf.c6cafe4f940932c9f94b54e8e0d70af0.jpg,0,0,0,0,1
-EE559B46-E301-4D74-AA70-4B69BEA93ADF-png_jpg.rf.14443b511749f5cedc2eca876037e2a4.jpg,0,0,0,1,0
112dcbe1a88dff8a_jpg.rf.960c3da48c8b20c1b86b2ce3b971f9e2.jpg,0,0,0,0,1
-423FE4FB-F3E1-4E8E-8A40-5A99AEF6C353-png_jpg.rf.1a3b3be5a1d1aad9574518275c183611.jpg,0,0,0,1,0
7712bc27484e931e_jpg.rf.d68d5224f6c5a7acff1a93c6c1a53926.jpg,0,1,0,0,0
6772038324f86104_jpg.rf.ac2e4226fbe8d404f38230dc86de1585.jpg,0,1,0,0,0
b096be80e31d48b0_jpg.rf.a88c7a84c683ff09f2363f48ff79b3f2.jpg,0,1,0,0,0
mitsubishi_fuso_2552923_orig_jpg.rf.a9beeaef0daf11e536ac85a6e37ddd39.jpg,0,0,0,0,1
1574230907_ets2_04090_jpg.rf.1817f2c8c59a5cda8ade123bace141c8.jpg,0,0,0,0,1
Image_013580_jpg.rf.175a33db7dd22c0c46625392c265de77.jpg,0,0,0,0,1
-0EA5B2D5-C63C-45B2-9048-072293BBA378-png_jpg.rf.afb90f0773ddbd14d2c1dcb494df5ff5.jpg,0,0,0,1,0
-85692E92-3B6C-49F8-B16D-E99133131917-png_jpg.rf.f33be1882d653cfc3c647ee3f878ce03.jpg,0,0,0,1,0
52_jpg.rf.c2ecd0f57a6e55918e43c56a13b4e04d.jpg,0,0,1,0,0
Image_013391_jpg.rf.b10b27ecbf5d619e34cd6731c4e14a44.jpg,0,0,0,0,1
202007231601914_jpg.rf.62df30ac5b4ade50dcca11f00ba4289f.jpg,0,0,0,0,1
f34351bcba59ff09_jpg.rf.0affabff331a39aab4ff220785dede53.jpg,0,1,0,1,0
00b4831b8f1408e6_jpg.rf.9b2981fa1dbb0e7f4a8be088684a8736.jpg,0,1,0,0,0
b36b71f4a09c1b4e_jpg.rf.2f45ef3159851a563a9e303499c75086.jpg,0,1,0,1,0
Image_013311_jpg.rf.1f2c7b64bc4de23cf22862f0613a8a5b.jpg,0,0,0,0,1
-3ED11401-3001-41F4-8807-7BDA41D24CF3-png_jpg.rf.30e1feae47db5f4a9d95b4e5ac3c7ea6.jpg,0,0,0,1,0
525_jpg.rf.7015af9b8491e38af20400035746c3fe.jpg,0,0,1,0,0
85_jpg.rf.eba9c0cc93cba928612fa1cb3317e725.jpg,0,0,1,0,0
227_jpg.rf.1b2feed6f2e7a5510a99c70b8e92c6b3.jpg,0,0,1,0,0
-56F905BE-38EB-4BBE-B228-1A61B0FB1B4B-png_jpg.rf.845b1d8198eca19b9d04662e7ab3f7d0.jpg,0,0,0,1,0
Bike-269-_jpeg_jpg.rf.8e9667d3811352b7bebb5cdaa4baf3f0.jpg,0,0,1,0,0
-A5A6199B-EE3F-4721-9A5F-86EB5A1547F2-png_jpg.rf.2906d4d36f82db1cd508c6bad7766a7c.jpg,0,0,0,1,0
422_jpg.rf.117ef81eb0ca662064d9e59d9211a027.jpg,0,0,1,0,0
xe-tai-mitsubishi-fuso-canter-12-8-4_jpg.rf.fbd2a699bfe42c830cb6304ef58c42b5.jpg,0,0,0,0,1
202102159089973_jpg.rf.026e05424aa0d761321b7e713a7452ec.jpg,0,0,0,0,1
-3571FC71-85E8-4968-8882-3A4B92AC8388-png_jpg.rf.d4233e4bd18fd63e7cd28da266d01a32.jpg,0,0,0,1,0
427_jpg.rf.bda908de716b2671e93c228378d53ffc.jpg,0,0,1,0,0
-3C5B367D-D054-46F4-A427-80D90258A7B3-png_jpg.rf.8ae7bc358c7326fc36d7cbdf88e2931e.jpg,0,0,0,0,0
tripod_seq_07_028_jpg.rf.d2bbf06c94c3bf38dcf10158165dc0e3.jpg,0,0,0,0,0
26b6a592a5257f0d_jpg.rf.4b2de8c24b37c19b9d3bca21973df72f.jpg,0,0,0,0,1
Image_013446_jpg.rf.d0e7b447da934e49cc1d8150b6f99be4.jpg,0,0,0,0,1
202104131323171_jpg.rf.1117e0c362e9e81d304cb4053a10185a.jpg,0,0,0,0,1
373_jpg.rf.0b223e66979b38072bc2165e4830bcdc.jpg,0,0,1,0,0
370_jpg.rf.74b9c1226145e4b0535f3d5a5ed52af2.jpg,0,0,1,0,0
Canter2019_thumbnail_jpg.rf.d15b5bfa9dcde8e3fbf6a29480d6e2a1.jpg,0,0,0,0,1
Bike-1261-_jpeg_jpg.rf.a72369d786cbcb8595f9213ecbc65036.jpg,0,0,1,0,0
371_jpg.rf.3ce9f75004c46353f5f916f18ab1aa22.jpg,0,0,1,0,0
1e0cb86a827ae7a6_jpg.rf.6b1ebb596e8717d62eaa402c0a79c9d9.jpg,0,1,0,0,0
Bike-123-_jpeg_jpg.rf.d9a041d9bca9609b99a5803bd038f5d5.jpg,0,0,1,0,0
Image_013458_jpg.rf.269c25a1cd505650e67b41f9f98e6866.jpg,0,0,0,0,1
22e8f94f7e4a0081_jpg.rf.52e4dad0536c3b9461cc701171015a7e.jpg,0,1,0,0,0
37_jpg.rf.c276b59dfe1e8108235978e8d0eda71f.jpg,0,0,1,0,0
bus-201_jpg.rf.4342668a349e697b539dd7499c747219.jpg,0,1,0,1,0
tripod_seq_07_028_jpg.rf.71fb0fbc7ac2209d67daffe6da4810ed.jpg,0,0,0,0,0
372_jpg.rf.6d2658e2664c8419a27c23e91e7ad237.jpg,0,0,1,0,0
Image_013457_jpg.rf.d417247174b6718649ffbffa0235081b.jpg,0,0,0,1,1
892601232994ed3b_jpg.rf.4a968dc73ab377baed61cb7f2fc073e0.jpg,0,1,0,0,0
2aed161b05efb13d_jpg.rf.2d4a95fac11046e0cc632799ff5da127.jpg,0,1,0,0,0
-3C5B367D-D054-46F4-A427-80D90258A7B3-png_jpg.rf.ccd10a99427eee8d99078a25c9ddd3db.jpg,0,0,0,0,0
Bike-1243-_jpeg_jpg.rf.951d92896385a7cd2014059555ebc3fb.jpg,0,0,1,0,0
74901d64ea81e118_jpg.rf.6ca83e4d2440a171102703e4b0e28053.jpg,0,1,0,0,0
570_jpg.rf.12e386d11cb76fba280c55723e090b4b.jpg,0,0,1,0,0
bus-135_jpg.rf.82771490e9a17acbd772260409664f4c.jpg,0,1,0,0,0
0e6d6258448c8fef_jpg.rf.bf0b6968c3a2e0d0ed70ea14e77a4e24.jpg,0,1,0,0,0
0e2cfdce3c294d73_jpg.rf.b0089dc5f5bfccf8adc7e971e442989b.jpg,0,1,0,0,0
0b90182951fe815e_jpg.rf.ad7b5dab1e0e57b404bf1499123274e3.jpg,0,1,0,0,0
202103310829450_jpg.rf.433528a7f65f63ebc3410dbf135ee469.jpg,0,0,0,0,1
202103150156998_jpg.rf.41600602427520042ece4e10649b8f82.jpg,0,0,0,0,1
21452_NT130964_2-1_jpg.rf.930f6cdfe9569d0557decffe903d085e.jpg,0,0,0,0,1
f21_jpeg_jpg.rf.fcc946163ac3373d566f9a70c1e22837.jpg,0,0,0,1,0
bus-161_jpg.rf.7fa24cbc355b07c0d319a7a5e582f5bd.jpg,0,1,0,0,0
21452_NT130964_2-1_jpg.rf.98aca5d5170ba843c954f414ffbc2986.jpg,0,0,0,0,1
66464d2f3349b226_jpg.rf.9bc4d86d8d9798dd432d8e30a33f0b62.jpg,0,1,0,0,0
Bike-1283-_jpeg_jpg.rf.142d2c80031562de4c13467205da32f6.jpg,0,0,1,0,0
549_jpg.rf.74de405319d53567b3038eec6a3ae11e.jpg,0,0,1,0,0
2c7a450f83508900_jpg.rf.be2bcff604c549117950632aedf7e851.jpg,0,1,0,0,0
0e71f64b38d841f2_jpg.rf.7021f82ea9ea4c36fa48654d503d27a5.jpg,0,1,0,0,0
1f7c87784ca0063e_jpg.rf.1b9f58807f369fdf48a95baf626b1385.jpg,0,1,0,0,0
202104081109084_jpg.rf.fa9d1cde894793e4820f4967d1450366.jpg,0,0,0,0,1
592_jpg.rf.6fe98d88f94e8e0b632150ceef969ac0.jpg,0,0,1,0,0
202103069804402_jpg.rf.e493533ab51ffc034b3e8768ada0815e.jpg,0,0,0,0,1
202104091171021_jpg.rf.703bdba57c1bd2f038a84e7c6cdf1bcc.jpg,0,0,0,0,1
1ff6b6523594de84_jpg.rf.8f79f5a8db0679fd7ee1b7e879178645.jpg,0,1,0,0,0
579_jpg.rf.36fdccddf08a9601c1423873dbdac469.jpg,0,0,1,0,0
595_jpg.rf.62cc0b487f0ae3a4be438f66f17a40dc.jpg,0,0,1,0,0
0e2cfdce3c294d73_jpg.rf.765392fdd2e5d66b0d6f0f4a9cbbbeb9.jpg,0,1,0,0,0
564_jpg.rf.e5401c63dad06d4e3920d1babef7b52c.jpg,0,0,1,0,0
0e57c7bd4b150349_jpg.rf.4d84282dbf845d63be56736ddccadcad.jpg,0,1,0,0,0
202103220443433_jpg.rf.2bcbeae7c9e70e813bf55088cf408b7d.jpg,0,0,0,0,1
2a839a6cb685d9d6_jpg.rf.ff990683a374b40ddde86fb1fe5a323a.jpg,0,1,0,0,0
545_jpg.rf.e61b43bc0437b3e48192f0de41679bbd.jpg,0,0,1,0,0
202103240535808_jpg.rf.a28e850767542e7c5060edf05655eba7.jpg,0,0,0,0,1
592_jpg.rf.562b59fb04ef3079eee661658fcce9c7.jpg,0,0,1,0,0
001bdbbf7a3ac993_jpg.rf.1b11ba3b0f0c0db66aa50d9eaaf7d527.jpg,0,1,0,0,0
-62DA7C7D-C50D-40A7-87D1-DB8633F1F29D-png_jpg.rf.cc71fbca936eb83636534e563789a134.jpg,0,0,0,0,0
548_jpg.rf.25fff1d21f0517c5835363bec20dc1c9.jpg,0,0,1,0,0
1f1d578fbebeb017_jpg.rf.539fb8656b165d29ee9668bfbb608aa7.jpg,0,1,0,0,0
-046E9840-F025-4749-B3AB-19402B34E739-png_jpg.rf.4810cd7b6d8680cd09dd4bc2b968bbbb.jpg,0,0,0,1,0
-E65ADAD7-7559-4704-8100-0091A6B9C3C6-png_jpg.rf.9d6f4d38b6faf0f22b4acba976d434e5.jpg,0,0,0,1,0
1cf6b3d1274052bb_jpg.rf.c65e92bce902fb8c1ec94348900bd044.jpg,0,1,0,0,0
202104091167091_jpg.rf.b2085dfc67068c145d3b2cffc1c19227.jpg,0,0,0,0,1
Delivery-Moving-Straight-Box-Truc-1_jpg.rf.c488460ad2843db49d35068c95bc1a1f.jpg,0,0,0,0,1
565_jpg.rf.7afb6d8cd8b4438af262f4fbd5dc37f6.jpg,0,0,1,0,0
0d829bbd335fe81c_jpg.rf.288a351974c7f2ea5af6cf090f1ff925.jpg,0,1,0,0,0
202104121271764_jpg.rf.3956201166b43c114a29e1c1d8585408.jpg,0,0,0,0,1
202103069804402_jpg.rf.4b87d69b4041a2cc98c0697d860baf4d.jpg,0,0,0,0,1
573_jpg.rf.96c2f724bbc1e2770a14f12166db3aa1.jpg,0,0,1,0,0
Image_013209_jpg.rf.c52493d093a20a0c3aa5819acb3a2761.jpg,0,0,0,1,1
0e71f64b38d841f2_jpg.rf.e52f6457260ab5eeab797c2f9962ead9.jpg,0,1,0,0,0
0de41ac1e800611b_jpg.rf.52fe9bd769e60366598d50c1f2767311.jpg,0,1,0,0,0
Delivery-Moving-Straight-Box-Truc-1_jpg.rf.c17389ed7dfa781b2e1fe6bbe50d6630.jpg,0,0,0,0,1
1e1ca4b50aabb2bf_jpg.rf.960d68a8e2f9a17c982a08a98b97fc6c.jpg,0,1,0,1,0
-8EC54BB3-EC9C-4186-BB93-2C9AF8211540-png_jpg.rf.ad6cdd1a75b9f9aa325998c3ee2b284f.jpg,0,0,0,1,0
202104151399075_jpg.rf.b2ae6e8e621ddf97a1d00413ffd8ac7a.jpg,0,0,0,0,1
0d8d563a6de63f80_jpg.rf.124331160cd2c596024f2bb2bdb22d49.jpg,0,1,0,0,0
bus-135_jpg.rf.d99398c4944b9810c6e081d9bca2fd82.jpg,0,1,0,0,0
0e57c7bd4b150349_jpg.rf.8d5f79ab4930015b932ac12ff7b1522d.jpg,0,1,0,0,0
202104131302129_jpg.rf.2d07c96b1bbe31ee029acda42fb455d9.jpg,0,0,0,0,1
2000-mitsubishi-fuso-fe639-diesel-bo_jpg.rf.61cd2ed7eb6cd518f7cb597efcc61a54.jpg,0,0,0,0,1
202104121268806_jpg.rf.4a0c3bd6490ca0ef5378428468371c87.jpg,0,0,0,0,1
-8EC54BB3-EC9C-4186-BB93-2C9AF8211540-png_jpg.rf.5f6edcd23e00be57381f07f037c596e5.jpg,0,0,0,1,0
IMG_20190204_162414_jpg.rf.803cd7cc0d96b29895e77e6d65ffe8a6.jpg,0,0,0,0,1
1998-nissan-ud-diesel-big-thumb-cw55-cw55ahud-10-ton-tonne-t_png_jpg.rf.00fa421574c383646829f2ce9bdf5f6c.jpg,0,0,0,0,1
202104141341716_jpg.rf.364dc314609cff12e882d63068b43888.jpg,0,0,0,0,1
-8780E321-98BD-408B-A8A9-E17B838682AC-png_jpg.rf.3630ad598c867c2ccf8185fa4454af0b.jpg,0,0,0,1,0
00aaf0a0a9ee7e71_jpg.rf.4d41008114b66dd864f338774f31c6b5.jpg,0,0,0,0,1
202104121288660_jpg.rf.fff414b512fcae1892df1ade46d9d831.jpg,0,0,0,0,1
1e1ca4b50aabb2bf_jpg.rf.97a57f7731ac22946b04290c5de95944.jpg,0,1,0,1,0
0de41ac1e800611b_jpg.rf.8b42f907ed9cf99b783b2a955dd33035.jpg,0,1,0,0,0
2a698c23915634a2_jpg.rf.90a2045cf1a6129daa067159cbac9b1d.jpg,0,1,0,0,0
7eecf7ff2aaa158b_jpg.rf.7b177d5873743b91c6eb16d58b1d272a.jpg,0,0,0,0,1
-17914F96-DBD6-49D7-B722-763408B57213-png_jpg.rf.31d7898e8ace8d8dd9f6ad328734816e.jpg,0,0,0,0,0
580_jpg.rf.1a22c45ed916ed1d6bd10afbe37f9f71.jpg,0,0,1,0,0
539_jpg.rf.d1723b34a18e686b1988ffb30f6aded2.jpg,0,0,1,0,0
26670e15f4e98457_jpg.rf.88a8918dc576b12efedf1786d39052e0.jpg,0,1,0,0,0
-3CE149A4-29C8-4710-8B76-E45719A9E65F-png_jpg.rf.a85e1313d6533bea8c57d6ee2f1daad1.jpg,0,0,0,0,0
1fffc6800d73a55e_jpg.rf.d7b55da13cdfe3b36d8bfbdace0bdc38.jpg,0,1,0,1,0
202104131298039_jpg.rf.c3233727e3eb7997a227103a1835ed4f.jpg,0,0,0,0,1
202104141335289_jpg.rf.4d8dc6ca3113891b1552aed7e2e6a374.jpg,0,0,0,0,1
2c7a450f83508900_jpg.rf.a2e0c457720b16e02074d2428c7fca18.jpg,0,1,0,0,0
bus-164_jpg.rf.1d2452f2b6b92bf709e0e15c0fa4e0b5.jpg,0,1,0,0,0
bus-162_jpg.rf.2342eeab6600a36911e5df3684c94ad3.jpg,0,1,0,0,0
24026e55c127981c_jpg.rf.2e55e69d63c6616f51c3601e7bdf6a63.jpg,0,1,0,1,0
2d06f6df7b46f3ca_jpg.rf.40e1e0cda05b592b8c238907e9eacf75.jpg,0,1,0,0,0
537_jpg.rf.ed6533c7e70a56e9af2ef21d45778c91.jpg,0,0,1,0,0
310_jpg.rf.63c936bbe888c428ae1b3e02c1d9d7aa.jpg,0,0,1,0,0
-8EC54BB3-EC9C-4186-BB93-2C9AF8211540-png_jpg.rf.273bd119cdd8654b9e7895ec084eec84.jpg,0,0,0,1,0
202104111224749_jpg.rf.85ca408269397d8b789c3bf6bf4dc808.jpg,0,0,0,0,1
8317d1025cc46b4a_jpg.rf.60e48b2429c181ab82bf3a5b37611da9.jpg,0,1,0,0,0
Bike-245-_jpeg_jpg.rf.39815d06c5c4b78f0a4584e74200f717.jpg,0,0,1,0,0
202011045781780_jpg.rf.0d2f24d7c9820dd9e7af7f685f7b300e.jpg,0,0,0,0,1
300_jpg.rf.da49b04ce40be5b76491c157bf6cb7aa.jpg,0,0,1,0,0
353_jpg.rf.2a7c98a64725d7423de50ce4b64bd26c.jpg,0,0,1,0,0
8936c2b4224b03ec_jpg.rf.685d7a53ad52f73039cccf359e7af30d.jpg,0,1,0,0,0
a1c8be4b5b838f0d_jpg.rf.1e650650fd65274faf8a6c801f57a1b8.jpg,0,1,0,0,0
-01A44A23-9E0B-4EB4-9376-A14A40014000-png_jpg.rf.3a0ab729d60c494bc747ecdd97627259.jpg,0,0,0,1,0
202104091171021_jpg.rf.5a8836f000813f7c3157dc6e693b4abf.jpg,0,0,0,0,1
0e57c7bd4b150349_jpg.rf.d6d8112eaec4ecf6cf44aef49285c7e1.jpg,0,1,0,0,0
-410FB936-1128-4721-89DE-79E2F58D3B24-png_jpg.rf.0f14c233adaa4f66ce67747091ba2f18.jpg,0,0,0,0,0
a34ca85b9e6087ab_jpg.rf.dc1a2c610303150b4b100d8dc20003cf.jpg,0,1,0,0,0
Image_013568_jpg.rf.39109102310deed315871a5c05a477e8.jpg,0,0,0,0,1
320_jpg.rf.df9a7d43e4c7a367ff741db2361d4979.jpg,0,0,1,0,0
Image_013592_jpg.rf.d7d3779d25b334761e5320233be0dde8.jpg,0,0,0,0,1
202104131312598_jpg.rf.6b7fab195a598ad479feb68db717f087.jpg,0,0,0,0,1
1217257695405075_jpg.rf.8b650672f380f8a016f97c2c48134ecc.jpg,0,1,0,0,0
31_jpg.rf.a8a8851c31ed7b1f13966ba1882f41ba.jpg,0,0,1,0,0
-CF18C7DF-3DC1-4F14-A3B1-8521CEE36C3E-png_jpg.rf.5d4c24294ce292602186ec6b610c5d63.jpg,0,0,0,1,0
Image_013558_jpg.rf.1ea60096a00d72d5c1b9d26e81f45c9c.jpg,0,0,0,0,1
326_jpg.rf.940318037d3f7ba42b810b9acd630f49.jpg,0,0,1,0,0
Image_013469_jpg.rf.aafd5644a37eebfdfc7d4e1d4233d0fc.jpg,0,0,0,0,1
Image_013406_jpg.rf.6c1d1ab36d08cfa3d8ded88a7d6f489b.jpg,0,0,0,0,1
1cfc68a3ccd12363_jpg.rf.25433824e3aa35bf51cd2dafefc07fd2.jpg,0,1,0,1,0
202011105988710_jpg.rf.39fb7f7ef23ffc7d54530071a7969a8b.jpg,0,0,0,0,1
2d30a7e1f9a0e9e3_jpg.rf.933a3baeb1db9cadc73b183bb79fbe53.jpg,0,0,0,0,0
b304d0ce55d54336_jpg.rf.6268c6c202b797e95df8bad117cbd5fd.jpg,0,1,0,0,0
-DDF02CB8-2C31-4AEC-87F6-22360E427E9A-png_jpg.rf.12c188c8ef4cca15f6d4a04c86eb0932.jpg,0,0,0,1,0
-152B35A7-2687-4126-B46B-5382319E7A3C-png_jpg.rf.deaba9099c5b2cd8519238d936e71722.jpg,0,0,0,1,0
bus-206_jpg.rf.26a2455000ad817dd1116da631b1fe45.jpg,0,1,0,0,0
-420B178A-1068-4C65-B00F-763738FCB982-png_jpg.rf.35992862c9e400b2ddab4dcb2ffe022e.jpg,0,0,0,1,0
202010295573878_jpg.rf.feffb7fe35a02268e7d59bc7de1271d4.jpg,0,0,0,0,1
-B536D43A-C9BA-41F0-8A85-01C6EA42A506-png_jpg.rf.9fb22725178ccb7c2900db0be83f1bb1.jpg,0,0,0,1,0
1_15635159215d315c1195f97_jpeg_jpg.rf.c2b8d1c6041b294481cc4d2a420c5a8f.jpg,0,0,0,0,1
0d247641b3d720a0_jpg.rf.1ff77419ffed03628d08b9b9f8f2f5c5.jpg,0,1,0,0,0
202101188098240_jpg.rf.ac305ee871ceb35872c57e998bce3037.jpg,0,0,0,0,1
0e5e1a2cf7ee80a0_jpg.rf.3fe06404fc7b0a46171470bf8ff29b80.jpg,0,1,0,0,0
0e6d6258448c8fef_jpg.rf.b6fcfdaab048b8b607134c709a463750.jpg,0,1,0,0,0
Bike-1345-_jpeg_jpg.rf.38f9720d817a79d0a26ce7325c48a1c3.jpg,0,0,1,0,0
Bike-1311-_jpeg_jpg.rf.0fb0d9b329bdf281fa2d744756d6e3d8.jpg,0,0,1,0,0
1f77879b041fed85_jpg.rf.51d1cee520430d9e5f1df3336c61041b.jpg,0,1,0,0,0
0baf0bf0223cb62b_jpg.rf.92974934974d661f8c0097b710b8d51c.jpg,0,1,0,0,0
Bike-235-_jpeg_jpg.rf.20221dba51408cdc2943e2eb33956eb0.jpg,0,0,1,0,0
Bike-1406-_jpeg_jpg.rf.b432d47e8b67c4a3d9365d5e78d63d5a.jpg,0,0,1,0,0
Bike-1310-_jpeg_jpg.rf.a0da5d5fd96975fcb5cb2be5b7b7ed62.jpg,0,0,1,0,0
202104151399075_jpg.rf.2aff717abab6c345b1bfdf0c17ef40dd.jpg,0,0,0,0,1
-CF18C7DF-3DC1-4F14-A3B1-8521CEE36C3E-png_jpg.rf.9df9b331154b130d7c4c1c3a54ee70ff.jpg,0,0,0,1,0
24026e55c127981c_jpg.rf.ddb050636c2fad29ebb3dcb980fbc8cb.jpg,0,1,0,1,0
565_jpg.rf.1051ad1abdac9a3c686aa5dbc684371d.jpg,0,0,1,0,0
2c4c828c5788c379_jpg.rf.fea8ca67bf7006020ff2497da6258770.jpg,0,1,0,0,0
2d9b808243c2ccb4_jpg.rf.2e0a40d31c2123ac4a70ab20dfb9fc25.jpg,0,1,0,0,0
bus-277_jpg.rf.ba1ecf413f584057dc71cb66da4862db.jpg,0,1,0,0,0
-F6123FC1-A54F-46BC-9D23-148D96B1B00F-png_jpg.rf.e25174914e96b8f1ec9fa672a38125d0.jpg,0,0,0,1,0
Bike-235-_jpeg_jpg.rf.4c58a15568dffd09186cf6268a20e7c2.jpg,0,0,1,0,0
202010295573878_jpg.rf.f83a89fa41c536845d2eb7d1e3dbd9e0.jpg,0,0,0,0,1
bus-131_jpg.rf.ed9ae5bd3504226481cac1eb5514aa70.jpg,0,1,0,0,0
541_jpg.rf.d828623759bcbc2e8ec3c4a6d7432d4b.jpg,0,0,1,0,0
0c5893544d3fdc26_jpg.rf.5ca6c439d1c7c04cf1ebd541e6b451ed.jpg,0,1,0,0,0
212_jpg.rf.bf21728950a73382238267b0628137e7.jpg,0,0,1,0,0
541_jpg.rf.bc1b40ff18df6fac061bfc0c1bca9c6f.jpg,0,0,1,0,0
-22C97EA9-A33B-4CCD-941C-5A2130410D29-png_jpg.rf.6220f5ad8d030c40cc1759d51af61a28.jpg,0,0,0,0,0
Image_013473_jpg.rf.f599d7694ef099fab84e2fdc4f3db500.jpg,0,0,0,0,1
202103170254981_jpg.rf.f54f1637754ec6a7dc82ff089428f861.jpg,0,0,0,0,1
Bike-56-_jpg.rf.865eead3fdca2cda017b49c4ef74da19.jpg,0,0,1,0,0
1f1d578fbebeb017_jpg.rf.7bbf6bc207aede40612b21a822d669c8.jpg,0,1,0,0,0
Bike-134-_jpg.rf.86c711df449a8336dbb71d16de9f8d9f.jpg,0,0,1,0,0
60_jpg.rf.916971509205187eee70165604ace87e.jpg,0,0,1,0,0
202103220443433_jpg.rf.b6c554cadb74e1c6ec787f459280bd32.jpg,0,0,0,0,1
202011045781780_jpg.rf.2fc358bd02022237b5432ad5f4b3b654.jpg,0,0,0,0,1
-046E9840-F025-4749-B3AB-19402B34E739-png_jpg.rf.589060bc1622a30f7efc87c5e1f351ed.jpg,0,0,0,1,0
352_jpg.rf.c53d6c9dbbbf14b6be0ee6509f844de6.jpg,0,0,1,0,0
202103220446697_jpg.rf.0a1559bd207b45ee4c20692741316fbc.jpg,0,0,0,0,1
tripod_seq_17_005_jpg.rf.eb81ff17fde6bc97a5206d0ada0c70ae.jpg,0,0,0,0,0
202104131323171_jpg.rf.1c46994054f2111a9657dc261183abf4.jpg,0,0,0,0,1
bus-135_jpg.rf.32f49a3346cef2386d7fecc6ad0169a7.jpg,0,1,0,0,0
00ae221519d850b2_jpg.rf.7bfef03d362108cad40ccc4d5ff0e200.jpg,0,1,0,1,0
584_jpg.rf.9aef2f49a9d4b58c218edd06be0c8b98.jpg,0,0,1,0,0
202104131312598_jpg.rf.f66c323bfd9693bb26f726cbc75a0953.jpg,0,0,0,0,1
355_jpg.rf.552de2d2ec72f7b18c3027acd2ae9ed0.jpg,0,0,1,0,0
1168647385c43306_jpg.rf.47304352028199fb3415733c5185cc2a.jpg,0,1,0,0,1
21452_NT130964_2-1_jpg.rf.f5e8cd9f71d44ddf20c061efa4796b15.jpg,0,0,0,0,1
202104151399354_jpg.rf.abe4fbd57c00c2b4aa444857c4dc03a2.jpg,0,0,0,1,1
74901d64ea81e118_jpg.rf.8f2cfcb941e444bbb6ae9cd925035b98.jpg,0,1,0,0,0
bdb39aad895c90c6_jpg.rf.49ed4890b4f5b023cf951c7e2cd1a43c.jpg,0,0,0,1,0
Bike-221-_jpeg_jpg.rf.40e27bed2bf5231f55dd06a2dc1fffa9.jpg,0,0,1,0,0
Image_013508_jpg.rf.721f713eaa6abeb1bd66c5a3e1a63bc4.jpg,0,0,0,1,1
83875e780f9c74ea_jpg.rf.c207581e42da32d3c86b9b2949c11a9b.jpg,0,1,0,0,0
202103270672959_jpg.rf.bc750d8eb17a2fabad2edd3ab8bbe375.jpg,0,0,0,0,1
00072b81abc72d21_jpg.rf.c0184f521c5ba6c8d31bb0ce03006361.jpg,0,0,0,0,1
555_jpg.rf.563bfd2afb9fac47d0b7bb4f3c75ebcb.jpg,0,0,1,0,0
202103190345556_jpg.rf.c732dd62a14adaffb75d11b57f65b518.jpg,0,0,0,0,1
Bike-1396-_jpeg_jpg.rf.5e1d63ac668cd73747e2ff97479c3a47.jpg,0,0,1,0,0
1168647385c43306_jpg.rf.c0f05305e79246c97506e95d0b93ff08.jpg,0,1,0,0,1
-B20BF572-7ABA-427A-9911-0697A5B4C44E-png_jpg.rf.44a26c66bbea3515d186dd901e345ba5.jpg,0,0,0,1,0
363_jpg.rf.215d0c068cf588b1f9f66d4606930830.jpg,0,0,1,0,0
352_jpg.rf.a17f5eda76ffd100fa9c16e1051924a1.jpg,0,0,1,0,0
2a11f342ea1e8107_jpg.rf.c016282a87e193f18a49eb9af36b2378.jpg,0,1,0,0,0
558_jpg.rf.92c423a11bc621db6c2fa9d2c5cdaeeb.jpg,0,0,1,0,0
202104081109084_jpg.rf.10c63636d99fd571f1a88b3675f92cf6.jpg,0,0,0,0,1
576_jpg.rf.25a33a4f2043108b9bbd08600df1280c.jpg,0,0,1,0,0
56_jpg.rf.7b4991064ad0e039339d68f7c3bac3f5.jpg,0,0,1,0,0
214_jpg.rf.073bd23a3583856e7b0af0ddbb7b95e1.jpg,0,0,1,0,0
202104091167091_jpg.rf.414458364626a36598bc63e7033288ac.jpg,0,0,0,0,1
202104091173542_jpg.rf.197a694f35320b89526277f026fbb66e.jpg,0,0,0,0,1
Beverage-Trucks-Mitsubishi-Fuso-FG-1_jpg.rf.5c8d142666c67777a38979bcc3a4fdef.jpg,0,0,0,0,1
2a839a6cb685d9d6_jpg.rf.b6199744f889b991c3e8b84f90a5e9e7.jpg,0,1,0,0,0
636c52a2-2185-61da-7f4f69e6100998dd_jpg.rf.434c989ad6e3c6efbad2eb25ced34fb2.jpg,0,0,0,0,1
373_jpg.rf.de8805eeb3e1b19330a44afaf1e92686.jpg,0,0,1,0,0
c64_jpg.rf.2d3d30c7987bfebc8282f0fe5a8f9b71.jpg,0,0,1,1,1
0d247641b3d720a0_jpg.rf.76b5ec751704bf22c9ec94c9970abcb6.jpg,0,1,0,0,0
1_1618985037607fc04d9adc8_jpeg_jpg.rf.fe97d455034b45c7af16ed9639137f25.jpg,0,0,0,0,1
-E65ADAD7-7559-4704-8100-0091A6B9C3C6-png_jpg.rf.88ebd5c0ae25e74123079f2583ca8d35.jpg,0,0,0,1,0
591_jpg.rf.4e249039d88f800b11c6cb9280b2b51c.jpg,0,0,1,0,0
bus-155_jpg.rf.5c8c0c1b4243d471cb7846b53252ad09.jpg,0,1,1,0,0
b096be80e31d48b0_jpg.rf.f83d533508db0ce037c0fcfae6716a21.jpg,0,1,0,0,0
bus-152_jpg.rf.d6c557a161d9a4b2fe009ab6e124d31a.jpg,0,1,0,0,0
-5EA2A12A-708A-4984-80AC-438C76933457-png_jpg.rf.a2e9ab1403e1de74f5c4cff2b07f2b8d.jpg,0,0,0,1,0
1de3b8f779a0978b_jpg.rf.b196910326dd51071aa72c2714de100c.jpg,0,0,0,0,0
Bike-123-_jpeg_jpg.rf.6ef3f3c645814fd80d96b37da34b5f42.jpg,0,0,1,0,0
-8780E321-98BD-408B-A8A9-E17B838682AC-png_jpg.rf.08ef136a8c01f5cfb91fb81d3f3b3602.jpg,0,0,0,1,0
Bike-1214-_jpeg_jpg.rf.92f33a61f67f4ee4d42ba4de13af8548.jpg,0,0,1,0,0
202104121288660_jpg.rf.70d67fb2b8eb64e4e5ea5adefcbe99aa.jpg,0,0,0,0,1
bus-86_jpg.rf.d17b44becd00a37c60b015dfbaa7d345.jpg,0,1,0,0,0
Bike-1209-_jpeg_jpg.rf.80af0e7803becba96084c2e93b052466.jpg,0,0,1,0,0
375_jpg.rf.30d7ccb98be79b183a4f8f6db739cd25.jpg,0,0,1,0,0
-9E27EB33-F9C5-4777-A81B-3D8D02D9E3AC-png_jpg.rf.98c294db9abfe66671a47c747b4a6b7a.jpg,0,0,0,1,0
2013-Mitsubishi-18ft-Refrigerated-Va_jpg.rf.320d9ed9988ac9e0c9add311887823b5.jpg,0,0,0,0,1
1e2e61ecce77e8cf_jpg.rf.2bbafb58f0ff34f5c25d06ad2c1a822a.jpg,0,1,0,0,0
b67ffe423c04636f_jpg.rf.990c3b870ebbca57de958845ae2e3c28.jpg,0,1,0,0,0
374_jpg.rf.4bda45396e7d798139a65e041cbd25d2.jpg,0,0,1,0,0
88093ee70c7e4357_jpg.rf.571bebba43926d3dd5ea6baf7585aacb.jpg,0,0,0,1,0
2aed161b05efb13d_jpg.rf.aa42b31d61f642ddb091b6ef20000419.jpg,0,1,0,0,0
2013-Mitsubishi-Fuso-Canter-7C15-PBU_jpg.rf.9789097a87263641b9def12e36dc3bc8.jpg,0,0,0,0,1
71_jpg.rf.b6787742ba38e8e4bc541cec0fafc71e.jpg,0,0,1,0,0
547_jpg.rf.ef435f2cf92856491ab8e93887f6a99a.jpg,0,0,1,0,0
-2D2D8602-E497-4B46-B4B3-5C7594A43411-png_jpg.rf.19c20c8b7fddc4f0fdbbad9e13354ec7.jpg,0,0,0,0,1
380_jpg.rf.b676719cf7f63c4ffe5279812ce3eb39.jpg,0,0,1,0,0
554_jpg.rf.e4da51ad1a7eec2177bf5f0874a11c24.jpg,0,0,1,0,0
-11AEC4CC-B462-46A2-9E6C-75AADB3C1792-png_jpg.rf.23f8fbd8f4f8402ad34569c248b7a11a.jpg,0,0,0,1,0
ae59c50e33947163_jpg.rf.f3d81498a81f06737ae6fbbc2ee6b54b.jpg,0,1,0,0,0
bus-87_jpg.rf.9cffe64619e00c08e7b61c61850a7147.jpg,0,1,0,0,0
202104121271764_jpg.rf.11c3719813ce125b688db313625b1a57.jpg,0,0,0,0,1
-6254A622-2157-4AD7-BB2C-4A3F4E465B5A-png_jpg.rf.d2b6ea9959ebeceb77b96bf5187bd4ba.jpg,0,0,0,1,0
545_jpg.rf.a5cefea2511063bbd389fc14a43f4e5a.jpg,0,0,1,0,0
-FA19065F-0734-4F1A-A565-FE5702DDF0D3-png_jpg.rf.226c9207c122746ae955d076f30a46a0.jpg,0,0,0,0,0
95_jpg.rf.8204b78bbb63ee8bd2d59ac1c4da781e.jpg,0,0,1,0,0
-CF18C7DF-3DC1-4F14-A3B1-8521CEE36C3E-png_jpg.rf.5b4706382e9ba71bc28ed0bef26d9a8b.jpg,0,0,0,1,0
547_jpg.rf.24b676789a8a6d60d486eea591ca698a.jpg,0,0,1,0,0
202101127902321_jpg.rf.2570eb78de8e0b381c4f8896f937b18d.jpg,0,0,0,0,1
545_jpg.rf.ed50a0e360f4d279d2aee77839cebedd.jpg,0,0,1,0,0
-323E6828-EFA4-4B9B-AC96-692A9C51B2A7-png_jpg.rf.c43caafddee602cbbab3dd6b1b60eefd.jpg,0,0,0,1,0
202104141341716_jpg.rf.9473747b8f600eb53afd8ba4a19e8547.jpg,0,0,0,0,1
599_jpg.rf.ce48b52a3c70fff4cf6797792a8ef4f9.jpg,0,0,1,0,0
bus-164_jpg.rf.1180d53fde5ca631ac80dc8d8e14ffe6.jpg,0,1,0,0,0
548_jpg.rf.606c8f6535668bb4fee5e33e721def81.jpg,0,0,1,0,0
-32A5D21B-354D-4AF7-9DE3-CF9222F072D6-png_jpg.rf.caf5219e89dfaeda85bf17b0f5bce925.jpg,0,0,0,1,0
372_jpg.rf.6a721eb561ac4e8620c3716bef91af6f.jpg,0,0,1,0,0
1c765efebc41876c_jpg.rf.0beea5a4dba7f26d69858f5451eff698.jpg,0,1,0,1,0
00c3642bc01c173f_jpg.rf.652fc570106eb434d835f9308f4b3245.jpg,0,1,0,1,0
modifikasi-2Btruk-2Bdan-2Bvariasi_jpg.rf.a8840c981bedb145778d35805bdfbf1a.jpg,0,0,0,0,1
238_jpg.rf.69b65c12edaa3c5bed4fa881c4f2f02e.jpg,0,0,1,0,0
608_jpg.rf.442262a5db663cc53fca7917f55dd236.jpg,0,0,1,0,0
Image_013204_jpg.rf.69842d40368cbbfb7388c4c37c1228ed.jpg,0,0,0,1,1
BF278470_5a4447_jpg.rf.b5d6fb662a684203a13e257397fd9f17.jpg,0,0,0,0,1
YT00640_1_jpg.rf.b9aa768d46f751f6ccd3a1dedc2b1c30.jpg,0,0,0,0,1
202104131298039_jpg.rf.9e14786d9303926f88f1807cf6119101.jpg,0,0,0,0,1
Bike-1226-_jpeg_jpg.rf.dcbbc067d09a305ff090283776f87c26.jpg,0,0,1,0,0
Image_013561_jpg.rf.f0c63040b78d37b664c1d33c03900b74.jpg,0,0,0,1,1
320_jpg.rf.7382330a82bf9925fb1375a0c4db35e2.jpg,0,0,1,0,0
-46175DA7-1566-414C-8B5E-587BE9339765-png_jpg.rf.9fb6d2882ad8f7bb56d8a107234996a9.jpg,0,0,0,1,0
322_jpg.rf.01ebfa7a15e3c04364047f88f68cafe7.jpg,0,0,1,0,0
Image_013238_jpg.rf.f632fbab44004c986a5905a45284c6d5.jpg,0,0,0,1,1
Bike-55-_jpg.rf.320868feb4049eb96bde2c7c35c3da2e.jpg,0,0,1,0,0
202009193934939_jpg.rf.e0359a37563211f02c2ca89a7b4652d5.jpg,0,0,0,1,1
Image_013247_jpg.rf.a7c2d52b087e44bde49a60257bac5b1c.jpg,0,0,0,1,1
6641a2f004915c04_jpg.rf.341d7e17bf19a9de01d2754f8f9f2967.jpg,0,1,0,0,0
202007111127814_jpg.rf.2b3ff9985a5750a43f0fb35bd3e4024a.jpg,0,0,0,0,1
-7E37B3B7-140B-4D05-9757-A121EA2D41E0-png_jpg.rf.252e48604d54d6141ed213b5804249c1.jpg,0,0,0,1,0
Bike-1297-_jpeg_jpg.rf.e41ec4004437ae66ebdb891e6981b9fb.jpg,0,0,1,0,0
00d17e785bbf2ca1_jpg.rf.14ba45981df4b1e866d671b82c383af0.jpg,0,1,0,0,0
202104121288660_jpg.rf.0b9db69ad1b9d293a7d8bd7e7910b683.jpg,0,0,0,0,1
b71f4eaf0dd44455_jpg.rf.f083986f025cc2717fc42bc0f3690600.jpg,0,1,0,0,0
01ab51e8239f5718_jpg.rf.77531e2d2e4ae875516ee436f99aeb37.jpg,0,0,0,0,0
555_jpg.rf.702f4a7cabf3b047840c40463861d8cd.jpg,0,0,1,0,0
202104111224749_jpg.rf.26db96ca90b46489c75cb85867de3ea8.jpg,0,0,0,0,1
0d829bbd335fe81c_jpg.rf.809685fd7f68f137205b9858f2738d86.jpg,0,1,0,0,0
bdb39aad895c90c6_jpg.rf.3ae0cea308b5552b42fde7d6582d21c8.jpg,0,0,0,1,0
98155425cf96eedf_jpg.rf.fba48d6a62969e4c1988e23333d7618a.jpg,0,1,0,0,0
bus-62_jpg.rf.c663a7b5d799cf3c814c260f3b74b8b6.jpg,0,1,0,1,0
bus-209_jpg.rf.e1b882d89ddb003c0de46afee98b2ab7.jpg,0,1,0,0,0
00d9a751d73ee232_jpg.rf.a0cc406d8e8c2e29265aa227ebda513a.jpg,0,0,0,0,0
-3C5B367D-D054-46F4-A427-80D90258A7B3-png_jpg.rf.fc7b73eba5e4dba09cab55cf8a4dbaf8.jpg,0,0,0,0,0
bus-104_jpg.rf.608974cd021f296ece0b6ba9010bf5dc.jpg,0,1,0,0,0
b2744c4f5a1b8293_jpg.rf.11ca93a2f337ff1e02a3eb19ff1b4ff3.jpg,0,1,0,0,0
Bike-56-_jpg.rf.bcca376a2b155987a451a7b0161a36ae.jpg,0,0,1,0,0
5a1e37db78f66_jpg.rf.f1fad6f4c120de5125c5473cbe2dfbd2.jpg,0,0,0,0,1
WhatsApp-Image-2022-12-05-at-18-17-00_jpeg_jpg.rf.09dfb770f7066725acf6900d1c7867b9.jpg,0,0,0,0,0
537_jpg.rf.6e2f113ba3ca8d96fb291e3490345a90.jpg,0,0,1,0,0
1e0cb86a827ae7a6_jpg.rf.f655f42dae9b92d7933cba5f69b288bc.jpg,0,1,0,0,0
bus-162_jpg.rf.93bf10854c4f4213ca74888ff1186563.jpg,0,1,0,0,0
202011105988710_jpg.rf.beff5bbb6096557c314f0e52f5087b22.jpg,0,0,0,0,1
313_jpg.rf.303cff3fef74dae14dde8f5ce4b6b5c3.jpg,0,0,1,0,0
1b204be35502c5a0_jpg.rf.48be29066048d3b57d451dfd6d61e427.jpg,0,1,0,0,0
bus-77_jpg.rf.f876dbb62dcf36535eb8287084c8ce5f.jpg,0,1,0,0,0
757_jpg.rf.ea69f2d9e812edeadd5f9ada0acb1f3c.jpg,0,0,1,0,0
bb8784d66b93ba92_jpg.rf.0961c49857d100b948cee87f3e4a2c0b.jpg,0,1,0,1,0
WhatsApp-Image-2020-07-04-at-18-38-3_jpg.rf.b95bf0882879b2f0313250f2ae36f917.jpg,0,0,0,0,1
-5EA2A12A-708A-4984-80AC-438C76933457-png_jpg.rf.f34f5c957eb711fd84e08568340835c6.jpg,0,0,0,1,0
4ffeabb369261a61_jpg.rf.69ac46ef3b1287a888885784355ba11b.jpg,0,1,0,0,0
-50894A9D-DA2D-4049-9C7B-6006F32452BC-png_jpg.rf.c1a0a7b46c814c64029510395aea9c5b.jpg,0,0,0,1,0
202104191531557_jpg.rf.defce991cb7409ea367e4b77af7e77dc.jpg,0,0,0,0,1
-A548B5B2-A5D1-4754-959D-D3BF4B6F779D-png_jpg.rf.f35c95af8091f02a9537beb00254d31f.jpg,0,0,0,1,0
c1a2489309958b38_jpg.rf.779c2830ce2faca5fc8924dd7b7f3b3d.jpg,0,1,0,0,0
YT00640_1_jpg.rf.7e3638ac617359d145a0ef6125b6cebf.jpg,0,0,0,0,1
-5CEE3337-3AF2-49E4-AE4E-42B9E2E44512-png_jpg.rf.6655ddfb3366325dbf12c3e29b426548.jpg,0,0,0,1,0
468_jpg.rf.68778060d91783a65cf98e564447d66c.jpg,0,0,1,0,0
-F13F3AD5-0C1F-47F2-862C-EF99705A9DCF-png_jpg.rf.a62b0742b1be33103bf8d38c80c0c17d.jpg,0,0,0,1,0
d5982e8c9f63acc8_jpg.rf.ed964ceb24f4ab966ea3072318288acc.jpg,0,0,0,1,0
Image_013849_jpg.rf.e183ae5bf79cc80141c72e1fb6a56d4f.jpg,0,0,0,1,1
-A90B3615-2D88-48C9-B87E-2168E84C7D45-png_jpg.rf.fe2bc3fc382f6ec8f444697ee6756b7f.jpg,0,0,0,1,0
484_jpg.rf.7b908c3816d1374a29bb53e9dbfc02e9.jpg,0,0,1,0,0
-A548B5B2-A5D1-4754-959D-D3BF4B6F779D-png_jpg.rf.b66fa8276542a85ca3ce9dda9bc294ca.jpg,0,0,0,1,0
-A8CEB249-7307-4E78-ACC4-EF1CACB514C7-png_jpg.rf.3937a3b33ff3da017acb62c90a9a1ee2.jpg,0,0,0,0,0
-BF6A8C7E-455B-4B26-A5AD-C4AEC6EE3683-png_jpg.rf.b950aeb29f4f8c2e200d1c8765293cd5.jpg,0,0,0,1,0
-A548B5B2-A5D1-4754-959D-D3BF4B6F779D-png_jpg.rf.c50c820f727521ec2da0e42bb42fab86.jpg,0,0,0,1,0
-B536D43A-C9BA-41F0-8A85-01C6EA42A506-png_jpg.rf.1f589bd540be0db3c1751076d8b83bb0.jpg,0,0,0,1,0
-87FD317E-6F61-44EC-99D8-CD780485C6D1-png_jpg.rf.a03e4f04417b982c9352475a1af0eed7.jpg,0,0,0,1,0
482_jpg.rf.e562f1d739a0a2978fe90be852dd141d.jpg,0,0,1,0,0
bus-82_jpg.rf.f74c63716e6fdb72263f9ed3039c439d.jpg,0,1,0,0,0
772_jpg.rf.1509567ee6bcafba688b9304423e8d47.jpg,0,0,1,0,0
117_jpg.rf.e506066887c24338787a252994f0a325.jpg,0,0,1,0,0
707_jpg.rf.e94cb2488f8a1cf723a57ebd44e83385.jpg,0,0,1,0,0
202104201606848_jpg.rf.84aa054e3361e725fa3b6b132fe0969c.jpg,0,0,0,0,1
-4C9F05A1-7CD5-458B-B604-60361B491683-png_jpg.rf.e90bddb912a8bc251186a65c87a7cffb.jpg,0,0,0,0,0
-A548B5B2-A5D1-4754-959D-D3BF4B6F779D-png_jpg.rf.cbed10409ad57c5c7f279a0ff0490a30.jpg,0,0,0,1,0
unnamed-11-_jpg.rf.123a93d4099169a94e0a9fa7428b7888.jpg,0,0,0,0,1
202104201607089_jpg.rf.5d5e9e2f5148963de2c228374fae7c62.jpg,0,0,0,0,1
-E6BC2AE8-2582-4FDC-A74E-87AE67E0678B-png_jpg.rf.745201b4a0dc2c8ad8aa5e5ca804e391.jpg,0,0,0,0,0
2735407_a_jpeg_jpg.rf.f25154ede4fe07c37563844383912a2a.jpg,0,0,0,0,1
-3F312249-5BB2-476B-ACB5-2E2DF4202FEC-png_jpg.rf.c6a62397107504eabf7667693acbf2f0.jpg,0,0,0,1,0
472_jpg.rf.63e0ba04c9c0eddef5a3df9695ad2bdc.jpg,0,0,1,0,0
b85fe6ea8fd1af66_jpg.rf.0e258a3fbf117952068f0bd9b7f20f79.jpg,0,1,0,0,0
-A8CEB249-7307-4E78-ACC4-EF1CACB514C7-png_jpg.rf.1bd03373427dddec7e4814dab1daf2da.jpg,0,0,0,0,0
c07c243f08fbc86f_jpg.rf.9c1110790054d76817c036eeee3fc4fc.jpg,0,1,0,1,0
bus-175_jpg.rf.d2c268bf7e14c815e367b54c45936412.jpg,0,1,0,0,0
-618A0E4F-DFF5-4624-B30C-9F657BE51772-png_jpg.rf.4b4c555bc193faa4bc29152e35253a58.jpg,0,0,0,0,0
141_jpg.rf.baa9a43cc1995fb5f0d6abeea18d8551.jpg,0,0,1,0,0
2fe05f8b84a21bc5_jpg.rf.f5344128095704b1c38a309ee57a1a36.jpg,0,0,0,0,0
-CFE43611-3817-4981-B605-D34C68958207-png_jpg.rf.be9ff5428b6ae1ee388b37f1de8fbb8e.jpg,0,0,0,1,0
images-667-_jpeg_jpg.rf.f8e479da0d176dd1d5d462688e664f05.jpg,0,0,0,0,1
3ab9d3652e0d499c_jpg.rf.cf0d83ef02a26ca994198feb94b81fae.jpg,0,0,0,0,0
283_jpg.rf.2638e1e9ccf8b468c47e119e15a7ac9f.jpg,0,0,1,0,0
Image_013781_jpg.rf.779844243a489ae0feda52be90f85003.jpg,0,0,0,1,1
-BF5B09CD-88BE-4B44-92C0-66FACF354706-png_jpg.rf.39677b5550f8ade47b3084a62a6a1414.jpg,0,0,0,1,0
Image_013193_jpg.rf.04e604d2b8148b140735d75943d7cf0f.jpg,0,0,0,0,1
-ADCB798A-4304-439E-BC7F-33B1FF904A78-png_jpg.rf.1dd40363b14ec9be42cde97e3d48b3c8.jpg,0,0,0,1,0
beed917f56f7ff96_jpg.rf.3cbff40a822930410bbbf248d0920876.jpg,0,1,0,1,0
bus-171_jpg.rf.1b32a5cdf206c10930a8787e7b72c179.jpg,0,1,0,0,0
-9E27EB33-F9C5-4777-A81B-3D8D02D9E3AC-png_jpg.rf.75470a7b5fdd1e72c931f189ac68de25.jpg,0,0,0,1,0
bus-169_jpg.rf.f15948fb00d879aaca9c0e3c9a9b423e.jpg,0,1,0,0,0
-E7BC1256-2122-4014-855D-540850BED99C-png_jpg.rf.cb1083ab45bb1196636a463d78e5e495.jpg,0,0,0,0,0
-E9B93242-136F-49A0-8906-3B6573D9BC59-png_jpg.rf.634e529f2c21ad3d3d5973a6ca60ea51.jpg,0,0,0,0,0
-E0FF4F1D-4071-4FCD-A1BC-5AE95DE30292-png_jpg.rf.62027eeaae2666add9905e9859fe8c55.jpg,0,0,0,0,0
177_jpg.rf.6143ae33273865ae0fb1188c5fc05475.jpg,0,0,1,0,0
202104191536321_jpg.rf.8c5fe312f6a3d8fe2f3cc03c20d7e3e6.jpg,0,0,0,0,1
3c7f92c3309fb376_jpg.rf.29ae6b7afe319a63601fc7ce30256efc.jpg,0,1,0,1,0
83_jpg.rf.fe522d01debf53e60b44dc941e190a0c.jpg,0,0,1,0,0
-E39DE576-0BDF-4674-9CCE-4780BD8A5744-png_jpg.rf.a78b8a766d529ca8dd1c8d6f15640177.jpg,0,0,0,0,0
Image_013544_jpg.rf.c745d080e20466b352c7f532626a82e7.jpg,0,0,0,0,1
1238d5f7b2820007_jpg.rf.f5d353ce9a3deac521fa49cbf41972d3.jpg,0,1,0,1,0
02fba0ff657a2fd1_jpg.rf.0c2927cc12b530e14b6b15557520ca50.jpg,0,1,0,0,0
-EEA1641A-B371-4A29-B7ED-528A0B641DD4-png_jpg.rf.87b9115f29d5e46f91585ee4cfc7eba3.jpg,0,0,0,0,0
Image_000099_jpg.rf.684625b4a2606652a606ad1b2b6b04cb.jpg,0,0,0,0,1
-ED69DDCA-32DB-44BF-AF7F-F67B49A5981D-png_jpg.rf.ab5f11a22fc684e857cb2b205e5f78da.jpg,0,0,0,0,0
Image_000215_jpg.rf.6680b8f2a0244be976c6622ac762aaf0.jpg,0,0,0,0,1
485_jpg.rf.2f75129f6ccb0102a405b0824be9c51e.jpg,0,0,1,0,0
-ED0AE5F6-D932-431E-8783-FF484FD1E807-png_jpg.rf.b726f1ef06bcaa047ee8517d41d70e2c.jpg,0,0,0,1,0
Image_000128_jpg.rf.d0fe3167aaf18788175639c2ed500882.jpg,0,0,0,0,1
bus-185_jpg.rf.0003901264c1b4fba7a39c54df09544e.jpg,0,1,0,0,0
207_jpg.rf.831afce9728c505605fff271f9a419b7.jpg,0,0,1,0,0
510_jpg.rf.eb9be2c55c450f4b782bdfa742deb0b1.jpg,0,0,1,0,0
a15cccae5ae7bcb5_jpg.rf.92578a35302d207053bef6cf1473bd2f.jpg,0,0,0,1,0
492_jpg.rf.03560c367b0a1197018bc7eae50f8a77.jpg,0,0,1,0,0
l49_jpg.rf.ca8aecebadc5a2c3084f75a3a9efcecb.jpg,0,0,0,0,1
3ccedd8e58c2bd4e_jpg.rf.6f3733c0f391a5f30cad65e732aa889e.jpg,0,0,0,0,0
3b85b50da35139f1_jpg.rf.5b6ff996e1a144959013e95b0398fa0e.jpg,0,1,0,1,0
-A548B5B2-A5D1-4754-959D-D3BF4B6F779D-png_jpg.rf.1e76448aff01b1f04e11c6775ead287d.jpg,0,0,0,1,0
-BE444330-6708-4396-A543-1D9380EE1763-png_jpg.rf.0c0cace6f70e3786371a5ecd86178718.jpg,0,0,0,1,0
-EE9EF0CD-5BB3-46A8-BFBE-08FFA7CFF083-png_jpg.rf.f3e006629dcdfbd8e063eb6344d18c11.jpg,0,0,0,1,0
61736_1_jpg.rf.d16cc99a87ae0c9058de2b468719283e.jpg,0,0,0,0,1
-B042FF22-15AA-420D-8D1C-4F67652DA770-png_jpg.rf.d4ed0963e8089975f120d1c397a732c9.jpg,0,0,0,1,0
3b927df0a7609ae5_jpg.rf.c4e3a7ad5287cb69b44023c1b755ccac.jpg,0,1,0,1,0
b52c202df1a5c47e_jpg.rf.8e4e120e0cc209d8888eb400e522f8c6.jpg,0,1,0,0,1
51_jpg.rf.0e8d2a5deecb61e8817f85bfc4745294.jpg,0,0,1,0,0
-BC89B900-872B-4F21-9203-A355A2B95F8A-png_jpg.rf.f84842c78fb83ab814e48c5b22ce63d7.jpg,0,0,0,1,0
-AEF9D29D-6920-40B6-A41E-C461F9DDD9F2-png_jpg.rf.aa31936da404ad364e2a92434dde602e.jpg,0,0,0,1,0
-BE444330-6708-4396-A543-1D9380EE1763-png_jpg.rf.74bf8fc945275abd0c29cef3709cff2e.jpg,0,0,0,1,0
143_jpg.rf.15ae42ead7c24b7aff9723c3e78e215c.jpg,0,0,1,0,0
3da656476a29ba2a_jpg.rf.fb62a1cea20c8f08daca8bd1db259761.jpg,0,1,0,0,0
-3ED11401-3001-41F4-8807-7BDA41D24CF3-png_jpg.rf.ebd6c8d8c162676948bb6cd595fb44c8.jpg,0,0,0,1,0
6007950747_jpg.rf.101c51b0636e36dcef53199bee175d53.jpg,0,0,0,0,1
b961d8239bf8b98a_jpg.rf.8346a6f11a58fac194d7d2367bfcd941.jpg,0,1,0,1,0
fd30ab5d0338b876_jpg.rf.cadfe13f6590dace108635dd46f10282.jpg,0,0,0,1,0
bus-86_jpg.rf.26f6581a66f7264574c981c9823da22a.jpg,0,1,0,0,0
ets2-mitsubishi-fuso-supergreat-truc_jpg.rf.79a4d495cf67827f7596bab23e3d56b2.jpg,0,0,0,0,1
images-667-_jpeg_jpg.rf.7476ab790ba528bc0699edf4d26ccc37.jpg,0,0,0,0,1
3861170527f5006a_jpg.rf.d5b0e414232ffb1450ae80bb54338f3d.jpg,0,0,0,0,0
03ab132d14415426_jpg.rf.92c41bd0ed386ee2b857241629010a8e.jpg,0,0,0,0,0
58468a_jpg.rf.547dd9f9d750d39ba99add5a70582131.jpg,0,0,0,0,1
Image_013339_jpg.rf.3fa0532fc553676260a630da2a23ec39.jpg,0,0,0,0,1
-E9FF0598-9C0D-494E-BFAD-287E1162ACBB-png_jpg.rf.2f183d0937b4c80b29159ba54afd4b29.jpg,0,0,0,1,0
210112c7c8085350_jpg.rf.25aba7b6af391af1853537e56f101b20.jpg,0,0,0,0,1
a2ec7cc1bc04f59a_jpg.rf.53144b4594df387dd6c38c5644a7e4ad.jpg,0,1,0,0,0
Image_013389_jpg.rf.4a444174364b2aedc0650afcf0fcb172.jpg,0,0,0,1,1
98155425cf96eedf_jpg.rf.2bdd3fab7c529c601ffcd488314305ac.jpg,0,1,0,0,0
1781ceeba365928b_jpg.rf.7633501c85cccab19c32969f6c976edd.jpg,0,1,0,1,0
-5399AA20-C3A4-4841-9CA4-0D18DFCA3806-png_jpg.rf.03a00bc26216aefe1de544ea48dde8ba.jpg,0,0,0,0,0
-152B35A7-2687-4126-B46B-5382319E7A3C-png_jpg.rf.58dfd248b411600cc3fdf9e4e23c52b2.jpg,0,0,0,1,0
a2d8e3b9157301c4_jpg.rf.08ffb0e1b9e6a7bcdf8b5718cc544b86.jpg,0,1,0,0,0
-5762915D-A5A7-41B9-B425-48A920A394E7-png_jpg.rf.dc735046a1ff9c36a92655956854dec3.jpg,0,0,0,1,0
-52262D73-8B4E-4F06-883D-4C6E2E6ADED2-png_jpg.rf.4e4273b5e9a8d3bd8cf16718522261c7.jpg,0,0,0,0,0
bus-187_jpg.rf.13a90c5e2568ca6d99a646a942888295.jpg,0,1,0,0,0
-398D11E1-12E9-4FE1-83DA-198B0C1A0D9D-png_jpg.rf.ddfdb719ac386d275b9caa167a0f0ca9.jpg,0,0,0,1,0
435_jpg.rf.41a113da8e6ba3be5be7d9ecc8f9b476.jpg,0,0,1,0,0
bus-114_jpg.rf.0a88cc81a3100672ecb1aae7933a224f.jpg,0,1,0,0,0
a2e94d568be3437d_jpg.rf.fdae02f9b8a9bbb306a6878912b46147.jpg,0,1,0,0,0
202104161432522_jpg.rf.28369b37d1d6632883f6a499214129fd.jpg,0,0,0,0,1
-423FE4FB-F3E1-4E8E-8A40-5A99AEF6C353-png_jpg.rf.da0fa8364890b9d7d21190f2c67cace2.jpg,0,0,0,1,0
bus-187_jpg.rf.3bff2dcae0c8e51bc64e2233564380d8.jpg,0,1,0,0,0
Bike-111-_jpeg_jpg.rf.b6ee868270dc08a585539ce5d4a964e2.jpg,0,0,1,0,0
bus-198_jpg.rf.82fe2038470b32d353f69ae09ff76f8a.jpg,0,1,0,0,0
-444DBD47-6269-41AA-8450-942029C69375-png_jpg.rf.580742ae2ac7998844779cee980945a1.jpg,0,0,0,1,0
4264033189f4c526_jpg.rf.22cab49ea1a0ffa3c9e40eba536882df.jpg,0,1,0,0,0
Image_013586_jpg.rf.f2093f119a3ab04cd88cc79c8b4add60.jpg,0,0,0,0,1
352_jpg.rf.316ed20812e4e4b67e18fc25dcf47a5f.jpg,0,0,1,0,0
bus-171_jpg.rf.d9ccc0a879782d01a839a3a01f4dce67.jpg,0,1,0,0,0
202104211625508_jpg.rf.5fa150baabe62e880aaed8e00f330a9d.jpg,0,0,0,0,1
-85692E92-3B6C-49F8-B16D-E99133131917-png_jpg.rf.a0d9a253a460f65fa8bc7ffa07e84635.jpg,0,0,0,1,0
Bike-145-_jpeg_jpg.rf.7857579722c8912bcc268896cddeeabf.jpg,0,0,1,0,0
-8437E1F6-8E99-458C-992D-8794FF4B5C1D-png_jpg.rf.223995c0c836559aaa714271dcf4dc9d.jpg,0,0,0,1,0
Bike-1097-_jpeg_jpg.rf.af796d52167fb0e49cb0523454ad3137.jpg,0,0,1,0,0
63865eabe369d845_jpg.rf.80ca615c47679aa24a1e7f4bd3c6ed38.jpg,0,1,0,0,0
bus-197_jpg.rf.43c8bd89c41ff6d734ca7a801e6790b8.jpg,0,1,0,1,1
525_jpg.rf.6cd3f4ffd3c8a3d175cdfa0f587f4881.jpg,0,0,1,0,0
-3ED11401-3001-41F4-8807-7BDA41D24CF3-png_jpg.rf.fc93612d2fff92b5d5723798746120da.jpg,0,0,0,1,0
4ddebfc57fb0beea_jpg.rf.6dac771b6ef06cedc9b5fe1f0bde017e.jpg,0,1,0,1,0
b90a2f7410314eba_jpg.rf.532bb3da0e4ccba280b26926126311ad.jpg,0,0,0,0,1
303_jpg.rf.73a2f181bfc52a064bd3f84ad6b0a2e8.jpg,0,0,1,0,0
430_jpg.rf.2de01bdbf386c45c0c17e65776f65481.jpg,0,0,1,0,0
07779bdfd37cf6a5_jpg.rf.67fe38ff19ffdbc75860e2a809600c93.jpg,0,1,0,0,0
Image_013510_jpg.rf.db6c5e350b7355cb5ad24ff85c4b4490.jpg,0,0,0,0,1
0df8ce351519bee5_jpg.rf.2dd235f39a0173d2bee3577c15cb4c9e.jpg,0,0,0,1,1
389_jpg.rf.dba79d0633d33915a0d13bc71908ca2d.jpg,0,1,1,1,0
457_jpg.rf.a762c3aa62049480c447fc907a5435de.jpg,0,0,1,0,0
-444DBD47-6269-41AA-8450-942029C69375-png_jpg.rf.1d9ffecc257a8e6defd81387e84366ab.jpg,0,0,0,1,0
Image_013327_jpg.rf.94988f0d558f39e6185e279c042da637.jpg,0,0,0,0,1
3da656476a29ba2a_jpg.rf.768ad08a0b90876500c35fd9726487f5.jpg,0,1,0,0,0
bus-206_jpg.rf.f9b755f166d27c711fd632a5d9276702.jpg,0,1,0,0,0
bus-188_jpg.rf.c66dbe397ce406fd1083d0d7ce5de6f2.jpg,0,1,1,0,0
520_jpg.rf.b82f65feeb3c39527e7720ee2bd7901c.jpg,0,0,1,0,0
Bike-1074-_jpeg_jpg.rf.6a62e3ea928a8398849d18f795715f0f.jpg,0,0,1,0,0
2eafddbc758ee2a6_jpg.rf.f4ab7a7cb56e6a4afbab9cb380d4ca64.jpg,0,0,0,0,0
355_jpg.rf.9d0020351937acca979214307b15069e.jpg,0,0,1,0,0
430_jpg.rf.9e139ef1f406435151cda68a23f499bc.jpg,0,0,1,0,0
Image_013345_jpg.rf.cd69768fe99e983bd52030dfc486f4c7.jpg,0,0,0,0,1
462228_a_jpeg_jpg.rf.f318a7c9c8b188aab15cbe82adf8356b.jpg,0,0,0,0,1
2nd-picture_jpg.rf.082879de05a56a455f1c0bf5b8dccfe6.jpg,0,0,0,0,1
Bike-103-_jpg.rf.3df7e274636c30d539f25902b8ebe7bd.jpg,0,0,1,0,0
Image_013232_jpg.rf.eb75874dffb7d9e9511886d5a299a15a.jpg,0,0,0,0,1
8496e0dd1f2c24b5_jpg.rf.5d405ee4c30d6e22ac90d9921e4ba657.jpg,0,1,0,0,0
-5762915D-A5A7-41B9-B425-48A920A394E7-png_jpg.rf.0a7617a0780fe75f2120c3a5c00a7702.jpg,0,0,0,1,0
9eb47e708593623d_jpg.rf.390205725c6d1a2fa0db9cae03bc674f.jpg,0,0,0,1,0
-B6D061C7-37D5-4849-8F5F-2F1BEBFAE4D2-png_jpg.rf.ebf141d3c84042ba516ae5a32d3c78ce.jpg,1,0,0,0,0
-8437E1F6-8E99-458C-992D-8794FF4B5C1D-png_jpg.rf.fc80c3a2baba46573ce4264fbc55fe4c.jpg,0,0,0,1,0
Image_013345_jpg.rf.79969594646ac1cb72e73df6509d5e1e.jpg,0,0,0,0,1
bus-167_jpg.rf.a8528a1af1c213cd8e758dcd755f0218.jpg,0,1,1,0,0
3db93df5a35dade3_jpg.rf.91afe84114f551f1fc67ccf1b574484b.jpg,0,1,0,1,0
bus-188_jpg.rf.d4c93a7a8d1c00bb04ed4e1e62765e09.jpg,0,1,1,0,0
26b6a592a5257f0d_jpg.rf.9c29592a43e81de0b1e1dcbf44e5d83c.jpg,0,0,0,0,1
WhatsApp-Image-2022-12-05-at-18-29-12_jpeg_jpg.rf.41962fc85684f8ccbe44f51e009f640b.jpg,0,0,0,1,0
4caf1ee77638a3fd_jpg.rf.5a7d61aa4deb0062a7da1e028d298738.jpg,0,0,1,0,0
-3B48CB36-3DE2-4088-B9D1-6F639B60DA9C-png_jpg.rf.8c61d5c77d15474ccb95f6a310727890.jpg,0,0,0,1,0
3861170527f5006a_jpg.rf.348a0f1175e72620b7e32119d7b91866.jpg,0,0,0,0,0
bus-178_jpg.rf.52b3f9ad4a34c6c4101634b507f4abb4.jpg,0,1,0,0,0
Bike-1039-_jpeg_jpg.rf.d469255c63620bdd75fba4df09344487.jpg,0,0,1,1,0
Image_013586_jpg.rf.53904796395a13b1ae5b483ab35d749c.jpg,0,0,0,0,1
521_jpg.rf.1883e124c712b1ac988d9ba9c71655de.jpg,0,0,1,0,0
-85692E92-3B6C-49F8-B16D-E99133131917-png_jpg.rf.28d2f72370661b39e9e667678072755e.jpg,0,0,0,1,0
7812cf18a02fef26_jpg.rf.c38ff77bc9b1ff7817318fbbdc9d829d.jpg,0,1,0,0,0
Bike-103-_jpg.rf.48297f0f031b1fca7d7a6fe6e35c8c70.jpg,0,0,1,0,0
4449601908f2515e_jpg.rf.899c97af6a8e380edc3029e3a08ea8ef.jpg,0,1,0,0,0
202104211621730_jpg.rf.bb85fca94d2f350784d61a8ccf3f5209.jpg,0,0,0,0,1
3ab9d3652e0d499c_jpg.rf.e241378e518ec69c972ae4a09550eba9.jpg,0,0,0,0,0
485_jpg.rf.e9be72e4c63ac68609293eb86623eb30.jpg,0,0,1,0,0
522_jpg.rf.a1edff2553ac0b3ed55ca7122062b863.jpg,0,0,1,0,0
-5E492592-1503-4FFB-A59A-7C84C8FB58C8-png_jpg.rf.bc8bda67afc2756bc8a46c309710eb0a.jpg,0,0,0,1,0
79351ebe7fb098e5_jpg.rf.fa37a090847888c495eaef1e7fc73bb2.jpg,0,0,0,0,0
2ee0950c0c60184e_jpg.rf.6c553eb0a8cbc9123de81ab0b9b59b63.jpg,0,0,0,0,0
472_jpg.rf.eb9c016f34151ea764db8500e4cb55ab.jpg,0,0,1,0,0
Image_013365_jpg.rf.07be35572be3dcd33d9ede9ebdc2afcf.jpg,0,0,0,1,1
202104201606848_jpg.rf.e090a95944d41262cbfbde111e2256e2.jpg,0,0,0,0,1
222d4711703ef065_jpg.rf.b3952e4d77363dc11bb6f62d9293e7e7.jpg,0,0,1,1,0
356_jpg.rf.0523057d378e61ebd2d4116bcd431a3e.jpg,0,0,1,0,0
MITSUBISHI-FUSO-SUPER-GREAT-V-BETA-V_jpg.rf.e872f5c717b4d6d77490533489af4a57.jpg,0,0,0,0,1
Bike-1345-_jpeg_jpg.rf.a3f36f70a4213e042460fcbbe54b0ed8.jpg,0,0,1,0,0
26b6a592a5257f0d_jpg.rf.f5494b05522f5ad673af5ba3cb3ea5b4.jpg,0,0,0,0,1
492_jpg.rf.bfaf8d858e47b3261467c945f0bc6219.jpg,0,0,1,0,0
16104227295ffd19c9c7fcb_1_jpeg_jpg.rf.8f32e65ab62ed594dc720913e9afd892.jpg,0,0,0,1,1
65716d56db8f9865_jpg.rf.7d12b2250cf4fc4e9834b2468da746ff.jpg,0,1,0,0,0
453_jpg.rf.385aa699bf5ac0df956220f8b4f0c84a.jpg,0,0,1,0,0
f34351bcba59ff09_jpg.rf.5410d2a1acc92e9a3d84641b1cff5b29.jpg,0,1,0,1,0
4264033189f4c526_jpg.rf.dc923fb26b0d0f0af08ff6e454630e22.jpg,0,1,0,0,0
3e74b2e5afb80016_jpg.rf.9526cbc4259b646d5b93624c5f4a1ec9.jpg,0,1,0,0,0
bus-171_jpg.rf.4b1ec0bdbaf2ee03dce8b6e426e80714.jpg,0,1,0,0,0
52_jpg.rf.5c953aceedad4ebea674b78e427e7f00.jpg,0,0,1,0,0
64708fe110f8ee96_jpg.rf.083bddbcbf81ce320a9d5a09143d290c.jpg,0,1,0,0,0
Bike-119-_jpeg_jpg.rf.5dd7c3d37144c056f61eb655a5920a71.jpg,0,0,1,0,0
43272096972_81c95bfb50_b_jpg.rf.e2d4a63d267d8ee1457d949819e955a8.jpg,0,0,0,0,1
301_jpg.rf.ab14bc0a96370a3202d0b74b102b2f0a.jpg,0,0,1,0,0
202104181502807_jpg.rf.9456d84120ee09f703f021910894a261.jpg,0,0,0,0,1
1238d5f7b2820007_jpg.rf.ad48382f096cc4b01350e61faa20ff4d.jpg,0,1,0,1,0
2735407_a_jpeg_jpg.rf.b8c57469cad0a8446ecd9be403d4b655.jpg,0,0,0,0,1
-420B178A-1068-4C65-B00F-763738FCB982-png_jpg.rf.1149207c5b78131e7cfa1b25a28f18c8.jpg,0,0,0,1,0
3dc7e8b7c282b5f5_jpg.rf.ecf956a7bf92bea7badb5fb4ae07a905.jpg,0,0,0,0,0
2f2935eb52e79354_jpg.rf.13832ef3d068e92cf230cb827c28ed40.jpg,0,0,0,0,0
353_jpg.rf.50d2e59922fd884f1ad1a773e3f1b3a6.jpg,0,0,1,0,0
2b57d29e03ed81fb_jpg.rf.6dfd7731e2df3fd08f1fe9becf23b30e.jpg,0,0,0,0,1
471_jpg.rf.072035d0a0c2748c594944c42db0a96e.jpg,0,0,1,0,0
Image_013315_jpg.rf.e91eabf8698868b316279f164ddc43bd.jpg,0,0,0,1,1
202103220446697_jpg.rf.8477bb0e42694da4392aaffe04927ff7.jpg,0,0,0,0,1
202104131323171_jpg.rf.55d1b8f567cbe2a62d10c9790f0b45a1.jpg,0,0,0,0,1
1c821ce5b084cd23_jpg.rf.e3b06c79f1f5b04f9168fe23e8600bb1.jpg,0,1,0,0,0
1f24c8d04afccd4e_jpg.rf.a86b8196d5de72a8aeb20fce4b8e95b0.jpg,0,1,0,0,0
WhatsApp-Image-2022-12-05-at-18-17-00_jpeg_jpg.rf.af06d4f8f686d51963e49e1690da845a.jpg,0,0,0,0,0
0eab75e9998db83c_jpg.rf.3f4e466bd2e0aacff789f15a25ad52ef.jpg,0,1,0,0,0
202102159089973_jpg.rf.16b3f91be29005fd7d551a60b31fc502.jpg,0,0,0,0,1
202104151399354_jpg.rf.567d409aa551729a458299126f2fbe00.jpg,0,0,0,1,1
0df44ae71ebdbb85_jpg.rf.1ec6556d6984d670a446d70df7e65155.jpg,0,0,0,0,0
-9E27EB33-F9C5-4777-A81B-3D8D02D9E3AC-png_jpg.rf.28446dd8ecc8407e4aa00ac4a50c5c9e.jpg,0,0,0,1,0
1c765efebc41876c_jpg.rf.1dcc1103a1f2d71b8ce3c5295fc06d51.jpg,0,1,0,1,0
547_jpg.rf.2c596f6bc20d3fc6b38c6a23faae4349.jpg,0,0,1,0,0
543_jpg.rf.8c285bf13e27516c534fc454e3c0603b.jpg,0,0,1,0,0
00a42fc158bbdc03_jpg.rf.f213dfb2818f77552f863dcbcd3e1f81.jpg,0,1,0,0,0
00abf276002161e1_jpg.rf.4d750828b5e818e86bcd4c79170130b0.jpg,0,1,0,0,0
-6B809CAB-0782-409D-9497-D0C9237884D3-png_jpg.rf.ed1d668687f5a11a012e4429783154f8.jpg,0,0,0,1,0
202104071070099_jpg.rf.8fe4d7866645b5b7cbd16d7bc9cf6cb0.jpg,0,0,0,0,1
287508cc376a5f0d_jpg.rf.431b35cb3687bb81efc9018af6290ce4.jpg,0,0,0,0,0
579_jpg.rf.e878e795d5a6f11868798bab46742204.jpg,0,0,1,0,0
2c4c828c5788c379_jpg.rf.20276beab48b62c6ab1c59133976c430.jpg,0,1,0,0,0
Image_013558_jpg.rf.2dd1b3722fc0609c31e71d41cb39194e.jpg,0,0,0,0,1
-B3FF9CBC-6C9F-4BDD-B814-790723E32E98-png_jpg.rf.b4afebf4436b7e38586696af6233b4a4.jpg,0,0,0,1,0
0e2cfdce3c294d73_jpg.rf.cee4192b4f03cc9c357f8b73bc3579c6.jpg,0,1,0,0,0
213_jpg.rf.855ea7c38591e26f37a9cf9a9a20d4a2.jpg,0,0,1,0,0
90019eeccbdd6cab_jpg.rf.760e7e1baa3c2676c420c210b7c220e9.jpg,0,1,0,0,0
-F6E6F421-AD9D-48A9-8CF7-07EB7ADEE1AF-png_jpg.rf.ef3830fcbfd7a3d3019ca3f2d5ee4e9f.jpg,0,0,0,1,0
f2463ddabfffc04f_jpg.rf.abb8d647015871cab50a45ef4ce986aa.jpg,0,0,0,1,0
202104121257671_jpg.rf.362be8d859f12e54cb98de95c4df9657.jpg,0,0,0,0,1
-76F273C0-07AA-4C57-B850-A4AA9184447C-png_jpg.rf.bb36065989b014141e49106a8047ee57.jpg,0,0,0,1,0
266945d37ee268d5_jpg.rf.1a5551e7964d0be7c92f7730e4b93727.jpg,0,1,0,0,0
11_jpeg_jpg.rf.7b008cc55cebd1416bca4487e233eb70.jpg,0,0,0,1,0
bak-truk-modifikasi_jpg.rf.9ad87d827a8d5c453d8e1211c068448c.jpg,0,0,0,0,1
202104211625508_jpg.rf.ffcee47ee3806d0fc6368611711eda1b.jpg,0,0,0,0,1
220_jpg.rf.46310e084cf0bcf45b0be1946a4b4d01.jpg,0,0,1,0,0
02dba50ea9a68512_jpg.rf.44eaa71b00f12a299708585b73212ed4.jpg,0,1,0,0,0
-53D41263-2FA3-40DF-9556-1EB08D19D5F1-png_jpg.rf.3408b9290de7914e50a98ce997622720.jpg,0,0,0,1,0
-CF18C7DF-3DC1-4F14-A3B1-8521CEE36C3E-png_jpg.rf.e541c2476015058bab7c135d22098fa3.jpg,0,0,0,1,0
used-2003-mitsubishi-fuso-fe-hd-box-_jpg.rf.8190402b6b270c1e8540f84698604e17.jpg,0,0,0,0,1
3ab7f95a2b8079d6_jpg.rf.82e76e102e7ff5c79a452aa4c5e468bf.jpg,0,1,0,0,0
-EF9A5DB8-BD98-4669-9BEB-68093AECC064-png_jpg.rf.8cc67a241d9cfdbb77daedf0a2f8715a.jpg,0,0,0,0,0
3db93df5a35dade3_jpg.rf.5ed24a6060f3565c71ed7bc5eafd4523.jpg,0,1,0,1,0
Bike-11-_png_jpg.rf.d521791a88bde869a55b60a4eb7f1083.jpg,0,0,1,0,0
202104191531557_jpg.rf.9b19282b71ce08d29d2d3b805fe6aca6.jpg,0,0,0,0,1
300_jpg.rf.cce1eeef17c769f01a4460a91c3db884.jpg,0,0,1,0,0
0e6d6258448c8fef_jpg.rf.6dd9b2f8271ff1a144f5b5dec8bed6e2.jpg,0,1,0,0,0
-E6F47A47-82C1-4A5E-A1FB-BE0B0B76C5DF-png_jpg.rf.673686157f6ac931c1daa5bdda0ae0b5.jpg,0,0,0,1,0
Bike-1289-_jpeg_jpg.rf.e43397cd837ba441b88e382c1cef352b.jpg,0,0,1,0,0
1_16081097455fd9ceb19a2c2_jpeg_jpg.rf.984d97618b18d71a71a84978d7bf4533.jpg,0,0,0,0,1
-5CEE3337-3AF2-49E4-AE4E-42B9E2E44512-png_jpg.rf.9af3857bba738500347af37adbce37ce.jpg,0,0,0,1,0
178_jpg.rf.277e630e00d2791344257e6a0433eb40.jpg,0,0,1,0,0
09acb63accd06236_jpg.rf.bc36dec691b5467037f5bb68c1f1001d.jpg,0,0,0,0,1
00aaf0a0a9ee7e71_jpg.rf.cc995fe72021dbb683952b7077988866.jpg,0,0,0,0,1
Image_013559_jpg.rf.a5194f5e1faa9908a518dbb7e9020735.jpg,0,0,0,1,1
232_jpg.rf.34a1675c98209d4ce8bb002962b29061.jpg,0,0,1,0,0
508_jpg.rf.b1bddaa5ec5dfb4808358aeb314aac94.jpg,0,0,1,0,0
202012086881144_jpg.rf.541f09e1f3e1f02a8bfcb0f5e1493435.jpg,0,0,0,0,1
4aba80b9d7435fea_jpg.rf.d788785aae7c271a38991d3ff49a2a79.jpg,0,1,0,1,0
c1b009ad1d353a43_jpg.rf.e7adaa2d6c1a2a50d7bf2985bf8855af.jpg,0,1,0,0,0
b856e2f0ec2e5fcc_jpg.rf.ec95e2d1f71a997de036f707d776c5ae.jpg,0,1,0,0,0
Image_013363_jpg.rf.2d325aff09990bb80e6579c4de91564e.jpg,0,0,0,0,1
-62DA7C7D-C50D-40A7-87D1-DB8633F1F29D-png_jpg.rf.75328c56e48bdad7db0549551182d27b.jpg,0,0,0,0,0
202104191536321_jpg.rf.f79944ac001ea1c2715c4cd098e16f83.jpg,0,0,0,0,1
0de64e0e6e2c916a_jpg.rf.96a4c4d5ff1675d5e5f61a31d2829a4c.jpg,0,1,0,0,0
c645a919dfb54b94_jpg.rf.53b987a3bdd2d52a972acdc6610e357a.jpg,0,0,0,1,0
234_jpg.rf.d596d43955fe5972282c8df3db3b560a.jpg,0,0,1,0,0
22e8f94f7e4a0081_jpg.rf.0a8ed27066153673c12cd9967a22f55e.jpg,0,1,0,0,0
a34ca85b9e6087ab_jpg.rf.43b8824a1b25a35d25deac598c98db51.jpg,0,1,0,0,0
0e5e1a2cf7ee80a0_jpg.rf.fc82c0317cfc10f1ac58e5d58e3702be.jpg,0,1,0,0,0
576_jpg.rf.3bdfffca73e682ab4be3b7f327e1ead5.jpg,0,0,1,0,0
b36b71f4a09c1b4e_jpg.rf.4d49ae6b4c6d2ec05898912634f21c80.jpg,0,1,0,1,0
0ba3d539f63542b2_jpg.rf.dc999b20659eb10a7c38c6e3c347c6b9.jpg,0,1,0,0,0
-560B3012-6E26-4551-A44C-6F4AB53B707E-png_jpg.rf.69a740904f765d33b1025873a26bc5fc.jpg,0,0,0,1,0
210_jpg.rf.79f2d965042026367309be0a90dba269.jpg,0,0,1,0,0
Bike-1009-_jpeg_jpg.rf.52a08f6eefd30202342af742464f95c8.jpg,0,0,1,0,0
0eab75e9998db83c_jpg.rf.66069be341d3ead528537b1400520a4e.jpg,0,1,0,0,0
b33f632f18bda568_jpg.rf.b2f8325783c4b8fc45702fc29a2c3bfb.jpg,0,1,0,1,0
2b8c09ceefc9b7a7_jpg.rf.06c5c77f2a3b297493cab85abacb08ab.jpg,0,0,0,0,1
Image_013458_jpg.rf.4ef3208a322aa5f8fceea2b7923f68d5.jpg,0,0,0,0,1
-E9FF0598-9C0D-494E-BFAD-287E1162ACBB-png_jpg.rf.f98b3cd0d814602600a531e43fa4e667.jpg,0,0,0,1,0
Bike-11-_png_jpg.rf.2c9a63532b44baedae4cbd81dacf2404.jpg,0,0,1,0,0
Bike-1283-_jpeg_jpg.rf.27195fbf6b523e4940484c43b6e04d13.jpg,0,0,1,0,0
-EEA1641A-B371-4A29-B7ED-528A0B641DD4-png_jpg.rf.9b89ace4448a60196a1c84fcab8dd9e5.jpg,0,0,0,0,0
21452_NT789-1_19-1_jpg.rf.b77fa8108713b1ba63f69e947011baa6.jpg,0,0,0,0,1
202102098866704_jpg.rf.50062327d95c75300ae4e88565c98c15.jpg,0,0,0,0,1
8198f23f3d6e76f5_jpg.rf.cfdc62795f558d639d19158cabc8e41c.jpg,0,1,0,1,0
9277ef0838b2c75a_jpg.rf.063a1aab6e70d6833304b7df6da59e88.jpg,0,1,0,0,0
-AEF9D29D-6920-40B6-A41E-C461F9DDD9F2-png_jpg.rf.727762de9768305a8966ff8bfeb9983f.jpg,0,0,0,1,0
-8561227C-3731-4CFC-9FE9-2715B581C159-png_jpg.rf.9efd2fede742c54fc945066fede9a7ae.jpg,0,0,0,1,0
-3ED11401-3001-41F4-8807-7BDA41D24CF3-png_jpg.rf.0eb178a0d796f3412355fb5058ce884a.jpg,0,0,0,1,0
Bike-106-_jpeg_jpg.rf.3217e8a7e2390a0f72394155b259a97b.jpg,0,0,1,0,0
3dc7e8b7c282b5f5_jpg.rf.8700fbb6cfad4dc3bd55dcf218c31e27.jpg,0,0,0,0,0
-56F905BE-38EB-4BBE-B228-1A61B0FB1B4B-png_jpg.rf.ff0628e66a4752984ca5aea84f9692ec.jpg,0,0,0,1,1
202104191534216_jpg.rf.13bae3c0ecfd9cf285a94f5f7c81b60f.jpg,0,0,0,0,1
1cfc68a3ccd12363_jpg.rf.1a3ab6d7b07c2b0f51787cef3aa443b1.jpg,0,1,0,1,0
266945d37ee268d5_jpg.rf.eed698a2d84bc2a52f0e097aae1e5a00.jpg,0,1,0,0,0
550_jpg.rf.e8b1786c636dec9fb0d3d6addfca3d3a.jpg,0,0,1,0,0
b90a2f7410314eba_jpg.rf.67165679888016e52fd18a688e860ae0.jpg,0,0,0,0,1
Bike-1039-_jpeg_jpg.rf.2fd7d1ad5da4b4cd28754ad1d104d343.jpg,0,0,1,1,0
BG154354_70f5a2_jpg.rf.59c71394b4d4852ca3c1aed508fd2db5.jpg,0,0,0,0,1
13256cc333df9113_jpg.rf.4ffa72f8d618106d80322917cf2c29dc.jpg,0,1,0,0,0
202103310823213_jpg.rf.6b57763f7650b57f2215e38726e66445.jpg,0,0,0,0,1
maxresdefault-22-_jpg.rf.95cec86cd3d158161b7d760e7bbc7050.jpg,0,0,0,1,1
-B3BBA8CB-5B74-43EA-B4C1-765411FEDC4C-png_jpg.rf.836373c3b7aead5994e385c76679d0f8.jpg,0,0,0,1,1
202104201595710_jpg.rf.99c54a6242c0039efb3d4f02f4b7c3bf.jpg,0,0,0,0,1
Image_013585_jpg.rf.4d2d2f445abdb034cb79ca7a13366e7b.jpg,0,0,0,0,1
9ead2683d36b6457_jpg.rf.cef8d3b7d86812bad14e2603b1b3724f.jpg,0,0,0,1,1
-0945FFF1-B95A-49D9-AF38-521144CBA0A7-png_jpg.rf.30b8606311d22a2497fac6acc2ba9cd8.jpg,0,0,0,1,0
4a2023f19f6cd19e_jpg.rf.c71eb53db8fc2b84d72c3580c41b37d0.jpg,0,1,0,1,0
-8A21E83B-626D-4945-8398-04050BFA2010-png_jpg.rf.947a3bd6dd250c9d8910422bdbada636.jpg,0,0,0,1,0
202104091166906_jpg.rf.96813674c9f5650d1ff7ba74f20caa8b.jpg,0,0,0,0,1
-040585B0-923B-49A3-B6F7-D149A58534ED-png_jpg.rf.7888d4eee306b2453cb12f31b138bf64.jpg,0,0,0,1,0
202104071067201_jpg.rf.8f224f3da122959783509cfd294a3854.jpg,0,0,0,0,1
3ab7f95a2b8079d6_jpg.rf.d63fffa150fa2f93fd725d7083707250.jpg,0,1,0,0,0
-B3FF9CBC-6C9F-4BDD-B814-790723E32E98-png_jpg.rf.147d77e502fdc14980726a61feaf7de2.jpg,0,0,0,1,0
a62dc1c018ce79bf_jpg.rf.6182168e1de0309231d94757a91d99ba.jpg,0,1,0,0,0
22a74841a6af3806_jpg.rf.50d0adb008651804f3b808093c92c283.jpg,0,1,0,1,0
Bike-795-_jpeg_jpg.rf.efd6bbd3c08e685f74f8f2227842c15b.jpg,0,0,1,0,0
b883a730af5f9db4_jpg.rf.13cb2cf3e1115a21a38ccbc9e7a389a8.jpg,0,0,0,0,0
201910313871465_jpg.rf.5e8f38c5816f6ac8f4aa0e66910ae148.jpg,0,0,0,0,1
Bike-1314-_jpeg_jpg.rf.3c943990ace293b6a021b5d43e5598fa.jpg,0,0,1,0,0
5f630068e794c-jpg_jpg.rf.fbf5d0e66e84de3c4cbb7c987b480292.jpg,0,0,0,0,1
-FDE945D0-FBF3-4C9A-8081-439EBB7FA66E-png_jpg.rf.efb705873cad2ba4eab9f7140ef12691.jpg,0,0,0,0,0
536_jpg.rf.cd142162c8350dd7090670921ea9f2a5.jpg,0,0,1,0,0
202103240535808_jpg.rf.02bf4691acdd84b8028fbbd6e2a9eb64.jpg,0,0,0,0,1
720_jpg.rf.70bbe3fe3dd923f7e30f467d3a0d4add.jpg,0,0,1,0,0
4264033189f4c526_jpg.rf.aff775dbf0db0c8d4ab7a5a173d09067.jpg,0,1,0,0,0
202104131312598_jpg.rf.e1c63a08c6d0826d2729fa2973302177.jpg,0,0,0,0,1
202103270672959_jpg.rf.db0265ebfa6abcac1a531f308f4fbd85.jpg,0,0,0,0,1
c47b340996e4a8eb_jpg.rf.25b9dc8aa9d21ea98b0cf01879d8f270.jpg,0,1,0,0,0
892601232994ed3b_jpg.rf.75cf9497fbbde035b5354b44f3b39eb9.jpg,0,1,0,0,0
380_jpg.rf.c560647089a0d319dc09b67972b4462a.jpg,0,0,1,0,0
bus-72_jpg.rf.53c2f43f41fc0240f5aa86965c4d38d0.jpg,0,1,0,0,0
-6A6DD558-AE05-4068-83CA-C77433215445-png_jpg.rf.9c5ee62a6ab3eda32ca23675f3f33688.jpg,0,0,0,1,0
-41421EB3-10E7-4E8B-9D22-424751A9FE8A-png_jpg.rf.85b0bf403ae000723a9ebbb70bf71bd3.jpg,0,0,0,1,0
589_jpg.rf.528d23d4c1f9df5d2d925b317af12066.jpg,0,0,1,0,0
333_jpg.rf.c87e8de155a7cc29bc6abe92e6b9240a.jpg,0,0,1,0,0
591_jpg.rf.0ab9f6f0bd4539739edb9276dff03d4f.jpg,0,0,1,0,0
369_jpg.rf.a967b5cd56c2fc1632f0391b5a992bc0.jpg,0,0,1,0,0
truk-2Bsawit-2Boleng_jpg.rf.b413306f99b4fdae2446a85f2e5ae965.jpg,0,0,0,0,1
21452_NT789-1_19-1_jpg.rf.6acd0d1cb02e7a49196958c67147ab7b.jpg,0,0,0,0,1
-7A5157C7-2559-41E2-8D05-376D1E96A58E-png_jpg.rf.ec76a65a49dfd9cfb92977b7d27612de.jpg,0,0,0,1,0
279_jpg.rf.cfc7c132b8e2c5af45e6ad6692df0c4f.jpg,0,0,1,0,0
540_jpg.rf.d5e72c9e22e70fedacba204e3e642ece.jpg,0,0,1,0,0
Image_013471_jpg.rf.a7e4f5a5c6733c7d8eef2851da914b98.jpg,0,0,0,0,1
bus-159_jpg.rf.c2fa70a90a56c07ba74e0abc31667027.jpg,0,1,0,0,0
222d4711703ef065_jpg.rf.588832bd4c844c91370e4425dfe3e59e.jpg,0,0,1,1,0
1c0dd3e32f4a8806_jpg.rf.3474c7da2b0d2f5d751314083d0cb07a.jpg,0,1,0,1,0
c7a4af67badec548_jpg.rf.1b9e777832fe17facf3c25acdcce4363.jpg,0,1,0,0,0
340_jpg.rf.7be75e77a764154e44aa646b03bcb4a4.jpg,0,0,1,0,0
c246b69c5d360f32_jpg.rf.2f7b35b8a18a004228f5b6e500c4afd6.jpg,0,1,0,0,0
bus-142_jpg.rf.cc9c9d6c3ca5a1e2c53e891ce9773a3b.jpg,0,1,0,1,1
21ee3abf4cdded99_jpg.rf.4967297a720c4a2b935ed53ef0e23062.jpg,0,1,0,0,0
3ba40d83b9434a93_jpg.rf.f112e136803c3e835b863a549f2325ac.jpg,0,1,0,0,0
35_jpg.rf.fca77284c76349a72db3bf6f33bbf6ce.jpg,0,0,1,0,0
1cfb1ceeb7be1b8e_jpg.rf.a6c001a51cfa282101e13ae3e2e09cdb.jpg,0,0,0,0,0
f21_jpeg_jpg.rf.718625d0172e371b614f3f821313131b.jpg,0,0,0,1,0
622_jpg.rf.fdc47b1518cc5293dd912dfc7a48da4b.jpg,0,0,1,0,0
1f77879b041fed85_jpg.rf.6bb1e82671452d923fd15552064e7e5a.jpg,0,1,0,0,0
-8BCDBC76-A3A4-4C0A-A595-5993A129EFA0-png_jpg.rf.7a83286068d19fc512cd1bfef98bb4dd.jpg,0,0,0,1,0
bus-152_jpg.rf.1a424b3a22c4741cf865869df3121af0.jpg,0,1,0,0,0
37_jpg.rf.a5a9d907fb0b2303ea9fd6629020b624.jpg,0,0,1,0,0
-BE412F80-6FDD-4522-8C6B-D26DA55927F5-png_jpg.rf.cf83751f9e3a69d26b83d49d12be0a09.jpg,0,0,0,0,0
0000146000-137ff09b3cd9edbdd68daccf403efb568b1a3fda_jpg.rf.32bd00ec11bf8abc31ae5d2ba746d439.jpg,0,0,0,0,1
202104091173542_jpg.rf.8682ea05905d7919dfd0e19b5f15a891.jpg,0,0,0,0,1
56_jpg.rf.5afe9af431672a6ff0e825e3b1702a5d.jpg,0,0,1,0,0
-015C8F67-D57B-40D2-A8D4-6717E7D78918-png_jpg.rf.9359bedad7bee2b5f80116bef0652fc7.jpg,0,0,0,1,0
15374419375ba380915572a_jpeg_jpg.rf.6e01753edadf63f18d57fafa1947d732.jpg,0,0,0,0,1
541_jpg.rf.e0dc2fd8c73249e778dd5573a8c3bef4.jpg,0,0,1,0,0
-B7791A7C-8010-42CA-B0A6-CFC6FB56E7EE-png_jpg.rf.d46b26e368cf067bd358bc389d1fb3de.jpg,0,0,0,1,0
7783e0cff56a7c38_jpg.rf.fb1b3bdb903f1192d4579ce1e1e46bf6.jpg,0,1,0,0,0
462_jpg.rf.d713484d895814412de8695b2b43daa4.jpg,0,0,1,1,0
10_jpeg_jpg.rf.4f50699d0697cbeea8f6cea2d6bc854f.jpg,0,0,0,1,0
bus-159_jpg.rf.fa64b4b7779815832acbd0bc51d2ed95.jpg,0,1,0,0,0
-D3ED54BD-094A-471D-A8A9-C1A7B3262064-png_jpg.rf.44dae2df1a8d4c22c3b6e1ed8d14b0f2.jpg,0,0,0,1,0
bus-155_jpg.rf.3a6ba1f406bb3d308ab82d2d248be834.jpg,0,1,1,0,0
325_jpg.rf.95c80739e683e2b7d0d12f7a29e5241b.jpg,0,0,1,0,0
0eec3b919dbb83b8_jpg.rf.5f875e6936877add179c44428bd54837.jpg,0,1,0,0,0
1f24c8d04afccd4e_jpg.rf.d7fdd8f757d7f6c2e883597fbfd995aa.jpg,0,1,0,0,0
-7E37B3B7-140B-4D05-9757-A121EA2D41E0-png_jpg.rf.e6345f62c036ca6b96d88afcc7e96d38.jpg,0,0,0,1,0
Image_013363_jpg.rf.7d6232b530726af3f5db8205aa65de8d.jpg,0,0,0,0,1
f2463ddabfffc04f_jpg.rf.9bdf218779aaa3e433f913d54979d8ec.jpg,0,0,0,1,0
H97817c4b136e48e7882e48f522e02ef9b_png_jpg.rf.5b10e088d4e9922f5e0dfe90fba1424e.jpg,0,0,0,0,1
bus-206_jpg.rf.38b47f6d7cde541ee1c6576d672be306.jpg,0,1,0,0,0
327_jpg.rf.76981ea96436ac208d4472777b3f5143.jpg,0,0,1,0,0
201910313871465_jpg.rf.cdd70130ab06f051b3078f11d0bffd58.jpg,0,0,0,0,1
2014-mitsubishi-fuso-fe160-14-feet-b_jpg.rf.bf9059b46eae725bddfb1ab73785a40d.jpg,0,0,0,1,1
Bike-1396-_jpeg_jpg.rf.10f8eff63932eff0097a9b37a47e9b4e.jpg,0,0,1,0,0
341_jpg.rf.74c18eb86dee9cc989d77c5c4732e0b0.jpg,0,0,1,0,0
2cc32a335f698db0_jpg.rf.ed6386c9bf8b404db68f4b61d6c68b74.jpg,0,1,0,1,0
-3C758EB2-E016-4C89-93CE-0E4FF51161C2-png_jpg.rf.21751c6171463586e00e1b0268fedf39.jpg,0,0,0,1,1
540_jpg.rf.4000284d1418fe595b0d57e20fb9fab4.jpg,0,0,1,0,0
426_jpg.rf.8c005c1b4b80a7debea1920ff81ee892.jpg,0,0,1,0,0
535_jpg.rf.da6b4a562ae875866cb023b43c386fdd.jpg,0,0,1,0,0
-53D41263-2FA3-40DF-9556-1EB08D19D5F1-png_jpg.rf.fd4458da4b7c122e012c21213d10230a.jpg,0,0,0,1,0
cf8379de677b7911_jpg.rf.b8441569cb20f08eb20dbd9d55b35ceb.jpg,0,0,0,1,0
-DD69513A-F7AA-42AB-8934-FED2717CC935-png_jpg.rf.7e8ac228ff6174177e77c3486fb63ace.jpg,0,0,0,1,0
36_jpg.rf.4fa60202371e3cd89c62b69a7f79589e.jpg,0,0,1,0,0
bus-65_jpg.rf.b4b401d8f9f27e3cbc41b853f7ca04b5.jpg,0,1,0,0,0
BF278470_5a4447_jpg.rf.dc28c3204527c7e6ff2fbc56b876c949.jpg,0,0,0,0,1
-9E5DCDFE-604C-4774-9BCC-613523B3EC83-png_jpg.rf.3e0b1ce5404e91133b8c65399164fc44.jpg,0,0,0,1,0
bus-66_jpg.rf.f54c84e0c195d542cb345cec463bdeb5.jpg,0,1,0,0,0
Image_013328_jpg.rf.df3b14c1ae6f1a9d70cd2bbe18aad9ad.jpg,0,0,0,0,1
1fc132805e66f61a_jpg.rf.4641d9fc8e1edf7edb97fac335e30d2b.jpg,0,0,0,0,1
976475604734006a_jpg.rf.ea27958ce65dd753408d3687010c5b9a.jpg,0,1,0,0,0
33577_jpg.rf.6aa765e1e88970df984f2180acff0e4e.jpg,0,0,0,0,1
8317d1025cc46b4a_jpg.rf.442215ef243553347cc7848af3a7907c.jpg,0,1,0,0,0
Image_013475_jpg.rf.8bff9d42f53c6df9364d274b05dc7d4c.jpg,0,0,0,0,1
-5C9472C7-6F7B-45B6-A2F4-0CE739421A98-png_jpg.rf.03528c42ca82dca468c36424c2d29e3c.jpg,0,0,0,0,0
GH011387-MP4-t-90-266667_jpg.rf.c4f68d2972d97ea2cc46fa66bd3ffd0f.jpg,0,0,0,1,0
Image_013559_jpg.rf.f17d3525c89bc7d5b1463056b81b6adb.jpg,0,0,0,1,1
-DD95CFAF-9F07-4A41-BA25-AEDA2106D0E5-png_jpg.rf.7cbea7b525f419630900aba95356ff4f.jpg,0,0,0,0,0
Bike-304-_jpeg_jpg.rf.013524303828df737705ce8d0c97bbee.jpg,0,0,1,0,0
238_jpg.rf.c611e2cc75c4dbee55f739ae2de0bc5a.jpg,0,0,1,0,0
326_jpg.rf.7db083e6ebb4188e3e2a2eafbdd905f2.jpg,0,0,1,0,0
1af7dea925b23b3d_jpg.rf.55bb1c7e3352637e29204d657e5a5a0b.jpg,0,0,0,0,1
79351ebe7fb098e5_jpg.rf.605e2c1f083eb3be30b501c9c877e3f1.jpg,0,0,0,0,0
Image_013473_jpg.rf.49b522af03c7e59075cc0a87231577a8.jpg,0,0,0,0,1
bus-96_jpg.rf.ad4097ba6e082e3b92a887de30dbde31.jpg,0,1,0,0,0
Bike-1209-_jpeg_jpg.rf.8cc2bd37ef894520e449f72a0e04a213.jpg,0,0,1,0,0
1de3b8f779a0978b_jpg.rf.7eb328a2dd779345d5f47b9313763687.jpg,0,0,0,0,0
Image_013455_jpg.rf.947b62540d6c664b2ecac2225c120dcb.jpg,0,0,0,0,1
308_jpg.rf.5bea47a25f32c452dfef9b714b039200.jpg,0,0,1,0,0
6772038324f86104_jpg.rf.98d92943fb5e1dfc6745b5032dc7c846.jpg,0,1,0,0,0
tripod_seq_10_077_jpg.rf.585fa64774b7c94f21f102f2c7dba40d.jpg,0,0,0,0,0
1b595e2fabf29582_jpg.rf.48d5f196c120f644326f465a29e4bd57.jpg,0,1,0,0,0
535_jpg.rf.da44ece56c791eec030b0205dec44567.jpg,0,0,1,0,0
Bike-145-_jpeg_jpg.rf.7bd96b1bc1cf31d4ed83768e52123f26.jpg,0,0,1,0,0
358_jpg.rf.6e669d807d0465b5ed8d542ad0847274.jpg,0,0,1,0,0
0de64e0e6e2c916a_jpg.rf.298f0fddc6cacf78e4d2af9b1865ca8e.jpg,0,1,0,0,0
1ff6b6523594de84_jpg.rf.b62968d41bd95033c7ec58f8bfd0290b.jpg,0,1,0,0,0
7812cf18a02fef26_jpg.rf.49138c3debe5840f148f3a0c68210c6d.jpg,0,1,0,0,0
76220d2e0ca2543c_jpg.rf.b7985ef0426b35f1495c0592c7312cab.jpg,0,1,0,0,0
-D276856D-8655-4E00-9B81-7746DB0426B0-png_jpg.rf.44a3c58fb46495f913e4bfc75c693895.jpg,0,0,0,1,0
-410FB936-1128-4721-89DE-79E2F58D3B24-png_jpg.rf.3e448c649a58b0fb861fd34f8dddeada.jpg,0,0,0,0,0
0df44ae71ebdbb85_jpg.rf.24a8e333223f25132d73f7669ba1a452.jpg,0,0,0,0,0
Image_013558_jpg.rf.9f920f45fc7090478823f5e047f45a92.jpg,0,0,0,0,1
89384a5a3ddd12ce_jpg.rf.0af8a15911940e80d3bb382a8c9b94ed.jpg,0,1,0,0,0
c64_jpg.rf.0962a7955e55d08ed9f82cade26b3fb0.jpg,0,0,1,1,1
325_jpg.rf.6a9c60d49080606c57a78acd7a7f5aa6.jpg,0,0,1,0,0
a2d8e3b9157301c4_jpg.rf.950884551b3e9cf1b6d151cb2c041707.jpg,0,1,0,0,0
537_jpg.rf.724590b445845101f15b819de6a7c340.jpg,0,0,1,0,0
-CCFB44DE-C25D-4C37-981B-6DBCB4F963AB-png_jpg.rf.493132d5a297caae0c8530c5691e3b4d.jpg,0,0,0,0,0
Bike-1217-_jpeg_jpg.rf.5ddbdf0f5922b0d8e4c7f28b0ed14660.jpg,0,0,1,0,0
Image_013584_jpg.rf.8b720b1cd3e631a42427f22d515d73be.jpg,0,0,0,0,1
18_jpeg_jpg.rf.a1f54a203be3d89bf897fa4250350c37.jpg,0,0,0,1,0
a1f88049afb2c467_jpg.rf.7585ad1f45165838e59e81e7949e6a0a.jpg,0,0,0,0,0
Bike-290-_jpeg_jpg.rf.e4cbfa8b1a965654b4016cae71b7c196.jpg,0,0,1,0,0
Image_013404_jpg.rf.0fb504ba6042567bcf19a9bf5a7ea83b.jpg,0,0,0,0,1
d1d94b2d00fe61ca_jpg.rf.d239a5309c97eb20888efdc8bcb20afb.jpg,0,0,0,0,1