filename, bus, car, motorcycle, truck
000000347908_jpg.rf.90f993384ab1d36e92a1e10041fc4dad.jpg, 0, 1, 0, 0
000000470364_jpg.rf.90fc148184f4f557f4bb0dc3a64d0350.jpg, 0, 1, 0, 1
000000085589_jpg.rf.90fedf88c0209f12c5df4e43d25dceb0.jpg, 0, 1, 0, 0
000000201664_jpg.rf.91009f52935c2180ec8147d921e0f9b2.jpg, 0, 1, 0, 0
000000149030_jpg.rf.9113044c3d559c6038228ef9cdeb63a5.jpg, 1, 1, 0, 0
000000516224_jpg.rf.911d3b56321113086886d814fb822e41.jpg, 0, 1, 0, 0
000000189951_jpg.rf.911dfaa16ce563d21be926e9dba1af38.jpg, 0, 1, 0, 1
000000031393_jpg.rf.91213f023f595a621a9eb72dbc1bc57a.jpg, 0, 0, 0, 1
000000121769_jpg.rf.912ae37ea8ad7bb50157c1227013d484.jpg, 0, 1, 0, 0
000000263412_jpg.rf.912bebf7d330136b8bd98e707792a32f.jpg, 0, 1, 0, 0
000000351262_jpg.rf.91302960c7e53a492918ed3c016a159a.jpg, 1, 1, 1, 0
000000016599_jpg.rf.9135daeff9a6a73c43109183c63b36e1.jpg, 0, 1, 0, 0
000000469119_jpg.rf.9136169331031c8df08c136d3b99a1c2.jpg, 1, 0, 0, 0
000000308677_jpg.rf.913a9195b52e9f8038940a50d616206b.jpg, 0, 0, 1, 0
000000392180_jpg.rf.90f867793b487e444068c267390985a5.jpg, 1, 1, 0, 0
000000208151_jpg.rf.9108c397f11c35d68e63f23485453cc2.jpg, 0, 0, 0, 1
000000303305_jpg.rf.913d0a50c688eb59d6d601b2cf0efabc.jpg, 1, 1, 0, 0
000000573620_jpg.rf.9140a6bb51700e56feadcc76c19dbd2b.jpg, 0, 1, 0, 0
000000133166_jpg.rf.913977a0aeaf568cd5b4b0924795a4eb.jpg, 0, 1, 1, 1
000000054485_jpg.rf.91451c076ab2afcc525e7c2f4ba0daa1.jpg, 1, 1, 0, 0
000000337886_jpg.rf.91409452f4f60d7a634621ef086d3a01.jpg, 0, 1, 1, 1
000000193261_jpg.rf.91456f66e3fe0838102ce8061bc10a31.jpg, 1, 1, 0, 0
000000419575_jpg.rf.915867149588523ed655cf8d6241dc6e.jpg, 0, 1, 0, 0
000000220390_jpg.rf.915758b0bc72cb7c5db53b8649c33c9e.jpg, 1, 1, 0, 0
000000183554_jpg.rf.916151e8afc60aa9c299fd2e5093fc35.jpg, 1, 1, 0, 0
000000331093_jpg.rf.919a0df859ebc4c6b883efaa68c9eb0a.jpg, 1, 1, 0, 1
000000527557_jpg.rf.917c2519eb4cfeac2165369effc583f0.jpg, 0, 1, 0, 0
000000331785_jpg.rf.91798da9b4cda275e38505932e839129.jpg, 0, 0, 1, 0
000000332097_jpg.rf.91747094485d5b76a13aa1727b122c14.jpg, 0, 1, 0, 1
000000430546_jpg.rf.91a3968fdd212720639c14cea7611c35.jpg, 0, 0, 1, 0
000000151434_jpg.rf.91a0d34e1c99511150d5ae26b6ac0df6.jpg, 0, 0, 1, 0
000000299641_jpg.rf.91a1740b1d62885470b2d774ae358681.jpg, 0, 1, 0, 1
000000210401_jpg.rf.9172798b95fc6c804365f784747c6582.jpg, 0, 0, 1, 0
000000235809_jpg.rf.916231f4749ded59c83f1b015715de2f.jpg, 1, 1, 0, 0
000000295340_jpg.rf.91a3fbcc9404d414d7ae8c9bc400b1fd.jpg, 1, 1, 0, 1
000000263011_jpg.rf.91ac724d11cfc9c76eebd30533051072.jpg, 1, 0, 0, 0
000000295657_jpg.rf.9194c8d9994f7bc787e414f4f5cdee5e.jpg, 0, 0, 0, 1
000000526599_jpg.rf.91acdb6f5a7a2f412ac056804befdece.jpg, 0, 1, 0, 0
000000275380_jpg.rf.91a7d56d46e06667d7adea1836e0b0c2.jpg, 0, 1, 0, 1
000000019185_jpg.rf.91b8dbaf82c28a9e8642f2b827f23579.jpg, 0, 1, 0, 1
000000292986_jpg.rf.91c3599bccd74d823bde471acf315e95.jpg, 0, 1, 0, 1
000000338745_jpg.rf.91cd75c69acc0b1afe80e253f81332e1.jpg, 1, 1, 0, 0
000000200678_jpg.rf.919292237ffe5379400dcec8f320a6d0.jpg, 0, 1, 0, 0
000000433723_jpg.rf.91c23baae642403b81ff080a50d1eee9.jpg, 0, 1, 0, 0
000000193819_jpg.rf.91c3fc82ca2aaa3a0258050f2c45c5f6.jpg, 0, 0, 0, 1
000000366262_jpg.rf.91d2df022ef5178de9975ebad1485943.jpg, 0, 0, 0, 1
000000026362_jpg.rf.91d54b2c3ce7dc3c9f209a2bf7d2a935.jpg, 0, 1, 0, 0
000000450026_jpg.rf.91d561060ca8b4d0e3b1d9ffde087c9b.jpg, 0, 1, 0, 0
000000188522_jpg.rf.91df68433e67dbecee8c7582018ae4d9.jpg, 0, 0, 0, 1
000000042407_jpg.rf.91df0232036820d0df6ab9d4aed04041.jpg, 0, 0, 0, 1
000000258249_jpg.rf.91db9f629eb51d382aee9b529a93111c.jpg, 0, 1, 0, 0
000000068130_jpg.rf.91f83274ab8b59e3f06e9b8c7fff4a62.jpg, 1, 1, 1, 0
000000272049_jpg.rf.91f9bdc1cec3413b12a17f68ecab615e.jpg, 0, 0, 0, 1
000000137407_jpg.rf.91f99c96f4d949554873f215c609713e.jpg, 1, 0, 0, 0
000000485926_jpg.rf.920ff5f086b232d804266e34f497d239.jpg, 0, 1, 0, 0
000000554006_jpg.rf.91d78a50b5863a592cf734d683520cd8.jpg, 0, 1, 0, 1
000000439173_jpg.rf.921d7faddaf21c30c384302f8a3529b9.jpg, 1, 1, 0, 0
000000215563_jpg.rf.921019272503633101330218c631a574.jpg, 0, 1, 0, 0
000000031519_jpg.rf.920c9d29302e4863138313b9aa0f39d0.jpg, 0, 1, 0, 1
000000183293_jpg.rf.921fddcae827cace80806937670a66de.jpg, 0, 1, 0, 1
000000322268_jpg.rf.91f0a82a677efb2d2a452e88fb3520fc.jpg, 0, 1, 0, 1
000000184531_jpg.rf.92382a0dbae6bdce094ccd2de44261b5.jpg, 0, 1, 1, 1
000000478356_jpg.rf.92140322f60c96afc8a1dcfcd42fe5f8.jpg, 0, 0, 0, 1
000000508881_jpg.rf.92101da1fe48148fbef673f895d3a595.jpg, 0, 1, 0, 1
000000203110_jpg.rf.922842d1668feca0ec2ea91b6905f5c5.jpg, 0, 1, 0, 1
000000073496_jpg.rf.922c5b159a23a5c2fa490fff0dbb38cd.jpg, 0, 1, 0, 0
000000412537_jpg.rf.91ff48893a8fb92a36f33203783e45af.jpg, 1, 1, 0, 0
000000068595_jpg.rf.9238da804e9c1041deba40600140ccd8.jpg, 0, 0, 0, 1
000000302687_jpg.rf.91ffbe65e220fed0cc84506ab1440c4c.jpg, 0, 1, 0, 0
000000291009_jpg.rf.9244e1291d8b1b4c40ac4583c9c84d34.jpg, 0, 1, 0, 1
000000103361_jpg.rf.92446ddd14eca0acc4607be2513a33fc.jpg, 1, 1, 0, 0
000000173547_jpg.rf.923b619c2a4b88f90bee1bd9aa1d3845.jpg, 0, 0, 0, 1
000000388677_jpg.rf.923e656ebecf1099d80593b39388d416.jpg, 1, 0, 1, 0
000000137810_jpg.rf.9240c1bdeae191bd2677b77d03416fe0.jpg, 0, 0, 0, 1
000000158272_jpg.rf.9244cb116708ca6eef87db9ac0e5c7d3.jpg, 0, 1, 0, 0
000000291841_jpg.rf.924cd7b4115c6487f0f25c4ef312b610.jpg, 1, 1, 0, 0
000000084362_jpg.rf.9252d17763d0c04a3ec6d3a72a5e8be7.jpg, 0, 0, 0, 1
000000226065_jpg.rf.924570bc36d535d9127d318120ae9198.jpg, 1, 1, 0, 0
000000026943_jpg.rf.924c0ae66cde7e0ed613e6d4b139ae19.jpg, 0, 1, 0, 0
000000260826_jpg.rf.927fedf59512011400a458c7ed539e5c.jpg, 0, 1, 0, 0
000000566824_jpg.rf.923bc17ec8c4827fc862bdd614e5dfbd.jpg, 1, 0, 0, 0
000000450404_jpg.rf.927ccff53f521f23dfb220c52ef743c6.jpg, 0, 0, 0, 1
000000557923_jpg.rf.9249815086442ddabf79c26283c3dd9a.jpg, 0, 1, 0, 1
000000130528_jpg.rf.924e9907a3c392f0c69f24fc6e65d558.jpg, 0, 1, 0, 1
000000285131_jpg.rf.9255d4c057255bb4dff4916dbe15012f.jpg, 0, 1, 0, 0
000000520047_jpg.rf.924ddb4bd915fe89aa8df6aacc1a29a0.jpg, 0, 1, 0, 1
000000286144_jpg.rf.9247f941f80602ff4f5d375ab670b7ff.jpg, 0, 1, 0, 0
000000147338_jpg.rf.92527511472243e31fa56b002a172af5.jpg, 0, 1, 0, 1
000000371365_jpg.rf.92546082ea20dc7e2e942c9b002d2d71.jpg, 0, 0, 1, 0
000000018661_jpg.rf.925e19f0573e39886399ddb4a26debf4.jpg, 1, 1, 0, 0
000000119423_jpg.rf.9242442bc0ca848c4942b0f306bec4d2.jpg, 0, 1, 0, 0
000000162792_jpg.rf.9268b9b49c72f389de05fc7a3c973345.jpg, 0, 1, 0, 0
000000109190_jpg.rf.9282864d38983d215ce8a431931e894f.jpg, 0, 1, 0, 0
000000486912_jpg.rf.9286d4a4ac01d1cacfe9727e55602f42.jpg, 1, 0, 0, 0
000000158451_jpg.rf.9285afd92369b8d682ad228e70044e6a.jpg, 0, 1, 0, 1
000000556739_jpg.rf.92887a9a3c881310f250d5abb6c73ad7.jpg, 0, 1, 1, 0
000000035962_jpg.rf.925c4313602e95612e54ed3dc19bbdad.jpg, 0, 0, 0, 1
000000289915_jpg.rf.9268090eb762708dbab04611105ab38c.jpg, 0, 1, 0, 0
000000404461_jpg.rf.92874f312964813ebc18b0c462a66970.jpg, 0, 1, 0, 0
000000068878_jpg.rf.9289fa24a721d4488ca7b7b21016d2b5.jpg, 0, 1, 0, 0
000000532482_jpg.rf.929c38a53f381d67b2e1fa01baf91487.jpg, 1, 0, 0, 0
000000205247_jpg.rf.92a0b0eb60496598f9688dd56e783655.jpg, 1, 0, 0, 0
000000504726_jpg.rf.92a88d6f03a0c1abd188b4f49b8f2a47.jpg, 1, 0, 0, 0
000000475484_jpg.rf.929e63f3bc041d32185a38528cc4cd3a.jpg, 0, 1, 0, 0
000000534394_jpg.rf.92a5c8395bebc4d68726b3a4e76a2002.jpg, 0, 1, 0, 0
000000050810_jpg.rf.929a8c635a648f334dd97046a9feb041.jpg, 0, 0, 0, 1
000000473741_jpg.rf.92a4792e92b99af58004af86beb76d96.jpg, 0, 1, 0, 0
000000504304_jpg.rf.92c427fe979389531ad89a46d0252cb3.jpg, 0, 1, 0, 0
000000365366_jpg.rf.92c7f868a9602e9b1a8fa263895bbc99.jpg, 0, 1, 0, 0
000000562171_jpg.rf.92d9fd0b2cb9e32e2b81bed5d3c602fd.jpg, 0, 1, 0, 0
000000501379_jpg.rf.92c006f5ab534fb3d3e866fddd0cb2e3.jpg, 0, 1, 0, 1
dgt-tricycles-mch-070721_jpeg.rf.92a8cea9185e6a45b4cba151c0884955.jpg, 0, 1, 1, 0
000000393544_jpg.rf.92d54f0961b20a16470a6b6c8996f716.jpg, 0, 1, 0, 0
000000205720_jpg.rf.92d0ca472862a4d01f07f352bb82b0df.jpg, 0, 1, 0, 0
000000303872_jpg.rf.92f8ebea44a13466f1f78bc4f3224bfc.jpg, 0, 1, 1, 0
000000446521_jpg.rf.92c36cba952ed984eb147fd5190eefbf.jpg, 0, 1, 0, 0
000000567944_jpg.rf.92fa61abc07cc6fb8b28f45ca90f3efd.jpg, 0, 1, 1, 0
000000435257_jpg.rf.92ecd9dc3262cd939539a10ca6f34d6c.jpg, 0, 1, 0, 0
000000338833_jpg.rf.9303905032da10eac201e3e38e399827.jpg, 1, 1, 0, 0
000000574562_jpg.rf.930951183d4aaf846b34d3fd58ce03a0.jpg, 0, 1, 0, 0
000000138347_jpg.rf.92d9eae6079005f2c9059481a16a9d5e.jpg, 0, 1, 0, 1
000000081593_jpg.rf.92a5c3392889a490073675b93a3e8e44.jpg, 0, 1, 0, 0
000000004665_jpg.rf.9305b257ed20847ea43015336b8a0dfa.jpg, 0, 1, 0, 0
000000476504_jpg.rf.9317578b6cc27f2df8e768098587ddad.jpg, 1, 0, 0, 0
000000411849_jpg.rf.9321f1434cf4825c0303022b6dcbf5e9.jpg, 0, 1, 0, 0
000000155505_jpg.rf.930595a3eefdf530f99c2239f7d9d3f0.jpg, 0, 1, 0, 1
000000084492_jpg.rf.930698993b04f4c1cfb9825f394ab925.jpg, 0, 1, 0, 0
000000338018_jpg.rf.932bdf81c4b446b3aa33600cfaecbab7.jpg, 0, 1, 0, 0
000000517017_jpg.rf.92a52f244ed2beb0af8b4fd0321b1d64.jpg, 0, 0, 0, 1
000000454129_jpg.rf.933fd99dae2ee35c2e9637b74820f3ff.jpg, 0, 1, 1, 1
000000353582_jpg.rf.93491bfe667b4d5747f5b19382505b14.jpg, 0, 1, 0, 0
000000130699_jpg.rf.93554c648e3d2afb53a4ff3a92df6e84.jpg, 0, 1, 0, 1
000000531739_jpg.rf.934970078672656cc6bfeb07a75ea7fa.jpg, 0, 1, 0, 0
000000117458_jpg.rf.9347286a3b4a660dd951df644ad6b37f.jpg, 0, 1, 1, 0
000000145448_jpg.rf.934b1a676ff528d5c97e3b2f23b4f14d.jpg, 0, 0, 1, 0
000000577223_jpg.rf.9328d9258d8207f700855ff19ef80940.jpg, 0, 0, 0, 1
000000095520_jpg.rf.934afb98d2189361138aca5b4ef38789.jpg, 0, 1, 0, 1
000000000821_jpg.rf.93579d5cc16919f65424d520fbd8dced.jpg, 0, 1, 0, 0
000000488403_jpg.rf.9344caea33b602377d21bef05863995d.jpg, 1, 1, 0, 0
000000397132_jpg.rf.93212a4f95236add61e70b506b9354ba.jpg, 0, 1, 0, 1
000000289312_jpg.rf.93167e8d9c48c598cccf79026106fd32.jpg, 0, 1, 0, 1
000000450500_jpg.rf.9362c8759e945ce1e6404852e5b179bb.jpg, 0, 1, 0, 0
000000489721_jpg.rf.9364096577b37092f79a964972180673.jpg, 1, 1, 0, 0
000000201903_jpg.rf.935469a9d2549127de1bdfa3850c2129.jpg, 0, 1, 0, 1
000000513646_jpg.rf.936250be075f4dbe045f15b9c3ffd427.jpg, 0, 1, 0, 0
000000347063_jpg.rf.93674b88538b8319f0cd0d75e7edfde1.jpg, 0, 0, 1, 0
000000458876_jpg.rf.9369209a2d3a1cb8be441a5aaecdaabf.jpg, 1, 1, 0, 1
000000550645_jpg.rf.93767c6d2bf623d0273ee5ccca8ccbc2.jpg, 0, 0, 0, 1
000000570824_jpg.rf.937e436144b9b03cb75015facd22b661.jpg, 0, 1, 0, 1
000000161818_jpg.rf.937eb09f5664b724a4349228b0c3b2f7.jpg, 0, 1, 0, 0
000000569242_jpg.rf.9382276a7e023fde37c697cdb3b8c780.jpg, 1, 1, 0, 0
000000487450_jpg.rf.9395d9a432ac1951878ee18269eef078.jpg, 0, 1, 1, 0
000000342323_jpg.rf.938c64c1b4a96dff78530ffb8e58094a.jpg, 0, 1, 0, 1
000000561214_jpg.rf.9389090375a98943a9e3a93cc1021ebc.jpg, 1, 1, 0, 0
000000385066_jpg.rf.9392f33cba647b1394231cd49554f9f9.jpg, 0, 1, 0, 0
000000054025_jpg.rf.93900a5ad864377abc81b93d8c6c249a.jpg, 1, 1, 0, 0
000000446209_jpg.rf.93b268256abe5ade9e57e1a191fc5330.jpg, 0, 1, 0, 0
000000047419_jpg.rf.93b9665b48e240ef9584cf9a3a678b41.jpg, 0, 1, 0, 1
000000077643_jpg.rf.93aad1bd6bbba24d21820cf8c6a72096.jpg, 0, 0, 1, 0
000000334276_jpg.rf.93ad1e32954703652e4c346064ee3a78.jpg, 0, 1, 0, 1
000000380337_jpg.rf.93afef9ec0648f4b7a1d3051e49d961f.jpg, 1, 0, 0, 0
000000304949_jpg.rf.93b06606b845854d00195161b3a36046.jpg, 0, 1, 0, 1
000000566282_jpg.rf.93c3c2f6515b269cc096aaa21fd6b518.jpg, 0, 1, 0, 0
000000101752_jpg.rf.93cc22cf79d6ba56458f3e0c98578fe4.jpg, 0, 0, 1, 0
000000565797_jpg.rf.93808803f1811827d726d39cef961c11.jpg, 0, 1, 0, 0
000000351875_jpg.rf.93d97fffcd385b98aefc77d6a845ec5a.jpg, 0, 0, 1, 0
000000493936_jpg.rf.939476e84ecb4fd333788f933797d0ff.jpg, 1, 0, 0, 0
000000432273_jpg.rf.93e94ca3158b9b39f2b9ae25b1932244.jpg, 0, 1, 0, 0
000000257013_jpg.rf.93e0adff8b8f2d1da28e1619b3e061ad.jpg, 1, 0, 0, 0
000000157029_jpg.rf.93c053cf8eed5b8b388b020809ea214e.jpg, 0, 1, 0, 0
000000270354_jpg.rf.93ccda4658d0f851db257baccacff4d8.jpg, 0, 0, 0, 1
000000478448_jpg.rf.93e7322d05c2460eaba0d9e6f10ea05c.jpg, 0, 1, 0, 1
000000364833_jpg.rf.93fcecb7f0912c25144fad82c3ec8ca5.jpg, 0, 0, 1, 0
000000448648_jpg.rf.93f280335de4983952ec9a1db57e8597.jpg, 0, 1, 1, 0
000000420287_jpg.rf.93d184c7b1f2d647085ef66afd7bed6c.jpg, 0, 1, 0, 0
000000566587_jpg.rf.93cfb154289a3c1393a9f05050884e6b.jpg, 1, 0, 0, 0
000000050464_jpg.rf.93fd8b4c13c47f1632431b73f07cdbcb.jpg, 0, 1, 0, 1
000000424155_jpg.rf.94087ceabf7782c88dc8b120b9f23579.jpg, 1, 0, 0, 0
000000009321_jpg.rf.94296bd79f607525af132447bb43206a.jpg, 0, 0, 1, 0
000000476904_jpg.rf.94321f5b5108df78d9e66aca6408b5cf.jpg, 0, 1, 0, 1
000000159707_jpg.rf.944cdce7de8531952849f91d77edfdc9.jpg, 0, 0, 0, 1
000000134870_jpg.rf.941921e3459039b81b71b665a949bf70.jpg, 0, 1, 0, 0
000000129547_jpg.rf.945a9b54a919fc89fa39f64a0fbde0e0.jpg, 0, 1, 0, 0
000000163933_jpg.rf.944a6417a4835adf48b3782511f63c55.jpg, 0, 0, 0, 1
000000130352_jpg.rf.94218c8840f1b44f95eb4922387af912.jpg, 1, 1, 0, 0
000000411441_jpg.rf.94272029e134b89dbc1834bb9f4b2ca0.jpg, 1, 1, 0, 0
000000486513_jpg.rf.946f5ef5e3084a5a3507385cd38e8368.jpg, 0, 1, 0, 0
000000034971_jpg.rf.9482819349d873ee385f6c6a1f879367.jpg, 0, 1, 0, 1
000000530896_jpg.rf.944a25813a2b5a08d4c3ffcf8a8b046b.jpg, 0, 1, 0, 1
000000385454_jpg.rf.9469d057ee1a5f408ba1d4d2ad88701c.jpg, 0, 1, 0, 0
000000088802_jpg.rf.947375354f46350d6bc02e1ced57d934.jpg, 0, 1, 0, 0
000000554892_jpg.rf.945f467966b9650c9115f262080495d9.jpg, 0, 0, 0, 1
000000052606_jpg.rf.940bfadc34ba59e469b349db66c78b92.jpg, 0, 1, 0, 1
000000564491_jpg.rf.945d8927189aea7215cdb2ac7194c81f.jpg, 0, 1, 0, 1
000000495013_jpg.rf.94279ca2a8b2e0dee609c3aeb27bbbd1.jpg, 0, 1, 0, 0
000000288150_jpg.rf.9476b4d540155a55b7a058f02afcd0ab.jpg, 0, 1, 0, 0
000000462129_jpg.rf.948bfa6f642c4333f74b1ee8387f11af.jpg, 1, 1, 0, 1
000000534444_jpg.rf.945d5939caa18c3a49b51279afa6ca0e.jpg, 0, 1, 0, 1
000000244683_jpg.rf.94391a80a61a1bbc8d1fd09d1c5ce83a.jpg, 0, 1, 0, 0
000000147195_jpg.rf.948b1a49cdca54c9631d3f9c81884f50.jpg, 1, 1, 0, 0
000000558570_jpg.rf.948f20150c81a0665360abb214b37e58.jpg, 0, 1, 0, 0
000000147973_jpg.rf.94637965fdec728a46ef2cc59dde2391.jpg, 0, 1, 0, 1
000000564443_jpg.rf.9424dab42ad0a1e88bc20687402ec068.jpg, 0, 1, 0, 0
000000379144_jpg.rf.946e5827cc73e2f96be79a0f17e6b51d.jpg, 0, 0, 0, 1
000000271394_jpg.rf.9499b529ce025ff88aeeb4576cde887d.jpg, 0, 0, 0, 1
000000401402_jpg.rf.9490cccd94643b598833dee4eac37916.jpg, 0, 0, 0, 1
000000324958_jpg.rf.949b2e9379520f5c8b1472fdd8451368.jpg, 1, 1, 0, 0
000000259342_jpg.rf.9490d6ce6a65fe232c82d765f868fb6c.jpg, 0, 1, 0, 0
000000402332_jpg.rf.949b56e93cab4f468b5e68a1ee729030.jpg, 0, 0, 0, 1
000000557819_jpg.rf.94a9c72416abedaa16d02c631db3ca56.jpg, 1, 0, 0, 0
000000214192_jpg.rf.94c89d6cd11c8b1847fb809a3fa22437.jpg, 0, 0, 1, 0
000000131299_jpg.rf.94bfa48532792356d71119a184a84a9f.jpg, 0, 1, 0, 1
000000147049_jpg.rf.94d2620d43b27e6a8c977b8e33616f78.jpg, 0, 1, 0, 0
000000044800_jpg.rf.94d72364ac983c9bad6b54fc28a6bf2d.jpg, 0, 1, 0, 1
000000246248_jpg.rf.94af2190f464171c07d4eeef779954b7.jpg, 0, 1, 0, 1
000000028231_jpg.rf.94ee568262f481803f1a3ebe766e4ba2.jpg, 0, 1, 0, 0
000000042619_jpg.rf.94b8d16629455c18ec51f6d8f593902f.jpg, 0, 1, 0, 0
000000402051_jpg.rf.94f21f47676232c5c171adbd84df3b40.jpg, 1, 1, 0, 0
000000178337_jpg.rf.94d8787a085b64063090cf37743d267b.jpg, 0, 0, 1, 0
000000312343_jpg.rf.95228e014d671a1c77150cdb0b04e036.jpg, 0, 1, 0, 0
000000110081_jpg.rf.951241a88277613ffb233b3f0ca8de3d.jpg, 0, 1, 1, 1
000000077899_jpg.rf.94d2c1d09155c2e70502dbc022135b2c.jpg, 0, 1, 0, 1
000000137396_jpg.rf.949c43440a896a4f3fa25a7f131e04e3.jpg, 0, 1, 1, 0
000000391304_jpg.rf.94e9593365f737a41b327899ea337ac9.jpg, 0, 1, 0, 0
000000446974_jpg.rf.952346298667ebe1b59cbf8205abb253.jpg, 0, 1, 0, 0
000000239492_jpg.rf.94d6ae44dd9af5e721ae0361dec8ac5f.jpg, 1, 1, 0, 0
000000010239_jpg.rf.94e0fc0cc4b0621763756be86fc677b0.jpg, 1, 0, 0, 1
000000166137_jpg.rf.9529f3017991144df8da65350d42c260.jpg, 0, 1, 0, 0
000000164040_jpg.rf.952a19980c4934eb78fd85629fe86d48.jpg, 0, 1, 0, 1
000000037956_jpg.rf.94e12829aecf0d77b97e8066095d47e3.jpg, 0, 0, 1, 0
000000189260_jpg.rf.95008d6af34766a71fcb4f6c6b112b77.jpg, 0, 1, 0, 0
000000574648_jpg.rf.952adf58869c9d081838e896925d41be.jpg, 0, 1, 1, 0
000000304079_jpg.rf.953ba9bc27236499e675c1e5c5f58b1d.jpg, 0, 1, 0, 0
000000548879_jpg.rf.94d203db3b2a7587e45ef08bc087c029.jpg, 1, 0, 0, 0
000000456178_jpg.rf.94da7b781023f3360505ecb211fef3e1.jpg, 0, 1, 0, 1
000000173876_jpg.rf.954855d61ae07e6c94da06dded3772a0.jpg, 1, 0, 0, 0
000000264659_jpg.rf.95512df8cfd6e852bf33c5413666b599.jpg, 0, 1, 0, 0
000000178319_jpg.rf.9536abcd87d5687be0b230eefe146af2.jpg, 0, 1, 0, 0
000000292543_jpg.rf.95408c2bc2f1ba2d1a639b003469f04a.jpg, 0, 1, 0, 0
000000363987_jpg.rf.953f87f1c7e49a601b9df8a94f5cfe40.jpg, 0, 0, 1, 0
000000160290_jpg.rf.9556723c393571cb172febd4d5a96d9e.jpg, 0, 1, 0, 1
000000308433_jpg.rf.9577c954f3adf4c81165ff4436668492.jpg, 1, 1, 0, 0
000000070804_jpg.rf.9555252157fb89826786598f86e440a6.jpg, 0, 1, 1, 0
000000270790_jpg.rf.956f647030d8dda5e21347893bb360e4.jpg, 0, 1, 0, 0
000000087144_jpg.rf.9572e6e60872c7949b300e302eb5098e.jpg, 0, 1, 0, 0
000000014044_jpg.rf.955de47330bc32a58e20f998d7cfeb86.jpg, 0, 1, 1, 0
000000539716_jpg.rf.9575e33497dcb795160908c21aacfe75.jpg, 0, 1, 0, 0
000000201508_jpg.rf.957e2896f6dea755ad4283ee6ec5e17f.jpg, 0, 1, 0, 0
000000558558_jpg.rf.9581c01602f6c86c71bc978f64fdebef.jpg, 0, 1, 0, 0
000000235788_jpg.rf.9570b695cb93b090f32a4f5232ceb891.jpg, 1, 1, 0, 1
000000284902_jpg.rf.958ffb1ae9e9aea7a8d1dec9952f2e26.jpg, 0, 0, 0, 1
000000366792_jpg.rf.958109b62d3d08b09e7a6bb87d5a22e5.jpg, 0, 1, 0, 1
000000147091_jpg.rf.957cde8bd5fae48d74fcfaa0d37ba9f6.jpg, 0, 0, 1, 0
000000183614_jpg.rf.95957a3b4897c69f85cc30a5c0cb1090.jpg, 0, 1, 0, 0
000000190326_jpg.rf.956a5dda746efc0935f75f516f8d5d42.jpg, 0, 1, 1, 0
000000466719_jpg.rf.95255f9eab7acf86f7d7a392af2ba8e1.jpg, 0, 0, 1, 0
000000274593_jpg.rf.95ae149d3402dee13d9eb901c83a735a.jpg, 0, 1, 0, 1
000000446655_jpg.rf.95825ae55da8bc974cdcec0ed086fa99.jpg, 1, 0, 0, 0
000000457708_jpg.rf.955951279709cd2a7af46ef15c6f99cd.jpg, 0, 1, 0, 0
000000129859_jpg.rf.957100c572691698d218fb07ea9ff58c.jpg, 1, 0, 0, 0
000000385716_jpg.rf.95986cf4e3b0aa7381496dbc3de03089.jpg, 0, 1, 0, 0
000000348015_jpg.rf.957a00a7f2da5bbefd4f8ed8c8ceaf89.jpg, 0, 1, 1, 0
000000255983_jpg.rf.95a1c866b4e62352aec0eeb7126677cb.jpg, 0, 1, 0, 0
000000315187_jpg.rf.959b17d12d20b6af9d4ed0e48a53f572.jpg, 1, 1, 0, 0
000000298906_jpg.rf.95a7b88067e997f272314f6faccb9e84.jpg, 0, 1, 0, 1
000000329684_jpg.rf.95adfbd359b2efba32d8688438f59b18.jpg, 1, 1, 0, 0
000000372413_jpg.rf.95cbe820ee705715f15320fb3cc7f3a4.jpg, 0, 1, 1, 0
000000561308_jpg.rf.95cd9fdcbb675780ec8e241177c5f775.jpg, 0, 0, 1, 0
000000356169_jpg.rf.95b144e083c610f28f0f1600f85e59fb.jpg, 0, 1, 0, 0
000000119666_jpg.rf.95ca8fa1b9db11770f4b0cf778f2e248.jpg, 0, 1, 0, 1
000000547960_jpg.rf.95b89f7397c0b9377ba6a4cefe61c608.jpg, 0, 1, 0, 0
000000250737_jpg.rf.95d32ec81942f81a15d8e2b0e86091ac.jpg, 0, 1, 1, 0
000000567708_jpg.rf.95b8d6bc8310888c8dbaceb37c0e41cc.jpg, 0, 1, 0, 1
000000536109_jpg.rf.95c9c730ad941f4502ef362ecbd57452.jpg, 1, 1, 0, 1
000000067771_jpg.rf.95de0f30f3719c6cf15c6f3db7032591.jpg, 0, 1, 0, 1
000000140992_jpg.rf.95f17315db679945660f9999edd5f23f.jpg, 0, 0, 1, 0
000000546499_jpg.rf.95ec8ea21d35f06b3db243d9ecd1ea0f.jpg, 0, 1, 0, 0
000000483458_jpg.rf.95e170cf85ee1434f67e35ffbad0fdca.jpg, 0, 1, 0, 0
000000325710_jpg.rf.95f52b1d27677e81ccdb45b7b6a03dde.jpg, 0, 1, 0, 0
000000450845_jpg.rf.95f8ccb3898c5a5dd13a2a8cf5fb882b.jpg, 0, 1, 0, 0
000000022167_jpg.rf.95db2ea15330329ed08f2272291f9476.jpg, 0, 1, 0, 0
000000392825_jpg.rf.960d20c47581985e9e61fd85b46144d2.jpg, 1, 0, 1, 1
000000404718_jpg.rf.95de30d896ac84880f9e82e458814308.jpg, 0, 1, 1, 0
000000344720_jpg.rf.95fd4de715febceb736716670d5e7241.jpg, 0, 1, 0, 1
000000429174_jpg.rf.96119f7079927a2590372cb95c2333ad.jpg, 0, 1, 0, 0
000000479045_jpg.rf.96187e681c29d16228b95a2c9eaa5e74.jpg, 0, 1, 0, 0
000000407477_jpg.rf.95fb5036b0fd7868e22cb4729ac79d06.jpg, 0, 1, 0, 1
000000570688_jpg.rf.960807d52eb5a065b4068c27f2ad474c.jpg, 0, 1, 0, 0
000000471558_jpg.rf.963650789f9aace6b6a211560c5b441c.jpg, 0, 1, 0, 0
000000255808_jpg.rf.961c0468887efc56f2f41075eb34dc9b.jpg, 0, 0, 1, 0
000000127823_jpg.rf.96281b8a96f3632ce0a764ccd6ae5dfb.jpg, 0, 1, 0, 1
000000318541_jpg.rf.961eb28fef474d0e0f5ee73ad863a687.jpg, 0, 1, 0, 1
000000140943_jpg.rf.96232d6168f2fe3cdfc8a3cc1810e601.jpg, 1, 0, 0, 0
000000581073_jpg.rf.9657c618ffcf90fcb0bcdae5572814f0.jpg, 0, 1, 0, 0
000000546306_jpg.rf.9632070ee0a33436026bed89e0187177.jpg, 0, 0, 0, 1
000000242039_jpg.rf.965c33085292ab18cb32ac08f35c87b0.jpg, 0, 1, 0, 1
000000489276_jpg.rf.960c0058da6e479006ce429315b48018.jpg, 0, 0, 0, 1
000000102377_jpg.rf.9642206a127b81b903c2bf0b4a70aea2.jpg, 1, 1, 0, 0
000000316993_jpg.rf.966a77eaf2552d779ea239db6e35af6a.jpg, 0, 1, 0, 1
000000173611_jpg.rf.96686354107d48e875d2e0456738fa2c.jpg, 0, 0, 1, 0
000000320171_jpg.rf.968b949ce184479abd144adb2226f757.jpg, 0, 1, 0, 0
000000363128_jpg.rf.967df365e7e5e8340d00c58eff04ff07.jpg, 0, 0, 0, 1
000000083736_jpg.rf.9671f45e23ee9aa7722fcf50065c21f9.jpg, 1, 0, 0, 0
000000041745_jpg.rf.9669e0a67526aee773473cddcd0ff8d4.jpg, 0, 0, 1, 0
000000414001_jpg.rf.96756fc0c78b48dd9f09b9b8cea89fd3.jpg, 0, 1, 0, 1
000000071109_jpg.rf.96846a82223a34d10837f74bf3cfd8f1.jpg, 0, 1, 0, 0
000000447347_jpg.rf.968a03bbb6f453bed93fa990e3b94e37.jpg, 0, 1, 0, 1
000000367409_jpg.rf.96a93357233753cd1739666203360137.jpg, 1, 1, 0, 1
000000175737_jpg.rf.96acc6acc06ce65fcc2e7fc0e56b33ec.jpg, 0, 0, 1, 0
000000306451_jpg.rf.96adbb42397e4bb8d5212fd71a05ed78.jpg, 1, 1, 0, 0
000000306467_jpg.rf.96be2967f36b7a1c9d6616a9839dd743.jpg, 0, 1, 0, 0
000000338624_jpg.rf.96b23b7939545b30b396ec895eb26a16.jpg, 0, 1, 0, 0
000000314964_jpg.rf.96a11827b76750b2dd336193c587ffd4.jpg, 1, 0, 0, 0
000000362130_jpg.rf.96cdaa2be79d1604c47f791100d8f3c2.jpg, 0, 0, 0, 1
000000150908_jpg.rf.96718d7cc4865cd935b3f13587ce0ce1.jpg, 1, 1, 0, 1
000000482940_jpg.rf.96c40576f4d5ea133455ae4325440c06.jpg, 0, 1, 1, 0
000000435445_jpg.rf.96b4a37875b97e253f8b77d37c7e6f76.jpg, 0, 1, 0, 1
000000575753_jpg.rf.96f7fae6f3f5ac52b9fb7a912ae42e22.jpg, 0, 1, 0, 0
000000246759_jpg.rf.96bbee04490acfdfe2bdc1c803a935c5.jpg, 1, 0, 0, 0
000000356286_jpg.rf.96e1ffd918a629091f22818fbe50f95b.jpg, 0, 0, 1, 0
000000113235_jpg.rf.96bf4b40ae115514fa469c7052a2c03f.jpg, 0, 1, 0, 0
000000087705_jpg.rf.96ee8faee57bf864abaf14fdd99bfa71.jpg, 1, 0, 1, 0
000000083079_jpg.rf.96d16b94002e6185b7bd278d9ff411aa.jpg, 1, 0, 0, 0
000000192335_jpg.rf.97065a364420ee6157b9939443e687da.jpg, 0, 1, 0, 0
000000276506_jpg.rf.96d9fb5a82455bb13d945872b63c7512.jpg, 0, 1, 0, 0
000000459799_jpg.rf.969cbc82e0a067bc6b2a32b4f9e0a35e.jpg, 0, 1, 0, 1
000000117349_jpg.rf.970079a6b1299dac3b6dfb7da70b5a53.jpg, 0, 1, 0, 0
000000073154_jpg.rf.96ede8c46e626539eec98330c3e6ae6a.jpg, 1, 0, 0, 0
000000313201_jpg.rf.96dedd79d1a49023ec70541af3692e51.jpg, 0, 1, 0, 1
000000266099_jpg.rf.970259536f288eec4ed390dd205a7965.jpg, 0, 0, 0, 1
000000339094_jpg.rf.970b0ae25943cc18a5818ee0da680081.jpg, 0, 1, 0, 1
000000037968_jpg.rf.96b79fc35cd811bf847869e81fef9f17.jpg, 0, 1, 0, 1
000000156071_jpg.rf.97106d73d0415544f74cb112cae188fc.jpg, 0, 1, 0, 0
000000350014_jpg.rf.96bf5fdd810c52819439cff52f36d4cb.jpg, 0, 0, 1, 0
000000192716_jpg.rf.971acaebf41d1cf563e4c703e557f42f.jpg, 0, 1, 0, 0
000000497348_jpg.rf.9728715cf584744ed2c1f12a657a5433.jpg, 0, 1, 0, 0
000000479219_jpg.rf.97233df384d082c3a1207d8f46bd2cf8.jpg, 0, 0, 1, 0
000000325958_jpg.rf.9716533a9a601fd6ecb0c3317927b53d.jpg, 0, 0, 1, 0
000000370543_jpg.rf.971f7e1a613da0ac151b87ae4f78f8c8.jpg, 1, 0, 1, 0
000000046306_jpg.rf.96eb6795a360040ed83575b228a305cf.jpg, 0, 1, 0, 0
000000053147_jpg.rf.971d45bf17a46a9427e8ca788af69fdf.jpg, 0, 1, 0, 0
000000055303_jpg.rf.97188b08bb7c0fcb8b3b1129c8367b3b.jpg, 1, 1, 1, 0
000000018317_jpg.rf.9722550896b8505ba6872d0e48c1c104.jpg, 0, 0, 1, 0
000000366178_jpg.rf.9753eb24b11dd35e50edf907a04f722f.jpg, 0, 1, 0, 0
000000492395_jpg.rf.972d7c17163ace9c4a788ffc49769278.jpg, 0, 0, 1, 0
000000005967_jpg.rf.97637ff9f414ab89dcae1f64fdbb1639.jpg, 0, 1, 0, 1
000000279714_jpg.rf.9748f3891fba6f3cec0adf6d1d830efc.jpg, 0, 1, 0, 0
000000516105_jpg.rf.971d7c8b5ec2f2f8c7103d2d91d38f0e.jpg, 1, 0, 0, 0
000000054448_jpg.rf.97523ddffcf8681d4f136647592b1349.jpg, 0, 1, 0, 1
000000511231_jpg.rf.976089d65a31875ededaf400c7654206.jpg, 0, 1, 0, 0
000000424797_jpg.rf.9722970c6fc3c66bcafd21f4ba7fb2d1.jpg, 0, 0, 1, 0
000000347453_jpg.rf.97685eb275db4e917f5eb422f4434fbf.jpg, 1, 0, 0, 0
000000126524_jpg.rf.974c6cf3537792543546f09e96712e48.jpg, 1, 1, 0, 0
000000515040_jpg.rf.974622e10b2765791a3475c820143d48.jpg, 0, 1, 0, 1
000000344935_jpg.rf.973b12085550af776dd8c1451597bb90.jpg, 1, 0, 0, 1
000000347535_jpg.rf.9770866ecaef7686c5fece9dd818816a.jpg, 0, 1, 0, 0
000000190521_jpg.rf.97c4f38b244085c7511405ccafdb6ab8.jpg, 1, 0, 0, 0
000000360422_jpg.rf.979404f65ae63145011b14e7bfb79068.jpg, 0, 0, 1, 0
000000325590_jpg.rf.978a45655b013bac36cbef501d44289d.jpg, 0, 0, 1, 0
000000191321_jpg.rf.97c4bbeed9e7809b029d3303beffa81e.jpg, 0, 1, 0, 1
000000543272_jpg.rf.97a2a1d87e26d641a3433b05a47df761.jpg, 0, 0, 0, 1
000000459712_jpg.rf.978ae723567bafa163a253c789bed9f2.jpg, 0, 1, 0, 0
000000090804_jpg.rf.97b8671be20944172c443f9ee9e0b19c.jpg, 1, 1, 0, 0
000000400569_jpg.rf.9767396973ed1a7e809784239aff57a9.jpg, 0, 1, 0, 0
000000035844_jpg.rf.97b16428e04f96558a15d839818040e6.jpg, 1, 1, 0, 0
000000421116_jpg.rf.97ade14468794516bdca75115a8c46d5.jpg, 0, 0, 1, 1
000000086927_jpg.rf.97c80ef48379c96897b682b58fbcc8c2.jpg, 0, 1, 0, 0
000000489861_jpg.rf.97888d79882cc1497bf8c2cac10a6a81.jpg, 0, 0, 0, 1
000000313786_jpg.rf.97ce0386c80fe7c1858cff1fdf4cc649.jpg, 0, 1, 0, 1
000000386341_jpg.rf.97e1a0f26ecf7aa850a90cf154dbcbf9.jpg, 1, 1, 0, 0
000000339130_jpg.rf.97d61dca37c21af70797840fd3045fe9.jpg, 0, 1, 0, 1
000000297112_jpg.rf.97c572b5d39bf03e1b378b2d991ccd1f.jpg, 0, 1, 0, 0
000000025274_jpg.rf.978474991f99c7ca1a95ca3678766aed.jpg, 1, 0, 0, 0
000000050404_jpg.rf.9778f1290337bfe657881ac7c0ceab54.jpg, 0, 0, 1, 0
000000146826_jpg.rf.97f49de919248d70ef1fc870c66c37a7.jpg, 0, 0, 0, 1
000000009699_jpg.rf.97ea90fd7f05740b9f3d427448d9de78.jpg, 0, 0, 0, 1
000000195598_jpg.rf.97d59551bc2d7be2166046f02df5f413.jpg, 0, 1, 0, 0
000000115229_jpg.rf.97eaf005d8932d30297a3a77d6fd1415.jpg, 0, 1, 0, 0
000000513980_jpg.rf.97b508f7bf3df1ad6ae8697ef109ba1a.jpg, 0, 0, 1, 0
000000442582_jpg.rf.97ff3e69e5684da23f3af34700c22335.jpg, 1, 1, 1, 0
000000550444_jpg.rf.97d69b341bfd3e1747c316f593e19543.jpg, 0, 1, 0, 0
000000405361_jpg.rf.97f7670ead786933d174f7d1f72b9eb6.jpg, 0, 1, 0, 0
000000060387_jpg.rf.9829b101c50b4f8f8e0eb0b67e7091bf.jpg, 0, 1, 0, 0
000000506862_jpg.rf.9805becc5792fe6d7ec6a9cf676733c6.jpg, 0, 1, 0, 0
000000471358_jpg.rf.981bebf75d32914d429df849f4845010.jpg, 0, 1, 0, 0
000000096762_jpg.rf.97eb22d8c743af441dd1c23c79f25bda.jpg, 0, 1, 0, 0
000000094795_jpg.rf.983a13402fcad30c3867ddde35c3d4f4.jpg, 0, 1, 0, 0
000000092644_jpg.rf.9837d3e35e1c1afe3620516925c73f98.jpg, 0, 1, 0, 0
000000326368_jpg.rf.985cf5eef0538bebb4aa32162aea345d.jpg, 0, 0, 1, 0
000000209097_jpg.rf.9831e928ba09377cb3c33f6c5ed75dc0.jpg, 0, 1, 0, 0
000000126657_jpg.rf.9843ff3ef4846d7a56ed54cc372d5ebd.jpg, 0, 1, 1, 0
000000007713_jpg.rf.985c666f724dd5fee8b4466b8da185a4.jpg, 0, 1, 0, 1
000000381556_jpg.rf.985f7486249654122e3b3ecc653c0e76.jpg, 0, 0, 1, 0
000000102906_jpg.rf.983c9448a4530015191e248fb9a20283.jpg, 0, 1, 0, 0
000000514016_jpg.rf.9866591cb67c3d2baa83ab552781bd3b.jpg, 1, 0, 0, 1
000000113979_jpg.rf.984b1b4dee09800663fecb293083f6b7.jpg, 0, 1, 0, 0
000000503538_jpg.rf.986aafeb3c33604712e6ffdaf2e25ed0.jpg, 0, 1, 1, 0
000000214732_jpg.rf.979ffa4dc571d839d73decbe34e14b3c.jpg, 0, 1, 0, 1
000000032562_jpg.rf.9861a4b791faea9aadb6c07fc33ef4ec.jpg, 0, 1, 0, 0
000000067057_jpg.rf.984de9e92ff073ed9024043081850400.jpg, 0, 1, 0, 0
000000449469_jpg.rf.98409981aa07a3d988f06299bfbb9dd2.jpg, 0, 1, 0, 1
000000394964_jpg.rf.97f998d4dd861a19a928c31466487005.jpg, 1, 1, 0, 0
000000412545_jpg.rf.982d884186552d56c1031de1b0451780.jpg, 0, 1, 0, 0
000000085187_jpg.rf.98211c4ee00f95560581083a55ad7411.jpg, 0, 1, 1, 0
000000445268_jpg.rf.9837e6a974d3e4ec25f0690597122eea.jpg, 0, 1, 0, 1
000000532015_jpg.rf.9876c47795c943349652ddd6466165b0.jpg, 0, 0, 1, 0
000000558623_jpg.rf.987436eeebecd0ff6aac42b495bc1ded.jpg, 0, 1, 0, 0
000000012093_jpg.rf.987212770088849f228114e0dcafbdad.jpg, 0, 1, 0, 0
000000576122_jpg.rf.9861616668310775a59a6d5cab35ee4d.jpg, 1, 0, 0, 0
000000390933_jpg.rf.9880b4e8859b541aabcaa993afdac996.jpg, 0, 1, 0, 0
000000130513_jpg.rf.9879fddddc7b502048763d02f47f9bf1.jpg, 0, 1, 0, 0
000000120682_jpg.rf.9885a0f25fdbbc09ece7a7e3ee9857ec.jpg, 0, 1, 0, 0
000000090442_jpg.rf.9887133cd9f8af276d2faa7701968b4b.jpg, 1, 1, 0, 0
000000178418_jpg.rf.989644b99dfeca77d127d7841980ac49.jpg, 1, 0, 1, 1
000000360211_jpg.rf.988388229ff51b2669e02cf4a0a690db.jpg, 0, 1, 0, 0
000000527440_jpg.rf.98a778f512508593b3686a1b9b479d2d.jpg, 0, 0, 0, 1
000000169633_jpg.rf.988618a4c0a18eef418f9719de9afd0d.jpg, 0, 0, 1, 1
000000280888_jpg.rf.988da51766b567f04117b7679f0e9ad5.jpg, 0, 0, 0, 1
000000159280_jpg.rf.98d2d15fe4f56e644db12bc035a69e59.jpg, 0, 0, 1, 0
000000319534_jpg.rf.98a1eed94048fd1e3ddd789a77c20c65.jpg, 1, 0, 0, 0
000000111010_jpg.rf.98c04465bf101b62396ee6ac3a9cfc12.jpg, 0, 1, 0, 0
000000118970_jpg.rf.98c17f30657a7b8a8849c1e5e0f7864d.jpg, 0, 0, 1, 0
000000504700_jpg.rf.988ebe251a9594fb011015421abafbea.jpg, 1, 0, 0, 0
000000058223_jpg.rf.98d29dcd5859eaf6c6acea950cd4acc7.jpg, 0, 1, 0, 0
000000368335_jpg.rf.9879c61dbcbd9c02516c5cf91292717d.jpg, 0, 1, 0, 1
000000128939_jpg.rf.9888143353b757b19fb585c05898b031.jpg, 0, 1, 0, 0
000000045655_jpg.rf.98db9c54427fd9796b0e7c74d1491b1c.jpg, 0, 1, 0, 1
000000308100_jpg.rf.98cb3e478723b34dce78ffe6d79e8739.jpg, 0, 1, 0, 0
000000467091_jpg.rf.98f66ecd9dcdaf08caff540ed732b60a.jpg, 1, 0, 0, 0
000000499835_jpg.rf.98e151607232087d517df07ce97b27db.jpg, 0, 0, 0, 1
000000475415_jpg.rf.9913a1bf46756934daa640fec8033559.jpg, 0, 1, 0, 0
000000506656_jpg.rf.98ebf07d222f9d4e8309147642b536b0.jpg, 0, 1, 0, 0
000000047984_jpg.rf.98dc0c9758a42317e810baa29cda5f16.jpg, 0, 0, 1, 0
000000282670_jpg.rf.98ebf063bfebf7e297107f69ccdc30fc.jpg, 1, 1, 0, 0
000000439268_jpg.rf.98eaa3967fb019446375c6cbe9912fae.jpg, 0, 0, 1, 0
000000014986_jpg.rf.98fbdb4a97b63caa88c90f60913f19ee.jpg, 0, 1, 0, 0
000000117178_jpg.rf.99166e6fb961a71aba6e312027cf7269.jpg, 0, 1, 1, 1
000000255769_jpg.rf.9925d3dba1a05951b1cb2cc1ee1f4173.jpg, 1, 1, 0, 0
000000161924_jpg.rf.991f12b3f3913f0ff9710736ce0f703c.jpg, 0, 0, 1, 0
000000146701_jpg.rf.994b68335fffc791e5504ad66260deb9.jpg, 0, 1, 1, 0
000000522391_jpg.rf.993ba65b59c09277a36efd8c13f9f8dd.jpg, 1, 0, 0, 1
000000084171_jpg.rf.9942ec2e80d5d120af3ca40796ddcdd3.jpg, 0, 0, 1, 0
000000315173_jpg.rf.993331b147d8677049453addf84f08d7.jpg, 1, 0, 0, 0
000000255096_jpg.rf.9932848a07740a2c3af68e8664f0a3b3.jpg, 1, 0, 0, 1
000000372316_jpg.rf.994edf0b23529a240c7cf92bfacf6f7c.jpg, 0, 1, 0, 1
000000541251_jpg.rf.994c84ca0c18bf57303c32e9b0f08d64.jpg, 1, 1, 0, 0
000000406647_jpg.rf.994c6e5a42192de6219b7ab339ff3149.jpg, 0, 1, 1, 0
000000359394_jpg.rf.99181377a3ef373b371b4b9c78a22872.jpg, 1, 0, 0, 0
000000121448_jpg.rf.9945670bda54ef973a56986202bf9968.jpg, 0, 1, 0, 0
000000446460_jpg.rf.9949b36c8734cc87ce69b23a47f42f2f.jpg, 0, 1, 0, 1
000000000064_jpg.rf.9918551fe757771cd2cb3e55bc8e456c.jpg, 0, 1, 0, 1
000000189559_jpg.rf.99654eba2c51c333b621c487314a93fd.jpg, 0, 0, 0, 1
000000424694_jpg.rf.99384889c29e0e92a976e03eb3105c1e.jpg, 0, 0, 0, 1
000000257663_jpg.rf.99344e946e80b273e3958cb9f47c9cdc.jpg, 0, 1, 0, 0
000000082312_jpg.rf.992d564d00911ae3cab83b30ef81ea85.jpg, 0, 0, 1, 0
000000287337_jpg.rf.995b87b503b366029b03a6f0269622ef.jpg, 0, 0, 0, 1
000000427180_jpg.rf.995cb81a96a0bcbd1415524ff0f3f81f.jpg, 0, 1, 0, 0
000000154693_jpg.rf.9968e7cb1ab5af69e7d3fb0167650899.jpg, 0, 1, 0, 0
000000273174_jpg.rf.998b58d33dfe3de1829c58403befd48b.jpg, 0, 1, 0, 0
000000456042_jpg.rf.9969d777e5a77027e93069b8db5ca439.jpg, 1, 0, 0, 0
000000239676_jpg.rf.9995d184378577c6843b21e3e598ca7e.jpg, 1, 1, 0, 0
000000562741_jpg.rf.998b50867305521fc459f9172c9214dc.jpg, 0, 1, 0, 1
000000260048_jpg.rf.99b03c900cf331774e8c5e439e1fd435.jpg, 0, 1, 0, 0
000000274690_jpg.rf.999b4c9863bc13d875a2eec78e7a38b5.jpg, 0, 1, 0, 0
000000480770_jpg.rf.99aae2a964c1e44962c4e0d7f045f97e.jpg, 1, 1, 0, 0
000000428309_jpg.rf.99910ca0099945fba9b072f37e4a2be9.jpg, 0, 1, 0, 0
000000269913_jpg.rf.99ad18d660ed23218fedf2af48c830d5.jpg, 0, 1, 0, 0
000000543444_jpg.rf.993a42aaa5206181c235cafb78e09962.jpg, 0, 0, 1, 1
000000322659_jpg.rf.99b6907a090e319120c12c924ae58e70.jpg, 1, 0, 1, 0
000000514248_jpg.rf.99c9f9ca5b973d2ac95752929cd9df34.jpg, 0, 1, 0, 0
000000089707_jpg.rf.998b7603cc50cad560ce229fa70d15bc.jpg, 0, 1, 0, 0
000000096207_jpg.rf.99990cbc4089015ec575d46709c43011.jpg, 0, 1, 0, 1
000000440534_jpg.rf.99e0fe9243c2f48fa47fe36574a85e19.jpg, 0, 0, 0, 1
000000249471_jpg.rf.99daf4e55879e1b7ffa77be54e4b2363.jpg, 0, 0, 1, 0
000000198590_jpg.rf.996011e92f7220e5d68057c80c72863d.jpg, 0, 0, 0, 1
000000396727_jpg.rf.99ae008940e7316f6b4cd374a5a8362b.jpg, 1, 0, 0, 0
000000291550_jpg.rf.99da925af58c0853a160cd6dd191e883.jpg, 0, 1, 0, 0
000000492131_jpg.rf.99a586309fe9f5ed3aa5a0525b26aa3a.jpg, 0, 1, 1, 1
000000147148_jpg.rf.99cbba4dde6a54ea01670c8447c3f442.jpg, 0, 1, 0, 0
000000572937_jpg.rf.99d3614f70694670dbd30086d1cc4d8c.jpg, 0, 1, 0, 1
000000530876_jpg.rf.997759c13d8c564401f00c82e1603352.jpg, 0, 1, 0, 0
000000394352_jpg.rf.99cf447641d67a195a6b95bd7bfdc7b2.jpg, 0, 1, 0, 0
000000581881_jpg.rf.99b822c743807aaba6fbfd5c2fb4bd10.jpg, 0, 1, 0, 0
000000520979_jpg.rf.99a01b26411d0374ad252ed72ac7d832.jpg, 0, 1, 0, 0
000000309795_jpg.rf.99f5adf77e91bc25037e3d2fd1490ccd.jpg, 0, 0, 0, 1
000000355116_jpg.rf.99e1360254fba43a29528e6bf34c39cf.jpg, 0, 0, 0, 1
000000402335_jpg.rf.99f1221665b76a2b146da524f45b4af7.jpg, 0, 0, 1, 0
000000563779_jpg.rf.99f8497d671920f6d775a843af947878.jpg, 0, 0, 1, 0
000000139009_jpg.rf.9a1d994951526657b77f040683bb3ddd.jpg, 1, 0, 0, 0
000000427154_jpg.rf.9a044278772f3b5090eb0dd399712dbb.jpg, 0, 1, 0, 0
000000194450_jpg.rf.9a0aa925f19be43bc520b122a9071e89.jpg, 0, 1, 0, 0
000000283350_jpg.rf.9a1eb14f480f9af3c7e3a46341a02a1a.jpg, 0, 1, 0, 1
000000051465_jpg.rf.99f81609ae1beb87ec6c028b0080551d.jpg, 0, 1, 0, 1
000000122551_jpg.rf.99e4b7d52c0dd8d68794694dbd8e4cfb.jpg, 0, 1, 0, 0
000000315310_jpg.rf.9a241603032812aa2981fc533e29987c.jpg, 0, 1, 0, 0
000000387764_jpg.rf.99fa4b06cab503e9dc0e6ac6da674b6d.jpg, 0, 1, 0, 1
000000580414_jpg.rf.9a2255202b9f8dcdaab38c2b27c3ec7f.jpg, 0, 1, 0, 1
000000337458_jpg.rf.9a49da7b5d8fbe3cf3c8fef255ba1163.jpg, 0, 0, 0, 1
000000230554_jpg.rf.9a42696eb9f364db4f8aefabec9d509d.jpg, 0, 1, 0, 0
000000123172_jpg.rf.9a485cd37ba2b8527815543d6bbc5086.jpg, 0, 1, 0, 0
000000292188_jpg.rf.9a3704a79bd29e577cdd7acf79feffcd.jpg, 0, 1, 0, 1
000000064183_jpg.rf.9a4bed08ad86315b318e23cf5125867f.jpg, 0, 1, 0, 0
000000561054_jpg.rf.9a40cb16839b7082bdb3bb7abf48e21f.jpg, 0, 0, 1, 0
000000038048_jpg.rf.9a3eeb2404d2729788a3561f56b74d09.jpg, 0, 1, 0, 0
000000359595_jpg.rf.9a438a888f79dbccee2302612ec8f333.jpg, 1, 1, 0, 0
000000352652_jpg.rf.99e1f9dbb24c99f3081b07c2810db57c.jpg, 0, 1, 0, 1
000000498687_jpg.rf.99f4b25638f188cefaf62537999bf1fc.jpg, 0, 1, 0, 1
000000205221_jpg.rf.9a5d17ddb9be704f0dca712739b4f02a.jpg, 0, 1, 0, 0
000000396791_jpg.rf.9a63ed49d314a41f72477a5ea40575f4.jpg, 0, 1, 0, 0
000000418085_jpg.rf.9a5bbd38d93e00c59db065baff073f0b.jpg, 0, 1, 1, 0
000000475919_jpg.rf.9a7b50455170a380ccf81368da237839.jpg, 0, 1, 0, 0
000000524361_jpg.rf.9a5e26ab4fe21a13e62586013df347db.jpg, 0, 0, 1, 0
000000038122_jpg.rf.9a361155fd0118c1b1dc9d94d19a2005.jpg, 0, 1, 0, 1
000000232503_jpg.rf.9a7c715cacf6cd0c5385b256fc044404.jpg, 1, 0, 0, 0
000000126028_jpg.rf.9a48f049135a81e58ee185683ff701ef.jpg, 1, 1, 0, 1
000000449840_jpg.rf.9a6c5323a77a7381cf09cc0568182dfd.jpg, 0, 1, 0, 0
000000287903_jpg.rf.9a87a0c40ccdb8100359acb457147aba.jpg, 0, 1, 0, 0
000000370082_jpg.rf.9a6f2f254df4b1d47cdaa1697cd11341.jpg, 0, 1, 0, 1
000000521732_jpg.rf.9a867e46a918dd7618db862ad0e326ee.jpg, 0, 1, 0, 0
000000276853_jpg.rf.9a4f4ae96fbaed49a6ab899258c6d106.jpg, 0, 1, 0, 0
000000182801_jpg.rf.9a8e03d95dfb3d8bfec58289deddca6c.jpg, 0, 1, 0, 0
000000154161_jpg.rf.9a54baef38ce58f4c4d98332f69c69cb.jpg, 0, 0, 1, 0
000000008238_jpg.rf.9a88b4d7674497e94d295db342aa46b0.jpg, 0, 0, 1, 0
000000469124_jpg.rf.9aa3c957c184c010da10823dd007f9ec.jpg, 0, 1, 0, 1
000000390326_jpg.rf.9a3e8adb060acd46a4178dabc3a2d3bc.jpg, 0, 1, 0, 1
000000025102_jpg.rf.9a956b800a4fee33430d190994c9fd8e.jpg, 1, 0, 0, 0
000000558253_jpg.rf.9aa3cf35ee083517f0dea30b4b35de4f.jpg, 0, 1, 0, 0
000000282674_jpg.rf.9a8c2fafaa303c2d38dc3d81153dd1bb.jpg, 0, 0, 0, 1
000000473891_jpg.rf.9a9d58cf616f4f08dd9000642d410b5a.jpg, 1, 0, 0, 0
000000406760_jpg.rf.9aa7e29379b1d05925a4afe96926fd78.jpg, 0, 1, 0, 0
000000563947_jpg.rf.9ab95f9121102df6fdf40834270828ae.jpg, 0, 1, 0, 0
000000458365_jpg.rf.9aba21035f9ea6e4a0278f5047449785.jpg, 0, 1, 0, 0
000000006602_jpg.rf.9aaf19f57d392f459e204d05c269a74f.jpg, 0, 1, 0, 0
000000449889_jpg.rf.9ac45664649d7d76c943c4a5f7b28fe8.jpg, 0, 1, 1, 0
000000344930_jpg.rf.9ac9342cfc24929e086d65616e224f7c.jpg, 0, 1, 0, 0
000000304069_jpg.rf.9add24d521f45c93163160122109ac05.jpg, 0, 1, 0, 1
000000463699_jpg.rf.9ac256371cb1fc91e8534f39f1e19208.jpg, 0, 1, 0, 0
000000259452_jpg.rf.9acadcbc6f6ac5df3f8cb4a99d860006.jpg, 0, 1, 0, 0
000000510806_jpg.rf.9b07e4f03a620c4b7e570847928d7083.jpg, 0, 1, 1, 1
000000524723_jpg.rf.9af56654521d4e563c16fb4a0ed8dfb6.jpg, 1, 0, 0, 0
000000580185_jpg.rf.9af8c5688adeb144a9ca709d39314a48.jpg, 0, 1, 0, 1
000000558596_jpg.rf.9adcf0b5bcc67bcc8faa07779eb30798.jpg, 0, 1, 0, 0
000000545675_jpg.rf.9b223a8e0b501f205ab93a1592b1a1cd.jpg, 1, 1, 0, 1
000000066166_jpg.rf.9afd7f7ca937fca35e0d42340fccb478.jpg, 0, 0, 1, 0
000000502116_jpg.rf.9af933cac2be4e9f8dbf9313634d5885.jpg, 0, 1, 0, 1
000000435544_jpg.rf.9ad3b027eea08f1f6a3405ed90b27ce0.jpg, 1, 0, 0, 0
000000414320_jpg.rf.9b09340176f65807af68efb9da7d2cc4.jpg, 0, 1, 0, 1
000000532387_jpg.rf.9b0acff882dc6af02ee3c804a3ac5600.jpg, 0, 1, 0, 0
000000139344_jpg.rf.9b1497b1021d3182157fd8bd11b6e4fc.jpg, 0, 1, 0, 0
000000531964_jpg.rf.9ae26ea5bc608ff5b4043a0f02b56643.jpg, 0, 0, 1, 0
000000426026_jpg.rf.9afe38d294c885820cdc1a397668a5fb.jpg, 0, 1, 0, 0
000000462505_jpg.rf.9ae35d668284fafa1d724c02ff7ddbb5.jpg, 1, 1, 0, 0
000000088866_jpg.rf.9b198a76cbb02e332d5cda71d410d89c.jpg, 1, 1, 0, 0
000000364009_jpg.rf.9b1c6f30996216d19e8882b7d01e107f.jpg, 1, 0, 0, 1
000000362333_jpg.rf.9b27e0d4fd2e8802c8f4f2968013e06e.jpg, 0, 0, 0, 1
000000552136_jpg.rf.9ad6237f2a856e472050cfcdef5048b3.jpg, 0, 1, 0, 0
000000177418_jpg.rf.9b2a92a0aee0297dd7def39beeb99965.jpg, 1, 1, 0, 0
000000262191_jpg.rf.9b41851bbdfce0cbc8b84a898adbf269.jpg, 1, 1, 0, 0
000000244748_jpg.rf.9b33b522eac98c6ddad2edea97176257.jpg, 0, 0, 1, 0
000000286774_jpg.rf.9b2962a2ee0c218ff9c553c084a8510f.jpg, 0, 1, 0, 0
000000133013_jpg.rf.9b53fb33339f31ae7c1187bb4dfb3ec9.jpg, 1, 1, 0, 1
000000285742_jpg.rf.9b14a2d1609349ea9e51cc4c579ae89f.jpg, 1, 1, 0, 0
000000049731_jpg.rf.9b4c52e69f275c2895dd3aae351f95b6.jpg, 0, 0, 0, 1
000000360064_jpg.rf.9b5dc41a339475b12e0acfa8c50b23de.jpg, 0, 1, 0, 1
000000172743_jpg.rf.9b56ee0fe57030685452476094b4cc8d.jpg, 1, 1, 0, 0
000000165571_jpg.rf.9b6dd999da88cf6014bc3abccbd4119a.jpg, 0, 1, 0, 0
000000174043_jpg.rf.9b563820a933c4a346f5128d123cdd00.jpg, 0, 1, 0, 0
000000287299_jpg.rf.9b54ab28ad527b99de52ad76d1edcf0b.jpg, 0, 1, 0, 1
000000188902_jpg.rf.9b2c962327e87ee9e4dcd618be5703f7.jpg, 0, 0, 0, 1
000000242074_jpg.rf.9b76450f99ff3b9b4a061d26a1b50f84.jpg, 0, 1, 0, 0
000000341017_jpg.rf.9b273c6ce5d7e5ca0bd4fff9ec5f0135.jpg, 1, 0, 0, 0
000000240951_jpg.rf.9b833a9e0eb33ed553b3fc141024e30b.jpg, 0, 0, 1, 0
000000379654_jpg.rf.9b565290654e527852ad9eb63bc12dcf.jpg, 0, 0, 0, 1
000000281105_jpg.rf.9b96a0a6da3a57e0046d266e2bf4e8cb.jpg, 0, 1, 0, 0
000000283912_jpg.rf.9ba423db145e67b541e1cbe78e3a80a4.jpg, 1, 1, 0, 0
000000376263_jpg.rf.9b7b8965b1bbcd40b57e728f6671e6f5.jpg, 0, 1, 0, 0
000000448518_jpg.rf.9b6545e6f2a441ed471f0ba3dcaa7975.jpg, 0, 1, 0, 0
000000357290_jpg.rf.9b9d9d87dccc753104c95df5ac5150d2.jpg, 0, 1, 0, 1
000000426917_jpg.rf.9bb613a149fc126b18e09ca951666d29.jpg, 1, 1, 0, 0
lto-rules-regulation-violation-5-6809_jpg.rf.9b71122e222ec7163aab2edcb71e6553.jpg, 0, 1, 1, 1
000000560055_jpg.rf.9bc836750adcbcc856ad56ee71c10d6b.jpg, 1, 0, 0, 0
000000548159_jpg.rf.9ba2d744961f4be4aba509ad14d263e6.jpg, 1, 0, 0, 0
000000104079_jpg.rf.9b62c92ff40250181547dc21218fc0ae.jpg, 1, 1, 0, 0
000000389770_jpg.rf.9b88858121a58842ea514294a2771219.jpg, 0, 0, 1, 0
000000544921_jpg.rf.9b4433c8ae73eebd8ba56d571b9b08b1.jpg, 0, 1, 0, 1
000000382715_jpg.rf.9bc990a13598252ecd52c1baa9e785ce.jpg, 0, 1, 0, 0
000000087219_jpg.rf.9bc077aa3e8e5cba69c1a74d5d2c393a.jpg, 0, 0, 0, 1
000000266557_jpg.rf.9bc46eec29442731c1943d4296a78ff4.jpg, 1, 0, 0, 0
000000253600_jpg.rf.9bc76789c6eb4c8f09052f848d066360.jpg, 1, 0, 0, 0
000000405348_jpg.rf.9bd31ca134505b854bdd6efc161aafa9.jpg, 0, 1, 0, 0
000000138768_jpg.rf.9bd3050b9a8c273f1e7e0e282e5d1dc4.jpg, 0, 1, 0, 0
000000183953_jpg.rf.9bf1671499901e0b6fd96d1be89a8c85.jpg, 0, 1, 0, 0
000000309993_jpg.rf.9bae820e059f81b44847ba886a0f6315.jpg, 0, 1, 0, 1
000000368840_jpg.rf.9bc7cf4fc5df0ed1577301946d3a4f18.jpg, 0, 1, 0, 0
000000288310_jpg.rf.9bda6adb002e44b60378807b97ae5ece.jpg, 0, 1, 1, 1
000000237894_jpg.rf.9c0bb3868d0adbad97c1428cb1550207.jpg, 0, 0, 1, 0
000000153074_jpg.rf.9bee716e4197216924e8d6e7392a71b3.jpg, 0, 1, 0, 0
000000546800_jpg.rf.9c0aaf763d1cffb2eaac8ac0cf5e3864.jpg, 0, 1, 0, 0
000000011511_jpg.rf.9c37f65f10981ddfe25340a2faefb9f0.jpg, 0, 0, 1, 0
000000143992_jpg.rf.9c102967012b98bd9b8d5493fe28126e.jpg, 0, 0, 1, 0
000000401534_jpg.rf.9bdf44794b4d461cfc25172c3583b845.jpg, 0, 1, 1, 1
000000134657_jpg.rf.9bf73ea5c9c14182a65a4065ec9b9ff2.jpg, 0, 1, 0, 1
000000254917_jpg.rf.9bd89f1c5e86eb7c4e7a59d8f6ec40f2.jpg, 1, 1, 0, 0
000000396257_jpg.rf.9bd704a3f6f267f59042d8dfcfbfc456.jpg, 1, 0, 0, 0
000000314095_jpg.rf.9c1fe86b8e656d9d22912ad49b5dac78.jpg, 0, 1, 0, 0
000000233925_jpg.rf.9c2d722614d7e02eb7f73691f6272e63.jpg, 0, 1, 0, 0
000000160308_jpg.rf.9b84b3d0a1514767846c8a9b95fc3f5b.jpg, 0, 0, 0, 1
000000551199_jpg.rf.9c3cb65fab89be538801248a945d26e4.jpg, 1, 1, 0, 1
000000560325_jpg.rf.9c12b6e3ccfcb53f85d5597fafd6e4ff.jpg, 0, 1, 0, 0
000000314671_jpg.rf.9be6abb6840a11bbd87a1166fbba864c.jpg, 0, 1, 0, 1
000000301156_jpg.rf.9c5a3864c395cb9042400c73148bd935.jpg, 0, 1, 0, 1
000000381971_jpg.rf.9c478802a52044536ba27015e8060d6b.jpg, 0, 1, 0, 0
000000292346_jpg.rf.9c64e62a79030e9e1ca0e28ff41b3ecd.jpg, 0, 1, 0, 0
000000033642_jpg.rf.9c53c74834433b3e05bc89e5f7793406.jpg, 1, 1, 0, 0
000000287388_jpg.rf.9c584ba463caf00d7bf16b083d99ec3c.jpg, 0, 1, 0, 0
000000379143_jpg.rf.9acfe50f96dd81bd1a204f9f29338cd1.jpg, 0, 0, 0, 1
000000116592_jpg.rf.9c709b643b84cc168f42e117fb7d1bc9.jpg, 1, 1, 1, 0
000000563653_jpg.rf.9c6f1137c7abee31ecca68583683882c.jpg, 0, 1, 0, 1
000000007104_jpg.rf.9c69e919e668e9991c2db93990c0fea2.jpg, 0, 1, 0, 0
000000076595_jpg.rf.9c6ab6fbb183c8f3f28fea526b2defd7.jpg, 1, 1, 0, 0
000000309599_jpg.rf.9c719c0a025bea6a845c5cd61ae10c2a.jpg, 0, 0, 0, 1
000000396287_jpg.rf.9c72e5ca5f678fa71c935a9d4af6eb84.jpg, 0, 1, 0, 1
000000569850_jpg.rf.9c9db0b2eeb6eccc97acc36c7cc41fad.jpg, 0, 1, 0, 0
000000278100_jpg.rf.9c8968c67713e0e7809dd05761084d16.jpg, 1, 1, 1, 0
000000539808_jpg.rf.9cad7a9ab5482cb005ff8d06c22b084a.jpg, 0, 0, 0, 1
000000430690_jpg.rf.9cab1e1a099470eae612a96d3c3423d7.jpg, 0, 1, 0, 0
000000457161_jpg.rf.9c71f7bcc2cfed31ef2d07bbb2e16ac1.jpg, 0, 1, 1, 0
000000438844_jpg.rf.9c84fbd085bc137adb3582a630df21a0.jpg, 1, 0, 0, 0
000000490887_jpg.rf.9c979d65995f4f956d9ed189c88ef153.jpg, 0, 0, 1, 0
000000299083_jpg.rf.9cb0ceafed939910e79f3561c70e70a6.jpg, 1, 0, 0, 1
000000475774_jpg.rf.9c727f596b49bdee0e858c2a0d72c904.jpg, 0, 0, 1, 0
000000469803_jpg.rf.9cab7dbecbf94ba052813e5829e915d5.jpg, 0, 1, 0, 0
000000067208_jpg.rf.9ca10301cf5f47aae4918c3cba860393.jpg, 0, 0, 1, 0
000000454382_jpg.rf.9cca43bfbfd66d110aed01cc685e45d6.jpg, 0, 1, 0, 1
000000275206_jpg.rf.9cde65d545e172a5175a2de839566061.jpg, 1, 1, 0, 0
000000274894_jpg.rf.9ccdb690c11bbcc877fcbb9efcb56b9c.jpg, 0, 1, 0, 0
000000450607_jpg.rf.9cb73e24e47130fd19b983b367dadb98.jpg, 1, 0, 0, 0
000000470647_jpg.rf.9cf5feffb2f2bac44064ca35c73a29c0.jpg, 0, 1, 0, 0
000000495633_jpg.rf.9cbb6314ed6542b806fa670c9eef95dd.jpg, 0, 1, 1, 1
000000565012_jpg.rf.9cd8790a34cd955a842f175dccffc6d9.jpg, 0, 1, 0, 1
000000340501_jpg.rf.9cfce3c9bcb9051d6bdce86dc252fae5.jpg, 0, 1, 0, 1
000000077924_jpg.rf.9cd3e7a318ba4dd33583047b7867b3d5.jpg, 0, 1, 0, 1
000000448626_jpg.rf.9cf6743366415729e6a9583ec603afc4.jpg, 1, 0, 0, 1
000000024585_jpg.rf.9cc7cbb9901de1191d0f4855aa99ccdd.jpg, 0, 1, 0, 1
000000037209_jpg.rf.9ce5ad235e5c8e92b19270e52420625f.jpg, 0, 1, 1, 1
000000094069_jpg.rf.9cebe4e900e3a325a4223a4ee6b1ce57.jpg, 0, 0, 1, 0
000000506872_jpg.rf.9ce0f460bf653664301be55d5148c438.jpg, 0, 1, 0, 0
000000123244_jpg.rf.9cf2db09554416e71528186135f79187.jpg, 0, 1, 0, 0
000000473879_jpg.rf.9cf3509e3c9023a3217f688f858e7727.jpg, 0, 0, 1, 0
000000199951_jpg.rf.9d2274e5c61a7f8ddf0a7ac8fe44aac9.jpg, 0, 1, 1, 1
000000536374_jpg.rf.9d1044c44e5e2612b0d73c55410a4119.jpg, 0, 1, 0, 0
000000101033_jpg.rf.9ce21e6a9735044ebaaaf70234a66e2e.jpg, 0, 1, 0, 1
000000579735_jpg.rf.9d2d7d59c835f4f81a720009dc16fbda.jpg, 0, 1, 0, 1
000000123647_jpg.rf.9cf6e67f93c4a147769e3de9d6d71d69.jpg, 0, 0, 1, 0
000000145915_jpg.rf.9cf74c6079a9fb7f9ace0708cd0c3437.jpg, 0, 1, 0, 0
000000216015_jpg.rf.9d22431a1ba00d3f406f5a0506697c66.jpg, 0, 0, 0, 1
000000174909_jpg.rf.9d3182976e5db3e6dd522c40188c640a.jpg, 1, 1, 0, 0
000000123639_jpg.rf.9d0d4495f5e3e888f664d8a73ff749eb.jpg, 0, 1, 0, 0
000000254701_jpg.rf.9d3050edf545f1559d660213e0d8534b.jpg, 0, 1, 0, 0
000000083153_jpg.rf.9cc9be0bed9444dc9bfe977f19ab245c.jpg, 0, 1, 0, 0
000000051717_jpg.rf.9d3be65a0ac890d3d793d8c47dce3b56.jpg, 0, 0, 0, 1
000000276539_jpg.rf.9d4bbd2c05723d203ebd437d732b60cf.jpg, 0, 1, 1, 0
000000208408_jpg.rf.9d5d99f9cd9a0e5ae7fe4af8aa59b70b.jpg, 1, 1, 0, 0
000000559730_jpg.rf.9d374552ad0fab53124d3047b51abd7b.jpg, 1, 1, 0, 1
000000140180_jpg.rf.9d4294742caca4d57432b009635cdc94.jpg, 0, 1, 1, 0
000000216150_jpg.rf.9d51ab213f12925ebb7ce475a6dd2ec2.jpg, 0, 1, 1, 1
000000165247_jpg.rf.9d51ba41017ee0bae22495627861bd43.jpg, 1, 1, 0, 0
000000121351_jpg.rf.9d131c41445adc1a929b5745183882b2.jpg, 0, 1, 0, 0
000000380742_jpg.rf.9d863b21a7d903e1cb082fd4a05c6c3e.jpg, 0, 1, 0, 0
000000035110_jpg.rf.9d557c29038b3606d0a1366545aae924.jpg, 0, 1, 0, 0
000000565031_jpg.rf.9d540066a8ab690a3a39ded259c8ed7c.jpg, 0, 0, 1, 0
000000486013_jpg.rf.9d90969b19068e48a1aa16c7e2e8f0f7.jpg, 0, 0, 0, 1
000000365027_jpg.rf.9d6601ec83c4a6d1d6fb922abbb149bf.jpg, 0, 1, 0, 1
000000157202_jpg.rf.9d72043d697c601ff418e6160a62b27d.jpg, 0, 0, 1, 0
000000233588_jpg.rf.9d4b41348675f0d0de820dc50450121f.jpg, 0, 1, 0, 0
000000463037_jpg.rf.9d755ecdba7e13d1c2a2bd5ff4088a19.jpg, 0, 1, 0, 0
000000092339_jpg.rf.9d9a675afde7bdf06ed91f387a1b0975.jpg, 0, 1, 0, 0
000000016784_jpg.rf.9d7b601d59c5b9913a77769549f4a0ee.jpg, 0, 1, 0, 1
000000362869_jpg.rf.9d641d2da69b194cc1d6bda2da09f959.jpg, 0, 1, 0, 0
000000316441_jpg.rf.9d9f80db27d3000a9b4ef0847190cc21.jpg, 0, 1, 0, 1
000000027768_jpg.rf.9dbbf9b88149cb63ef67496a1a4821d9.jpg, 1, 1, 0, 0
000000170072_jpg.rf.9d9d12e60a3bca87af34e8c0756532b9.jpg, 0, 1, 0, 0
000000316912_jpg.rf.9dada95acd832042d705ef49a61945fe.jpg, 0, 1, 0, 1
000000295410_jpg.rf.9dd2535daefd8d588c7ee40dd785e849.jpg, 0, 1, 0, 0
000000045864_jpg.rf.9de1ddd75611d162403302ed427212a6.jpg, 0, 1, 0, 0
000000083625_jpg.rf.9dd245279536576ff14f61e68d2a56ab.jpg, 0, 1, 0, 0
000000031711_jpg.rf.9dd3210b4a024bc6308ad0cd23c962ee.jpg, 1, 0, 0, 0
000000051025_jpg.rf.9ddb547c5022cb005b03cc681c53ccc8.jpg, 0, 1, 0, 0
000000204682_jpg.rf.9df856c29cdd6ba91c3acce5ac3499c1.jpg, 1, 1, 0, 1
000000561164_jpg.rf.9ddd42f139fd7cee4f8298427210f68e.jpg, 0, 1, 0, 0
000000050786_jpg.rf.9dc3a6224a2d964300709f17d9b73cec.jpg, 0, 1, 0, 1
000000466536_jpg.rf.9deb51abc8313372c3d0f076caf35e33.jpg, 0, 1, 0, 1
000000303744_jpg.rf.9dd7df72e02fc864aaa50710d6cf702d.jpg, 0, 0, 0, 1
000000065028_jpg.rf.9de8cb1fcb7ff3dc6b33a701f5bed26e.jpg, 0, 1, 0, 0
000000205915_jpg.rf.9e02f67ef996187ecd18e93aee98d91f.jpg, 0, 1, 0, 0
000000351451_jpg.rf.9de705fcdd0919a75a3089f4b0c01a8f.jpg, 0, 1, 0, 0
000000179134_jpg.rf.9e11e24ab1ef5a44f151f20bad72091b.jpg, 0, 1, 0, 0
000000228122_jpg.rf.9e2e8a1662ea8cc0d4e4e714b6db98ae.jpg, 0, 1, 0, 0
000000261982_jpg.rf.9e2e3e77908851144e1892779d4347f3.jpg, 0, 1, 0, 0
000000528905_jpg.rf.9e2f65d3dba30dcb4fc28df063d43a36.jpg, 0, 1, 0, 0
000000560576_jpg.rf.9e06908456b3566d273582a432486613.jpg, 0, 0, 0, 1
000000508606_jpg.rf.9deb64e79c895eb74113a05502e77ad2.jpg, 0, 0, 0, 1
000000388926_jpg.rf.9e1b50db25a0a2555cb4722687b2e889.jpg, 1, 0, 0, 0
000000246750_jpg.rf.9e1e78a13aabcf984d967d3bbf03e497.jpg, 0, 1, 0, 0
000000037743_jpg.rf.9e3e826e66ff65df5f70970ad27289c2.jpg, 0, 0, 0, 1
000000118404_jpg.rf.9dc7b706655329609cfc5d96a212b4da.jpg, 1, 1, 0, 0
000000351554_jpg.rf.9e1f8b3ed56b28e06f7a4c548c840970.jpg, 1, 0, 0, 0
000000253217_jpg.rf.9e4d2c55f0303c3754551e42b9417d5e.jpg, 0, 1, 0, 0
000000406404_jpg.rf.9e38dadb56da01997df02047cace7aee.jpg, 0, 1, 0, 0
000000553735_jpg.rf.9e4f8bd6334e0b7c509c8cb527fcb0fc.jpg, 1, 1, 0, 1
000000091917_jpg.rf.9e5ba411bcaacec0849308786f193ef2.jpg, 0, 1, 1, 0
000000571931_jpg.rf.9c91ac0f1c3f62c632a725dc676ba378.jpg, 0, 1, 0, 0
000000119016_jpg.rf.9e345ec5e0f915c6e7262098ab81647d.jpg, 0, 1, 0, 0
000000274012_jpg.rf.9e55882ebcc22578aa86289f5952fafb.jpg, 0, 1, 0, 0
000000485822_jpg.rf.9e3d597e811fb53ffb78841728356c46.jpg, 0, 1, 1, 1
000000559995_jpg.rf.9e74eccac443c5fd1c0babe069572e71.jpg, 0, 1, 0, 0
000000488244_jpg.rf.9e7d709121999719497b83190733d857.jpg, 0, 1, 0, 0
000000038186_jpg.rf.9e51a321d0ee5596539efd8c69efaf4c.jpg, 0, 1, 0, 1
000000569356_jpg.rf.9e34ae42285c7ebafa493a26d382d9aa.jpg, 0, 0, 1, 0
000000117098_jpg.rf.9e758dd88bebbed300ddf5f39b8c41ab.jpg, 0, 0, 1, 0
000000198558_jpg.rf.9e443322885f664ac0287be117ca4d2c.jpg, 0, 1, 0, 1
000000210731_jpg.rf.9eb6a7143f4b82de8126c5db592f9e46.jpg, 0, 1, 0, 0
000000270475_jpg.rf.9e874939c57f0ba6a208f831eaf66fed.jpg, 1, 0, 1, 0
000000385577_jpg.rf.9e4c8517e7b34810050622ca0d53784c.jpg, 1, 1, 0, 0
000000282631_jpg.rf.9e8857c7283bd4726fa4dabe99b0aae9.jpg, 1, 0, 0, 0
000000168900_jpg.rf.9eb6c7ccb7893b80800f961d49c44faf.jpg, 0, 0, 1, 1
000000313957_jpg.rf.9ed15a6ec0184221ae44d4e14ed5d199.jpg, 0, 0, 0, 1
000000094700_jpg.rf.9e891b03bf76d730d4c677578516b26c.jpg, 1, 0, 0, 0
000000267521_jpg.rf.9ec651b3b79ad104a34a7d9e6c7339e6.jpg, 0, 0, 0, 1
000000121535_jpg.rf.9e989ce3e0d7698dce8119cc087e91e8.jpg, 1, 0, 0, 0
000000560137_jpg.rf.9ecccde4e9cc322bf7bfaf4d69ed45c5.jpg, 0, 1, 0, 0
000000358901_jpg.rf.9ea35237f42ac236b4aefaca610866fa.jpg, 0, 0, 0, 1
000000038829_jpg.rf.9ed6a71be93a2ef066f27149b033bb91.jpg, 0, 0, 1, 0
000000491942_jpg.rf.9e91836e6a9351b4c59177411396897b.jpg, 1, 1, 0, 0
000000537090_jpg.rf.9ee19708ac1d4758a956e25b2b0851df.jpg, 0, 1, 0, 0
000000369299_jpg.rf.9ed4848fb88c9b477ee7b400bf0276f4.jpg, 0, 1, 0, 0
000000475169_jpg.rf.9eeae38e6b4cc6ba89c9b0fd903d2c6a.jpg, 0, 1, 0, 0
000000563702_jpg.rf.9ef104ca7fa4416b353ad233f96b4eee.jpg, 0, 0, 0, 1
000000555446_jpg.rf.9efedaa8fa67801ece62eb7f26b4fc14.jpg, 0, 0, 0, 1
000000373731_jpg.rf.9ebdb81e6de55e32a203811fe4f5241c.jpg, 0, 1, 0, 1
000000069366_jpg.rf.9f10daa7304a2fa248f5a489395f4f55.jpg, 0, 1, 0, 0
000000539141_jpg.rf.9f0bb0a56c056b7f23705c0f6c3ea87b.jpg, 0, 0, 0, 1
000000072565_jpg.rf.9eef100d32859896d461e960dda2e2f0.jpg, 0, 1, 1, 0
000000381463_jpg.rf.9f1a1a2d44162c652d4e56d1166a21f0.jpg, 1, 1, 0, 0
000000192799_jpg.rf.9f029ed72bd63feef6c52d591331568d.jpg, 0, 0, 0, 1
000000244184_jpg.rf.9f1d2aa3161533d67523e00fe96f25f7.jpg, 0, 1, 0, 0
000000425898_jpg.rf.9f556dcf668efe7f6f1d9acdf3902a1d.jpg, 0, 1, 0, 0
000000059641_jpg.rf.9eff6cee1f6bfb23505d3d94e2385b16.jpg, 0, 1, 0, 0
000000241867_jpg.rf.9ef069272ba1953911eaa502ef1bb5ba.jpg, 1, 1, 0, 0
000000567197_jpg.rf.9ef0cd4c489c88a3b00b1eb4c31d2231.jpg, 0, 1, 0, 1
000000561653_jpg.rf.9ed917f7dd6cca128ffc0f04ddd3f713.jpg, 1, 0, 0, 0
000000210729_jpg.rf.9f43af7d2e37262773b52078bd8aca38.jpg, 0, 1, 0, 0
000000556089_jpg.rf.9f4bebe15145f9db49f0f5d0a7817fff.jpg, 0, 1, 0, 1
000000418624_jpg.rf.9f6f59612ea81cb93709cab7b6c6fc66.jpg, 1, 1, 0, 0
000000415528_jpg.rf.9f57f00134f8bb0bf8bad5e1dd110f69.jpg, 0, 1, 0, 0
000000369049_jpg.rf.9f3b129dcb62684e765a7eababcc988c.jpg, 0, 1, 0, 0
000000207378_jpg.rf.9f5cc649ad57da39481ff4fed945cda1.jpg, 1, 0, 0, 0
000000505501_jpg.rf.9ed30fa602de4a12a9d2f821b18b4d3e.jpg, 0, 1, 1, 0
000000363173_jpg.rf.9f4c081245e0520bafc6305e5870445a.jpg, 0, 1, 0, 1
000000194158_jpg.rf.9f81bb85dae916d0257a137a5011ec35.jpg, 1, 1, 0, 0
000000009615_jpg.rf.9efabad398406890284c4724e4965c67.jpg, 0, 1, 1, 0
000000526506_jpg.rf.9f71962797e157e036f03ede35b41c0d.jpg, 0, 1, 0, 0
000000175357_jpg.rf.9f6ac219f1bbf1b7b02d9b70def862de.jpg, 1, 0, 0, 0
000000510290_jpg.rf.9f483af59736f9927c8a289e50bfff6b.jpg, 1, 1, 0, 0
000000083482_jpg.rf.9f73850a082b6151f9ce9891d8960e94.jpg, 1, 0, 0, 1
000000277227_jpg.rf.9f77d0f9fc6a382171b7b3f7ee226360.jpg, 0, 1, 0, 0
000000228172_jpg.rf.9fb0f28bea5bf1925b4c1f1757d55f8f.jpg, 0, 1, 0, 1
000000353231_jpg.rf.9f921032b771dafaaa4357fbeb7e29b3.jpg, 0, 1, 0, 0
000000439546_jpg.rf.9fa81e80a08851a58c5c1fafa9b598ac.jpg, 0, 0, 0, 1
000000462081_jpg.rf.9fbe03d63e0d8c9ef3db2ecdeb0810d7.jpg, 0, 0, 1, 0
000000097539_jpg.rf.9fa3a8eac8cee4a2241f6006bed2f021.jpg, 0, 1, 0, 0
000000331642_jpg.rf.9fc562dec4118df7205202df4be0ef8d.jpg, 1, 1, 0, 0
000000046564_jpg.rf.9fc4396a27a52e4068c2d07823879b24.jpg, 0, 1, 1, 0
000000171262_jpg.rf.9fec6e98b822aa90d78be79bd9763f3f.jpg, 0, 1, 0, 0
000000334555_jpg.rf.9fcc965796cbb49b5fc7928099ca6dab.jpg, 0, 1, 0, 1
000000130967_jpg.rf.9fbfc68b1c754e66b7538006b38fdacd.jpg, 0, 0, 0, 1
000000062029_jpg.rf.9f7d473fa8cd510e4c73a6a3997f21ea.jpg, 0, 1, 0, 0
000000037563_jpg.rf.9fa990258310563f1cb5f5696640b0a6.jpg, 0, 1, 0, 0
000000119802_jpg.rf.a001929df2fec6d1c0f148eeb3463509.jpg, 0, 1, 0, 0
000000560037_jpg.rf.9fc0adc3d324543405545e37fd834e31.jpg, 0, 1, 0, 1
000000096925_jpg.rf.a01aa0286f8a65501a6ad2329e550593.jpg, 0, 1, 1, 1
000000373212_jpg.rf.a02038529d98ef61f0e5b0e8304aaaab.jpg, 0, 0, 1, 0
000000578356_jpg.rf.a00c4adb745180eaa67dbc679df184d6.jpg, 0, 1, 0, 0
000000308889_jpg.rf.a0057e770b9c6f2b3a72a17c6e80731e.jpg, 1, 0, 0, 0
000000573875_jpg.rf.a02ab4213c4482251d279367b38333db.jpg, 0, 0, 1, 0
000000024221_jpg.rf.9fd0aa5a33e89afd3b71e2ce6107d1db.jpg, 0, 0, 1, 0
000000327610_jpg.rf.a024ccc7ac5e0a8319ff99688716bcc7.jpg, 1, 0, 0, 0
000000073361_jpg.rf.9fb87b7c6f3487e1a5b3a97560bf8153.jpg, 0, 0, 1, 0
000000540180_jpg.rf.9ff4ba8c3d0e78003f0e5cdf1d57e69c.jpg, 0, 1, 0, 0
000000223154_jpg.rf.a02b1badaf7428f8f804c12d89768f91.jpg, 0, 1, 0, 0
000000219910_jpg.rf.9fc90183b8b08a5140319c6a93c9f9bb.jpg, 0, 1, 1, 0
000000468977_jpg.rf.a03b34a6843e3e7a2622cfaa265512e2.jpg, 0, 1, 0, 1
000000573930_jpg.rf.9faafe34ef0881a6e8882ef8cce42e9e.jpg, 0, 1, 0, 1
000000131579_jpg.rf.a042ceb7d3ca09ca1549898e68f616cb.jpg, 1, 1, 0, 0
000000565312_jpg.rf.a04d652316f36ab59711392782957d26.jpg, 0, 1, 0, 1
000000411645_jpg.rf.a054032bfc27c2e0e78f8062254a44ce.jpg, 0, 0, 0, 1
000000521998_jpg.rf.a059eccd7c9b3b0ce0e71f85819b5dd4.jpg, 0, 1, 1, 0
000000249659_jpg.rf.a05676f4e5fc0b276f4078cf1eead20b.jpg, 1, 0, 0, 0
000000498274_jpg.rf.a03d97e2057dd320d7649d713fcdb143.jpg, 1, 0, 0, 0
000000565971_jpg.rf.a049570c4d9306968815e0a5a9359967.jpg, 0, 1, 0, 0
000000093154_jpg.rf.a05f29ae27011d2d2ef7867911294a1d.jpg, 0, 1, 0, 0
000000383923_jpg.rf.9facce83e03a9d85145427aa03b5b8e3.jpg, 0, 1, 0, 0
000000579623_jpg.rf.a03e12d6e66dc335cc2a7848fa9fbcca.jpg, 0, 0, 1, 0
000000099054_jpg.rf.a04eb9e9edd48140c95927740ce0553b.jpg, 0, 0, 0, 1
000000079628_jpg.rf.a04178392de31fdce9fc8342c5d54fcf.jpg, 1, 1, 0, 1
000000322777_jpg.rf.a07c8543b91088277a459642a67b0eee.jpg, 0, 1, 0, 1
000000307511_jpg.rf.a077b4eae3d70b8ee8504726ae1df9ce.jpg, 0, 1, 0, 0
000000160031_jpg.rf.a05e769e3f52c8df7d5f804681726089.jpg, 1, 1, 1, 0
000000144831_jpg.rf.a058760492bde04e73638e9360ee8602.jpg, 0, 1, 0, 1
000000409030_jpg.rf.a07633b64058c8292694422d5b733df8.jpg, 1, 0, 0, 1
000000289895_jpg.rf.a07cd71bcdfcf172b0a04fb5eda2d2a3.jpg, 0, 1, 0, 0
000000200386_jpg.rf.9fc0499e4f07111ab2eb0568317a77af.jpg, 1, 0, 0, 1
000000323888_jpg.rf.a04bcf248ef27170e52fad38fb4f4283.jpg, 0, 1, 0, 0
000000014733_jpg.rf.a0a37213dc9b77cff6dff2a0a45959af.jpg, 0, 1, 1, 0
000000146656_jpg.rf.a0bbf503692b9bfcea4141661ddb2534.jpg, 1, 1, 0, 0
000000310695_jpg.rf.a06ba01a7f5b13ca0b7fc7fe0319d120.jpg, 1, 0, 0, 0
000000471868_jpg.rf.a08e9bdf927f64100fee832dd04ff6cd.jpg, 0, 1, 1, 1
000000480087_jpg.rf.a08fb6ac482e4dac922e375132dcab77.jpg, 0, 1, 0, 0
000000043206_jpg.rf.a076d6badee98ac6019dba54813594b5.jpg, 0, 1, 0, 1
000000298162_jpg.rf.a0a05837d35486da3ffcf17ccd6f5e92.jpg, 0, 1, 0, 0
000000457734_jpg.rf.a07fdeb85738f94a0b83875c187a4d5a.jpg, 0, 1, 0, 0
000000164200_jpg.rf.a0abf4bb6de8b4db747c70511b131df8.jpg, 0, 1, 0, 1
000000228784_jpg.rf.a0da0ffeef48c7deac2add20424cf7fe.jpg, 0, 1, 0, 1
000000045366_jpg.rf.a0d40aae92707ecdd1df52dee155e5f7.jpg, 1, 0, 0, 1
000000082737_jpg.rf.a09544cd62ede6bf13bf25ba50524e69.jpg, 0, 1, 0, 1
000000297387_jpg.rf.a0dba9d2c18906a1177d6801fdb55a19.jpg, 0, 1, 0, 0
000000343934_jpg.rf.a0d50a01e570580d3c7e0f4088cee9ca.jpg, 0, 0, 1, 0
000000271006_jpg.rf.a0e479ce79256319d6348b6cdd488178.jpg, 0, 1, 0, 0
000000491959_jpg.rf.a0b5274c85a2ff62ae29f5a6325a3ae8.jpg, 0, 1, 0, 0
000000535981_jpg.rf.a045f5f5f0ee3079d9e62d1c78b1cea8.jpg, 0, 1, 0, 0
000000355817_jpg.rf.a0ae80d2a02ec0ee50324924fc61a7cf.jpg, 1, 0, 0, 0
000000053101_jpg.rf.a08d1be034139c8136a309b3e629513a.jpg, 0, 1, 0, 0
000000537139_jpg.rf.a0ec1456166ee2a664ea47ede774c219.jpg, 0, 1, 0, 1
000000274411_jpg.rf.a0e553345c8a8cd9f17efa0c20f56ed5.jpg, 0, 1, 0, 0
000000210861_jpg.rf.a0c7000994218ae514d53b09296a5e86.jpg, 0, 0, 0, 1
000000008646_jpg.rf.a0d598c45034999623da576c32a1e59c.jpg, 0, 1, 0, 1
000000359290_jpg.rf.a0e765d31c93125c5b06ce0812e92ae4.jpg, 0, 0, 0, 1
000000036850_jpg.rf.a0ec836f081739ab27fee446dd8b4fc0.jpg, 0, 1, 0, 1
000000080389_jpg.rf.a10c5e572f1467bafed5f5ca3ca16e92.jpg, 0, 1, 0, 0
000000161996_jpg.rf.a1390b0616b4f4455f3a45d45c04950a.jpg, 0, 1, 0, 1
000000286870_jpg.rf.a1397e931aec0c5554e422004d5dae6a.jpg, 0, 1, 0, 0
000000266153_jpg.rf.a12aa5c6e333c4956159b7c3e331b2fa.jpg, 0, 1, 0, 0
000000384895_jpg.rf.a13a49e288c6f280c73da597bb5640e4.jpg, 1, 0, 0, 0
000000563070_jpg.rf.a0f0e5acbc61d19503a5f81147fbb894.jpg, 1, 0, 0, 0
000000083935_jpg.rf.a13d5557a002930daec052dccf0f599a.jpg, 0, 1, 1, 0
000000448633_jpg.rf.a0fbeaecb221efe1cb2bfc10997e6487.jpg, 1, 0, 0, 0
000000422130_jpg.rf.a160543433bde838aa6e7a1d540074c3.jpg, 0, 1, 0, 0
000000201252_jpg.rf.a14de2c8a4f0048bd529785dd08a921b.jpg, 0, 0, 1, 0
000000267112_jpg.rf.a14f252e1860d8d3e7715680b9927421.jpg, 0, 0, 1, 0
000000506782_jpg.rf.a18171d20ff9354aaf2d155e1341bacd.jpg, 0, 1, 0, 0
000000088697_jpg.rf.a16bcc1b461bdec979950901f174aa9c.jpg, 0, 0, 1, 0
000000205150_jpg.rf.a1411d45815610307fec05c258027b1f.jpg, 1, 1, 0, 1
000000257382_jpg.rf.a15ab5553b0c665d765f6afb5d12a5b1.jpg, 1, 0, 0, 0
000000436651_jpg.rf.a171f5a29fee06fad8e15e2aaaa063ef.jpg, 0, 0, 0, 1
000000429182_jpg.rf.a13558c7bb2555b4d328a6206aa01ab0.jpg, 0, 1, 0, 0
000000458505_jpg.rf.a153383a58708d3e4553a5e22a79f898.jpg, 0, 0, 1, 0
000000127360_jpg.rf.a1587cd634df9a945d133a02478b0358.jpg, 0, 0, 0, 1
000000046263_jpg.rf.a15f90240ec49d89e298aa7918baf6a0.jpg, 0, 1, 0, 0
000000397378_jpg.rf.a18904b547c0ec8a7ae0a769fe49d48a.jpg, 1, 1, 0, 0
000000026017_jpg.rf.a16f8c77bc856bae6008db0680682b87.jpg, 0, 1, 0, 1
000000471625_jpg.rf.a16fa2d9343913d95abd4d0a1d2bc4e2.jpg, 0, 1, 0, 0
000000323125_jpg.rf.a185001ff8d2df2fd4a420285ecb98fd.jpg, 0, 0, 1, 0
000000517362_jpg.rf.a1b4daba1bccbc520b4491d17c876186.jpg, 0, 1, 0, 0
000000469840_jpg.rf.a1562533b9743c6fc8052d358b2b9ed1.jpg, 0, 0, 1, 0
000000486506_jpg.rf.a1cf9bbf782fc5c7cfd7982d39a66a5c.jpg, 0, 0, 0, 1
000000265233_jpg.rf.a161193aa1387fa91080bd253141d060.jpg, 0, 1, 0, 0
000000516804_jpg.rf.a1d86a0d4673de224af8a036ff023ba8.jpg, 1, 0, 0, 0
000000311121_jpg.rf.a1aa5da866e350622b04417be8b6a4b8.jpg, 0, 0, 1, 0
000000410216_jpg.rf.a1e093ec47f5e975fb7bcb4b82a7ed34.jpg, 0, 0, 0, 1
000000095371_jpg.rf.a1b3466b57caec1e9ef5db3f0a6332f9.jpg, 1, 0, 0, 1
000000229874_jpg.rf.a1d8ece7f894fac9f3aebfb5570805ab.jpg, 1, 1, 0, 0
000000144227_jpg.rf.a1e61cc252a714270c0d6233c893df9a.jpg, 0, 1, 0, 1
000000518966_jpg.rf.a1b772a2774b602cf84517e962c5a564.jpg, 0, 1, 0, 0
000000342128_jpg.rf.a1cf6726dd2222bc74a3538d3ff50599.jpg, 0, 1, 0, 0
000000241963_jpg.rf.a1d2ec1e5f75b534afbc435c60e13d05.jpg, 0, 1, 0, 0
000000045966_jpg.rf.a1dd7c58dcf85f9764f92a1d93a2e236.jpg, 0, 0, 1, 0
000000309781_jpg.rf.a2079908fc2db5bdca98154678ceefc6.jpg, 0, 0, 1, 0
000000497127_jpg.rf.a1a1412277132529d2940a69caed15da.jpg, 1, 0, 0, 0
000000470442_jpg.rf.a1fec50053d229a2911938b455dbc5f5.jpg, 0, 0, 0, 1
000000027008_jpg.rf.a1e8f1ca012043825317808c9268461a.jpg, 0, 1, 1, 0
000000241559_jpg.rf.a1f5a73484c123d03fd91b76b7edb49f.jpg, 1, 1, 0, 0
000000064086_jpg.rf.a21ea795550c5470723994ad8507277d.jpg, 0, 1, 0, 0
000000382692_jpg.rf.a20c14e92f5a146a6be7bede1b220cde.jpg, 0, 0, 1, 0
000000448259_jpg.rf.a2404af1aa2c2772a7be5900b457444e.jpg, 0, 1, 0, 1
000000277932_jpg.rf.a19a52d277a4ac17f577cdfc44e22622.jpg, 0, 1, 0, 0
000000125314_jpg.rf.a24714927922548178b6b608cab62f72.jpg, 0, 1, 0, 0
000000553482_jpg.rf.a2372b67a1e195cb7602cb9990804389.jpg, 0, 0, 0, 1
000000185838_jpg.rf.a24188b382eddae562b4ba698e54b0d8.jpg, 0, 1, 0, 0
000000334867_jpg.rf.a251ef2d2517272dce1bf31a1268b9b1.jpg, 0, 0, 1, 0
000000138599_jpg.rf.a21fa166204da754c852d7d256af53d0.jpg, 0, 0, 1, 0
000000298614_jpg.rf.a21cea4de2009044ae6631c64a2ae26c.jpg, 0, 1, 0, 0
000000327241_jpg.rf.a21d732b5c0b3fd355cc12908ca7c029.jpg, 1, 0, 0, 1
000000241466_jpg.rf.a25ee2ecb98a0c4911efd84e73aa21f9.jpg, 0, 0, 1, 0
000000096826_jpg.rf.a23c1d50cffb5e9505b0775ce4ba5308.jpg, 1, 0, 0, 0
000000128632_jpg.rf.a262cec55632b47c330d8ff4b8df5037.jpg, 0, 1, 0, 0
000000507927_jpg.rf.a24d23431f3fa4e7ef3a748b08dc598c.jpg, 0, 1, 1, 0
000000191961_jpg.rf.a2435f286efc45ad8acc5f1d2a3f9e45.jpg, 0, 1, 0, 0
000000091442_jpg.rf.a2712b3ea7520d391687a25a3b674a66.jpg, 1, 1, 0, 1
000000417194_jpg.rf.a24d041b68c415d9e9e73da7ab377e06.jpg, 0, 1, 0, 0
000000514483_jpg.rf.a2616e4544dea05d03b900b9f6c73c3a.jpg, 0, 1, 0, 0
000000549784_jpg.rf.a20d6e2d2d7ce838caea12fdfde833bb.jpg, 0, 0, 1, 0
000000257897_jpg.rf.a27602415ab6768372639508d423e622.jpg, 0, 1, 0, 0
000000200401_jpg.rf.a26f72ee50237f161e16894b6da073bf.jpg, 0, 1, 0, 0
000000322952_jpg.rf.a2523e510b2d09e855b9d317490a00d1.jpg, 0, 1, 0, 0
000000562138_jpg.rf.a29a34a7dca50c4cfded11d5e17cade8.jpg, 1, 1, 0, 1
000000039368_jpg.rf.a1da1c64145d2ccc6e268f3a8473a4dc.jpg, 1, 1, 0, 0
000000147409_jpg.rf.a2789133b868ae20dd4848bd4b355240.jpg, 1, 0, 0, 0
000000467071_jpg.rf.a272e092ddbf18ef14428a5bc6510c60.jpg, 0, 0, 0, 1
000000335473_jpg.rf.a2a77718bab1c7be541c188299b9c66c.jpg, 0, 1, 0, 0
000000423860_jpg.rf.a2a3e327a351fd1fcb9e0737088688dd.jpg, 0, 1, 0, 0
000000408405_jpg.rf.a2541f45b127c43be10b6c43b1a61958.jpg, 0, 1, 0, 0
000000149414_jpg.rf.a28768ba54a6ba5eddf303c5b60746fc.jpg, 1, 1, 0, 0
000000424979_jpg.rf.a2a60499b61e4dd765190f6e8fe75d92.jpg, 0, 1, 0, 0
000000323737_jpg.rf.a271c0d875ec2ce82d236a1394159cb1.jpg, 1, 1, 0, 0
000000291404_jpg.rf.a2b4e970929623569440133c75f40223.jpg, 0, 1, 0, 1
wpid-mountainjeep_kabayan2_jpg.rf.a2a2eabf41c4bccd7825eece6266eaee.jpg, 0, 0, 0, 1
000000237327_jpg.rf.a29577f1267416840f392fb03af1817c.jpg, 0, 1, 1, 0
000000226528_jpg.rf.a294eba573a56013f869891ac76663b3.jpg, 0, 1, 0, 0
000000367710_jpg.rf.a2dbc514091be178d4c596f0f0e57c9a.jpg, 0, 1, 0, 0
000000092710_jpg.rf.a2cbcf5d32aee7a87d5ea0d946cfe46e.jpg, 0, 1, 0, 0
000000032549_jpg.rf.a2d5b8f9e530d6e45545f8795cbe0803.jpg, 1, 0, 0, 0
000000438102_jpg.rf.a2f40ee38d808f0d6ddb9dc28da0a0bc.jpg, 1, 0, 0, 0
000000512923_jpg.rf.a2bfb5ed45580f353037f42106a762a4.jpg, 0, 1, 0, 1
000000545877_jpg.rf.a2bc8cb8fcef5afdfa3c4e5b9fb46699.jpg, 0, 0, 1, 0
000000196798_jpg.rf.a3020a1f0c784940a288db7f5ca79aa3.jpg, 0, 1, 0, 0
000000409491_jpg.rf.a2dbbf9b03b5c59f04a0f9dd212d02c1.jpg, 1, 1, 0, 0
000000250939_jpg.rf.a2c95ec08930d443eceacb9b0a2b3514.jpg, 0, 0, 1, 0
000000209692_jpg.rf.a30a8eedd3eae90ed4f379791f3085ca.jpg, 0, 0, 0, 1
000000372740_jpg.rf.a3177f7ae972ef48bbcad55b0a6be454.jpg, 0, 1, 0, 0
000000228910_jpg.rf.a31b5e66ef4e5b23fbac5e57734db004.jpg, 0, 1, 0, 0
000000059015_jpg.rf.a32555e859bb935fcfbfa1cf61ff4107.jpg, 0, 0, 0, 1
000000092575_jpg.rf.a31aadb273c63ca155bdcace028fa0cf.jpg, 0, 1, 0, 0
000000087100_jpg.rf.a2a3de3eb3fcab4bf1ddaa4e7c1bf2f3.jpg, 0, 1, 0, 1
000000274446_jpg.rf.a32cf60f66db9c30d09f21a0ef6daee8.jpg, 0, 1, 0, 0
000000153011_jpg.rf.a33cb726332429d2306d880579da6484.jpg, 1, 1, 0, 1
000000450206_jpg.rf.a3317e22dcc4e8f5b71e897e8494f53a.jpg, 1, 0, 0, 0
000000339344_jpg.rf.a329c3af803ef5ea0e04369e3d7357eb.jpg, 1, 1, 0, 0
000000230864_jpg.rf.a2e8ecf9d8c6ff828eab1eecc9e15d4a.jpg, 0, 1, 0, 1
000000107087_jpg.rf.a35ca593916048a304d807a7c3793200.jpg, 0, 1, 0, 0
000000324143_jpg.rf.a33f398f4f2cb7342618e4a7dad1621a.jpg, 0, 1, 0, 0
000000005169_jpg.rf.a335696f6614e13b22a7a7556539d39d.jpg, 1, 0, 0, 0
000000050535_jpg.rf.a36395fe88dc46daa2b0cb0227c77716.jpg, 0, 1, 0, 0
000000170683_jpg.rf.a362a65b397001f991a85e258c576340.jpg, 1, 1, 0, 0
000000549943_jpg.rf.a3686eed2bc3ff3e393abedb78a4b98a.jpg, 0, 1, 0, 1
000000357561_jpg.rf.a33ae3520e0d2012fc610da6f64ffa61.jpg, 0, 1, 0, 0
000000307182_jpg.rf.a29cd217f3555d84b953e71ffc217d83.jpg, 0, 0, 0, 1
000000469248_jpg.rf.a34468f31037fb04ae06e0b00b2e1888.jpg, 0, 1, 0, 0
000000237550_jpg.rf.a376251686053b09b71c9ccc8701fae9.jpg, 0, 0, 1, 0
000000223342_jpg.rf.a32e606fd01f717390069928c74cab33.jpg, 0, 0, 0, 1
000000234948_jpg.rf.a37ce17662b323fbfe058dafcb6a61fd.jpg, 0, 1, 0, 0
000000465418_jpg.rf.a37a2920e8c5cc26d8b38d0781ae5406.jpg, 1, 0, 0, 0
000000436172_jpg.rf.a356c0ed8c991f42e75c2c2fe9dad2e7.jpg, 0, 0, 0, 1
000000422279_jpg.rf.a33f65b76f143065f701b36c27767ea8.jpg, 0, 1, 0, 1
000000541900_jpg.rf.a33a21b08ba047f0e6e14a2c136bb2a6.jpg, 1, 1, 0, 1
000000255003_jpg.rf.a3543213fe314487ec0a414a1ff614bd.jpg, 0, 1, 0, 1
000000492510_jpg.rf.a36fcf8309a412dded8568bf7e9605b2.jpg, 0, 0, 0, 1
000000572791_jpg.rf.a3955815a17e6f4b54c7f5380f27b44d.jpg, 1, 0, 0, 1
000000421383_jpg.rf.a373aa2fe8928b064b0eb0edaa370a96.jpg, 0, 0, 1, 1
000000294084_jpg.rf.a388be30d5ad2f45ffd7cb75ca4d4665.jpg, 0, 0, 0, 1
000000244135_jpg.rf.a36a9c6dccd2dfcd71cf8b4a2f145d29.jpg, 0, 1, 0, 0
000000121457_jpg.rf.a37f670ec2422435f957f2b7e81d53cc.jpg, 0, 1, 0, 0
000000073974_jpg.rf.a3b3318719f84d6c800365e0bcd0c921.jpg, 0, 1, 0, 1
000000343643_jpg.rf.a3b3b2838ddf2b9168277ea5133633d4.jpg, 1, 1, 0, 0
000000553912_jpg.rf.a3b460bf29788a1ccbc1a9be8227bbaa.jpg, 0, 1, 0, 1
000000026645_jpg.rf.a385794d4d370e00240244bf9fb7fcb7.jpg, 0, 1, 0, 0
000000317622_jpg.rf.a395dea2fd35269b0e7c905b3cf62327.jpg, 1, 1, 0, 0
000000214255_jpg.rf.a38ceb13201863631960660885a65121.jpg, 0, 1, 0, 1
000000159374_jpg.rf.a3b454c026f0c1f6bd5baaee60c28de4.jpg, 0, 1, 0, 0
000000062766_jpg.rf.a3e8b3e43d3786d0035900d85cee4ee7.jpg, 0, 1, 1, 0
000000067975_jpg.rf.a3ebecca4e25605378bb56c01dcf2599.jpg, 0, 1, 0, 0
000000064870_jpg.rf.a3d57864e66dd789bf9803e52efca812.jpg, 1, 0, 0, 0
000000115162_jpg.rf.a3edd123f6eccbba1e79d67a7b1e7199.jpg, 0, 0, 1, 0
000000470207_jpg.rf.a3fdd5a6c8b07276fac0ed4636595d2d.jpg, 0, 0, 1, 0
000000396415_jpg.rf.a3c1e6a8d2a43786255873bdb4909e56.jpg, 0, 1, 0, 0
000000450991_jpg.rf.a3f8ce5b17db067775e74bb2efcc4da8.jpg, 0, 1, 0, 0
000000477860_jpg.rf.a3cf559111301ea4606206b6443fa4be.jpg, 0, 0, 1, 0
000000332987_jpg.rf.a3ce43f9c2878611946f6317d4466305.jpg, 0, 1, 0, 0
000000126907_jpg.rf.a3e65bfa92818e037a7d120aece11320.jpg, 0, 1, 0, 1
000000451648_jpg.rf.a4078fbf414cbe9a3c2c05026850b605.jpg, 0, 0, 0, 1
000000193690_jpg.rf.a3fa7ef1cdd1d062122b3b068159acab.jpg, 0, 1, 0, 0
000000059309_jpg.rf.a3e2064a76879b680c7f345148a76b9f.jpg, 0, 0, 0, 1
000000385248_jpg.rf.a41435d03750f88e68805fb82d24a455.jpg, 0, 1, 1, 0
000000247884_jpg.rf.a40973a2e6f35aee3a99e3dcff6882b5.jpg, 0, 1, 0, 0
000000261280_jpg.rf.a43dc93a70a412c856b33638c55f2e48.jpg, 0, 1, 0, 0
000000341116_jpg.rf.a4104a1c705856f4eab89d506e65a883.jpg, 0, 1, 0, 0
000000445091_jpg.rf.a4472de686944d7023432b50d17443b9.jpg, 0, 0, 1, 0
000000112757_jpg.rf.a3dae285bb06811879e46e4096b41695.jpg, 0, 1, 0, 1
000000051197_jpg.rf.a4315cc45ed2c8db1d5844b0ab0658af.jpg, 0, 1, 0, 0
000000493932_jpg.rf.a4150a2b2d48f19a477b12fa55cc2ec4.jpg, 0, 1, 0, 1
000000100896_jpg.rf.a45f2e327e58883c09f6fd56ac8c6b3f.jpg, 0, 0, 1, 0
000000491965_jpg.rf.a4647ba3f50709ec00b7af3fdc827f9c.jpg, 1, 0, 0, 0
000000010318_jpg.rf.a42d957227287c141e03cbe492695d7d.jpg, 1, 1, 0, 0
000000461311_jpg.rf.a43e2b49b2adce4894ec4d278a1a8b0d.jpg, 0, 1, 0, 0
000000564596_jpg.rf.a46d7bd80ed65225058d62b38671c180.jpg, 0, 1, 0, 0
000000029299_jpg.rf.a3ca03a31188a439d5c326da6acd4699.jpg, 0, 1, 0, 0
000000393503_jpg.rf.a4648d35d24078c2e195f6b2f01225d7.jpg, 0, 0, 0, 1
000000199842_jpg.rf.a45336f12d521d07324c1b1ff8f2da87.jpg, 1, 0, 0, 0
000000203370_jpg.rf.a46f1d1e5eb2e2ac11c596a0979db424.jpg, 1, 0, 0, 0
000000510387_jpg.rf.a451328e6b8d73e2ef79229e8efceb81.jpg, 0, 1, 0, 0
000000573635_jpg.rf.a46eb27bd21b6a84a650fe814a103383.jpg, 0, 0, 0, 1
000000453334_jpg.rf.a43da4beb59872a8a68ce580c8163d12.jpg, 0, 1, 0, 0
000000049338_jpg.rf.a4983d99f742c8a6d3ff4b88a4d0cc70.jpg, 1, 0, 1, 1
000000571263_jpg.rf.a47bb90a808dfb2e4133539cd8c55ebb.jpg, 0, 1, 0, 0
000000344205_jpg.rf.a4804abb4e5f755db02e44d66bce8573.jpg, 0, 1, 0, 1
000000216579_jpg.rf.a480c517fdc2dc016bf3fe3ee59d552c.jpg, 0, 0, 0, 1
000000230661_jpg.rf.a4a3f66c636447008a33cb5da6ab8304.jpg, 0, 1, 0, 1
000000578776_jpg.rf.a4942c8b63f3e1614adce51eae236564.jpg, 0, 0, 0, 1
000000547839_jpg.rf.a4a31084eb2d1f392e2f6819aadbf36f.jpg, 0, 1, 0, 0
000000306866_jpg.rf.a4a08bedd34d827fd61f118f046b8997.jpg, 0, 1, 0, 1
000000109097_jpg.rf.a4d08cabceb4e2571c8be92aa9d4331a.jpg, 1, 0, 0, 0
000000572001_jpg.rf.a4ae2c6ef4b815edcf953695a05bb4ea.jpg, 0, 1, 0, 0
000000564493_jpg.rf.a4862b5557adb26b344244fa04d4a39b.jpg, 0, 1, 0, 0
000000496583_jpg.rf.a4a21b623aba3c52b41449cc8bbcca63.jpg, 1, 0, 0, 0
000000331315_jpg.rf.a4a4fad98008b6eb2c52580ec8496bc1.jpg, 0, 1, 0, 1
000000556886_jpg.rf.a4af5394ee6b3448fdf7be88e737c4cc.jpg, 0, 0, 1, 0
000000010545_jpg.rf.a4646fe4123e3b98211ca05244b11011.jpg, 1, 1, 0, 0
000000056006_jpg.rf.a4a6dbfb99ac479ac454d18a461b2866.jpg, 0, 1, 0, 0
000000540404_jpg.rf.a4a9a1ab7c3003b547904efdc291f291.jpg, 0, 1, 0, 1
000000331419_jpg.rf.a4a723c22d052ce39b165b4dfe2d4c26.jpg, 0, 0, 0, 1
000000107617_jpg.rf.a4ce03d525f1c197c7080eb515110017.jpg, 0, 1, 0, 0
000000455741_jpg.rf.a4e224589510df92e711e0b73be60b06.jpg, 0, 1, 0, 0
000000114144_jpg.rf.a4d2283b9bbcf6ca043aeab5390ae471.jpg, 0, 1, 1, 1
000000566126_jpg.rf.a4ff70d16528ab64c1395037b20bff71.jpg, 0, 0, 1, 0
000000556843_jpg.rf.a4f532f3f8308a028117b964e45b420a.jpg, 0, 0, 0, 1
000000420485_jpg.rf.a4d6ec385fee001df3455192b223292e.jpg, 0, 1, 0, 0
000000146926_jpg.rf.a4f987f55caa9795ca7d4a34434ea102.jpg, 0, 1, 0, 0
000000041603_jpg.rf.a4e6168835ef3b15af7cfb492bd5bdf6.jpg, 0, 1, 0, 0
000000511814_jpg.rf.a55c3ed75b74d49ffee6e006b3c082f5.jpg, 0, 0, 1, 0
000000447376_jpg.rf.a509b419084bb90663927d402f2f7eab.jpg, 0, 1, 1, 0
000000346051_jpg.rf.a54d8e8710fa06e2d7198ec9cc504f4b.jpg, 0, 1, 0, 0
000000444262_jpg.rf.a5687390f286f208dc6678af7128e4fc.jpg, 0, 1, 0, 0
000000474803_jpg.rf.a54a8ff6ea6ac3fc5199908cb3102c67.jpg, 0, 0, 1, 0
000000032334_jpg.rf.a51de2d79c58772779e8b4b7a87519d7.jpg, 0, 1, 0, 0
000000470770_jpg.rf.a4e93c1b6e495bb462f2521b31bc6919.jpg, 0, 1, 0, 1
000000158443_jpg.rf.a531a7d4ac86505c9626a8186f45947d.jpg, 0, 0, 0, 1
000000054967_jpg.rf.a568c98115042f91ddf1f3a5ccb05fb5.jpg, 0, 1, 0, 0
000000024779_jpg.rf.a52ebf0d105e716f5f55b305585bcbd0.jpg, 0, 1, 0, 0
000000457725_jpg.rf.a5433ffef6ebf9b07156cc57ce686bfb.jpg, 0, 1, 1, 0
000000229754_jpg.rf.a5463bb7f8452a289cf42c84147befd6.jpg, 0, 1, 0, 0
000000297906_jpg.rf.a578a4b24c7e3a658f08fb0ec052f010.jpg, 0, 1, 0, 1
000000408480_jpg.rf.a55733638280c6fb819300896219778a.jpg, 0, 1, 0, 0
000000429251_jpg.rf.a56e4d026dae317204d56780b7ff8f64.jpg, 0, 1, 0, 0
000000469605_jpg.rf.a544e992882ae28c00625c67e0f9637c.jpg, 0, 1, 0, 1
000000316138_jpg.rf.a57520cb55637dc796bb981a637faaf2.jpg, 0, 0, 1, 0
000000553271_jpg.rf.a553d8633b8671d43d82ab433bd489c3.jpg, 0, 1, 0, 1
000000399686_jpg.rf.a4ef7b4553831c2037c30d3d8a54ef4e.jpg, 0, 1, 0, 1
000000294426_jpg.rf.a56b5967187e185a0e9e07c8ddbc7ce8.jpg, 1, 0, 0, 0
000000173515_jpg.rf.a5727146b85a1e074768555fc02bc3b3.jpg, 0, 1, 0, 1
000000137452_jpg.rf.a56d57a0e29247ade5354efb233eeb3f.jpg, 0, 0, 1, 0
000000508165_jpg.rf.a531e97940a795496903ee7491760db1.jpg, 1, 0, 0, 0
000000555583_jpg.rf.a580b3f490c31e619ee3f5932a531f68.jpg, 0, 1, 0, 0
000000009845_jpg.rf.a57e2ea6a1c7c42721cc7e5c05ea453b.jpg, 1, 0, 0, 0
000000025393_jpg.rf.a581c809bbdbbb51a3da126f5220cc74.jpg, 0, 1, 0, 0
000000230178_jpg.rf.a579fe77082b0397d9884ca6d8a88fb5.jpg, 0, 1, 0, 0
000000219802_jpg.rf.a585fcc2b3b3bd8281f1295794c8050b.jpg, 1, 0, 0, 0
000000209785_jpg.rf.a587f56cb0bac4c529fee0f491ff099a.jpg, 0, 1, 0, 0
000000262509_jpg.rf.a5a2ec9b56d1d680e93474f03aafa0e0.jpg, 1, 0, 0, 0
000000384499_jpg.rf.a5aa6ddaf609f0d4593c8bfc9312c276.jpg, 1, 0, 0, 0
000000500317_jpg.rf.a546a4f2a25aceb16da795b92cd7e666.jpg, 0, 0, 0, 1
000000425158_jpg.rf.a591ef47ff05449d5e83bb787d805e5d.jpg, 0, 1, 0, 0
000000063488_jpg.rf.a59f037d074f77bc83b4835fbd726e08.jpg, 0, 1, 0, 0
000000056452_jpg.rf.a58c49100a4b8d461c288c6c115e2768.jpg, 0, 1, 0, 0
000000165977_jpg.rf.a594b2db898ed1b601c181fa269f2260.jpg, 0, 1, 1, 1
000000130897_jpg.rf.a5a7bc35759c914e2b375940c5bde874.jpg, 0, 1, 0, 0
000000217574_jpg.rf.a5d26445b65ad0d2786d57d3c50b78ec.jpg, 0, 0, 1, 0
000000121143_jpg.rf.a5d21b6d320e664a58118195ec73dd53.jpg, 0, 1, 0, 0
000000216006_jpg.rf.a5cf4a21277ea133047c97882bc2403b.jpg, 0, 1, 0, 0
000000032474_jpg.rf.a5abeea119f4da792a2b836660b760d0.jpg, 0, 0, 0, 1
000000467564_jpg.rf.a5b326ee92f87fdac644661d5a2ecdee.jpg, 0, 1, 1, 1
000000136943_jpg.rf.a5c17ed100ebfd2b0cc052b06dfb8c9d.jpg, 0, 1, 1, 0
000000498890_jpg.rf.a5da20fb309905ccb32563c4b192c535.jpg, 0, 1, 0, 1
000000457427_jpg.rf.a5dcbf01d1fdffa977598163d72ce77f.jpg, 0, 1, 0, 0
000000076245_jpg.rf.a585b2fa11ee8242e7f4d300172dd7cb.jpg, 0, 1, 0, 0
000000390310_jpg.rf.a5ca7d1d6bbcb5df734602663a5c5fdb.jpg, 0, 1, 1, 0
000000510161_jpg.rf.a5abaae879b7871026336e84b4da404e.jpg, 0, 1, 0, 0
000000549063_jpg.rf.a5de326fcf08cdcefedf98293c532c9c.jpg, 0, 1, 0, 0
000000492267_jpg.rf.a5f0b6adb1cf33ea7f0dd32280b568cb.jpg, 0, 1, 0, 1
000000289972_jpg.rf.a5b3cca7f57cf39667b47763a2bbf674.jpg, 0, 1, 0, 1
000000570032_jpg.rf.a60bdf38ba37568e5d41fe759dca6539.jpg, 1, 0, 0, 0
000000250417_jpg.rf.a5b5449e1bf06c22793bbb145e33ea5b.jpg, 1, 1, 0, 0
000000201163_jpg.rf.a5a10a2367fd432b2471a3ffb230e54b.jpg, 0, 0, 1, 0
000000181438_jpg.rf.a613b5031c3cdcfa51ba540458cf6f08.jpg, 0, 1, 0, 0
000000492800_jpg.rf.a5dfbce0fb9d4ec48af7a5881a298da6.jpg, 0, 1, 0, 0
000000524450_jpg.rf.a5f1815ec999166e00cddf0b44e62fbe.jpg, 1, 0, 0, 0
000000046106_jpg.rf.a613b2ebbe4155da3d722a103caacb57.jpg, 0, 1, 0, 1
000000019874_jpg.rf.a63547302b20a7359c3f89e51214f1ae.jpg, 0, 1, 0, 0
000000413746_jpg.rf.a617627b6f63e5d74ff838429674adc7.jpg, 0, 0, 1, 0
000000172059_jpg.rf.a60fba6fa351cf99c07c1934e58a2f81.jpg, 0, 1, 0, 0
000000382005_jpg.rf.a6153880a631ace0648dadb6bf4a56f0.jpg, 0, 1, 0, 0
000000503689_jpg.rf.a615bd21faf6449d0088e95f087609c8.jpg, 0, 1, 0, 0
000000579382_jpg.rf.a6540392baad257b00484ad95791b641.jpg, 0, 0, 1, 0
000000237568_jpg.rf.a65e25251674e3dd498ea30dfb6de590.jpg, 0, 1, 1, 1
000000362682_jpg.rf.a66f71b4937554e8bedb7b4d2a03b8b5.jpg, 1, 0, 0, 1
000000555048_jpg.rf.a6553b32781d95b6a87786581fb3e0b3.jpg, 0, 1, 0, 0
000000082879_jpg.rf.a684cba6f309ab91f6455ef1455c059a.jpg, 0, 1, 0, 1
000000452382_jpg.rf.a65982b29c707018aa27f13ebbeb030e.jpg, 0, 1, 0, 1
000000211458_jpg.rf.a64d7168690579a7e0e76f92e9adcc19.jpg, 0, 1, 0, 0
000000161840_jpg.rf.a61acb68fe47c48789f33d1f68e48cfe.jpg, 0, 1, 0, 0
000000244379_jpg.rf.a65fcbf86ee313b63fbb3c6a64e74fc7.jpg, 0, 1, 0, 0
000000413996_jpg.rf.a68fc3f967ee912787e07bc4fb372e4d.jpg, 0, 1, 0, 1
000000108272_jpg.rf.a61cbcca40df64bdaa4e86963a7559b1.jpg, 1, 0, 0, 0
000000497989_jpg.rf.a67229a020ada28ec8b84dc4718eebdd.jpg, 1, 1, 0, 1
000000521301_jpg.rf.a6a1750ecf335060781a89d164e84bbc.jpg, 0, 1, 0, 0
000000045492_jpg.rf.a671cd36284a261f9cd59114329c4671.jpg, 0, 1, 0, 1
000000379649_jpg.rf.a68fe55d0579fd0d4f22a4006726bc71.jpg, 0, 1, 0, 0
000000225731_jpg.rf.a6aee6c8eafa46172cb40fce54e007c6.jpg, 0, 1, 1, 0
000000191847_jpg.rf.a67e6c96afc20d948a9c08af334e592e.jpg, 1, 0, 0, 0
000000054614_jpg.rf.a6a677e314d75665b90dc6fabdec86fa.jpg, 0, 1, 0, 1
000000297046_jpg.rf.a6a11429687c1bfc80ce0b4e2e0dac7a.jpg, 0, 1, 0, 0
000000477622_jpg.rf.a666c57989d6d4b2e0261770e9ff195a.jpg, 0, 1, 1, 0
000000525763_jpg.rf.a6b1ad86c3ef48965af2f6b065897eb9.jpg, 0, 1, 0, 0
000000049586_jpg.rf.a649d0e7876500b433ca61a7d7df27bf.jpg, 0, 0, 1, 0
000000125539_jpg.rf.a68a5d137efc920f44ac5b8958aabb47.jpg, 0, 1, 0, 1
000000331379_jpg.rf.a6c1a4b55793a1539327b34f8b3e4189.jpg, 0, 1, 0, 1
000000466921_jpg.rf.a6b0ce3627abee2cf245dfa4767845d4.jpg, 0, 1, 0, 0
000000328592_jpg.rf.a6be1b50235ddfd9d6b9e34b965978de.jpg, 0, 0, 1, 0
000000531256_jpg.rf.a6aee0ceafec4149a685e60aea2b7ea4.jpg, 0, 0, 1, 0
000000551341_jpg.rf.a6c370e46e0d300e552136f42190ac5a.jpg, 0, 0, 0, 1
000000194716_jpg.rf.a6ca480e083130224017e3c360443cbd.jpg, 0, 1, 0, 0
000000514515_jpg.rf.a6caede95cfc5954f318ab8a2d811d46.jpg, 0, 0, 1, 0
000000209574_jpg.rf.a6d6f6c1fc24c6caf6794bd502ab7149.jpg, 1, 1, 0, 0
000000284454_jpg.rf.a6966447ce05567b3048bb3719f359be.jpg, 0, 1, 0, 0
000000150552_jpg.rf.a6ca7b9b11245ace918223dba75b5a74.jpg, 1, 1, 0, 0
000000474461_jpg.rf.a6cd6523468b4db82c6616e0fb6ae6b4.jpg, 0, 0, 0, 1
000000490225_jpg.rf.a6cc4265f649d5d8dca437e33e96a722.jpg, 0, 0, 0, 1
000000377867_jpg.rf.a6e04648ece5bbe82be80a6ca6533255.jpg, 0, 1, 0, 0
000000076571_jpg.rf.a6d3bcdba8638ebde70ba2016850aa10.jpg, 0, 1, 0, 0
000000099844_jpg.rf.a6e49a101154c78a342399f1861d9448.jpg, 1, 1, 0, 1
000000122302_jpg.rf.a6f436ce382a614e555504bf29dfe2e7.jpg, 0, 0, 1, 0
000000308548_jpg.rf.a708614011cd4fd468956e9458c565e5.jpg, 1, 1, 0, 0
000000220666_jpg.rf.a714bb44f13c58d09c26d85d243fad65.jpg, 0, 1, 0, 0
000000531172_jpg.rf.a733d667d86d8a23bdc593583f5b8367.jpg, 1, 0, 0, 0
000000281721_jpg.rf.a7288edf7166d3b111b3848f04908640.jpg, 0, 1, 0, 0
000000488567_jpg.rf.a72e5d1b33a0f336ee4fcdfc2022fa08.jpg, 0, 1, 0, 0
000000195556_jpg.rf.a73937163501ff685f9450aa9790c43f.jpg, 0, 1, 0, 0
000000567057_jpg.rf.a711f61df4c238929fb583d4871a614a.jpg, 0, 0, 1, 0
000000205289_jpg.rf.a742dcdf3b9c5b8a64797597c8d1e288.jpg, 0, 0, 0, 1
000000144746_jpg.rf.a733f70b35ec151addb277bc5637c71e.jpg, 0, 1, 1, 0
000000037183_jpg.rf.a6e1d4babf38f121b1718980fd0e8c5c.jpg, 0, 1, 0, 0
000000005018_jpg.rf.a711fa6522d4c98eb042b408343a680b.jpg, 0, 1, 1, 0
000000440611_jpg.rf.a756b7ed8d067e940539414549e8ccb3.jpg, 1, 1, 0, 1
000000553428_jpg.rf.a738f3b6a4b8bb34d680b742aa21b02a.jpg, 0, 1, 0, 0
000000327895_jpg.rf.a6f116d5971648ec517625f3f3e7cac7.jpg, 1, 1, 1, 1
000000444670_jpg.rf.a76ae04fd59587f71785f4bfb7328948.jpg, 0, 0, 0, 1
000000187495_jpg.rf.a74cd11b47910e40f7c671af42e52f3e.jpg, 0, 1, 0, 1
000000452031_jpg.rf.a6feb52c854004174ec2084f5b26f78f.jpg, 0, 1, 0, 0
000000184879_jpg.rf.a741aac67a99e18296bf0f1979e327f2.jpg, 0, 1, 0, 1
000000054254_jpg.rf.a74b9b524d47b5c82e323fca6a3ef82d.jpg, 0, 1, 0, 0
000000113112_jpg.rf.a75cddabebc027f6c5873b0ce344044f.jpg, 0, 1, 0, 0
000000422869_jpg.rf.a74b11811118ac142a8caadf4087d111.jpg, 0, 1, 0, 0
000000050178_jpg.rf.a77f1ccec1357940b2df7fae5177b178.jpg, 0, 1, 0, 0
000000463830_jpg.rf.a7511d661567bac2b30a9ae17a801fea.jpg, 0, 1, 0, 0
000000200749_jpg.rf.a6c768dbb05de73aa67d2bc12dfed28a.jpg, 1, 0, 0, 0
000000272735_jpg.rf.a71b4e78a627f024b863577bd39b96d6.jpg, 0, 1, 0, 0
000000570956_jpg.rf.a782fa9c76cf6a0df97668a51ca4ed20.jpg, 0, 0, 0, 1
000000334840_jpg.rf.a77c9002a30ed043cdcd0748177ca6ac.jpg, 0, 0, 1, 0
000000209162_jpg.rf.a788595b03a65bbf6d84767a1237b830.jpg, 0, 1, 0, 1
000000268694_jpg.rf.a775682678d696847b5f16629e81dfce.jpg, 1, 0, 0, 0
000000562573_jpg.rf.a73fe0da7a89866e39c24a5c0ed4ee93.jpg, 1, 1, 0, 0
000000435811_jpg.rf.a78588c51e0c52bd64d6a190a3b50be8.jpg, 1, 1, 0, 1
000000551842_jpg.rf.a7afd17cb257cbf490f002bb805d4318.jpg, 0, 1, 1, 0
000000280761_jpg.rf.a7c621ea3608f0abdf5456907c99b436.jpg, 0, 0, 1, 0
000000069856_jpg.rf.a7c67b489c773939d63264c0e5ecf7ce.jpg, 0, 1, 0, 0
000000396762_jpg.rf.a7ae99a1e24779e25a571e80556c1658.jpg, 0, 0, 0, 1
000000474642_jpg.rf.a78d39e74883b844ea851ac5ec86c110.jpg, 0, 1, 0, 1
000000578675_jpg.rf.a7bac18715ab4003abbf8396b8b25a1f.jpg, 0, 1, 0, 1
000000264828_jpg.rf.a7ce1351a24e114ca6d6b17248159fea.jpg, 0, 1, 0, 1
000000058569_jpg.rf.a7a4fd37bf5c722d60489f17b0c5aa4f.jpg, 1, 0, 0, 0
000000294933_jpg.rf.a7d19fbe2f9a4d39284d720b3f5dfd74.jpg, 0, 1, 1, 0
000000045621_jpg.rf.a7b6f91234920a0c0312193274a2cc43.jpg, 0, 0, 0, 1
000000383731_jpg.rf.a7a700f994d8cc9302e318fad96d81ad.jpg, 1, 1, 0, 0
000000089150_jpg.rf.a784b8f24c71a43e3a49470702d4aeb8.jpg, 0, 1, 0, 0
000000000641_jpg.rf.a7dc7cb4e2645e18d8c48adc3c3b7fc4.jpg, 1, 0, 0, 0
000000485484_jpg.rf.a7efe6965b84a5646f08008961d8510c.jpg, 0, 0, 0, 1
000000067220_jpg.rf.a7e4074b83939d0b82d372b8ab436887.jpg, 1, 1, 1, 0
000000250608_jpg.rf.a7bbd0dd06e54b7cc07b400bf4067e79.jpg, 1, 1, 0, 1
000000477475_jpg.rf.a7c776972e128a7e4042b5676e47b5e3.jpg, 0, 1, 0, 0
000000287210_jpg.rf.a7a3871292f1f1ba9a95540730998c86.jpg, 0, 1, 1, 0
000000229096_jpg.rf.a7dcd058592d1a67826d2d488a056295.jpg, 1, 0, 0, 0
000000372603_jpg.rf.a7b5c9559faa7364179cbe643bb209be.jpg, 0, 1, 0, 0
000000041570_jpg.rf.a8280d48687d87e0c80bcc304d592923.jpg, 0, 0, 1, 0
000000448267_jpg.rf.a7dfe1f29dcf533c49d7bacc5ed8fff0.jpg, 0, 0, 1, 0
000000377231_jpg.rf.a7a23cd6dd2f9651af27412155caf4ec.jpg, 0, 0, 0, 1
000000184820_jpg.rf.a80e162be0a471df10173c333921d2be.jpg, 1, 0, 0, 1
000000500649_jpg.rf.a80cae5ba985dd747e46df69e975445f.jpg, 0, 1, 1, 1
000000061992_jpg.rf.a810b93e91f8e8e95cd5797334ba78ea.jpg, 1, 1, 0, 0
000000055167_jpg.rf.a80d1383f2aceb0f3f1d8a167d4d8b4d.jpg, 1, 1, 0, 1
000000090237_jpg.rf.a7f535cb50111bd2b75bcb238102ab9e.jpg, 0, 1, 0, 1
000000418260_jpg.rf.a827db7b3f5b86f861531869e1a71c14.jpg, 0, 1, 0, 0
000000523729_jpg.rf.a83a77a2fc30d003be1cfbe69f0457e5.jpg, 0, 0, 1, 0
000000260525_jpg.rf.a8337b0cc37a675b31362214b502f3fd.jpg, 0, 1, 0, 0
000000157133_jpg.rf.a812793945920deeff63a4b9edc719f3.jpg, 0, 1, 0, 1
000000400940_jpg.rf.a824e3dba45d0e2a03335628584a7c88.jpg, 0, 1, 0, 0
000000218637_jpg.rf.a834092982d9d4ae40fe8f6994b99510.jpg, 0, 0, 1, 0
000000254789_jpg.rf.a787243e0e5537c799398fe6fa06236a.jpg, 0, 1, 0, 1
000000378711_jpg.rf.a800343fd2b1e7fbac6d62d8578c527a.jpg, 1, 1, 0, 0
000000442945_jpg.rf.a8407e459c7fc56d09a9ed1e4bbf5828.jpg, 0, 1, 0, 0
000000188587_jpg.rf.a8025d73848e06cb05fa452f355d7001.jpg, 0, 1, 0, 1
000000320744_jpg.rf.a84619c30bef650f33ce5d49916d664a.jpg, 0, 0, 1, 0
000000329001_jpg.rf.a84910973d93c5af3d9e1d34a587f9ac.jpg, 0, 1, 0, 0
000000538454_jpg.rf.a86b4771fb9c3c1f60ddf4c806efe208.jpg, 0, 1, 0, 0
000000310391_jpg.rf.a8304185d31b2dba80627a35ce582d5f.jpg, 0, 1, 0, 0
000000543166_jpg.rf.a84d33974a94ef0c80fc906f65ad0bff.jpg, 0, 1, 0, 0
000000554665_jpg.rf.a84beac9d81373e980e3be4eee70c3e1.jpg, 0, 1, 0, 1
000000200274_jpg.rf.a8831351394badc20a33f559b520fbca.jpg, 0, 1, 0, 1
000000022806_jpg.rf.a867aeec0335bda6aa1d833d8f74198c.jpg, 0, 1, 0, 1
000000044151_jpg.rf.a84b08c1d75caa6e1941e984f460151c.jpg, 0, 1, 0, 0
000000313948_jpg.rf.a88527095981d6696823ff570d9d8cb3.jpg, 0, 1, 1, 1
000000523494_jpg.rf.a8a0476e7685b1c3cc27f5c4075fdada.jpg, 1, 0, 0, 0
000000079831_jpg.rf.a855e6474e9273bba60f106b87dea53b.jpg, 0, 0, 1, 0
000000012544_jpg.rf.a897641f6ac7e6f44307b9db41b0ad5a.jpg, 1, 1, 0, 1
000000228566_jpg.rf.a851411681f4009901fa9a5a5d73a410.jpg, 0, 1, 1, 0
000000576012_jpg.rf.a88731d2800464d5cfdf63efc63e62c3.jpg, 1, 1, 1, 0
000000479908_jpg.rf.a8aa19b54e931912fccc47b2f1ac0761.jpg, 0, 1, 0, 1
000000132908_jpg.rf.a87d21119981013b16eab5dc8a9a2774.jpg, 1, 1, 0, 0
000000334735_jpg.rf.a8c02d2c18c56226914b4d8f30435954.jpg, 0, 1, 0, 0
000000185646_jpg.rf.a8c8e476b64bce5f0876fb5982a64d01.jpg, 0, 1, 0, 1
000000406490_jpg.rf.a8c5c88be8499163e38cc5390a82d832.jpg, 0, 0, 0, 1
000000490582_jpg.rf.a8853a33ada5342e460545be0cc7686b.jpg, 0, 0, 1, 0
000000121572_jpg.rf.a8bfe2e66b7eea0ed39191bb36bed53c.jpg, 1, 0, 0, 0
000000576239_jpg.rf.a8949b25463c9c5aeb2f46129faafc9c.jpg, 1, 1, 0, 0
000000345625_jpg.rf.a8b009a7e183de3441b859fc71d67d00.jpg, 1, 1, 0, 0
000000513743_jpg.rf.a8e2de281c5cb8c63c23294235ebbf15.jpg, 0, 0, 1, 0
000000572765_jpg.rf.a8a3c852f6046981f4191a65984b8cbe.jpg, 0, 1, 0, 0
000000338064_jpg.rf.a8c2c908d91d1a6e536c7f30ec0305ca.jpg, 0, 1, 0, 0
000000095518_jpg.rf.a8cfdbf146faf510e7a722f53db70de0.jpg, 0, 0, 1, 0
000000136217_jpg.rf.a8ce24952f5ed2cc7abd46c0eb1ad310.jpg, 0, 0, 0, 1
000000047458_jpg.rf.a8fd1b8263e989a6d36ccd8a5dc7b71f.jpg, 0, 1, 0, 0
000000019085_jpg.rf.a8ca34a1bab30e581980ef62fd61794e.jpg, 1, 0, 0, 0
000000271505_jpg.rf.a8d07a68ab747bf28e849c1b1fa0a766.jpg, 0, 1, 0, 0
000000514083_jpg.rf.a90d00499ddf5b2ebdf8e71fd1c25346.jpg, 0, 1, 0, 0
000000433992_jpg.rf.a90cb520d02a5453d34192153b748452.jpg, 1, 1, 0, 1
000000147653_jpg.rf.a92068bcea241883fcb7cf8191616964.jpg, 0, 1, 0, 0
000000081768_jpg.rf.a8de09502f1d332f96ba877580320d01.jpg, 1, 0, 0, 0
000000434484_jpg.rf.a91eda3c0df702aeb6de817fea61cd60.jpg, 0, 1, 1, 0
000000282901_jpg.rf.a919664c44f2d50404d85e8d6df8cd3d.jpg, 0, 1, 0, 0
000000039514_jpg.rf.a93b1f172e74774b7d9ffa98149f80a7.jpg, 0, 0, 0, 1
000000409739_jpg.rf.a91b61665bdb0e8455c89fd2ba3e3714.jpg, 0, 1, 0, 0
000000118674_jpg.rf.a910ffd0bb2d47fa92cd864d3c0f64ea.jpg, 1, 0, 1, 0
000000079816_jpg.rf.a913fee0c74c71dec1fd44f7131444a1.jpg, 0, 0, 0, 1
000000117413_jpg.rf.a927923327162fd70fd7ad83367f00d7.jpg, 0, 1, 1, 1
000000221293_jpg.rf.a92fd2f61fd53169eb1ea165415b1b03.jpg, 0, 1, 0, 0
000000020517_jpg.rf.a921ce608ea4a45b83b7eeadc1236bdb.jpg, 0, 1, 0, 0
000000206196_jpg.rf.a93c193fafa5e22b2a8289739c8b80b0.jpg, 0, 0, 0, 1
000000511026_jpg.rf.a91e5a12cf41f31ea5befe645cbd2182.jpg, 0, 0, 1, 0
000000130517_jpg.rf.a9513250401361012392ca08484c3d19.jpg, 0, 1, 0, 0
000000192806_jpg.rf.a949f8b20fe0831c30fc86018cafae21.jpg, 0, 1, 0, 1
000000085326_jpg.rf.a91ea62968c14dd932d7f3e91f298bea.jpg, 0, 0, 1, 0
000000236182_jpg.rf.a952a4d2e4e678a71305431a50c90b7e.jpg, 0, 0, 0, 1
000000142822_jpg.rf.a9361794798af1e182ed641a30beeefd.jpg, 0, 0, 1, 0
000000240955_jpg.rf.a937bdb0b601de30467f8113cc31156d.jpg, 0, 1, 0, 0
000000207860_jpg.rf.a99180de7902f9910353faab13c22cdf.jpg, 0, 1, 0, 0
000000222047_jpg.rf.a978a0d876f435fe48ec19a464d7c67c.jpg, 0, 1, 0, 1
000000227657_jpg.rf.a9773e1cf2998b9fff5af198ba7d56e0.jpg, 0, 1, 0, 1
000000345167_jpg.rf.a9a57630107a5401f7cb55877ee3c502.jpg, 0, 0, 0, 1
000000381154_jpg.rf.a9a51b603918d30c326ca051112d3089.jpg, 1, 0, 0, 0
000000219357_jpg.rf.a9926f27e7a493f749ae4f7a20958c9e.jpg, 0, 0, 0, 1
000000219544_jpg.rf.a9b2433b714f5885bb914b2ebff1456a.jpg, 0, 0, 0, 1
000000178635_jpg.rf.a9e40fd0ec6e201e0d04d1d6447cd7ae.jpg, 0, 1, 0, 0
000000290415_jpg.rf.a9a8cb6ea3dac6a3290c34727d0ddf2c.jpg, 0, 1, 0, 0
000000383322_jpg.rf.a95c367dafd614b9861bde6f86bd9f4d.jpg, 1, 0, 1, 0
000000191734_jpg.rf.a9948d09a4403f464c3a48a95f5f6c72.jpg, 0, 0, 1, 0
000000275530_jpg.rf.a9ddd2d19fc35eed0f501f27db72c0c4.jpg, 0, 0, 0, 1
000000256284_jpg.rf.a9e5137375672653b8fb52ddc6583e00.jpg, 0, 1, 0, 0
000000092721_jpg.rf.a9e0a2b8815ae20957695a114e408b07.jpg, 1, 0, 0, 0
000000412141_jpg.rf.a9fc4987eed2fcf6e117e7438a36e928.jpg, 0, 1, 0, 0
000000131084_jpg.rf.a9d91a4a2ff6f04594edc690eb92f3e4.jpg, 0, 0, 1, 0
000000413079_jpg.rf.a9c1aaffa22eff331034cdbe8efd68ab.jpg, 0, 1, 0, 0
000000474378_jpg.rf.a9f34b78d34bbea153baefe2c803b1ad.jpg, 0, 1, 0, 0
000000023019_jpg.rf.a9f725b03c099feef36c821dfa63311a.jpg, 1, 1, 0, 0
000000181436_jpg.rf.aa266f90116385fde3057bb782979660.jpg, 0, 1, 0, 0
000000493829_jpg.rf.aa106c2990c14a202764c53302eab6e7.jpg, 0, 1, 0, 1
000000352317_jpg.rf.a9c9cf300771df5edb184b61ce98da85.jpg, 0, 1, 0, 0
000000167243_jpg.rf.aa203bf7c2738fa53a06503742cea6b2.jpg, 0, 0, 1, 0
000000476034_jpg.rf.aa0834c4d2aee13a01abc0a1c1346e8f.jpg, 0, 1, 0, 0
000000540697_jpg.rf.aa10be75cd68eee7245a507520f3823f.jpg, 0, 0, 0, 1
000000442667_jpg.rf.a9e3795f4259f3a93dafd4594c8f0983.jpg, 1, 1, 0, 1
000000140291_jpg.rf.aa0fb96ec92416132d6913dd8e3724c4.jpg, 0, 0, 0, 1
000000309536_jpg.rf.a9c08f5fd3d9af5646469d613e16df0b.jpg, 0, 1, 1, 1
000000116678_jpg.rf.aa2fc2ad34dc273c5c6a4667d2a3e753.jpg, 0, 1, 0, 0
000000078825_jpg.rf.aa2b8f895d7dcc6af974f2fcd27b54d9.jpg, 0, 0, 0, 1
000000090787_jpg.rf.a9ef994b76b3aa9434bdecf160ff5ed2.jpg, 1, 0, 0, 0
000000543552_jpg.rf.aa33369255e6abcb6878c93e1654fe22.jpg, 0, 0, 0, 1
000000453221_jpg.rf.aa2c74bd834d29075b7c8cd422fc0312.jpg, 0, 0, 1, 0
000000007325_jpg.rf.aa49cbe18f433d900369f96fd012d8e4.jpg, 1, 1, 0, 0
000000575293_jpg.rf.aa366796becad3bf4d37c57b34168a00.jpg, 0, 1, 0, 0
000000372233_jpg.rf.aa1f37fe70e0fd32b137845d10050c52.jpg, 0, 0, 1, 0
000000007253_jpg.rf.aa490edf202a095aba1455f413485a1d.jpg, 0, 0, 1, 0
000000103498_jpg.rf.aa3cfe02f17ac002709f226b23fe9397.jpg, 0, 1, 0, 0
000000191177_jpg.rf.aa5217cd30146e40879e938de48d0428.jpg, 0, 0, 0, 1
000000203616_jpg.rf.aa54856d4bc210e2829c14dc76647b5b.jpg, 0, 1, 0, 0
000000010825_jpg.rf.aa4dcfe3cf261acca95d83da2fef54bf.jpg, 0, 1, 0, 1
000000088401_jpg.rf.aa3e6012e5dfc18a1f7e09b9f8a18bfb.jpg, 0, 0, 1, 0
000000560270_jpg.rf.aa30c3242201c884f53bbc4e41089f1e.jpg, 0, 0, 1, 0
000000491728_jpg.rf.aa4720c9b74b589d3bb7b21dbd984df8.jpg, 0, 1, 0, 0
000000297828_jpg.rf.aa6269f2d505439954f8f90b250107aa.jpg, 1, 1, 0, 1
000000551701_jpg.rf.aa6de42fc3656ab2df211bdf7b46a209.jpg, 0, 1, 0, 0
000000455772_jpg.rf.aa212bd9ead2b0b94d60a25167e0cdd2.jpg, 0, 1, 0, 0
000000566984_jpg.rf.aa5e26858746d229334af1c8dfdbe24e.jpg, 1, 1, 0, 1
000000438485_jpg.rf.aa88079e921ebb4cb24bd1b8bec8a312.jpg, 0, 0, 0, 1
000000030995_jpg.rf.aa6b730ba4d77c6c6a475e9fd52716b0.jpg, 0, 1, 0, 0
000000203734_jpg.rf.aa8f21f250fad584915fac72b48c2bb3.jpg, 0, 1, 0, 0
000000352310_jpg.rf.aa8a2d4be1a59f48eb9e22017989b2a9.jpg, 0, 1, 0, 0
000000390494_jpg.rf.aa82557cd6a4b4d9a65047adf0ce7779.jpg, 0, 1, 1, 0
000000558387_jpg.rf.aa3db8f113b3381221d3ac3d6509df07.jpg, 0, 0, 1, 0
000000478721_jpg.rf.aa806840131aeb1ddc53a51befebe814.jpg, 0, 1, 0, 1
000000578099_jpg.rf.aaadca689263717e8bbb0b281a8a197a.jpg, 0, 1, 1, 0
000000496195_jpg.rf.aa95d4ed993b0d21f7217f01d9cc16f1.jpg, 1, 1, 0, 1
000000224322_jpg.rf.aa9e148587ec17b38a3a499f176d1b7b.jpg, 0, 0, 1, 0
000000046169_jpg.rf.aa9f401edb5694a64e4036938ba48b56.jpg, 0, 1, 0, 1
000000446899_jpg.rf.aa62a4fc5a39e6b9737a5b82e7d74896.jpg, 0, 0, 0, 1
000000111409_jpg.rf.aab08fcfa6d179726675ac668d90f77e.jpg, 0, 0, 1, 0
000000521059_jpg.rf.aa6a420c62d1ab95a9778f9291cbcb78.jpg, 0, 1, 0, 1
000000119113_jpg.rf.aab9581d0acb50616ccff12dfd02a695.jpg, 0, 1, 0, 0
000000191754_jpg.rf.aaa155b54708eb928794a1e13dffc678.jpg, 1, 0, 0, 0
000000116004_jpg.rf.aacf2b9642a4966f13a9929b425df112.jpg, 0, 1, 0, 1
000000281512_jpg.rf.aad8c9802af75a82f70c658b5293472e.jpg, 0, 1, 0, 0
000000568665_jpg.rf.aae8239423b6abca436f6409c7c16115.jpg, 0, 0, 1, 0
000000504099_jpg.rf.aadb856ca7d9ecae2e6a2f1809665183.jpg, 0, 0, 0, 1
000000150942_jpg.rf.aad1c3e58c26424d9b63fac82a38544c.jpg, 0, 1, 0, 0
000000557771_jpg.rf.ab13c947a2a4f08023a0657fa4cb5f23.jpg, 0, 1, 1, 0
000000024608_jpg.rf.aaef089a937c96dee7b6ab6b2cd00470.jpg, 0, 1, 1, 0
000000403432_jpg.rf.aaedc41dca1c806ab1d324ffde5da726.jpg, 0, 0, 1, 0
000000196759_jpg.rf.ab08b486a792c23a46ef5792f4119d93.jpg, 0, 1, 0, 1
000000305323_jpg.rf.ab39f58be9af2415578dd9fd68d392b9.jpg, 0, 1, 0, 0
000000420496_jpg.rf.ab48be3f822a862b46f153a648db4483.jpg, 0, 1, 0, 0
000000296629_jpg.rf.ab4528d82fd44d276c6779cd0274d0c1.jpg, 1, 1, 0, 0
000000373487_jpg.rf.aae84c2c30bd9639bd1dc4a71a52cbfe.jpg, 0, 1, 0, 1
000000008019_jpg.rf.ab2f2d66f5bcd424e88a7b6a1eff93fa.jpg, 0, 1, 0, 1
000000024396_jpg.rf.ab55eac6c58638c410e5a3a395dc1666.jpg, 0, 0, 1, 0
000000080260_jpg.rf.ab28e8f68e288997b60bfb4f4667290f.jpg, 0, 0, 1, 0
000000450037_jpg.rf.ab5149ec205a2ac0aa029db5e8133f86.jpg, 0, 1, 0, 0
000000327105_jpg.rf.aae3e3d189d9739909aa5642b2705b71.jpg, 0, 1, 0, 1
000000365138_jpg.rf.ab12fea1220bc08f460bc92dbc7108cc.jpg, 0, 0, 1, 0
000000238147_jpg.rf.ab21184a735eed7be5c5f7a6c9ffab17.jpg, 0, 0, 0, 1
000000294823_jpg.rf.ab00f5ffcf88409edcda6b736dbc4982.jpg, 0, 1, 0, 0
000000254493_jpg.rf.ab18cd2d1ca3028cb799152cea20f7a0.jpg, 0, 0, 1, 0
000000227224_jpg.rf.ab38221a814bde8ff2f7ca134748e58e.jpg, 0, 0, 1, 0
000000185991_jpg.rf.ab6f4968097667c9e7fbaaa8a91629f2.jpg, 1, 0, 0, 1
000000116556_jpg.rf.ab6f81469811a2694ae65010d877c213.jpg, 0, 1, 0, 0
000000347253_jpg.rf.ab8db92c202c91e18fda76555af6c8e1.jpg, 0, 0, 0, 1
000000263770_jpg.rf.ab6fc17b75bed80c67bb46a2ea586cc1.jpg, 0, 1, 0, 0
000000175500_jpg.rf.ab5d80bb72bf71be13275b12bd38c266.jpg, 0, 1, 0, 0
000000543717_jpg.rf.ab68e84fdffad7ed814eeed2159bd22e.jpg, 0, 1, 1, 0
000000364927_jpg.rf.ab16dde60165a0bc8d36dce885e154e6.jpg, 0, 1, 1, 0
000000384468_jpg.rf.ab4a7828f438d98c672640fb0d24e7cf.jpg, 0, 1, 0, 0
000000033888_jpg.rf.ab34e23e98c23eb5ce3ab28a117f6f31.jpg, 0, 1, 0, 0
000000088094_jpg.rf.ab802586f731eac715e6f6c40aed35fb.jpg, 0, 1, 0, 0
000000382953_jpg.rf.ab936901d164baa4ae23a9e794464bcc.jpg, 0, 0, 1, 0
000000018866_jpg.rf.ab90a3c39244a73b2787019843d2a1dd.jpg, 0, 1, 1, 0
000000288119_jpg.rf.abc686fa8acd3935e43429af1f617617.jpg, 1, 1, 0, 0
000000521472_jpg.rf.ab85515ef8fb4d75e569f88f73383c05.jpg, 0, 0, 0, 1
000000354398_jpg.rf.aafaecff05c9caf9ab59d445f3f2263c.jpg, 0, 1, 0, 1
000000043795_jpg.rf.abb814a1e099b435fa98036824d32afb.jpg, 0, 1, 0, 0
000000388177_jpg.rf.ab9b1cb0cd0e0d5a7d8aacf0d9f032c2.jpg, 0, 1, 0, 1
000000397375_jpg.rf.ab7c7df76e52da58d2c1da06718101db.jpg, 0, 1, 0, 0
000000558587_jpg.rf.ab610ee0b469b58cfe1002c124e6428b.jpg, 0, 1, 1, 0
000000551517_jpg.rf.abb17bd837b77e2f8d2e9bfe06a6c3bf.jpg, 0, 1, 0, 0
000000475947_jpg.rf.abc78e136186c5a3b303d7715e0b934c.jpg, 0, 0, 1, 0
000000063421_jpg.rf.abbe744684129c3ad92ad582624e354d.jpg, 0, 0, 1, 0
000000199339_jpg.rf.ab859930e766645ebb700a38e1f96830.jpg, 0, 1, 0, 0
000000569613_jpg.rf.abcbe00ea055cb6b533eadca5caea431.jpg, 0, 0, 0, 1
000000062200_jpg.rf.abdd7557ade942b8297ff58db42d1699.jpg, 0, 1, 0, 0
000000202617_jpg.rf.ab9aeb7de524b2bd8a81173885bfdfe6.jpg, 1, 1, 1, 1
000000359684_jpg.rf.abcc6b8a8b53faec0be4c67244875104.jpg, 0, 1, 0, 0
000000107386_jpg.rf.abe7ed90a94eb994120da36c7b02faae.jpg, 1, 1, 0, 0
000000298160_jpg.rf.abd2340b0de4e98421e84165a4ccafe5.jpg, 1, 0, 0, 0
000000328350_jpg.rf.abc072672b535b34b8a3f9a45b201906.jpg, 0, 0, 0, 1
000000254008_jpg.rf.abfb2914f35c2cdade41a65d17ed5ea7.jpg, 0, 1, 0, 0
000000223574_jpg.rf.abeed553d51d90fc730cd86e495bd446.jpg, 0, 1, 0, 1
000000190556_jpg.rf.ac3c8b4c3ffd32264060e04fa017e400.jpg, 0, 1, 0, 0
000000556101_jpg.rf.ac29967303b05f804c5460ee4373140a.jpg, 1, 0, 0, 0
000000297798_jpg.rf.ac7ccafd3a2655c98a914f1c6e97d4ce.jpg, 0, 1, 0, 0
000000488764_jpg.rf.ac49086f366c8da0d4dbcb0a15417a44.jpg, 0, 0, 0, 1
000000293756_jpg.rf.abd53d84499c4d3e66e2e203418504cf.jpg, 0, 1, 0, 1
000000318200_jpg.rf.ac31f306879ad155235218190edc74a8.jpg, 1, 1, 0, 0
000000196134_jpg.rf.ac6b150dea7b15da0c6e173f56fa8288.jpg, 0, 1, 0, 0
000000418429_jpg.rf.ac1545e3d437d9b13dfd892994d1632d.jpg, 0, 1, 0, 0
000000462562_jpg.rf.abccde858094c39d69d7852154cd9dce.jpg, 0, 0, 0, 1
000000397665_jpg.rf.ac7d24afd2cc51c8e2dea0d3a175901a.jpg, 1, 1, 1, 0
000000530470_jpg.rf.abe0b80ec4028e9e2b2e257839031723.jpg, 0, 1, 0, 1
000000092752_jpg.rf.abe5e5d6b7d23730a7bfd575df96015d.jpg, 0, 1, 0, 0
000000182064_jpg.rf.ac9239b57e2ca8c2dea72c0cb5a39918.jpg, 1, 1, 0, 0
000000577398_jpg.rf.ac1ad95ff659aa1da8276e9116dcc292.jpg, 0, 0, 1, 0
000000132791_jpg.rf.ac213905f4f1b317e266b98767c5db17.jpg, 1, 0, 0, 0
000000515252_jpg.rf.abfb6d288facbc538d7ce81069960cb8.jpg, 1, 0, 0, 1
000000116196_jpg.rf.ac9fc42f44736292353b8921cd2ac5e3.jpg, 0, 1, 0, 1
000000542510_jpg.rf.ac00d31b1184d4d6b629e2a2bc77cf84.jpg, 0, 1, 0, 1
000000112122_jpg.rf.ac0cae165e373a1cbf8f7729f9bf8a7d.jpg, 0, 1, 0, 0
000000257109_jpg.rf.ac96cf1104b75079718601f70b8bfc05.jpg, 1, 1, 0, 0
000000571690_jpg.rf.aca0d65f3b067ae40671304139e11dff.jpg, 0, 0, 0, 1
000000517296_jpg.rf.ac8faf548603725a3bf9c501ba7df79c.jpg, 1, 0, 0, 0
000000562157_jpg.rf.aca9520340ea49eb00bdee13c6d3e10f.jpg, 0, 1, 0, 0
000000398428_jpg.rf.acb4c829d12f9703d3c98ed3042dce07.jpg, 0, 0, 0, 1
000000253944_jpg.rf.aca69d918d4216147b5624a19ac413b6.jpg, 0, 0, 0, 1
000000184611_jpg.rf.acec388e1d28c5a8b086be1bc6299414.jpg, 0, 1, 0, 0
000000345302_jpg.rf.aca2917ff7cb467284a210dcca244eae.jpg, 1, 0, 1, 0
000000577213_jpg.rf.aca0199f43a63ed4a880d5cc3d1e77ea.jpg, 0, 1, 0, 0
000000178421_jpg.rf.acaeeded7633f6cd290e77ed31685ca3.jpg, 0, 1, 0, 0
000000547745_jpg.rf.acb2ae0a370f48d6609b9d36cc2b8978.jpg, 0, 1, 0, 0
000000483534_jpg.rf.ac3a93cb0646c780c14cd85fefdc360e.jpg, 1, 1, 0, 1
000000000471_jpg.rf.abea4801dd38f6b8880218041e77bf63.jpg, 1, 0, 0, 0
000000322089_jpg.rf.acaebf3a12f5e2f3aff0a9c2a931862c.jpg, 0, 0, 1, 0
000000298649_jpg.rf.acbbcc7ddeee6339d50c6979d49113d1.jpg, 0, 1, 0, 0
000000082523_jpg.rf.acc2d311a05a1bfb5b2fa5c8dece37c6.jpg, 0, 1, 0, 0
000000067580_jpg.rf.ac7248b5a186fa1c662493290a221e67.jpg, 0, 0, 0, 1
000000550569_jpg.rf.ad0aa206ed661c1f253dc9c9474404ad.jpg, 0, 1, 0, 1
000000206430_jpg.rf.ad1341a7d25e313dd84897d8f8d3c20d.jpg, 0, 1, 0, 0
000000147192_jpg.rf.acb7ec03a65f7f4b6e35aa0b3a955a72.jpg, 0, 1, 1, 1
000000526711_jpg.rf.acb8ff36cec37cca6f142d5ffd11dbe4.jpg, 0, 1, 0, 1
000000126936_jpg.rf.ad298aa6ff642586b5551e91ed0f0c05.jpg, 0, 1, 0, 0
000000021632_jpg.rf.acf3cf41a14fa67ba80a95832696d399.jpg, 0, 1, 0, 0
000000415840_jpg.rf.acdcb3a9ffdb4fe5192e27b230a13472.jpg, 0, 1, 0, 0
000000077308_jpg.rf.ad413ad6020bd3e378418a29ecf8c6fd.jpg, 0, 0, 1, 0
000000047687_jpg.rf.acc5c8ac0dad6942a30fe9b446b2ef13.jpg, 0, 0, 1, 0
000000123835_jpg.rf.ad44f88234a261166acbf78f61c21625.jpg, 0, 1, 0, 1
000000008080_jpg.rf.ad686935a2cc29078212ec6774cc2fba.jpg, 1, 0, 0, 1
000000533378_jpg.rf.ad124f0d2339adfd917285092676da59.jpg, 1, 1, 0, 1
000000213215_jpg.rf.ad4320fdf0a2a41bac2d62ee8b9feafa.jpg, 1, 1, 1, 0
000000259766_jpg.rf.ad34711b22da582e81f37026d1bab311.jpg, 0, 0, 1, 0
000000349204_jpg.rf.ad54761184f296d58b677cece76d4113.jpg, 1, 0, 0, 1
000000314986_jpg.rf.acac4488930d4040ea34d95043c9efd8.jpg, 1, 1, 0, 1
000000046260_jpg.rf.ad55573d9471928f227d07b97be4b185.jpg, 0, 0, 0, 1
000000055315_jpg.rf.ad5d70b166e2c953538261c86e9a89ed.jpg, 0, 0, 1, 0
000000255623_jpg.rf.ad7049004990b61f5911841f86ee443c.jpg, 0, 1, 0, 0
000000052759_jpg.rf.ad4e6782dc6775afe24edd338cf81ee9.jpg, 0, 0, 0, 1
000000399784_jpg.rf.ad72ee517cb57439586011cc860ba643.jpg, 0, 0, 0, 1
000000005073_jpg.rf.ad2c974d9a888947b33e2fab92df10e3.jpg, 0, 1, 0, 1
000000343264_jpg.rf.ad6faa5a0cad540b5a8b2fae93f77784.jpg, 0, 1, 0, 0
000000356396_jpg.rf.ad3444d14a3948aa65f6ba05abf466de.jpg, 1, 0, 0, 0
000000398119_jpg.rf.ad7a17861609b724168b2b13ce7b8fed.jpg, 1, 0, 0, 0
000000013497_jpg.rf.ad7d39bc13eedcba618d87a687841845.jpg, 0, 0, 0, 1
000000197807_jpg.rf.adc3e69d30481d50c70779720c5ed0b6.jpg, 0, 1, 0, 0
000000309615_jpg.rf.ad567bac0cb77fd95cd367cc0d4c5148.jpg, 0, 1, 1, 0
000000136369_jpg.rf.adc0a0a891f285107cfd04a514fa8105.jpg, 0, 1, 0, 1
000000305462_jpg.rf.ad8ffaa31fa735bf400fd12534e19f3b.jpg, 0, 1, 1, 1
000000546739_jpg.rf.ad6350e900bfe0722039d2ac37f3e4ad.jpg, 0, 0, 0, 1
000000419978_jpg.rf.ad9c86a42b6639fa668b3fec4077bc86.jpg, 0, 1, 1, 1
000000014380_jpg.rf.ae047d5dd9046bb314ce76767083f5ce.jpg, 0, 1, 0, 0
000000343187_jpg.rf.adfc7a2e5af7d3cfae250cf9c5d06e29.jpg, 1, 1, 0, 0
000000428301_jpg.rf.ada3cb74d67b94ac9e7b2c7ae43bc767.jpg, 0, 1, 0, 0
000000545124_jpg.rf.adbb34f2fe477d8f468d0d9cc2be158a.jpg, 0, 1, 0, 1
000000279454_jpg.rf.adaf388dd4f66a1b980bd5b2b0c90eee.jpg, 0, 1, 0, 1
000000419815_jpg.rf.ade164eff10c7c633a6a0b2c9499d793.jpg, 1, 0, 0, 0
000000073837_jpg.rf.ae04c9a52e16f162929f3577ac550169.jpg, 0, 1, 0, 1
000000143224_jpg.rf.ae15d3281a39d66b0e3c1da9b2740f42.jpg, 0, 1, 0, 1
000000197638_jpg.rf.ade6f73b5c2f5d496d71db91f3b3ef7a.jpg, 0, 1, 0, 1
000000548126_jpg.rf.adec2098e45147b4f65c4c96959ba243.jpg, 1, 1, 0, 0
000000428366_jpg.rf.ade5b2a087a3bdca9512d3b6d93cde18.jpg, 0, 1, 0, 0
000000282899_jpg.rf.add5794f5fa26429ede64e3ada2d9398.jpg, 0, 0, 0, 1
000000127122_jpg.rf.adeceb2341fdeada68aa88fec3b03cd2.jpg, 1, 1, 0, 0
000000013372_jpg.rf.adba17c9f019538aadbd1928953d28a7.jpg, 0, 1, 0, 0
000000268737_jpg.rf.ae173715e9970146bf470e674e1918e3.jpg, 0, 1, 0, 1
000000522959_jpg.rf.adbee9e8590507e5a203f1cc73ccef50.jpg, 0, 1, 0, 1
000000374559_jpg.rf.ac98171ea21229e2fd3cffe569450ea8.jpg, 0, 0, 1, 0
000000405181_jpg.rf.adf507abf4380d98389998ed2df720a0.jpg, 0, 1, 0, 1
000000326639_jpg.rf.adae05779cf8ee478e6307fa9eb571a7.jpg, 0, 1, 0, 1
000000078572_jpg.rf.ae30f8a7f3b1ce3fdad6c7440a935d70.jpg, 0, 0, 0, 1
000000477383_jpg.rf.ae2f852dcbafd379117170d787d70560.jpg, 0, 1, 0, 0
000000060324_jpg.rf.ae2146a9814dfc01c60492fe385ae4d2.jpg, 1, 1, 0, 0
000000393254_jpg.rf.ae45b74bc16f173756006c50d65f4f03.jpg, 1, 1, 0, 0
000000342814_jpg.rf.ae3c873028fbb305ac616ed57c7533e3.jpg, 1, 0, 0, 0
000000491804_jpg.rf.ae36f7b7d25bbf7ea65fa9df7c5905a3.jpg, 1, 0, 0, 0
000000013943_jpg.rf.ae3241b5f756405d36198029303bf76a.jpg, 1, 0, 0, 0
000000369866_jpg.rf.ae24a23b6af0851ee1a824c91c4fe233.jpg, 0, 0, 1, 0
000000077067_jpg.rf.ae5a3c53ac0e6f8ae827f82e1b7dcd6c.jpg, 0, 1, 0, 1
000000250054_jpg.rf.ae695a2d346964c926f4970b12b800e6.jpg, 1, 0, 0, 0
000000240967_jpg.rf.ae58ae6b92baf54162d5d86e402bae6a.jpg, 0, 0, 1, 1
000000281759_jpg.rf.ae7b1ba842e03fc63233e1080358f015.jpg, 0, 0, 0, 1
000000498570_jpg.rf.ae2155695441f996c0fecfad74f6eff2.jpg, 0, 1, 0, 0
000000303566_jpg.rf.ae313f66411542d35c19c48252336db9.jpg, 0, 1, 0, 0
000000220722_jpg.rf.ae54c767e12314cf243c37059d508803.jpg, 0, 0, 0, 1
000000171231_jpg.rf.ae5e2a6b3ef57113908b92cb3afa0742.jpg, 1, 0, 0, 0
000000478320_jpg.rf.ad8960baf327fd7ba8a5e41dc4faf738.jpg, 0, 1, 0, 1
000000219274_jpg.rf.ae65b2386d1d37316dbf73dc54012514.jpg, 1, 1, 0, 0
000000235388_jpg.rf.ae6ae263ee042740e730ec894d68def0.jpg, 0, 1, 0, 0
000000070236_jpg.rf.ae7dc97494efe84c46b9d6899fd1878c.jpg, 1, 1, 0, 1
000000172246_jpg.rf.ae1a480638f7ea86b42ce9f5535c541e.jpg, 0, 1, 0, 1
000000454798_jpg.rf.ae781b0a7da3b4cdf8ae8bc2f06b8f91.jpg, 1, 0, 0, 1
000000353836_jpg.rf.ae8aff840f1149f38b4a90c0119e0b66.jpg, 0, 1, 0, 1
000000560422_jpg.rf.ae8e5c2cca9d8cabe16dfbc8c370ac50.jpg, 0, 1, 0, 0
000000329125_jpg.rf.ae99c9319400d5bb1d74d49e5dae4e2f.jpg, 0, 1, 0, 0
000000178242_jpg.rf.ae5a92d52458e50f96a267bdb8f492dc.jpg, 1, 1, 0, 0
000000559614_jpg.rf.ae858e2f452768da54632ca2f4d877fa.jpg, 0, 0, 0, 1
000000445503_jpg.rf.aebbd9b6a97993e2f6fd6bbb425d285a.jpg, 0, 1, 0, 0
000000032967_jpg.rf.ae9465caace35166d293d112fa3162f5.jpg, 0, 0, 1, 0
000000173595_jpg.rf.ae9a3f920a6ade058a41c28513652dfa.jpg, 0, 0, 1, 0
000000365745_jpg.rf.aea170a6f35842429723a314c66acf2b.jpg, 0, 0, 0, 1
000000032456_jpg.rf.ae7bded0b52c630f913cd55d64e3d79f.jpg, 0, 1, 0, 1
000000043433_jpg.rf.aeb9ab11c3a7210d23df43f9253ca8ca.jpg, 0, 0, 1, 0
000000515701_jpg.rf.ae96fc370c019676185ee47d7539a8b9.jpg, 0, 1, 1, 0
000000513796_jpg.rf.aee75ed4347fe0d11798001e35473ba5.jpg, 0, 1, 0, 0
000000406488_jpg.rf.aea5f321b953f03faa5856ad42d8fdc4.jpg, 0, 1, 0, 1
000000236486_jpg.rf.aeb91aa5332e730ab6b760a1e8815112.jpg, 0, 1, 0, 1
000000373333_jpg.rf.aec83189b64504523dd50fa512bdaae1.jpg, 0, 0, 1, 0
000000468846_jpg.rf.aeec2801dba4d4b0d61c17cd957d6a21.jpg, 0, 1, 0, 0
000000380820_jpg.rf.aea3522260593c5bf0e0b8b66a37ef08.jpg, 0, 1, 0, 1
000000564015_jpg.rf.aebd4bb694b15cc864440b090bbeb950.jpg, 1, 0, 0, 0
000000301373_jpg.rf.aeb1ae22143bbf1618e6b94361a7a5ad.jpg, 0, 1, 0, 1
000000034222_jpg.rf.aea24426bcce5301ca8792091979e49a.jpg, 0, 0, 1, 0
000000271996_jpg.rf.aeabe1c0814925887ffec6d38cd04508.jpg, 0, 0, 0, 1
000000100757_jpg.rf.aee34fa76fc64c7dbc39f7c62a4706c7.jpg, 0, 0, 0, 1
000000116031_jpg.rf.aef0d03e74ba41bd5a981997c5fb5a1e.jpg, 0, 0, 1, 0
000000135116_jpg.rf.aef0fcfee6fa639ead31f7573209954e.jpg, 0, 1, 0, 0
000000460042_jpg.rf.aeba7701b55b828f49c1ca392122aaaf.jpg, 0, 1, 0, 1
000000384402_jpg.rf.aedc390ec3f42b94b32a14b77d4bca71.jpg, 0, 0, 1, 0
000000221200_jpg.rf.ae90872d564c3578c1fd1e2320d026a9.jpg, 0, 0, 1, 0
000000539310_jpg.rf.af05893790af9ebaae56ed56d758f240.jpg, 0, 1, 0, 0
000000344353_jpg.rf.aef15126ac516ab22d78bf7e640bdde9.jpg, 0, 0, 1, 0
000000188889_jpg.rf.af19f4fad47a46b5addaf3ef3ff62b49.jpg, 0, 1, 0, 0
000000311374_jpg.rf.af19398769d5aca02a7b197eab16eac7.jpg, 0, 1, 0, 0
000000068668_jpg.rf.aef1ae6b8a74c49b9493d0c62b0d0f30.jpg, 0, 0, 1, 0
000000274574_jpg.rf.af15c5319c9d6b64521286a526d0ef06.jpg, 0, 1, 0, 0
000000516190_jpg.rf.aefa3a5a269d0b130cfd7ebd3b4d7e6f.jpg, 1, 0, 0, 0
000000285022_jpg.rf.af0ef88735ef5e202bb2388eb0ae27e5.jpg, 0, 0, 1, 0
000000243867_jpg.rf.af11731a46ec0fcef8a153a6b30baf0a.jpg, 1, 1, 0, 0
000000262505_jpg.rf.aeff8484fe99253044f642234728bafa.jpg, 0, 1, 0, 1
000000097391_jpg.rf.af0dd4fce14c12bc90b15df9e97a123d.jpg, 0, 0, 0, 1
000000164183_jpg.rf.af259f739162885fdda4a4513831f2c1.jpg, 0, 1, 0, 1
000000351298_jpg.rf.af577bea2ab60d858839ec1259ab0be2.jpg, 0, 0, 1, 0
000000366734_jpg.rf.af5c1ff444d6efda140f617a82b019c0.jpg, 1, 0, 0, 0
000000403723_jpg.rf.af426b12f70453bdb1a185408fcc25a9.jpg, 0, 1, 0, 0
000000207652_jpg.rf.af1b8deb328e2f9a63fd9410597f44f5.jpg, 0, 1, 1, 0
000000568034_jpg.rf.af2e747bf19ba8a6bcab4a2fb71f3b23.jpg, 0, 1, 0, 0
000000248324_jpg.rf.af1b6a2f0e11548708873529d83009fc.jpg, 0, 0, 0, 1
000000152525_jpg.rf.af3acd839f642e2d9d1ed8d7afa115b6.jpg, 0, 1, 0, 1
000000206394_jpg.rf.af6636f6518f98b0191aabf6926df073.jpg, 0, 1, 0, 1
000000348719_jpg.rf.af2083c02f88d39a85a794f1ec7dc88d.jpg, 1, 0, 0, 0
000000395425_jpg.rf.af6c210388f6e789da9210c0ffa2c43f.jpg, 0, 1, 0, 1
000000175122_jpg.rf.af8219a6d993a68e78a31a160cfbac6c.jpg, 0, 0, 1, 0
000000169360_jpg.rf.af8bf8d9d37a035251c0a56f4c37b75b.jpg, 0, 1, 0, 0
000000020069_jpg.rf.af6fabb516064c3e5cf16175c5c5fd8c.jpg, 0, 1, 0, 0
000000100539_jpg.rf.af5aab7cbb40c81cef0db3af9a935af9.jpg, 0, 0, 0, 1
000000025833_jpg.rf.afa410e67acb4a3f2cccea569f2e62f1.jpg, 1, 1, 0, 0
000000089877_jpg.rf.af6afb1a0262c29546b4670c33a649f4.jpg, 0, 0, 1, 0
000000039791_jpg.rf.af69d2d32246271f3b09c124b4159d77.jpg, 0, 1, 0, 0
000000336464_jpg.rf.afb3cb730b5568ddbb533fa9cff2bfd1.jpg, 1, 0, 0, 0
000000339312_jpg.rf.af95b35561641331895e4f07292b4ef7.jpg, 1, 0, 0, 0
000000262747_jpg.rf.afba1abffc555d0b45cf1bf8b4557b42.jpg, 0, 1, 0, 0
000000163387_jpg.rf.afe0e8bd724c4aba1a342f40a4ceccd5.jpg, 0, 1, 0, 0
000000365611_jpg.rf.afe9250d669b6907f4153f3f45d06818.jpg, 1, 1, 0, 0
000000463600_jpg.rf.afc9d7b56f2b65d4c9929f5d6c1c0b4e.jpg, 0, 0, 0, 1
000000511002_jpg.rf.af9240cf134ee33d0846ae087c91362e.jpg, 0, 1, 0, 0
000000355657_jpg.rf.af64dc3ea8326d1da03e0223a719a67c.jpg, 0, 1, 0, 1
000000471641_jpg.rf.af3b1ee622bc74025dba5c517a0dceea.jpg, 0, 1, 0, 0
000000307315_jpg.rf.afb1bb2d3057c4e7ebec0cfa504d150a.jpg, 0, 1, 0, 0
000000494985_jpg.rf.afcee249b148dc1fef3cd52b4bbe9c86.jpg, 1, 1, 0, 0
000000390288_jpg.rf.afa0170ffae1f832bb92bca66326574c.jpg, 0, 1, 0, 0
000000222929_jpg.rf.af7369574032ffab059c9b2a0ce75c49.jpg, 0, 1, 0, 0
000000528786_jpg.rf.aff91b4d625444348cfd8f060cc49245.jpg, 1, 0, 0, 1
000000284336_jpg.rf.aff2e56988d080a4a1bfb4d2b53cfbf5.jpg, 0, 1, 0, 0
000000336021_jpg.rf.aff5f675b6fe767cd0c844f7189dd872.jpg, 0, 0, 0, 1
000000327919_jpg.rf.af9b6891aed961dda88a1ee8f636e243.jpg, 1, 1, 0, 0
000000077123_jpg.rf.afed9d32070744d4f89cdd7781b6bd17.jpg, 0, 0, 0, 1
000000066717_jpg.rf.af90643244b61df940db82ba287ef1f2.jpg, 1, 0, 0, 0
000000409220_jpg.rf.afe9525b16f18be141eb9d47e3f6a89b.jpg, 0, 1, 0, 0
000000274864_jpg.rf.afbda82276790b54283087999317e80c.jpg, 0, 1, 0, 0
000000293825_jpg.rf.affe780e50e4d0938a261582a4d4f2f3.jpg, 1, 1, 0, 1
000000543689_jpg.rf.b002a311488281a37128c4cb64c57f6a.jpg, 0, 1, 0, 0
000000200668_jpg.rf.b014297873dbe231692000fc169bf689.jpg, 1, 1, 0, 0
000000438964_jpg.rf.b0015ce00736a4eaa52ed2026c78a01d.jpg, 0, 1, 0, 1
000000356612_jpg.rf.b01dc46ade11cc4d8a1438c2136f560e.jpg, 1, 1, 0, 1
000000140963_jpg.rf.b01f6bd57d26daf3320a34a6f30389c8.jpg, 0, 1, 0, 0
000000458123_jpg.rf.affddd38799b01251b1d43fa3e22a797.jpg, 0, 1, 0, 1
000000107564_jpg.rf.b003ddff87832032b5de5cc45d0e41be.jpg, 0, 1, 0, 0
000000032648_jpg.rf.b0272746b10cebf70798eb5c994a5955.jpg, 1, 0, 0, 0
000000186315_jpg.rf.b039d830b6608f8b8a0c8470ce14092e.jpg, 0, 1, 0, 0
000000259022_jpg.rf.afd11a5b6cd824720feb59f9c723bb08.jpg, 0, 1, 1, 0
000000221891_jpg.rf.b01990f51f744334f035726516094938.jpg, 0, 1, 0, 0
000000012240_jpg.rf.afa1c8cff5cff67f21d3f74440453252.jpg, 0, 0, 1, 0
000000408917_jpg.rf.b0365f67603bc58208128a2234c9b276.jpg, 0, 1, 0, 0
000000460702_jpg.rf.b02f2db0ef0b36d21f901f104b7919bb.jpg, 0, 1, 0, 0
000000556969_jpg.rf.b02cb869349b62a219294bdc64e0dc19.jpg, 0, 1, 0, 0
000000447623_jpg.rf.b04e4a0dd2dfdac79f4e4ccb093c4cce.jpg, 0, 1, 0, 1
000000347097_jpg.rf.b022eaef93d741f8e83a3199d8b831f1.jpg, 0, 1, 0, 0
000000509608_jpg.rf.b02b2872ea85b569057d6373c739ae87.jpg, 1, 0, 1, 0
000000096790_jpg.rf.b04c4d6d54e66289fc3db1385d51b1c1.jpg, 0, 0, 1, 0
000000254194_jpg.rf.b054d3e9ce198e7ec9be22bd6dcb2fd7.jpg, 0, 1, 0, 0
000000204074_jpg.rf.affc3d58790ebcecb2c932de213858ca.jpg, 0, 1, 0, 0
000000032907_jpg.rf.b0550926d2e63579316150a07696c1a6.jpg, 0, 1, 0, 0
000000366146_jpg.rf.b02942625ee30351c03e25dcd3a84aab.jpg, 1, 0, 0, 0
000000581008_jpg.rf.b03f1777dd1c763722b8ab9242fabe5f.jpg, 0, 1, 0, 0
000000405620_jpg.rf.b0419fde233d92a7220c317dea2f1eec.jpg, 0, 1, 1, 1
000000069944_jpg.rf.b06a009a89d5b3172128148d31f7ed9f.jpg, 1, 1, 0, 0
000000487957_jpg.rf.b078f352c8c0e9cb46d492e519ffc815.jpg, 0, 1, 0, 0
000000056070_jpg.rf.b07c41a0c7eaab292488e085860350dd.jpg, 0, 1, 1, 1
000000565675_jpg.rf.b097347f6a58bf10199763e45a93f036.jpg, 0, 1, 0, 0
000000494534_jpg.rf.b05ff9cf2eb7c9036a39fa30e4eb5929.jpg, 0, 1, 0, 0
000000417164_jpg.rf.b07ecbce4046df3da60a49ac2a3be79d.jpg, 0, 1, 0, 0
000000128987_jpg.rf.b068dce91779df35ba3b75c4834a3210.jpg, 0, 1, 1, 0
000000062661_jpg.rf.b08407be22464aac2ac073072fa67d5c.jpg, 0, 1, 0, 0
000000034167_jpg.rf.b08886ade24f4898ec38bcc4b2a11d06.jpg, 0, 1, 0, 1
000000184138_jpg.rf.b0970d03bdc8dfbb2585b2b00e3a63e5.jpg, 0, 1, 0, 0
000000438061_jpg.rf.b096a879779e767568c3c91dd753ec95.jpg, 0, 1, 0, 0
000000509620_jpg.rf.b0a8a903dc3a2a3213455c71dece45af.jpg, 1, 0, 0, 0
000000563926_jpg.rf.b04fe5bccffe600999c3dbb79b834ed2.jpg, 0, 0, 0, 1
000000477042_jpg.rf.b027ed1113d47666f7e1cfc2679a0972.jpg, 0, 1, 0, 0
000000470700_jpg.rf.b086600ec24a364f8a4be4c164664c47.jpg, 0, 1, 0, 0
000000178742_jpg.rf.b07ad2f1f7f9b1be00e754472e79e37f.jpg, 1, 1, 0, 0
000000005107_jpg.rf.b083c86040a3e3df897a383c01d1169d.jpg, 1, 1, 0, 0
000000067956_jpg.rf.b09619b2609d6f655178c3bd4f716ae5.jpg, 0, 1, 0, 0
000000192745_jpg.rf.b0a5b4b32f300773e8ba4a6b4c2e61e9.jpg, 0, 1, 0, 0
000000200619_jpg.rf.b0b98e68a82c9b3610751d63ca9fd5bf.jpg, 0, 1, 1, 1
000000224140_jpg.rf.b071b9ffe4eaa66fd39f1b9e51730ddb.jpg, 0, 0, 0, 1
000000272569_jpg.rf.b0bb0fdff5dfcbcaa4b03900c440399d.jpg, 0, 1, 1, 0
000000287503_jpg.rf.b0b6fa680dbf8e47dac9562711b2bf19.jpg, 0, 0, 1, 0
000000039100_jpg.rf.b09d35b65687f44c82a6997b295689f1.jpg, 0, 0, 1, 0
000000165071_jpg.rf.b0db5e6006a1892e139319c4f0846ca3.jpg, 0, 1, 1, 0
000000316648_jpg.rf.b0b8a4d377b5aa3a81e13c26b7f119bd.jpg, 0, 1, 0, 0
000000100901_jpg.rf.b0c2e04ef153c15d04b8141f67560c06.jpg, 0, 1, 0, 0
000000368371_jpg.rf.b0aca1b93148abf9c414147162930b20.jpg, 0, 1, 0, 0
000000510358_jpg.rf.b0c2ebc6dfe90c143887e9fc1d67886b.jpg, 1, 1, 0, 0
000000231508_jpg.rf.b0e669de598945911aaad66c321a7e8b.jpg, 0, 1, 0, 0
000000030828_jpg.rf.b0dca49ebf2f8d8187512fca90502fea.jpg, 0, 1, 0, 0
000000361009_jpg.rf.b1026f3458cdcbbcd95270a800122c5f.jpg, 0, 0, 0, 1
000000502012_jpg.rf.b0e13030ca0c43f2a50fad79230a44f5.jpg, 0, 1, 0, 1
000000511760_jpg.rf.b0ee05c94159ff3927e61a1c045f553a.jpg, 0, 1, 0, 0
000000299962_jpg.rf.b0f3b6ba2191e84d8b59bfe156f0325c.jpg, 0, 1, 0, 0
000000117838_jpg.rf.b0d1589e7f9146ed7657b1ffa6df1a0a.jpg, 1, 1, 0, 0
000000105923_jpg.rf.b0f66c27ea3b2896b575e650413f61e7.jpg, 0, 1, 0, 0
000000027441_jpg.rf.b120db23b598afbb9b638a334818cb47.jpg, 0, 1, 0, 0
000000228105_jpg.rf.b0d8f9bebd218e909f3e4ee7acf60cb6.jpg, 0, 1, 0, 1
000000423617_jpg.rf.b0f045e485c08ec908eea43f40339ce3.jpg, 1, 1, 1, 0
000000503061_jpg.rf.b151864c99dac606e630a9397bcc1354.jpg, 1, 0, 0, 0
000000110961_jpg.rf.b13d58fac8862ff096cbb7f31379aa94.jpg, 0, 0, 1, 0
000000027942_jpg.rf.b122ca374852e0b871b31f01e57b3736.jpg, 0, 1, 0, 1
000000525539_jpg.rf.b10442afd165bf558efffe059e996ee9.jpg, 0, 1, 1, 0
000000444448_jpg.rf.b15c3a3ac125755d4e1fb964ea884c07.jpg, 0, 1, 0, 0
000000368293_jpg.rf.b15593dc09d486ea017db389a53e7bd0.jpg, 0, 0, 0, 1
000000315997_jpg.rf.b15127befa23a0597402e13a605b8102.jpg, 1, 0, 0, 0
000000212573_jpg.rf.b1203b37f3e99e6f3cd633e7af8d7ff4.jpg, 0, 1, 0, 0
000000014073_jpg.rf.b15adfb2843508cd4379e2e8df85bbcc.jpg, 0, 0, 0, 1
000000339844_jpg.rf.b1515109738bc9ee53a7c1843ab70a8c.jpg, 0, 1, 0, 0
000000144646_jpg.rf.b181c67ea55ade008d5f22e37d829a30.jpg, 1, 0, 1, 1
000000429266_jpg.rf.b17fe029ec1d6b63d271a5e515228350.jpg, 0, 0, 1, 0
000000186113_jpg.rf.b155c13e021a371dcf930f06ca16581e.jpg, 1, 0, 0, 0
000000471350_jpg.rf.b180f6d3eee5e32c1562e91c36a38e98.jpg, 1, 0, 0, 0
000000395397_jpg.rf.b18b66ec143942c3fb41de29e07ebdac.jpg, 0, 0, 0, 1
000000460147_jpg.rf.b1607bb24991a305e8c15ae7fbcb56a8.jpg, 1, 1, 1, 1
000000117786_jpg.rf.b123cf8b90bdfc1b0b0d47b4ce8772d7.jpg, 0, 0, 1, 0
000000181481_jpg.rf.b1781bf7025a05a3da1af1f33e1a8966.jpg, 0, 0, 0, 1
000000127400_jpg.rf.b196e443a1700b2cff00b18ce2dcd5ea.jpg, 0, 1, 1, 0
000000213785_jpg.rf.b1017842913164974924c226308fe08e.jpg, 0, 1, 0, 0
000000125684_jpg.rf.b170cf30397855763c3c0d2c39dc003d.jpg, 0, 1, 0, 0
000000433286_jpg.rf.b1ab6931974f2eebaf03a9b64461bbe3.jpg, 0, 1, 0, 1
000000211071_jpg.rf.b1ce245a188af9ef81d174849dcada5f.jpg, 0, 1, 0, 0
000000489695_jpg.rf.b1bf80909d8aa1cafb57241c073cac69.jpg, 0, 1, 1, 1
000000556986_jpg.rf.b1b35be6c80184bfbb0763f52278c889.jpg, 0, 1, 0, 0
000000418113_jpg.rf.b163209db2c7044408a8fc039869d342.jpg, 0, 1, 0, 0
000000227441_jpg.rf.b1b34b49fbd0e19575e8043155f2019e.jpg, 0, 0, 0, 1
000000443086_jpg.rf.b1d6c309236c95f78d6f9e05fbd3ade1.jpg, 0, 0, 0, 1
000000078060_jpg.rf.b1db6511cd5953e12deb74d0480abcc8.jpg, 0, 0, 0, 1
000000195998_jpg.rf.b1bf8b76d2e3a860f55b95f6953d7f4d.jpg, 1, 0, 0, 0
000000403270_jpg.rf.b170c03d8643be15be23b603a52b7a4f.jpg, 0, 1, 1, 0
000000167813_jpg.rf.b1cbdc517b762892449c59eaa02203fa.jpg, 0, 1, 0, 0
000000309322_jpg.rf.b1ad518dd71d45d1be8f690f2c3da081.jpg, 0, 1, 1, 0
000000295007_jpg.rf.b1cbd973d83091bfa10f64f34d579895.jpg, 1, 0, 0, 0
000000024289_jpg.rf.b1cbe334471a65c77a7fdb08dbfbc725.jpg, 0, 1, 0, 0
000000298641_jpg.rf.b1d2d05b76c533c5006fd4fb3c33096d.jpg, 0, 1, 0, 0
000000507882_jpg.rf.b162734dfa4953dd5c23f2ae25671d76.jpg, 0, 1, 0, 0
000000378659_jpg.rf.b19b6ca4cf4f112bbfa4cfa89e727baf.jpg, 0, 1, 0, 0
000000171155_jpg.rf.b1f91d7c86997ecaf33df3a516821b66.jpg, 0, 1, 0, 1
000000395920_jpg.rf.b1ee041d2c2fef9f17c4fc247a2d09bf.jpg, 1, 1, 0, 0
000000049952_jpg.rf.b1ec7fa9043220f4cf2f948ed5c9d0c3.jpg, 1, 0, 0, 0
000000112739_jpg.rf.b20b0292b23be6b19c0c7fd6cf9abda3.jpg, 0, 1, 0, 1
000000332655_jpg.rf.b19579d14648c13400da2a3b400d9cdb.jpg, 1, 0, 0, 0
000000038808_jpg.rf.b2161bb85e44c961a396730dcedf4e39.jpg, 0, 0, 1, 0
000000051045_jpg.rf.b227f2aa61769b2c92556056c5391632.jpg, 0, 1, 0, 0
000000133004_jpg.rf.b22bc8a54814ca4c7da3f0d38fff2f76.jpg, 0, 1, 0, 0
000000039905_jpg.rf.b1f0aca521d135bf18d50257570e0b86.jpg, 1, 1, 0, 0
000000038022_jpg.rf.b2108872d958cfd3bd74b6751aca9243.jpg, 1, 0, 0, 0
000000358301_jpg.rf.b1d5f75b79f6174f85e4291f8e169f34.jpg, 0, 1, 0, 0
000000276707_jpg.rf.b22dfc25ce3f4199cffd1d2769319358.jpg, 0, 1, 0, 0
000000193867_jpg.rf.b234397c9c52ae99db84c7564dbe7dc4.jpg, 0, 1, 0, 1
000000439482_jpg.rf.b222191bc5815b7a291d5249bdc7f3bd.jpg, 0, 0, 0, 1
000000358717_jpg.rf.b22c1ffe8ee69ca68505275174ef2f8e.jpg, 1, 1, 1, 1
000000125365_jpg.rf.b23a3ab8b732d7f4cac6f4e17825f52d.jpg, 1, 1, 0, 0
000000074156_jpg.rf.b24a128107a21ffa1fdf3b0168f57511.jpg, 0, 0, 0, 1
000000492548_jpg.rf.b1e45fe5445c9542e317a1dcd90c0504.jpg, 0, 1, 0, 0
000000113935_jpg.rf.b2425792bd9c71e9b480cd6638e0ed96.jpg, 0, 1, 0, 0
000000033732_jpg.rf.b25f1255e4c0ab64dafc2a08b21bc9f9.jpg, 0, 1, 0, 0
000000495626_jpg.rf.b26de01deb2e6fa8c98cda3fc60b4910.jpg, 0, 1, 0, 1
000000222191_jpg.rf.b25102b273875490e171d0da36b738d4.jpg, 0, 0, 0, 1
000000412445_jpg.rf.b26a89b713d2c479241a5bd58fa6cf04.jpg, 0, 1, 0, 0
000000021459_jpg.rf.b2670645d463a8c4f0db9d6b86756334.jpg, 1, 0, 0, 0
000000300428_jpg.rf.b25df7673dcbada0497889f7adb2427b.jpg, 0, 1, 1, 0
000000554326_jpg.rf.b2489329ce2fd3ea179bb9a675b9ceb9.jpg, 0, 0, 1, 0
000000464111_jpg.rf.b26b497c4368833eb09c46688b808f8f.jpg, 0, 1, 0, 1
000000437028_jpg.rf.b25a13c84b492ea529d7b9f6b4365425.jpg, 1, 1, 0, 1
000000053370_jpg.rf.b25eda12dca2d66872f520d59babb3ff.jpg, 0, 0, 1, 0
000000242771_jpg.rf.b271d8671afe559fe6af83d008f0b753.jpg, 0, 1, 0, 0
000000153321_jpg.rf.b2507fc1eca4bb7a344151c532cce059.jpg, 0, 1, 0, 0
000000456545_jpg.rf.b27bf0ca4429c8e87043553274736a0d.jpg, 0, 1, 0, 0
000000509394_jpg.rf.b2764266d0f2922d00b861999605b94d.jpg, 0, 1, 0, 1
000000288824_jpg.rf.b26d2cd349b1d8dfff07908553e60d3a.jpg, 0, 1, 0, 1
000000575343_jpg.rf.b284ffc7307d6ab0d65b8b607e9112ed.jpg, 0, 1, 0, 0
000000282624_jpg.rf.b28b6a827b7f984c340d5582274204ba.jpg, 0, 0, 1, 0
000000230670_jpg.rf.b290d7983a7af22b75d83491a1944a53.jpg, 0, 1, 0, 0
000000047293_jpg.rf.b283a7b257f4049f9c0c9ebb24b75f14.jpg, 0, 1, 0, 1
000000038417_jpg.rf.b2abf17b4ac13ae33d6aaebff2c713f7.jpg, 0, 1, 1, 0
000000358616_jpg.rf.b2b16b1b9979a6992ee90fa41a87f84c.jpg, 1, 0, 0, 1
000000196804_jpg.rf.b2937e9084d62e870ec10234ab7abbc6.jpg, 0, 0, 0, 1
000000022222_jpg.rf.b27fe36bad95345977fec7a8574a7c52.jpg, 0, 1, 0, 0
000000488251_jpg.rf.b2b458fd0401e29ca73af58c6c939336.jpg, 1, 1, 0, 0
000000044782_jpg.rf.b2b64e392b1c306d05492aa577b2ee5c.jpg, 0, 1, 0, 0
000000477227_jpg.rf.b299be9a716ff839d94016f302d549df.jpg, 0, 1, 0, 1
000000358017_jpg.rf.b2b3c315dc5313fa0628e47683de9b6e.jpg, 0, 1, 0, 0
000000488664_jpg.rf.b2c7fd14bcef4385340f0ad2f07325b0.jpg, 0, 1, 0, 0
000000455340_jpg.rf.b291d2290f88e80f136672fd02aee681.jpg, 1, 0, 0, 0
000000061182_jpg.rf.b2b8cc1d656d751e2791df5e9ec7cd4c.jpg, 1, 0, 0, 0
000000377723_jpg.rf.b2bd320c5e2b0907155846e5d7356643.jpg, 1, 0, 0, 0
000000073187_jpg.rf.b2e5a5270da5c5ec05b205cfac1705d7.jpg, 0, 0, 0, 1
000000253332_jpg.rf.b27b26053108b23f7bb30aa1b2277de6.jpg, 0, 1, 0, 1
000000254296_jpg.rf.b24c60e758f1e3a7b3687d00b1713623.jpg, 0, 1, 1, 0
000000341137_jpg.rf.b2b4e0ddfbfcdae5aab79941a43d9408.jpg, 0, 1, 0, 1
000000122188_jpg.rf.b2e915e7fc3346b8d379d16ea6342a45.jpg, 0, 1, 0, 0
000000250076_jpg.rf.b2b625697152c867126a2454c4662b69.jpg, 1, 1, 0, 1
000000006262_jpg.rf.b2f6f897efcee11728ee1b4b5cda4af4.jpg, 0, 0, 1, 0
000000311510_jpg.rf.b2ca8f3d0bcd6f0d54301c6dce4c2f2b.jpg, 0, 1, 0, 1
000000487942_jpg.rf.b307e612671c3176bf07055566f4483d.jpg, 0, 0, 0, 1
000000189356_jpg.rf.b2f00dc3aeab00020fc0ffae203a4bef.jpg, 0, 0, 1, 0
000000190515_jpg.rf.b2e3d47742517d39b18aa484b25111a9.jpg, 0, 1, 0, 0
000000121430_jpg.rf.b322692c75b07d94e18236093e0391b4.jpg, 0, 1, 1, 1
000000092529_jpg.rf.b3334b76d1a4987029b7aa1f63526c50.jpg, 0, 0, 1, 0
000000427051_jpg.rf.b302377e64c036fa56179c7b98200c38.jpg, 1, 0, 0, 0
000000385448_jpg.rf.b337cb67d2839eebe1a6529cdf32b0dc.jpg, 0, 0, 1, 0
000000386592_jpg.rf.b31790d152322188cc96aa6ccc417627.jpg, 1, 1, 0, 0
000000097939_jpg.rf.b34b3d5a0d47a803fd34f3c8c7e6bfc9.jpg, 0, 0, 1, 0
000000061206_jpg.rf.b30b01493b9b9497a5888e6e6f02db14.jpg, 1, 1, 0, 0
thumbnail_jpg.rf.b308b6d0415b882668850e7aef179e9b.jpg, 0, 0, 0, 1
000000507434_jpg.rf.b2c155f12a78ca980f568e7fa3a580b6.jpg, 0, 1, 0, 0
000000577710_jpg.rf.b339a45d2409e32d465b446a9292298a.jpg, 0, 1, 0, 1
000000577979_jpg.rf.b3409b43034b4378968d23aa63946788.jpg, 0, 1, 0, 0
000000527899_jpg.rf.b31a711e464b81bbf5fb76d1ecc2da66.jpg, 0, 1, 0, 0
000000066144_jpg.rf.b36b7cf42114529a8d8d17c0a86fab13.jpg, 0, 1, 0, 0
000000321107_jpg.rf.b3403003b8298a96195133bfa67c3d13.jpg, 0, 1, 1, 0
000000213506_jpg.rf.b34ca2688429f055cbfa452dd30eaebf.jpg, 0, 0, 1, 0
000000517959_jpg.rf.b3505aace4f9b2525de67400abd98acc.jpg, 0, 1, 0, 0
000000003849_jpg.rf.b37ecb5b2a998e157fb48dc56967de82.jpg, 0, 1, 0, 1
000000133667_jpg.rf.b3352c72aa78111fb251eff9e076a27d.jpg, 0, 1, 0, 0
000000534791_jpg.rf.b2ecaf8d409418b60618d6ba3dd4c4c3.jpg, 0, 1, 0, 1
000000537206_jpg.rf.b37422e5718f07292ab9c9e4b4135700.jpg, 0, 0, 1, 0
000000516239_jpg.rf.b369ffdeac14e7b09c63f9cdb5329517.jpg, 0, 0, 0, 1
000000493286_jpg.rf.b36ec776ee7b0fd300018f231414cb3b.jpg, 0, 1, 0, 0
000000256576_jpg.rf.b37435367284eb7da84ff2a42c7ee541.jpg, 0, 1, 0, 0
000000357963_jpg.rf.b389225edc3b1c4c76db9718ed79262a.jpg, 0, 0, 0, 1
000000354624_jpg.rf.b34da79f189750b642f2b025368c7c89.jpg, 0, 0, 0, 1
000000384626_jpg.rf.b3a5ade63a3673333a6e3dd24e148ad6.jpg, 0, 0, 1, 0
000000250008_jpg.rf.b39ee735f0e4271a239de506a736df40.jpg, 0, 1, 0, 1
000000189850_jpg.rf.b3891085659cdb99fd33f693d4a4f250.jpg, 0, 1, 0, 1
000000101013_jpg.rf.b3d0a146071ec8530e4adc9dec17669e.jpg, 0, 1, 0, 0
000000575008_jpg.rf.b3944a6b93f6dd88d754f3df2f5b9b4b.jpg, 0, 1, 1, 1
000000206876_jpg.rf.b3cc0ec6f73f8b6c46a2d10daf7d95b4.jpg, 0, 0, 0, 1
000000532773_jpg.rf.b382b5ea31478b0b02343a7554542a1a.jpg, 0, 0, 0, 1
000000231402_jpg.rf.b3b2a911cfa7087c47aebab37f5f970b.jpg, 0, 1, 1, 1
000000270918_jpg.rf.b3f8a124b15e49976669fd9fe2a8cb15.jpg, 0, 1, 0, 0
000000259088_jpg.rf.b3bf6321b8c50c9a26f4360e7272bd6a.jpg, 1, 1, 0, 0
000000240681_jpg.rf.b3a398225d2457accb7c24e5e58f0621.jpg, 0, 1, 1, 0
000000092098_jpg.rf.b4250ace97a9a7f25ce25867fc91beb0.jpg, 0, 1, 0, 1
000000032681_jpg.rf.b4278c8f3cd834db3456842906e7889e.jpg, 1, 0, 0, 0
000000183112_jpg.rf.b415566051fee2cc656b25ec77a94ef4.jpg, 0, 1, 0, 0
000000431376_jpg.rf.b413fcd18d4b962d1720934b4a2eddbd.jpg, 1, 1, 0, 1
000000260679_jpg.rf.b3dc9ad64573dbd11eca4b46c800af6f.jpg, 1, 1, 0, 0
000000005213_jpg.rf.b430d80b308a8cec9e2c711a02a12332.jpg, 0, 0, 1, 0
000000041673_jpg.rf.b428d659280fb393c0d5ff66d7f5de3d.jpg, 0, 0, 1, 0
000000521819_jpg.rf.b43c314693f1cac0bf7ac8f8d76ab061.jpg, 0, 1, 0, 0
000000137150_jpg.rf.b436a73ef5235823a26a77968ce93210.jpg, 0, 1, 0, 1
000000013364_jpg.rf.b419edde3e9e84318eeba01fff47b4ee.jpg, 0, 0, 1, 0
000000449152_jpg.rf.b3bdbfd6d4322bef7e8c39afed4c1f83.jpg, 0, 1, 0, 0
000000346621_jpg.rf.b409ed035a4c37be519e5e1d033fbef1.jpg, 0, 1, 0, 0
000000367268_jpg.rf.b3c7241cc23177d42405c965fdd8146b.jpg, 0, 1, 0, 0
000000050125_jpg.rf.b4516a3d6e9ec47587f74a2eef02ec61.jpg, 1, 1, 0, 1
000000361073_jpg.rf.b44b8c0ac4d2fc23a76f0230b2081185.jpg, 1, 1, 0, 0
000000444703_jpg.rf.b3cdbb47082d6bd7e74c057149467b78.jpg, 1, 1, 1, 1
000000015069_jpg.rf.b43fa80d5b5c5677ee6e135e5c48ebb3.jpg, 0, 1, 0, 0
000000101094_jpg.rf.b459ed39c4af31b506df2e4cb67c00c3.jpg, 0, 1, 1, 0
000000031080_jpg.rf.b459903300df6257774b68bb0b3559ee.jpg, 1, 0, 0, 0
000000060513_jpg.rf.b42552f2b50f68940c1ba0ca5050a5cf.jpg, 0, 0, 0, 1
000000440273_jpg.rf.b3d7de97960115f96a407bb08deace79.jpg, 0, 1, 0, 0
000000144130_jpg.rf.b43711175a0718a80a7c38d790c908aa.jpg, 1, 1, 1, 0
000000026274_jpg.rf.b453f83a2ce413137e3f8812e3cae9e0.jpg, 1, 1, 0, 0
000000085601_jpg.rf.b4700bf3d4d511d406c02d0ec50f0d17.jpg, 0, 0, 0, 1
000000137826_jpg.rf.b466f22e6079734cc3ab054259102708.jpg, 1, 0, 0, 0
000000463615_jpg.rf.b4748f5bd0daac8eb215f88bcb8a0abd.jpg, 0, 1, 0, 0
000000010613_jpg.rf.b45b7db1ebb27942d7e4d5ad058b19e5.jpg, 0, 1, 0, 0
000000149123_jpg.rf.b385c062157d195cbee5dd4fe30ed167.jpg, 1, 0, 0, 1
000000513966_jpg.rf.b4b839dcfad71cde0fc59eab1f55d03a.jpg, 1, 1, 0, 0
000000019766_jpg.rf.b478995d3d306e3afbdd0bc80411e95c.jpg, 1, 1, 0, 0
000000406292_jpg.rf.b45344ed000a65701bde259ec6d62d8f.jpg, 1, 0, 0, 1
000000482295_jpg.rf.b473684dabf7f3000cd7983fa2652da8.jpg, 0, 0, 1, 0
000000557843_jpg.rf.b4ab88bbe22a0f783aa5354ff898d7e4.jpg, 1, 0, 0, 0
000000344702_jpg.rf.b4b4b8a65f8eef3efd652323aaf7ccf0.jpg, 1, 1, 0, 1
000000039495_jpg.rf.b4bd5de9bcfd6eefa0689387b046d1e7.jpg, 0, 1, 0, 0
000000471013_jpg.rf.b4b57c6923ad3da93435c94d3fda6495.jpg, 0, 1, 0, 0
000000298014_jpg.rf.b47d1604abf55f33fe581ce721040c6e.jpg, 0, 1, 0, 0
000000194306_jpg.rf.b4b4eabc8a08e8fb5ed7ecb64e58042a.jpg, 0, 1, 0, 0
000000069286_jpg.rf.b4971ed36efd8a903658788b48177a68.jpg, 0, 0, 0, 1
000000323827_jpg.rf.b4762d568ef9ce0e38202f003486cc50.jpg, 1, 0, 0, 0
000000129722_jpg.rf.b4a267c2e3b84a7e661285128bbd1175.jpg, 1, 1, 0, 0
000000329024_jpg.rf.b48a165becd2f45bc531c0c8fd5b5271.jpg, 0, 1, 0, 0
000000005535_jpg.rf.b4c05219496e0aec17840b8d80ad7efa.jpg, 1, 0, 0, 0
000000214777_jpg.rf.b4c0ac7d7d8e27578854100b860430a9.jpg, 1, 1, 0, 0
000000194455_jpg.rf.b4cddba658f6b3b4592dc6c3ddf94702.jpg, 0, 1, 0, 0
000000304748_jpg.rf.b4cc84087265d4b0b1ec7d50a8761881.jpg, 0, 1, 0, 0
000000437120_jpg.rf.b4d6a2ee362db647835e4f78177660d5.jpg, 1, 0, 0, 0
000000504494_jpg.rf.b4bbe5d19d610154fdf05eccf6ed91d3.jpg, 0, 0, 1, 0
000000225848_jpg.rf.b4ed4be2f10bbb98c556e0d76adaccf2.jpg, 1, 1, 1, 0
000000388303_jpg.rf.b4e80653751a6131a06a42b57c70e0ad.jpg, 0, 1, 0, 0
000000557552_jpg.rf.b4886e8301bf9fbb701df396ba122a90.jpg, 0, 1, 1, 0
000000344307_jpg.rf.b4c1274061ab730192fdef9f0f33b54e.jpg, 1, 0, 0, 1
000000422105_jpg.rf.b5095455c23ba500ecf398a030f55d10.jpg, 0, 1, 1, 0
000000469556_jpg.rf.b50675660c1188db1496493c772dd2c8.jpg, 0, 1, 0, 1
000000524216_jpg.rf.b4f06338299e7ce65e370d1f85140953.jpg, 1, 1, 0, 0
000000461609_jpg.rf.b4f1a2406d9e4eed18b1d46cefcb00f1.jpg, 0, 1, 0, 1
000000160490_jpg.rf.b4e3052106ee207c4881c8647ab8c54d.jpg, 0, 1, 1, 1
000000020777_jpg.rf.b4b5d5340e75f7cd0984c9986375229f.jpg, 0, 0, 0, 1
000000289158_jpg.rf.b50002a11e2840c441a1a96aad0d5557.jpg, 0, 0, 0, 1
000000381117_jpg.rf.b5195156d476b1a946dd7e10e66d0112.jpg, 0, 1, 0, 0
000000133145_jpg.rf.b502fd0089e76623132be7493259bb53.jpg, 0, 0, 0, 1
000000565501_jpg.rf.b525ecd37a77b6211954fdfe6c061526.jpg, 0, 1, 0, 0
000000055053_jpg.rf.b51898c0697ed0b25b2e4463c9e945a5.jpg, 0, 1, 0, 0
000000177353_jpg.rf.b506c13be70917e8e028bbcfcf0e4d4d.jpg, 0, 1, 0, 0
000000451944_jpg.rf.b52cc00103b2de6fb3ba7ebb2281ba9d.jpg, 1, 1, 0, 0
000000486388_jpg.rf.b53d798800f5baa29563aabcdfe24212.jpg, 0, 1, 0, 0
000000168260_jpg.rf.b4e393ed44562b8201c9c914856a594a.jpg, 0, 0, 0, 1
000000292893_jpg.rf.b515317dc75ae8fdf50ede489cd3ec28.jpg, 0, 1, 0, 1
000000249675_jpg.rf.b54aebdbe7734b6e75b8695420ac9d5a.jpg, 1, 0, 1, 0
000000128833_jpg.rf.b5472358128172f72f1625b312b080e9.jpg, 1, 1, 0, 0
000000228647_jpg.rf.b582bc7bf9d19046e08c36aa6569a9ce.jpg, 0, 1, 0, 1
000000404165_jpg.rf.b518b3cdcf35ea60437ea3b2b4a4d495.jpg, 0, 0, 1, 0
000000172361_jpg.rf.b56b58e8a6c4887f83ccf50c4bdc46c6.jpg, 1, 0, 0, 0
000000581081_jpg.rf.b58270380a57b73b793a5564ec240040.jpg, 0, 1, 0, 1
000000563542_jpg.rf.b550bef49c2a213222021c385f675810.jpg, 0, 1, 1, 0
000000314109_jpg.rf.b57037f18d8510fe8691f6ce419ad0ea.jpg, 1, 1, 0, 0
000000377235_jpg.rf.b59810de460b2ad43da2603b52abc5d8.jpg, 0, 1, 0, 1
000000197383_jpg.rf.b5b14e3f242269c9aa5771715b91ea57.jpg, 0, 1, 0, 0
000000308175_jpg.rf.b591ac3998b54d7fa48399781691b07e.jpg, 1, 1, 1, 1
000000459912_jpg.rf.b5a1690874a9808606f475eea588c272.jpg, 0, 0, 1, 0
000000560943_jpg.rf.b5a36b9edc554f24d12292f1be608f95.jpg, 0, 1, 1, 0
000000117380_jpg.rf.b5744fb64243fa2b4b186045a8479987.jpg, 0, 1, 1, 0
000000354863_jpg.rf.b59f3fb7273904db73f8cb7db825e1ce.jpg, 0, 1, 0, 1
000000268681_jpg.rf.b59dca5b88884d99fce0c43e0d70ed5f.jpg, 0, 1, 0, 0
000000341845_jpg.rf.b5aa16ef3eea08bc9f6c08434ebd9483.jpg, 0, 1, 0, 0
000000049444_jpg.rf.b599659ea5a55c2fb540169b9e02623e.jpg, 0, 1, 0, 0
000000138095_jpg.rf.b5517fd02a39093983600440ef56aff4.jpg, 0, 1, 0, 0
000000138288_jpg.rf.b5b611a33698e940933d6377a52ab1ce.jpg, 0, 0, 0, 1
000000176732_jpg.rf.b583b3682eaf2b47ed7ea7a562c2851a.jpg, 0, 1, 0, 1
000000131225_jpg.rf.b5a238c42262cc110937278825444216.jpg, 1, 0, 0, 0
000000275558_jpg.rf.b5cb771528866237199ad2b7152ab99c.jpg, 0, 1, 0, 0
000000037169_jpg.rf.b5c6ee628752eeb44ac71b7fa731af89.jpg, 1, 1, 0, 0
000000566249_jpg.rf.b58c4a9ca0575c3f3349df9a1edc2ec3.jpg, 0, 1, 1, 1
000000242208_jpg.rf.b5560d49cbb0c38461f4c1c9daeae10f.jpg, 1, 1, 0, 0
000000000650_jpg.rf.b5a4080ec76d0b870dfd5565b4bbae35.jpg, 0, 1, 0, 0
000000578070_jpg.rf.b5d5511dbd2fe2ef9891a705dc573e3e.jpg, 1, 0, 0, 0
000000318780_jpg.rf.b5c8a63836100d1a46b6602e16901378.jpg, 0, 0, 1, 0
000000160443_jpg.rf.b5c89bf1f42559a21e1092505376a81d.jpg, 0, 0, 0, 1
000000278435_jpg.rf.b5e7827d7fd0b0c7d4c8fa4c9cd2c027.jpg, 0, 0, 1, 0
000000412455_jpg.rf.b5dc08b429336ab54d0feab8d03e8d98.jpg, 0, 1, 0, 0
000000266278_jpg.rf.b5f4dfe491a71c026fa6c6510a07994d.jpg, 0, 1, 0, 0
000000118950_jpg.rf.b5bcff97e5a3bb4cfc5a8e9ba797c809.jpg, 0, 0, 0, 1
000000096084_jpg.rf.b5d74e596ce160985f77fbb936f9e480.jpg, 0, 1, 0, 0
000000213475_jpg.rf.b5f8c1bb1d447f46ba425ce9831306b4.jpg, 0, 1, 0, 1
000000316867_jpg.rf.b601aedf973acc8dce7fb74d766e4da0.jpg, 0, 0, 1, 1
000000241082_jpg.rf.b5b279af6085f50a83eabf918c9ce959.jpg, 0, 1, 0, 0
000000406139_jpg.rf.b60c3b7e4eb1d4d0a8ee9d938ea17ddd.jpg, 1, 1, 0, 0
000000144505_jpg.rf.b5e9cc0b8b9244fae109dc3382fa9b40.jpg, 0, 0, 0, 1
000000448078_jpg.rf.b606f5634a53926064d13c08a0619fe7.jpg, 0, 1, 0, 0
000000253323_jpg.rf.b6060abc13f0a2f6a6d5a72d2f6a4b00.jpg, 1, 0, 0, 0
000000509579_jpg.rf.b5ef6ad2fb614ab4f556bcc8ce23b6f3.jpg, 0, 1, 0, 0
000000217383_jpg.rf.b613c7423ecf16e17e0ccdb8d8aa06a6.jpg, 0, 0, 0, 1
000000244387_jpg.rf.b644cd137bc8c041a069ec0eb19769a9.jpg, 0, 1, 0, 0
000000330766_jpg.rf.b606971a713a35ee4a7821a18b0f202a.jpg, 0, 1, 0, 0
000000128709_jpg.rf.b64150edc6bd0ca0f1d208789d7dc505.jpg, 0, 1, 0, 1
000000461549_jpg.rf.b6875aca1b37c0486b2b7fb2214b1f91.jpg, 1, 0, 0, 0
000000383163_jpg.rf.b659590e5b7583202dfb04a77e528c93.jpg, 0, 0, 0, 1
000000365652_jpg.rf.b68c458acf688fa86cb608f8808fd04b.jpg, 0, 0, 1, 0
000000038558_jpg.rf.b6020085b1cbdd41e30b800b2d1254fc.jpg, 1, 1, 1, 0
000000249291_jpg.rf.b6a3c3037dbf57b42d8949fb1a09f681.jpg, 1, 1, 0, 1
000000309696_jpg.rf.b6999fbe4b1572e2647320e1210cb847.jpg, 0, 1, 0, 0
000000439946_jpg.rf.b6627ba6ed0ebc319b6699713f67e296.jpg, 0, 1, 0, 0
000000293785_jpg.rf.b5fbbf6bc4db80a9cec1b8727a125fe9.jpg, 0, 1, 0, 1
000000278548_jpg.rf.b638cfb4dfd8284dedc67fc620ebad39.jpg, 0, 1, 1, 1
000000047700_jpg.rf.b61adccb55a8a4c43104ff108de23d30.jpg, 0, 0, 0, 1
000000232292_jpg.rf.b6a5cda742a39dbe63087999dacb9633.jpg, 0, 1, 0, 0
000000122839_jpg.rf.b68450493d12e3bad998d538ac4c1923.jpg, 0, 1, 0, 0
000000211431_jpg.rf.b6574f99a0e2b528631fab6069a8c55e.jpg, 0, 0, 1, 0
000000486045_jpg.rf.b69f24bc83d3e3da194086e44dc124fe.jpg, 0, 1, 0, 1
000000085291_jpg.rf.b6a4a9cbb9866c4b6f40e8146fc75d03.jpg, 0, 1, 0, 1
000000032295_jpg.rf.b664c3872438275a80cfc6692b2139e4.jpg, 0, 1, 0, 0
000000388316_jpg.rf.b699199288a62fe9b64416e1c68ba50c.jpg, 1, 1, 0, 0
000000341645_jpg.rf.b690725930d9cbac49344d7383571ed5.jpg, 0, 1, 0, 1
000000508025_jpg.rf.b69b5fa93d8de7a198d4e917e9f36ea9.jpg, 0, 0, 1, 0
000000563734_jpg.rf.b6b1f2154a5f09605820618457f67d62.jpg, 1, 0, 0, 0
000000236075_jpg.rf.b5fa1592667e178854bdf48e327c614e.jpg, 1, 0, 0, 0
000000448061_jpg.rf.b690ae20ed65de7a6aad05655aacf125.jpg, 0, 0, 0, 1
000000121506_jpg.rf.b6bcda02d605277b96343813a8083d25.jpg, 0, 1, 0, 0
000000474208_jpg.rf.b6b9ffff769efaeaa962469281408dad.jpg, 0, 1, 0, 0
000000106513_jpg.rf.b69c45dead64d6f92c3ac18f402812c3.jpg, 1, 1, 0, 0
000000127454_jpg.rf.b6ec73a6b495fcc29da39f43adbf87e2.jpg, 1, 1, 0, 1
000000206636_jpg.rf.b6e75f281e35d9f54a181456dc50cdee.jpg, 0, 1, 0, 0
000000229559_jpg.rf.b6cbf0092e1edd55b032cf3154448992.jpg, 0, 1, 0, 1
000000468483_jpg.rf.b6c227c3ce4c580cc3b73dd8ecfa7412.jpg, 0, 1, 0, 1
000000536842_jpg.rf.b6ed654450168944f9b2461a40a06bdb.jpg, 1, 0, 0, 0
000000003988_jpg.rf.b6cc8c15f86a633fec03f5845904a5d3.jpg, 1, 1, 0, 1
000000554564_jpg.rf.b7170b72c3ebdb29b9f96aebfcaf3fc7.jpg, 0, 1, 0, 0
000000219225_jpg.rf.b704bdb9c7c7b8fb8f2851bfee1bbf06.jpg, 0, 1, 0, 0
000000330133_jpg.rf.b6a0abd744025f65a139f31d37dbcdff.jpg, 0, 1, 0, 0
000000538255_jpg.rf.b70a2b441faf7758bfe9affe188f4a68.jpg, 1, 0, 0, 0
000000298147_jpg.rf.b6ed21ec28a4094ec45a46678e9d3e81.jpg, 0, 1, 0, 1
000000174391_jpg.rf.b710602963a34a5278c2bbb8df86a1d2.jpg, 0, 1, 0, 0
000000417742_jpg.rf.b6e4e39d9ab08803a595ff0f7d325950.jpg, 0, 1, 0, 0
000000368515_jpg.rf.b6ea43fdeb1bcc38643fb3c9b42e63ce.jpg, 0, 1, 0, 0
000000170784_jpg.rf.b6ea0e510142ae64e86f767315f9e5ed.jpg, 1, 0, 0, 0
000000422063_jpg.rf.b7214ca8c13bd2a094fc1ca90471d1fa.jpg, 0, 1, 1, 1
000000485064_jpg.rf.b71d8abb030222e9ad04c34ca4b9d902.jpg, 1, 1, 0, 1
000000045634_jpg.rf.b70113831664a939048252e0ffa1a7f8.jpg, 0, 0, 0, 1
000000339446_jpg.rf.b7060a194b262dc4be7c3dc41c691c51.jpg, 0, 0, 0, 1
000000325768_jpg.rf.b72298df3d3cc948d8bb2730f9ba0b2e.jpg, 0, 0, 1, 0
000000530433_jpg.rf.b6eed84bd1bb8195d8807c1ef3aa46cf.jpg, 1, 1, 0, 0
000000264214_jpg.rf.b6def9081ea4c6d47560af88254acc91.jpg, 0, 0, 1, 0
000000223086_jpg.rf.b73958604c12a45cabc2fb9ccdc4310c.jpg, 0, 1, 0, 1
000000558124_jpg.rf.b73dc1e60fd09231f68ac39b18a2aa15.jpg, 1, 1, 0, 1
000000146091_jpg.rf.b711bb4b6e09b25b1e82b6a53f49cb7d.jpg, 0, 1, 0, 0
000000103678_jpg.rf.b750a5f23849f40b33aa4046dfa9cc4e.jpg, 0, 1, 0, 0
000000184942_jpg.rf.b74b71d82456138c1eb89264b9ded698.jpg, 0, 1, 1, 0
000000333546_jpg.rf.b757c066043ca8c6bfa0d555b8d8f34a.jpg, 0, 1, 0, 0
000000517674_jpg.rf.b719987c58c1e35060b201cc23c5decb.jpg, 0, 1, 0, 0
000000171848_jpg.rf.b75ab88944e9aa131cc7bfd8e8106485.jpg, 1, 0, 0, 0
000000209544_jpg.rf.b74d505bdea031425a41efb34768a2d6.jpg, 0, 1, 0, 1
000000344844_jpg.rf.b74b93ff3896bc1aae36f84619aa4b7f.jpg, 0, 0, 0, 1
000000323476_jpg.rf.b7678302ed97a6a28495fa015fc31dce.jpg, 0, 1, 0, 1
000000429710_jpg.rf.b74641954a699f2945d226695e232ced.jpg, 0, 1, 0, 0
000000319855_jpg.rf.b7853bcff9e4dc3e4a715c17c8e01004.jpg, 0, 0, 1, 0
000000286632_jpg.rf.b75d79563e3e675cf6392a517e1a7883.jpg, 0, 1, 1, 0
000000267372_jpg.rf.b79600447b9e3e2aa12ea0098b858bfd.jpg, 1, 1, 0, 0
000000277503_jpg.rf.b758e334148a58564563f4759a4943ca.jpg, 0, 1, 0, 0
000000331289_jpg.rf.b78e4449179df173b044f5bc57f57049.jpg, 0, 0, 1, 0
000000149669_jpg.rf.b775c9d58de3c853c025f5a8720ceb6a.jpg, 1, 0, 0, 0
000000280187_jpg.rf.b79de56047112049e7991fc4fe943109.jpg, 0, 1, 0, 0
000000330358_jpg.rf.b78dbace6e674ec962fe32b3a898dbb5.jpg, 0, 1, 0, 0
000000088462_jpg.rf.b76855fb23fb65bcd386d9c94c92ce4c.jpg, 1, 1, 0, 0
000000002823_jpg.rf.b7aff3d20d66fcfaa07bb7450b35396c.jpg, 0, 0, 1, 0
000000529952_jpg.rf.b79a7fde5b29e4de782fed0efbf5b3dd.jpg, 0, 0, 0, 1
000000276323_jpg.rf.b75aa7019655838525da52167f2ca792.jpg, 0, 0, 1, 0
000000254571_jpg.rf.b7a80db055dae1e138b51dd1bd96653c.jpg, 0, 0, 1, 0
000000073163_jpg.rf.b7d2b6025500ec12b6f2d9ec4376ece1.jpg, 0, 1, 0, 1
000000065924_jpg.rf.b7cce52571c3feb042c82b400a92da3c.jpg, 1, 1, 0, 0
000000170506_jpg.rf.b7cba388c8291abf76834685ce9c4461.jpg, 0, 1, 0, 1
000000094015_jpg.rf.b7684532ec10a96ef6266b349985bd57.jpg, 1, 0, 0, 0
000000395339_jpg.rf.b7eda5ad415628e03f60ca268ca001ce.jpg, 0, 0, 1, 0
000000126264_jpg.rf.b7d285d5d8abd173b47345a08059a996.jpg, 0, 1, 0, 0
000000458424_jpg.rf.b7e99ebbff13917e0907719dccf26d20.jpg, 0, 1, 0, 0
depositphotos_155408738-stock-photo-jeepney-parking-on-street-in_jpg.rf.b7d94450770ac44d67188b032ed3e4b5.jpg, 0, 0, 0, 1
000000072728_jpg.rf.b7d0ca69f98f085cb0d9d67d42edda31.jpg, 1, 0, 0, 1
000000556363_jpg.rf.b801babda31310c5707db11c7a82d0c0.jpg, 1, 1, 0, 1
000000215481_jpg.rf.b7ff20810fb1911c8482d200ca7627d2.jpg, 1, 0, 0, 0
000000231368_jpg.rf.b7d833990f615cc585943f92d62ea067.jpg, 1, 1, 0, 1
000000213728_jpg.rf.b802c3ce8969d9bbf3629470ba44f61c.jpg, 1, 1, 0, 0
000000428320_jpg.rf.b7ef37dd8e97a2cc484f890600dbd840.jpg, 0, 1, 0, 0
000000093483_jpg.rf.b80222ccc2ff7ebed7da4de870469e5c.jpg, 0, 1, 0, 0
000000241440_jpg.rf.b80346e5a5a023c994c6b26e1ac70239.jpg, 0, 1, 0, 0
000000290174_jpg.rf.b7f7ff9ef0af40e7d397bd826b507a33.jpg, 1, 1, 0, 0
000000458338_jpg.rf.b7c800ba628a34cf0cc85503a7ddde70.jpg, 0, 1, 0, 0
000000477800_jpg.rf.b7f4f4ae04a0b75b765d6d81643c1744.jpg, 1, 0, 0, 0
000000314570_jpg.rf.b7bd9a52a8b11f1cf0aa1cadc00f5350.jpg, 1, 0, 0, 0
000000236674_jpg.rf.b80722e4174cfaa18f011b6cc9995891.jpg, 0, 1, 0, 1
000000169499_jpg.rf.b8190b8f67ce5f554d93597e80b89512.jpg, 1, 1, 0, 1
000000322350_jpg.rf.b8231a58807feb79d648fe5e5f97d522.jpg, 0, 0, 0, 1
000000565650_jpg.rf.b8238184b987856dd005b59dfa12f6bc.jpg, 0, 0, 1, 0
000000362123_jpg.rf.b83c378e56cf8ce4baf163add79eefa7.jpg, 0, 1, 0, 0
000000321195_jpg.rf.b82932719de62c1f2c627972330ec2de.jpg, 0, 1, 0, 1
000000017472_jpg.rf.b828f968124cb73718cf0408519dd7a3.jpg, 0, 1, 1, 0
000000465266_jpg.rf.b86a8ab61ed843406b71ff286cfa4170.jpg, 0, 1, 0, 0
000000118989_jpg.rf.b85e5bcd53b62960bb56838fc7d7d13f.jpg, 1, 0, 0, 0
000000037030_jpg.rf.b84dc5d76e6ac78bf4df84c16e7ce8ee.jpg, 0, 0, 0, 1
000000245013_jpg.rf.b838127103faf18e75d4af0fee369687.jpg, 0, 1, 0, 0
000000152711_jpg.rf.b8749dcf78380a5250a65829e6742a3d.jpg, 0, 1, 0, 1
000000574665_jpg.rf.b8623b4cfb8a852b58f08ebcbd576ea5.jpg, 0, 0, 0, 1
000000397514_jpg.rf.b869357f578825a4e8ce5aa04541455a.jpg, 1, 0, 0, 0
000000363171_jpg.rf.b866edbcf6cf28d3feaa63847cbb1c75.jpg, 0, 1, 0, 0
000000474906_jpg.rf.b8559c50ca5c3c8ef4ae36239bade931.jpg, 0, 1, 0, 1
000000454039_jpg.rf.b76b8bfb57a47c1c650b4133c5b88165.jpg, 0, 1, 0, 1
000000431812_jpg.rf.b852111742fd959ece8a06a5cbd361d5.jpg, 0, 1, 1, 0
000000318117_jpg.rf.b882d75d9b5cbc091f4fca18dc95d540.jpg, 0, 1, 1, 0
000000422563_jpg.rf.b83e666e9cdc461b771a70363956874d.jpg, 1, 1, 0, 0
000000158053_jpg.rf.b862ce5874ee5f7d1ff8e29eeadb1fb4.jpg, 0, 0, 0, 1
000000561962_jpg.rf.b8a40e300d7ae3dc7e524697d078bbad.jpg, 0, 1, 0, 0
000000377412_jpg.rf.b866075169172751d81801174324b9b7.jpg, 0, 0, 0, 1
000000374192_jpg.rf.b89c3534d95ade76c1217b22f46451b7.jpg, 0, 1, 0, 1
000000314357_jpg.rf.b8a2fc69457c21e228b0c728d496ee3b.jpg, 0, 1, 0, 0
000000176372_jpg.rf.b89b5e4e65c2d9a7817ea821445c4014.jpg, 1, 1, 0, 0
000000002860_jpg.rf.b845007dac0790774941bd59d9040b38.jpg, 0, 1, 0, 0
000000366342_jpg.rf.b83a81ec2cfb42b49ef317c265f200f7.jpg, 1, 0, 0, 0
000000169377_jpg.rf.b890cb410b59fb55f7ef048cbb46fadf.jpg, 0, 0, 1, 0
000000083973_jpg.rf.b88098dbf6a168dc34066e5513fed854.jpg, 1, 1, 0, 1
000000543728_jpg.rf.b8c3a33b02201ff4ca0c2807c9c3ed54.jpg, 0, 1, 0, 0
000000352120_jpg.rf.b8a54c8b63c592a276826476c5010f22.jpg, 0, 1, 0, 0
000000573775_jpg.rf.b8990fc835d11de748b4832edd2f94f4.jpg, 0, 1, 0, 1
000000057647_jpg.rf.b88ef3fe9bb91fa708a226b733094459.jpg, 0, 1, 0, 0
000000278796_jpg.rf.b844debdfbd25239dde262dd19488026.jpg, 0, 1, 0, 1
000000294813_jpg.rf.b8a6aadc859cd75b591dd15bbe657b28.jpg, 0, 1, 1, 0
000000130553_jpg.rf.b8ccd36b9916bf9d8b57b05faa0a60d8.jpg, 0, 0, 1, 0
000000323672_jpg.rf.b8c92a60c2812552d90412ba5442be72.jpg, 0, 1, 0, 0
000000495252_jpg.rf.b8e550a41691b63a608b5190885128af.jpg, 0, 1, 0, 0
000000098043_jpg.rf.b8c3b973d4fc81b47344e165807f35e9.jpg, 0, 0, 1, 0
000000561885_jpg.rf.b8cee2b4bcad56de3a9eb73960dfd8f0.jpg, 1, 1, 0, 0
000000495641_jpg.rf.b8cd83b95035b58e973dbda18349e673.jpg, 1, 1, 0, 1
000000137745_jpg.rf.b8959f0908bd2b4e9ea160ad35dcea04.jpg, 0, 1, 0, 0
000000036041_jpg.rf.b8c4c0323de4acd4c5df4e2891591c32.jpg, 0, 0, 1, 0
000000476005_jpg.rf.b8de2bf4a728ca0fc7052e6245b2f6be.jpg, 1, 1, 0, 0
000000290026_jpg.rf.b8c452141549234f90d1df12b7119b09.jpg, 1, 1, 0, 0
000000540459_jpg.rf.b8ee9963344b212d6aed491315208f58.jpg, 0, 0, 1, 0
000000116462_jpg.rf.b8f1e63a42acb9a99d25c5aaa7a48599.jpg, 0, 1, 0, 1
000000191047_jpg.rf.b865a4627a811e109638f76d5b5bf106.jpg, 0, 1, 0, 0
000000465735_jpg.rf.b8f62cabb85ee2ce63f696d5f957cbc3.jpg, 0, 0, 0, 1
000000151050_jpg.rf.b8fb4e963b1d6fc674c9b0516c83e3d2.jpg, 0, 1, 0, 0
000000005105_jpg.rf.b8f948f859f01904e71c88cef270dee0.jpg, 0, 1, 0, 0
000000035964_jpg.rf.b90c2e0682703fa994f2060f5260965a.jpg, 0, 1, 0, 0
000000189148_jpg.rf.b94d991a07d219f46f8a703dca7952cc.jpg, 0, 1, 0, 0
000000475529_jpg.rf.b8eb29a45a7b03deb30dc54dc6b165f4.jpg, 1, 1, 0, 1
000000045926_jpg.rf.b91dd6c10b4daa01dcfeb7e0fb532328.jpg, 0, 0, 0, 1
000000245320_jpg.rf.b924c1f983cc8ed05e8178a6e64f26f2.jpg, 0, 1, 0, 0
000000286151_jpg.rf.b92defdd8a8a0dfce87be4e9a5fb0ddd.jpg, 0, 0, 1, 1
000000040037_jpg.rf.b8fe15835572df28a217e0ec99b020f6.jpg, 0, 1, 0, 0
000000353473_jpg.rf.b95320a8dd310a65bd8814f7ce702560.jpg, 1, 0, 0, 0
000000516143_jpg.rf.b919444e93ee9b9faff76a2cc2f65c5e.jpg, 1, 0, 0, 0
000000316801_jpg.rf.b931ff9dbbfd26b77be1b6dc75a535e1.jpg, 0, 1, 0, 0
000000353906_jpg.rf.b98144fdcd14db11bdece9f3a4b422fb.jpg, 1, 1, 0, 1
000000550968_jpg.rf.b985dc6d49eafc1a5a3d1a443deecc69.jpg, 0, 0, 1, 0
000000008999_jpg.rf.b9839860b07bc2c395db1db8062f98f2.jpg, 0, 1, 0, 0
000000332545_jpg.rf.b953f72bb102aac9eb7801c9d14f46bd.jpg, 0, 1, 0, 0
000000083178_jpg.rf.b95aa098acf7ae0aac96df41d3a7b9e9.jpg, 1, 0, 0, 1
000000176505_jpg.rf.b91ec968f0fa3b040eeec6d3e0ef3221.jpg, 0, 1, 0, 0
000000119600_jpg.rf.b95e0490e700441c9e40fc3f8c35a6f4.jpg, 0, 1, 0, 0
000000528136_jpg.rf.b90a0913bc3802c1802a997e59a8a37d.jpg, 1, 0, 0, 1
000000398878_jpg.rf.b98198ee4a358c779113194c62143c14.jpg, 0, 0, 1, 0
000000523454_jpg.rf.b9c21e0f0a186abad2c1d10f9647eb77.jpg, 0, 1, 0, 1
000000447424_jpg.rf.b998537ae3b6021ce345ec709d4c234e.jpg, 0, 1, 0, 0
000000258352_jpg.rf.b990cc2f02e0eeac2147d96fd8f00eb3.jpg, 0, 1, 0, 0
000000558229_jpg.rf.b9aea17156027314c43558fdf1ea6d1b.jpg, 1, 0, 0, 0
000000348829_jpg.rf.b9c346f297a63269ae102b851162bf1c.jpg, 0, 1, 0, 0
000000096436_jpg.rf.b97ff125e6b23712b14ef43f9c06d0b8.jpg, 0, 0, 1, 0
000000113982_jpg.rf.b995b4f53311a71f67cbc68f888591e1.jpg, 0, 1, 0, 1
000000581189_jpg.rf.b9da8ed5d8a34b6d87bbd3974edf4f0b.jpg, 0, 1, 1, 0
000000154625_jpg.rf.b9b0626eb30360b41606248fb2e4773d.jpg, 0, 1, 0, 0
000000120810_jpg.rf.b9eb467e2c26781def3ab9641c53a72b.jpg, 0, 0, 1, 0
000000349944_jpg.rf.b9d805f916bd7bcd4aeb5a0689739243.jpg, 0, 1, 0, 1
000000399332_jpg.rf.b950a151a4dc14f60699e4559b1f9c6b.jpg, 0, 1, 1, 0
000000343976_jpg.rf.b96d652cf694f30630bbb93b89ffaaa2.jpg, 0, 1, 0, 0
000000330455_jpg.rf.b9fb18b29adb29768477b15a3464ede2.jpg, 1, 1, 0, 0
000000229317_jpg.rf.b9e88b0dd2cf43a2a55b735f0de41d96.jpg, 0, 1, 1, 0
000000217379_jpg.rf.b9d47f336d92bc936f9ff6bc359b3aa5.jpg, 0, 1, 0, 0
000000416840_jpg.rf.ba0a69e2f57f75c9ecbb1550ebca93c6.jpg, 1, 1, 0, 0
000000225329_jpg.rf.b9e3c1df0e87870912407a9e599abacd.jpg, 1, 0, 0, 0
000000312686_jpg.rf.ba0afdc23241ae0857be54bc3626057d.jpg, 0, 1, 0, 1
000000224778_jpg.rf.ba0a8372f0b55af340b67c0904adf4b7.jpg, 0, 1, 1, 0
000000293393_jpg.rf.b9c39d9769b4525b1edf918d19ca0d02.jpg, 0, 0, 0, 1
000000360191_jpg.rf.ba1dbfdefd1c019eeabf676a721a2e1a.jpg, 0, 1, 0, 0
000000548184_jpg.rf.b815a4ea208a940df4672e1530357fce.jpg, 0, 1, 0, 0
000000314189_jpg.rf.b9dec0043a838ed413a56679530fc589.jpg, 0, 1, 0, 0
000000272171_jpg.rf.ba140617101d3bc1ea3bdc2ea8cfc464.jpg, 0, 1, 0, 0
000000168779_jpg.rf.ba55e0351d61e4fde783d0217b293420.jpg, 1, 1, 0, 0
000000096351_jpg.rf.b9d76b615c24b8f1e76c1ad890141f5d.jpg, 1, 1, 0, 1
000000211449_jpg.rf.ba4bebc8ca9df6bfbfa6a3e7a8932cd1.jpg, 0, 0, 1, 0
000000546085_jpg.rf.ba40a328f75d9f84a0d3b3a4b79317b4.jpg, 0, 0, 1, 0
000000514685_jpg.rf.ba42f37cc72215b74f22ad93395459c5.jpg, 0, 1, 0, 1
000000243071_jpg.rf.ba2f83a128929b7a746cbb73f3c0d029.jpg, 0, 1, 1, 0
000000409771_jpg.rf.ba4a31dbec6ff844490a989cc51505a6.jpg, 0, 1, 0, 0
000000437892_jpg.rf.ba7115deee5545ef19ec2b43020273e3.jpg, 1, 0, 0, 0
000000415536_jpg.rf.ba91430a4eed01ed668aed5cf9d21b0d.jpg, 1, 0, 0, 0
000000580668_jpg.rf.ba9794ae2d86644d42708fa305aaa48b.jpg, 0, 1, 0, 0
000000009133_jpg.rf.ba0b8c94b3d5debb2a81fa8f07bb4b07.jpg, 0, 1, 0, 0
000000251716_jpg.rf.ba89e3b1ffa6e4356100d2e0076c35a3.jpg, 0, 0, 1, 0
000000579277_jpg.rf.ba9d7b391642b8183a05ba53c3375287.jpg, 0, 0, 1, 0
000000131597_jpg.rf.ba9ce3ebef8d037871ebc157e7c1f11a.jpg, 0, 1, 1, 1
000000155751_jpg.rf.ba52820641e1be3ce7cae47369d08c35.jpg, 0, 0, 0, 1
000000244056_jpg.rf.ba9a62a5b7afe11648a8bfbda75f764b.jpg, 0, 0, 1, 0
000000277188_jpg.rf.ba831ff9a1c13c7f9c7876c4ab0bbb3f.jpg, 0, 0, 0, 1
000000014740_jpg.rf.ba77369a6ec49eb428cc19ce3ff7cba1.jpg, 0, 0, 0, 1
000000003793_jpg.rf.babb6f5f32d4c5edd16c9fbb6f73222a.jpg, 1, 0, 0, 0
000000215600_jpg.rf.bac0864d444dc367cfd85ed7e2ef5d49.jpg, 0, 1, 0, 0
000000159465_jpg.rf.bac4a3962d3fcd3ad61afcd0ca6bbaf5.jpg, 0, 0, 0, 1
000000276766_jpg.rf.baa1dcb8710cf6df812bf7b0aa44b9d2.jpg, 1, 1, 0, 1
000000152360_jpg.rf.babce708c0e80be457bb26cd6e24a2fd.jpg, 0, 1, 0, 0
000000141603_jpg.rf.ba7504eff1cb6984dcdde802dfddc452.jpg, 0, 1, 1, 1
000000199225_jpg.rf.bad80b2719027f108bdfa683020f7bec.jpg, 0, 1, 1, 0
000000438053_jpg.rf.ba9727c022ff9343cf18d9aa5eae6d4c.jpg, 0, 0, 0, 1
000000553587_jpg.rf.baba5847d7fc81130d966c285209c194.jpg, 0, 0, 1, 0
000000166997_jpg.rf.bac6f6a2b6945f6680ae3094a2e818f0.jpg, 0, 0, 1, 0
000000405862_jpg.rf.bad32243c1ad30eb193b71d41707bf9d.jpg, 0, 0, 0, 1
000000386967_jpg.rf.babdcbb73a741e06dd4c1ae8162f9104.jpg, 0, 1, 0, 0
000000525542_jpg.rf.bae12fd2f0f120052ee7d121a375350c.jpg, 1, 0, 0, 1
000000537470_jpg.rf.ba9e6b4ec9f8c4ccd859772b0b0eea15.jpg, 1, 0, 0, 0
000000412222_jpg.rf.bae2aa9ad65aa4d38c4dc66fb76c292e.jpg, 1, 0, 0, 1
000000285235_jpg.rf.ba3fb1afd6ae381762f6a9bf7f488723.jpg, 1, 0, 0, 0
000000553407_jpg.rf.baf1ca5dabd63b6a7a31e31fbcbfe0e1.jpg, 1, 0, 0, 1
000000364677_jpg.rf.bb145cb0ce8cbfb3a33c0446915c0d04.jpg, 0, 0, 1, 0
000000039464_jpg.rf.bb030cc1b49f3c0629eff052d713893d.jpg, 0, 1, 0, 0
000000177922_jpg.rf.baf086979d34086c47c2d44596942c25.jpg, 0, 1, 0, 0
000000158873_jpg.rf.bb48fd6a971ae68a1cc4b92d662e1149.jpg, 1, 1, 0, 0
000000300279_jpg.rf.baf7bf366fce3ddec435f3197ece12e6.jpg, 0, 1, 0, 0
000000201706_jpg.rf.bb086e538e1be02946f454a606cc5707.jpg, 1, 1, 0, 1
000000282293_jpg.rf.bb333af9a79af0bf5a99050de4e40ac9.jpg, 0, 1, 0, 0
000000530683_jpg.rf.baf68f4c0d6c5ce7a7c220114d5b9487.jpg, 1, 1, 0, 0
000000184176_jpg.rf.baff6b5d257e2430bd85ee3d5707f00f.jpg, 0, 0, 0, 1
000000326919_jpg.rf.bb026320fa618eb4112c9eeca7d34025.jpg, 0, 0, 0, 1
000000265173_jpg.rf.bb2357d837ebf3dd2933d2438c13b772.jpg, 0, 1, 0, 0
000000334121_jpg.rf.bb1d1b17d08a5aa28f439120e3b3459b.jpg, 0, 1, 0, 0
000000270716_jpg.rf.bb504432349d949d9101cf3c18945dd8.jpg, 0, 1, 0, 1
000000579271_jpg.rf.bb246a1746a10fc51a6568cf6380d6cb.jpg, 0, 1, 0, 1
000000489267_jpg.rf.bb6086f1f233d852a537da43d0ac62a7.jpg, 0, 1, 0, 0
000000214326_jpg.rf.bafb42c30b5e6b882eb6eb6e292487cd.jpg, 0, 1, 0, 1
000000001144_jpg.rf.bb6451bbb0259868eea3090811b0fe1b.jpg, 0, 1, 0, 0
000000027539_jpg.rf.bb6ae2f9588dd7b626cebf3c2d1a81f3.jpg, 1, 0, 0, 0
000000285597_jpg.rf.bb69831b58bd2c8c871f70846a24d34f.jpg, 0, 1, 0, 0
000000483722_jpg.rf.bb7542c685ca7f44e2c3c5e8430b2cc3.jpg, 0, 1, 0, 0
000000230450_jpg.rf.bb4f364ed4331d46a45e7a5f476e1f68.jpg, 0, 1, 1, 0
000000143582_jpg.rf.bb5c09f808900794abeff33354ef92f5.jpg, 0, 0, 1, 0
000000461124_jpg.rf.bb77246e7d3cfa5f4ac7a5ee92efb19e.jpg, 0, 0, 1, 0
000000117993_jpg.rf.bb1cf67faaa3ed61d5410808e80f36b7.jpg, 0, 1, 0, 0
000000559619_jpg.rf.bb7661998c786305adeb02b2bd95b087.jpg, 0, 1, 1, 0
000000544005_jpg.rf.bb767890b0ac7725607f7a2d3cb36f87.jpg, 0, 1, 0, 1
000000106397_jpg.rf.bb9a6ded4201ccc375fa549de72768bd.jpg, 0, 1, 0, 0
000000002337_jpg.rf.bb75b2e3d88e592c10f23e564ac54ce3.jpg, 0, 0, 1, 0
000000427060_jpg.rf.bb9e475a5e569c874173a83a4db43abf.jpg, 0, 0, 1, 0
000000318543_jpg.rf.bb8eff02de31cc1a1b1cca701c7909b7.jpg, 0, 1, 0, 0
000000497504_jpg.rf.bb853a66feb1060b0bbf5337c5ffa858.jpg, 0, 1, 0, 0
000000189598_jpg.rf.ba7b37024c77208012b77b024aa6a413.jpg, 0, 1, 0, 0
000000219025_jpg.rf.bb5105d5f5296679d27e1c707c6f31e6.jpg, 1, 0, 0, 0
000000189452_jpg.rf.bb26262b63eaafc11bbc73693bff0a55.jpg, 1, 0, 1, 0
000000495570_jpg.rf.bbade96134ed9dc66543ff8e7290f15c.jpg, 0, 1, 1, 0
000000121997_jpg.rf.bba3a7038eb59fe9848ce55718dbbd17.jpg, 0, 1, 0, 0
000000202523_jpg.rf.bbaa7a9d7470a6bf6df3a34426424e65.jpg, 0, 1, 0, 1
000000476339_jpg.rf.baf9d08ef4650c9114a551134f3716cc.jpg, 0, 1, 0, 0
000000493294_jpg.rf.bbb654efdc11a5bbe3966bf5ff2949b8.jpg, 0, 1, 0, 1
000000019202_jpg.rf.bbb46844952f45e61c2473605e874ad3.jpg, 0, 1, 0, 0
000000218765_jpg.rf.bba993cdd9c7a3723660073518c6b99a.jpg, 0, 0, 0, 1
000000245481_jpg.rf.bbc9d9494c8e3efb34b292a60125bc6e.jpg, 0, 1, 0, 0
000000030484_jpg.rf.bbdc934983c08fbf127958c5909bf6c9.jpg, 1, 0, 0, 0
000000546117_jpg.rf.bba7dff7987e66ea0cbd9e2258a565ae.jpg, 1, 1, 0, 0
000000134215_jpg.rf.bbbcb57a30b41535da490adf10e31c24.jpg, 0, 0, 1, 0
000000103931_jpg.rf.bbd3977b5c054f8f9a6bc550151e3151.jpg, 0, 1, 0, 0
000000382482_jpg.rf.bbb3c487c4c85c6bb00a89139dc72b8b.jpg, 0, 1, 0, 1
000000113402_jpg.rf.bbd6f734be145792ad0d38ab28c9fa4d.jpg, 1, 0, 0, 0
000000160610_jpg.rf.bbdb4e4822fb80680548dd874f813fe0.jpg, 1, 1, 0, 0
000000066959_jpg.rf.bbd61664b77e2fe7007c8abb885aab28.jpg, 0, 0, 0, 1
000000514913_jpg.rf.bbf2f7480f0f1902335b29065fb43ad9.jpg, 0, 0, 1, 0
000000579902_jpg.rf.bbe4e12f7273396809f30aa6721276f0.jpg, 0, 1, 1, 0
000000466964_jpg.rf.bbd4d2f139b9c8e9ded900daacd6b027.jpg, 0, 1, 0, 0
000000264121_jpg.rf.bbd68b00d6422648ee543ba73afecd77.jpg, 0, 0, 1, 0
000000573700_jpg.rf.bbe94f81eabe241d11651061061cb5a1.jpg, 1, 0, 0, 0
000000531234_jpg.rf.bc12dc9eafbe0ec11ac1136b7c63de04.jpg, 0, 1, 1, 0
000000411266_jpg.rf.bbf05f1edd7ac49a30202caf41bb09f0.jpg, 0, 0, 0, 1
000000008179_jpg.rf.bbf172f12cfaaabeb2c87c6b6348307a.jpg, 0, 1, 0, 0
000000186794_jpg.rf.bbf88fed042705157e95cca9afa2ce8d.jpg, 0, 0, 0, 1
000000576752_jpg.rf.bbaf25d94db2a12ca74e4ebcbc3cdc8f.jpg, 1, 1, 0, 0
000000059817_jpg.rf.bc161f4800b41053c59303fefac4e103.jpg, 0, 1, 0, 0
000000570624_jpg.rf.bc142fb4bf5b5e8242f1d6c25b5b9f87.jpg, 0, 1, 0, 0
000000025282_jpg.rf.bbf03770978c8509c442d256112c9cc2.jpg, 0, 1, 1, 0
000000133002_jpg.rf.bc28c7ee482acf24b096528ece1fc25a.jpg, 0, 0, 1, 0
000000288397_jpg.rf.bc2f9f8231ea6986356691b25442c85f.jpg, 1, 0, 0, 0
000000314279_jpg.rf.bbe266e5ad6016d82dbdcba6713faa9f.jpg, 0, 1, 0, 1
000000023024_jpg.rf.bbf82b60085a1f058f091a1a77d6cb7a.jpg, 0, 1, 0, 0
000000064317_jpg.rf.bc2270e387ff1c17458ccc6a63468b55.jpg, 0, 0, 0, 1
000000087272_jpg.rf.bc4d7b0c64bdb41f797856c617934b49.jpg, 0, 1, 0, 1
000000480752_jpg.rf.bc49dd924b8fb9a5c2c2d093bce994e2.jpg, 0, 1, 0, 0
000000113251_jpg.rf.bc3bf3a04e2d2837ef4bfd927d8f95c6.jpg, 0, 1, 0, 1
000000466451_jpg.rf.bc0adfb4cf5f4e13eb92a19a11b048f5.jpg, 0, 1, 0, 1
000000579415_jpg.rf.bc47d68348fbadf73347697c5769c7ee.jpg, 1, 0, 0, 0
000000259683_jpg.rf.bc29b913235c0f0b4f5a8b742de156ca.jpg, 0, 1, 0, 0
000000263594_jpg.rf.bc030f1db735318962909a1cd9d64003.jpg, 0, 1, 0, 1
000000357944_jpg.rf.bc322919e90b7f15f4e57950f449f25b.jpg, 0, 1, 0, 1
000000262940_jpg.rf.bc57007387c406536a276f0b8fb55897.jpg, 0, 1, 0, 1
000000156885_jpg.rf.bc3fdcf949f323579831e6d25ea1e018.jpg, 0, 1, 0, 0
000000407968_jpg.rf.bc5ae446a8985234416df84b29351b6f.jpg, 0, 1, 0, 1
000000205392_jpg.rf.bc4a0a9852c3949d5d86718b999320b6.jpg, 1, 1, 0, 0
000000145343_jpg.rf.bc56c51190a916bc25ecb3a89e942870.jpg, 1, 0, 0, 1
000000481634_jpg.rf.bc52075e6d7e71cb24e1c99640cb909b.jpg, 0, 1, 0, 0
000000281102_jpg.rf.bc5e4e2419a62c049b4df01736693408.jpg, 0, 1, 0, 0
000000427467_jpg.rf.bc4c54bb790213e4028ce348665bdf15.jpg, 0, 1, 0, 1
000000524692_jpg.rf.bc5e45683d2680b0504590afd73d0083.jpg, 0, 1, 0, 0
000000552198_jpg.rf.bc553bb50dd5b3db8f95569309d68271.jpg, 0, 0, 1, 0
000000429833_jpg.rf.bc661eb9aa1261491dc4c602e27ee736.jpg, 0, 1, 0, 1
000000536725_jpg.rf.bc59c60d615c8a0c2d0aba6fd4933fa2.jpg, 0, 1, 0, 0
000000429241_jpg.rf.bc574755f18920a28f3c435aee0a25e4.jpg, 0, 1, 0, 0
000000021786_jpg.rf.bc83d752d045177e555baea77b9054a4.jpg, 0, 1, 0, 0
000000364082_jpg.rf.bc9756b66cefe41ade46d3d965548a8e.jpg, 0, 1, 0, 0
000000562664_jpg.rf.bc9772d935d96a8e8275fb260c420ed5.jpg, 0, 1, 0, 0
000000551472_jpg.rf.bc791fb7ae817a14f339ab314fb73539.jpg, 0, 1, 1, 1
000000533739_jpg.rf.bcb9ba8c54492c4b7d1796e594a2bead.jpg, 1, 1, 0, 0
000000238432_jpg.rf.bcbc8e60290f48410f7dcc2ce24c4d3b.jpg, 1, 0, 0, 0
000000273579_jpg.rf.bc7f41601d35761a99bf8de1c49fc45b.jpg, 0, 1, 0, 0
000000119166_jpg.rf.bc6caaab1b69b3b71a489fb144c54445.jpg, 1, 1, 0, 1
000000176466_jpg.rf.bcc0943eefcb2d4290a86841e7332a5d.jpg, 0, 1, 0, 1
000000531816_jpg.rf.bc64dd6ad0eddbdaac401c6807edb13e.jpg, 0, 1, 0, 0
000000436559_jpg.rf.bca965a968976cfcc04ecfe1a2435359.jpg, 0, 1, 1, 1
000000141302_jpg.rf.bcac5236524863fbcf39a693b3ac94be.jpg, 0, 0, 0, 1
000000054264_jpg.rf.bca61a3cbdb0789aa93c1a30585f677c.jpg, 0, 1, 0, 1
000000305978_jpg.rf.bca162188d5b7ada504335cb5d7a7238.jpg, 0, 0, 0, 1
000000421777_jpg.rf.bcca592d5cc59aaa6926a77e13d4ffcc.jpg, 0, 1, 1, 0
000000328301_jpg.rf.bc9215eadac64ffb712148b282b9e0b8.jpg, 0, 1, 0, 0
000000464536_jpg.rf.bce08f922e7bc0a348fc7749604e8144.jpg, 0, 0, 1, 0
000000135497_jpg.rf.bcc160fc9d0b55b8769ab465c9b2f6a0.jpg, 0, 1, 0, 0
000000045110_jpg.rf.bcd0d8f6533c54e916f1f4fb57702e99.jpg, 0, 0, 1, 1
000000300209_jpg.rf.bccab0c25540e0ee86a317701e099d9c.jpg, 1, 0, 0, 0
000000197775_jpg.rf.bcc9b31c4b7a143dc52b9d793c9aa39c.jpg, 0, 0, 0, 1
000000249807_jpg.rf.bcdd615e63d6734adc07ba7583a962a3.jpg, 0, 0, 0, 1
000000016285_jpg.rf.bcb3412745fe4e48fa329a6c76e58a6c.jpg, 0, 1, 0, 0
000000196131_jpg.rf.bce05d7ca9ab1303ce79f28f48822312.jpg, 1, 1, 0, 1
000000140080_jpg.rf.bcda4bc8b8e2a21b1c32efdba825fc4b.jpg, 0, 1, 0, 0
000000378586_jpg.rf.bd15b3aefabc29d2f6bdde48d7d416bf.jpg, 0, 0, 0, 1
000000181836_jpg.rf.bd324c9b9c88dc1030bbc67f0c1a95b3.jpg, 0, 0, 0, 1
000000132778_jpg.rf.bcffbd4bbce5718bf1c3ce7f2aa74154.jpg, 0, 1, 0, 0
000000294029_jpg.rf.bd31daf39b7e1cc435ca49f54ce255d5.jpg, 0, 1, 0, 0
000000154755_jpg.rf.bbef7261d7d99ee69ef5a26818833184.jpg, 0, 1, 0, 0
000000541596_jpg.rf.bcdbad0b70deb4367c3def35985a8260.jpg, 1, 0, 0, 0
000000419682_jpg.rf.bd1d784571ece02982aa933e20070040.jpg, 0, 1, 0, 1
000000034340_jpg.rf.bd328d0c955e07cd0a52c3bef3f7d815.jpg, 0, 1, 0, 0
000000572663_jpg.rf.bd139735ed572fd9289c5bd654bbd062.jpg, 0, 1, 0, 0
000000514541_jpg.rf.bd02d6688f2ab75b4a4eaa5ce7ec9a31.jpg, 0, 1, 0, 0
000000093894_jpg.rf.bd1036d1b583aa1973ecc021d01ba323.jpg, 0, 1, 0, 0
000000269588_jpg.rf.bcf0b755108af9d32bea896510b88065.jpg, 0, 1, 0, 0
000000344422_jpg.rf.bd36a282e251718bfdb33b5cae2ba02e.jpg, 0, 1, 0, 0
000000101749_jpg.rf.bd3e5b549ccfcd97d46f65c5ebbd8428.jpg, 0, 0, 1, 0
000000032832_jpg.rf.bd33d139fb87647f56e4d75ca7504279.jpg, 1, 0, 0, 0
000000352444_jpg.rf.bc5f840944daaf555053acdb32aa7d52.jpg, 0, 1, 0, 0
000000090324_jpg.rf.bd300a647eae4b107487b3530acc168f.jpg, 1, 1, 1, 0
000000232160_jpg.rf.bd429027c7b2b75218b5488806be4858.jpg, 0, 1, 0, 0
000000361721_jpg.rf.bd4294908b43a0dec41d28023a5322e7.jpg, 0, 1, 0, 1
000000556800_jpg.rf.bd36cc690e11a5bfcf0117a510fed120.jpg, 0, 1, 0, 0
000000297104_jpg.rf.bd48fdc133f54d065317b280f7e48907.jpg, 0, 1, 0, 0
000000088225_jpg.rf.bcb3b695ea6349d0e81dec4978253138.jpg, 1, 1, 0, 1
000000368409_jpg.rf.bd31a153769ec65737ac4a9d837d3b1a.jpg, 1, 1, 0, 1
000000328185_jpg.rf.bd4976317eadd38899f7318a2584382d.jpg, 0, 1, 0, 1
000000432120_jpg.rf.bd794b2d632e2efa4fe21b4e256fd0bd.jpg, 0, 1, 0, 0
000000060952_jpg.rf.bd6a171c96cf72499935a9a55a7fb514.jpg, 0, 1, 0, 0
000000220417_jpg.rf.bd7db513239a292261214873ed53e4ba.jpg, 0, 0, 0, 1
000000412584_jpg.rf.bcc8d16a6716c14c56048770663a32f7.jpg, 0, 1, 0, 1
000000564957_jpg.rf.bd72471ea5ed45358de1a36002aaced2.jpg, 1, 0, 0, 0
000000484327_jpg.rf.bd86011699e169e1b4fc65a0f061c527.jpg, 0, 1, 0, 0
000000205672_jpg.rf.bd5bcfd07e9d063a7f3968c929e6c6d6.jpg, 1, 0, 0, 0
000000216042_jpg.rf.bd90eaa5aa1ebb02f3c7cea31917f82e.jpg, 0, 0, 0, 1
000000496845_jpg.rf.bd8654b7183e53f67fa019590d743e7f.jpg, 0, 0, 0, 1
000000260395_jpg.rf.bd9721d64d5785796852ba028b801ae0.jpg, 1, 1, 0, 0
000000426758_jpg.rf.bdbba42704562d7f500429b838531d88.jpg, 0, 1, 0, 0
000000344325_jpg.rf.bd9dfc0d3a5c030a5db246bd50c5f13d.jpg, 0, 0, 1, 0
000000046813_jpg.rf.bd94439951a00f05d1b5f96b2e009fe2.jpg, 0, 1, 0, 1
000000436883_jpg.rf.bd9bf240de93f246c986179851018846.jpg, 1, 1, 0, 1
000000568265_jpg.rf.bd937db3a0fd57ac7ce809ff648e4dfb.jpg, 0, 1, 0, 0
000000219514_jpg.rf.bd976101ff48666f4f5021fa964754ed.jpg, 0, 0, 0, 1
000000166467_jpg.rf.bdaa51e44203f6f31304d62a9fac90ef.jpg, 0, 0, 1, 0
000000266353_jpg.rf.bda14ebf1f51c735a59493742fa93ea3.jpg, 0, 1, 0, 1
000000346716_jpg.rf.bdbc42f79250f802a816466c0c4fb71c.jpg, 1, 1, 0, 0
000000265069_jpg.rf.bdc07e9fa89562d09c73e9810e119fa6.jpg, 0, 0, 1, 0
000000558542_jpg.rf.bdaaf0d8962dfec6772736dc65ec075d.jpg, 0, 1, 1, 1
000000335451_jpg.rf.bdc04abd20b6672751795c440614fdda.jpg, 1, 0, 0, 0
000000269394_jpg.rf.bdcce8dfbc004a9e7d66ce5be2e068cc.jpg, 0, 1, 0, 0
000000146801_jpg.rf.bdacfb9e2897325d5452b906d60ee2f3.jpg, 0, 1, 0, 0
000000008025_jpg.rf.bda930940bc92a69f1a93826a99a9e77.jpg, 0, 1, 0, 0
000000322560_jpg.rf.bd810bc83d8fade7bfe12b8a026e50e9.jpg, 0, 0, 0, 1
000000401862_jpg.rf.bdcc80bee87fe85a914ac21a630f8495.jpg, 0, 0, 0, 1
000000383389_jpg.rf.bdc16cf59c218c405403058efe8d84a1.jpg, 1, 0, 0, 0
000000429873_jpg.rf.bdd251794d7d84a968cce9b58265bcf1.jpg, 0, 1, 0, 0
000000012131_jpg.rf.bdcbe2d99a0adacf9572ac01a0696d7e.jpg, 0, 1, 0, 0
000000473347_jpg.rf.bdf76b8d8d19dbc8bcd2d00d38de83da.jpg, 0, 1, 0, 0
000000565018_jpg.rf.bdd6d331c7f3ef1a80f2118c0b155471.jpg, 0, 1, 0, 0
000000488385_jpg.rf.bdfe0a0e3666467ef3c5123f1026a4b0.jpg, 0, 0, 1, 0
000000166474_jpg.rf.bdf63c22e75eb5d3ca6d69cce745e206.jpg, 0, 1, 0, 0
000000330572_jpg.rf.bddd81674b39f7cc24da4bb8e1615bba.jpg, 0, 0, 1, 1
000000044842_jpg.rf.bdee86d797410413be3a7d0219f493ff.jpg, 0, 0, 0, 1
000000035357_jpg.rf.be09aafc7ed93e3db70fa42a297108d2.jpg, 0, 0, 0, 1
000000502288_jpg.rf.bd87d9b55487f6a035adac90fb6a54cc.jpg, 0, 1, 0, 0
000000297191_jpg.rf.be4552554901311e75bc79bce76a4153.jpg, 0, 0, 0, 1
000000126497_jpg.rf.be2fa32c5be42dce0730990eb4d4f0da.jpg, 0, 1, 0, 1
000000406699_jpg.rf.be243df8a2bb4db75dcb8e8bf8a9b81f.jpg, 0, 1, 0, 1
000000260381_jpg.rf.be49975f4412de401ec49faa85f7fc1d.jpg, 0, 1, 0, 0
000000430094_jpg.rf.be2f4474659f3a0a322f6fe1925d022d.jpg, 1, 0, 0, 0
000000133490_jpg.rf.be2157a627fbb9700cbf067d9441f8ab.jpg, 0, 1, 0, 0
000000574825_jpg.rf.be11da75b43c9528992288136e5a636d.jpg, 0, 1, 0, 0
000000378667_jpg.rf.be48d585b86832d84e40938114cac115.jpg, 0, 1, 0, 0
000000216556_jpg.rf.be0d5c53c103f71227f28f02115ef13a.jpg, 0, 1, 0, 0
000000398382_jpg.rf.be375850e548f12879763e99f3659872.jpg, 0, 1, 0, 1
000000573686_jpg.rf.be1b3fdb18ad69e7b1d72dbed54c5ce5.jpg, 0, 0, 0, 1
000000126856_jpg.rf.be56c87708ceaee144ad8cffb1016e4f.jpg, 0, 0, 1, 0
000000398229_jpg.rf.be65aabb4cf458de462674a247c63143.jpg, 0, 0, 0, 1
000000506439_jpg.rf.be4e8ab597b8e5d390f277b33a52bda2.jpg, 0, 1, 0, 1
000000361190_jpg.rf.be3e71da6b08d5da189db4d230256ab9.jpg, 0, 0, 0, 1
000000034835_jpg.rf.be2e32db5809407113d54d66db97e6a0.jpg, 0, 1, 0, 0
000000404759_jpg.rf.be6e2e142b7a04b057f2092ffc4790f5.jpg, 0, 1, 0, 0
000000433081_jpg.rf.bdc3ec74329baf68e76ece23f92791f9.jpg, 1, 0, 1, 0
000000411417_jpg.rf.be864195ee71e82a22ed0ad66c49cb87.jpg, 0, 0, 1, 0
000000202070_jpg.rf.bde2c60510a08e0a204a64e41dff4237.jpg, 0, 1, 0, 0
000000467753_jpg.rf.be7464c4ff5187721831fb9f54fa1fdd.jpg, 0, 0, 1, 0
000000176440_jpg.rf.be52ed3126676bfc59f21acd9c360a17.jpg, 0, 1, 0, 0
000000241611_jpg.rf.be1eabed113eef61d82e2cf5c5ff0a35.jpg, 0, 0, 0, 1
000000527012_jpg.rf.be787e1191a2413ee5e2e5aea2945944.jpg, 0, 0, 0, 1
000000211945_jpg.rf.be9bb08bac9379c30e033bdccc202f88.jpg, 0, 0, 1, 0
000000465529_jpg.rf.be68f5e59fe52e4d3dc02aa77d0fd853.jpg, 0, 1, 0, 0
000000483751_jpg.rf.bea7dea62ada1431f1d00a909f8322a5.jpg, 0, 0, 0, 1
000000359626_jpg.rf.beaadd6ebf0a4d86964c56411d5338ba.jpg, 1, 1, 0, 0
000000228881_jpg.rf.beab1efbc643c8cfe6c66e58f6727785.jpg, 0, 1, 0, 1
000000558242_jpg.rf.be8bcba4ff0d9f9c93ab0f4914f9c8e9.jpg, 0, 1, 0, 0
000000248488_jpg.rf.be6e37dfdbc3d034ccaabd84c179bcf2.jpg, 1, 0, 0, 0
000000509772_jpg.rf.be922652889f98a17f306f07c02ca167.jpg, 0, 0, 0, 1
000000065012_jpg.rf.be9384057acfb2ddf33da8e24b59c96c.jpg, 0, 1, 0, 0
000000505092_jpg.rf.bec591419fe803e592220d9e8c228056.jpg, 0, 1, 0, 1
000000581394_jpg.rf.be9a75e9f357a9a13b74248fbf04de14.jpg, 1, 0, 0, 1
000000570503_jpg.rf.bec5b3062ad7909890132e7f9f977994.jpg, 0, 1, 1, 0
000000068114_jpg.rf.becf52954558bdc5747194c06223ddfb.jpg, 0, 1, 0, 0
000000122952_jpg.rf.becd51228a8556945efbf951bd04d2f7.jpg, 0, 0, 0, 1
000000444888_jpg.rf.be5a37c01e2996d0cbf4c9526ed941fa.jpg, 0, 1, 0, 1
000000199389_jpg.rf.bed8190cd0895d702f37a883dd3ba3f4.jpg, 0, 1, 0, 0
000000221787_jpg.rf.bef135f89c65756218ea80e1b89a8f0e.jpg, 0, 1, 0, 0
000000395744_jpg.rf.bee1c06ce44df1590e26268b95419fa7.jpg, 0, 0, 0, 1
000000151231_jpg.rf.bef3a24616036adb2666e12d405eaf36.jpg, 0, 1, 0, 0
000000198775_jpg.rf.bf144b3a9c17343516bdbc47bf3b0e04.jpg, 0, 1, 0, 0
000000236246_jpg.rf.bed4e62b624919416c596be42287cb30.jpg, 0, 1, 0, 0
000000519850_jpg.rf.bf0b674310e51cdedb834e7fe0c0eb5d.jpg, 0, 1, 0, 1
000000460229_jpg.rf.bf13ded9b9de27b696cd66c7b66bf8de.jpg, 0, 0, 0, 1
000000237390_jpg.rf.be953edd54ede8210c0ec07d6edcfb2e.jpg, 0, 1, 0, 0
000000114310_jpg.rf.befb4b32ac5bee91da2bfefa7890672f.jpg, 1, 1, 0, 0
000000505645_jpg.rf.bf10f8939b0a602e37737d7f327de9ab.jpg, 0, 0, 0, 1
000000018366_jpg.rf.bf3433f9114e234cab508c2af348f672.jpg, 1, 1, 0, 0
000000556345_jpg.rf.bebc72d7633f936462a270e95ed5eb66.jpg, 1, 1, 0, 1
000000145945_jpg.rf.bf1b8ea26529d7602b1eff288f9b2a72.jpg, 1, 1, 0, 0
000000267064_jpg.rf.beedf3e839ee3b5e2893bdf93a6f8ff1.jpg, 0, 1, 0, 0
000000581061_jpg.rf.bf000601cded5460606352679e9808a4.jpg, 1, 1, 0, 1
000000524338_jpg.rf.bf2acb01dd58c021a0774d49f0396822.jpg, 1, 1, 0, 1
000000162578_jpg.rf.bf3f8ee0fec85e784f31e1b27ea897d3.jpg, 0, 1, 0, 0
000000042690_jpg.rf.bf3803da567ea9f7a55694f95b771724.jpg, 0, 1, 1, 0
000000265872_jpg.rf.bf504f4124dcad5fc71a9809ec1e5ba6.jpg, 0, 0, 1, 0
000000245528_jpg.rf.bf6265adb71f56c012d38a11682cf78f.jpg, 0, 1, 0, 0
000000028853_jpg.rf.bf360a7af0cc3c078cfff1b46a4c56a8.jpg, 0, 1, 0, 0
000000459103_jpg.rf.bf47b641dfabd11b805853066016353f.jpg, 0, 1, 0, 1
000000013172_jpg.rf.bf53a8c6e9c64ce5ac0e9d4867443e39.jpg, 0, 1, 0, 0
000000042529_jpg.rf.bf5b56fb6d793d7adcca8061a909044b.jpg, 1, 1, 0, 0
000000381301_jpg.rf.bf5dcecad9d3bdd5598756cd0bc8256b.jpg, 1, 1, 0, 0
000000130564_jpg.rf.bf635b202b48c91e0971225602cc00ba.jpg, 0, 0, 1, 0
000000027227_jpg.rf.bf7bd715b304ca790b18f0d6c78a4e66.jpg, 0, 1, 0, 0
000000426983_jpg.rf.bf523d1792377048e82433d121d3e357.jpg, 0, 1, 0, 0
000000092818_jpg.rf.bf1f8a7b30199d0779e83c762c17c934.jpg, 0, 0, 1, 0
000000339870_jpg.rf.bf6a56b2dc47b571c263c6cae7a91eef.jpg, 0, 0, 0, 1
000000393403_jpg.rf.bf6c07f561baeb44e2449a9b8e237b65.jpg, 1, 0, 0, 0
000000575198_jpg.rf.bf387ed0ed369bbe51c166660f2c3380.jpg, 0, 0, 0, 1
000000392871_jpg.rf.bf190cf6c976211c14dffec9e0e35e16.jpg, 0, 0, 0, 1
000000313993_jpg.rf.bf8d2914fb4eebc65980be7f24dc7206.jpg, 0, 1, 0, 0
000000013177_jpg.rf.bf79c47dc309a4a478b07d71eadc4589.jpg, 0, 0, 1, 0
000000515728_jpg.rf.bf4fcc277799a9770ed371027999efe1.jpg, 0, 1, 0, 0
000000247714_jpg.rf.bf9a5702ae1951dd8688b08e8961268d.jpg, 1, 0, 0, 0
000000067428_jpg.rf.bf8d37c867da3aa232e8eed526147beb.jpg, 0, 0, 0, 1
000000047263_jpg.rf.bf611adc0e6cc3723f52cf0b210a5637.jpg, 0, 0, 0, 1
000000442223_jpg.rf.bfa715e97d4ed4198de7bc15bcbb7778.jpg, 0, 0, 1, 0
000000148318_jpg.rf.bf70f2cc38409c2dc9d18bf2de988a4f.jpg, 0, 1, 0, 0
000000049434_jpg.rf.bf97b16b2320f5c6682c4a3a74e5cff4.jpg, 0, 1, 0, 1
000000352861_jpg.rf.bf45f2943af407d58ce694693080fa18.jpg, 0, 1, 0, 0
000000133167_jpg.rf.bf8e5cd5fda7e9543d900d84240cb954.jpg, 0, 1, 0, 0
000000033759_jpg.rf.bfacf0e739b0e5e7b716d1f8b9f5f260.jpg, 0, 1, 0, 1
000000299000_jpg.rf.bf5142fa45c0cbda6d347670d7d978ec.jpg, 1, 1, 0, 0
000000361947_jpg.rf.bf6cab7b4032babf80ca02f65ad36170.jpg, 1, 0, 0, 1
000000199127_jpg.rf.bfb9ad0341aaac342eb3c9d89612b02b.jpg, 1, 1, 0, 0
000000353017_jpg.rf.bf91635264ce8dc3f167637824214028.jpg, 0, 1, 0, 0
000000175244_jpg.rf.bfca38edddd55d3f74f25b0fc96091c5.jpg, 0, 1, 0, 1
000000139157_jpg.rf.bfd909f71ccdd74b30cfc0e8473db191.jpg, 1, 0, 0, 0
000000380539_jpg.rf.bfcc5877c45e0ee2155036b1ae97d222.jpg, 1, 0, 0, 0
000000077185_jpg.rf.bfea6ed15ccbde2591ae6a2e360cc5ad.jpg, 0, 1, 0, 1
000000263177_jpg.rf.bfc15d1903a95715e7b4c8ec8466ed31.jpg, 0, 1, 0, 0
000000554855_jpg.rf.bfdb2dc0ae4b7eaa64462853b61b4c2b.jpg, 0, 1, 1, 1
000000566798_jpg.rf.bff208dc44ff2141b6c25490c13a7276.jpg, 0, 1, 0, 0
000000421193_jpg.rf.bfc7e0f7713b430e33159f9858cdaeb3.jpg, 0, 0, 0, 1
000000397729_jpg.rf.bfc476ef7af50fd6a2df92556f985d50.jpg, 0, 1, 0, 0
000000016113_jpg.rf.bff2fb5eaefc18f1307a6f9c04f0df98.jpg, 0, 1, 0, 0
000000488207_jpg.rf.bfec9dc474df7c597a48585991985a81.jpg, 0, 0, 1, 0
000000576015_jpg.rf.bff424108fc8dec95d1b4cc35633dd98.jpg, 0, 0, 0, 1
000000140073_jpg.rf.bfd9dcda288c183aee6663556109c8ab.jpg, 0, 1, 0, 0
000000083033_jpg.rf.bfedc8566bdd47aed1fef07f621c8919.jpg, 0, 0, 1, 0
000000019725_jpg.rf.096de134f9b78dc4365c57207318850a.jpg, 1, 1, 0, 0
000000245314_jpg.rf.096e6176c99095924eee93131adf6f11.jpg, 0, 0, 0, 1
000000237000_jpg.rf.097a24770a87a55c9d9f6f4750eb0c78.jpg, 0, 0, 0, 1
000000059455_jpg.rf.0982b16904b488283006f3ed3a0e550c.jpg, 0, 1, 0, 1
000000229678_jpg.rf.0983b17323b3c5d66f3eb62150e9a5d4.jpg, 0, 0, 1, 0
000000033897_jpg.rf.098683df30b48a268d071ba93c84bfc9.jpg, 0, 1, 0, 0
000000036725_jpg.rf.0989641223927f740d5cca6a84f1f10f.jpg, 0, 1, 0, 1
000000464652_jpg.rf.098a175d228d64ca557dd7a1759426a7.jpg, 0, 1, 0, 0
000000066369_jpg.rf.098c0aebd0c896034f9c759638b01137.jpg, 0, 0, 0, 1
000000188009_jpg.rf.098d88355ed7f194ec2194168c96fcfa.jpg, 0, 1, 0, 0
000000097868_jpg.rf.099316b8dc1d00fbf95994f819f9e6d9.jpg, 0, 1, 0, 1
000000466652_jpg.rf.099438b02966d2c2f1072a2dcb736234.jpg, 1, 0, 0, 0
000000222513_jpg.rf.0998a02e631b01f6686f2263cbefa3b3.jpg, 1, 0, 0, 0
000000273379_jpg.rf.099b1fed2ad17ebb0aac80509864f977.jpg, 1, 0, 0, 0
000000120759_jpg.rf.09ad93da943bfcd66bf75cf954fcc174.jpg, 0, 0, 1, 1
000000285096_jpg.rf.09b705ec88a64c217d28f685edb9896b.jpg, 0, 1, 0, 0
000000125160_jpg.rf.09b7794d084842e554300f1dda90d63b.jpg, 0, 1, 0, 0
000000011569_jpg.rf.09bd39ae96cebed90eef766e6604b0cd.jpg, 1, 1, 0, 0
000000514890_jpg.rf.09d052833c210e28e23eca5134ccbb97.jpg, 0, 1, 0, 1
000000027642_jpg.rf.09c27191234117c4a7d4ff125cef27b7.jpg, 0, 1, 1, 0
000000262446_jpg.rf.09d9534f5007bafeee814644453ec388.jpg, 0, 1, 0, 1
000000033068_jpg.rf.09e09296aaa3a8e41bc1f854f3865f3f.jpg, 0, 1, 0, 1
000000376916_jpg.rf.09d15197de65cac97a30c5d9a2b64b7d.jpg, 0, 0, 0, 1
000000508292_jpg.rf.09d301808cc0c27cb41807153846ab92.jpg, 1, 1, 0, 1
000000368595_jpg.rf.09dd0ce99b626b9bf43af25b56eba191.jpg, 0, 1, 0, 0
000000474180_jpg.rf.0a07d7bdd36b8a51d931a08e94194ac8.jpg, 0, 0, 0, 1
000000371114_jpg.rf.09ebcf01a45394e91f7d852bda20970e.jpg, 0, 1, 0, 0
000000196843_jpg.rf.09ec13e161913033468a38a107d786ae.jpg, 1, 0, 0, 0
000000125651_jpg.rf.09fd8738f894fe6c4d42a4eff6c3971d.jpg, 0, 1, 0, 0
000000301187_jpg.rf.09e9358f8f87c479c37be527afaa75ce.jpg, 0, 1, 0, 0
000000152958_jpg.rf.0a0c57da22aed71deecd738643b2237d.jpg, 0, 1, 0, 0
000000571881_jpg.rf.0a0dcebf9c61adb8ae7249e30bda7181.jpg, 0, 0, 1, 0
000000484302_jpg.rf.0a1a5f270fccfb5c7d68b285f272f7fa.jpg, 0, 0, 0, 1
000000430519_jpg.rf.09f168cf98396b74909defeb70b6c799.jpg, 1, 0, 0, 0
000000272807_jpg.rf.0a1ca12206c490c34e6aeea339dc15b2.jpg, 0, 1, 1, 0
000000112938_jpg.rf.0a0124a0fc95d0b2d70d59cf527529d6.jpg, 0, 1, 0, 0
000000182497_jpg.rf.09e9b9535ac1d0b0989b49a5c76273e1.jpg, 0, 0, 0, 1
000000349794_jpg.rf.0a250d673041840a49765778aba4cfd1.jpg, 0, 0, 0, 1
000000568308_jpg.rf.0a27073adc64d77839d0e22f49f05e3b.jpg, 0, 0, 0, 1
000000448663_jpg.rf.0a34b4ca97014c806de3ca0b7e514d96.jpg, 0, 1, 0, 0
000000343255_jpg.rf.0a2cc466958b490036e3a34aa0e1afb2.jpg, 0, 1, 1, 0
000000323489_jpg.rf.0a37aa873135b1938ea88f3a88143f90.jpg, 0, 1, 0, 0
000000569889_jpg.rf.0a24eb2426f67011bd9658b3cae921a3.jpg, 1, 0, 0, 0
000000304015_jpg.rf.0a27f9095228b8d86067c7f7bcae4785.jpg, 0, 1, 0, 0
000000429096_jpg.rf.0a307f8abfe5632198ffe8d35ae345cf.jpg, 0, 1, 0, 0
000000487835_jpg.rf.0a4817f010764f2d2202528d231764d8.jpg, 0, 1, 0, 0
000000341659_jpg.rf.0a489dc93bda9d20a2fcbf6f0f8aa8cc.jpg, 0, 1, 0, 0
000000559884_jpg.rf.0a443d5dfa1cfc10d80b60f611963556.jpg, 0, 0, 0, 1
000000231654_jpg.rf.0a4b9250b77c8864b7078e6bedde7af6.jpg, 0, 1, 0, 1
000000524844_jpg.rf.0a55e9e2750d3a639c11aacfe625216c.jpg, 0, 1, 0, 0
000000021650_jpg.rf.0a592e8daaca18b6074fb59b4f7fe453.jpg, 0, 1, 0, 0
000000469559_jpg.rf.0a5af030dd6de43b0442c8130611d81e.jpg, 0, 1, 0, 0
000000458453_jpg.rf.0a271805cc808a62b920ed2b01997aa6.jpg, 0, 1, 1, 0
000000450050_jpg.rf.0a6a8ad5032ca53dd14d2a253a7b67f3.jpg, 1, 0, 0, 0
000000038326_jpg.rf.0a6abb7b34f062322c32b47d01d71787.jpg, 0, 1, 0, 0
000000457322_jpg.rf.0a5fd4221a4fd2ffce7422eb33a9a9a7.jpg, 0, 1, 1, 0
000000341060_jpg.rf.0a65bd8e38c7130c15088a9a444bd2aa.jpg, 0, 1, 0, 0
000000030133_jpg.rf.0a862abc953780aa5bb6fdb8ace228e1.jpg, 0, 0, 0, 1
000000287601_jpg.rf.0a974a29af41263986a2c13b4003dd6a.jpg, 0, 1, 0, 1
000000180013_jpg.rf.0a9cfcebe48244c0a897b411ffae3e70.jpg, 0, 1, 0, 1
000000347878_jpg.rf.0a7ea215b87d7f78d0cf4ec3f17b00bb.jpg, 0, 1, 0, 1
000000223830_jpg.rf.0a86b40333901cbac120942849c25582.jpg, 0, 0, 0, 1
000000036761_jpg.rf.0ab0241f3ff4b0672127acbdb58f23f1.jpg, 0, 0, 1, 0
000000491464_jpg.rf.0a946266daa3282c3353295f6dfea310.jpg, 0, 1, 0, 0
000000359625_jpg.rf.0a77598b961ef17a5c01c240fc9ddabe.jpg, 0, 1, 1, 0
000000081336_jpg.rf.0ab194ab7916d057bfaa2f57c027c3a1.jpg, 0, 1, 0, 1
000000126392_jpg.rf.0ac902dde64ad254954f7b7955ff1f82.jpg, 0, 0, 0, 1
000000240648_jpg.rf.0ac33eb096e1e0a8d62687561f580939.jpg, 0, 1, 0, 1
000000549119_jpg.rf.0ac30f2821e6181facfcedadd6c2b36e.jpg, 1, 1, 0, 0
000000317424_jpg.rf.0ac3d1a362a66bce4254ac199fefe2f2.jpg, 0, 0, 0, 1
000000036077_jpg.rf.0a9821144c6688f4b18de5b6a9c0169d.jpg, 1, 1, 0, 1
000000436387_jpg.rf.0aad1d2ae91afeb09a02d9880bbb7cef.jpg, 0, 1, 0, 0
000000370892_jpg.rf.0ad293906e51a980e685e26590ff79d9.jpg, 1, 0, 0, 0
000000400983_jpg.rf.0ab7d431f7aea35f7ab84db8d2dccde1.jpg, 0, 1, 0, 1
000000083269_jpg.rf.0abb178e0b2e3448912f994cfcf389fb.jpg, 1, 0, 0, 0
000000157019_jpg.rf.0ac784d3f598750124fd6b7cb1df4cc6.jpg, 0, 1, 0, 1
000000358281_jpg.rf.0ace03aaa533166290e5fcb59a79fb90.jpg, 1, 1, 0, 1
000000565310_jpg.rf.0ae0d9d30b3fea346ff608d9618342c9.jpg, 0, 1, 0, 0
000000091055_jpg.rf.0aeb884d0eb9408ab71d97a1e3ad9621.jpg, 0, 1, 0, 0
000000539784_jpg.rf.0aeb66aa9bc58bea382651513571b449.jpg, 0, 0, 0, 1
000000241124_jpg.rf.0ae647e9760ffeafaf30b24a091929a1.jpg, 0, 1, 0, 1
000000338560_jpg.rf.0a9d706d5260f73dc71b7fc608ff593d.jpg, 0, 1, 0, 0
000000284160_jpg.rf.0acbafc26f6dd41a95c715a9dbdef98d.jpg, 1, 1, 0, 0
000000272729_jpg.rf.0ad0e8c5d5f008d2fcc1e7a9621a78ad.jpg, 0, 1, 0, 0
000000497158_jpg.rf.0aed8e429e10867d9694a66c5d95568d.jpg, 1, 1, 0, 1
000000171380_jpg.rf.0af20e2bb3c9d5a179f8744c5662e503.jpg, 0, 1, 0, 1
000000372794_jpg.rf.0afaf53e3b178369f5d6e17516466186.jpg, 0, 1, 0, 0
000000358756_jpg.rf.0af70ebc5506b67164d2eb46cb4168b9.jpg, 0, 0, 0, 1
000000146667_jpg.rf.0afdbb7cfb947a2b5a605bf9926941e2.jpg, 0, 1, 1, 0
000000177060_jpg.rf.0b0f775afedcbceea6d8dcbf46b0603b.jpg, 1, 1, 0, 0
000000508680_jpg.rf.0afc328ea46ba23a8e215dbf7bf21dbe.jpg, 0, 0, 0, 1
000000336063_jpg.rf.0b1e6941d588e9517d7aaa0eb888d398.jpg, 0, 1, 0, 0
000000133505_jpg.rf.0b2ee8e8ea23e049809bfc05642937fb.jpg, 0, 0, 1, 0
000000329339_jpg.rf.0b1c91a58a5eb57880bdd715539cfa13.jpg, 1, 1, 0, 0
000000201260_jpg.rf.0af4834c57dbda898dc808494f9adce2.jpg, 1, 0, 0, 0
000000216387_jpg.rf.0b4df44eed03fddc1e8088f6c2dcc909.jpg, 0, 1, 0, 0
000000246005_jpg.rf.0b26042bf9426dac4bda6f31f46d0b8a.jpg, 0, 1, 0, 0
000000145620_jpg.rf.0b14e91c3db3d0a79c9183122a068846.jpg, 0, 0, 1, 0
000000388347_jpg.rf.0b380c2d7859f3e21db62fc229d13f11.jpg, 0, 1, 0, 0
000000537689_jpg.rf.0b3d977f96b89cee71271abedd88d757.jpg, 1, 1, 0, 1
000000373338_jpg.rf.0b2c6522734f4abfdbc3e360b446c1d3.jpg, 0, 1, 0, 1
000000283766_jpg.rf.0af4e6de23ff583fe85df2b9a3d4f958.jpg, 0, 0, 0, 1
000000420658_jpg.rf.0b168c9aef6f653f2a4970348bbb2cca.jpg, 0, 1, 0, 1
000000242458_jpg.rf.0aff6200eb85ddff0a186711daa8062a.jpg, 0, 1, 0, 0
000000321742_jpg.rf.0aef22c6bc59423873d56377dec52007.jpg, 0, 0, 1, 0
000000414888_jpg.rf.0b36691430e6afc3d52cd2388ee0336a.jpg, 0, 1, 0, 0
000000532003_jpg.rf.0af41a42fb314ffb4bb98db782503339.jpg, 0, 1, 0, 0
000000297967_jpg.rf.0b4e37883adfffbed0abb74ab323bbce.jpg, 1, 0, 0, 0
000000347172_jpg.rf.0b3e0cbffddd729efaaa9e07d2060486.jpg, 0, 1, 0, 0
000000077569_jpg.rf.0b0d2d26dc1a7b4d39ab7e4867216776.jpg, 0, 0, 1, 0
000000075331_jpg.rf.0b5c5aeaada51123ff28da069969d440.jpg, 0, 1, 0, 0
000000540275_jpg.rf.0b58c645dce5aa0956297b4cc66122cf.jpg, 0, 1, 0, 0
000000253907_jpg.rf.0b615bddf1fba2e4da97c1d6d982959d.jpg, 0, 1, 1, 0
000000364243_jpg.rf.0b6ab821357cb7b47ed86ce71a89536e.jpg, 0, 1, 1, 0
000000352819_jpg.rf.0b69fc1bef294576d9c9d208c5083d25.jpg, 0, 0, 1, 0
000000307729_jpg.rf.0b73bf0e98440773225a6d3590ee0662.jpg, 0, 1, 0, 0
000000159850_jpg.rf.0b9ef1988dffcaa92b40d66b153cc8ea.jpg, 0, 1, 0, 0
000000544574_jpg.rf.0b610e3329313e306d203d4193cc85c5.jpg, 0, 1, 0, 0
000000444956_jpg.rf.0b8e499225d7eb0c5fba7bd4affe979a.jpg, 0, 1, 0, 0
000000142262_jpg.rf.0bb1f509faf61aab397567ff2a443d95.jpg, 0, 1, 0, 0
000000364571_jpg.rf.0ba4facdb2416142fdffdc5dac73b03b.jpg, 0, 1, 0, 1
000000352188_jpg.rf.0ba31a7723d4e97a0f25c0e7892642bf.jpg, 0, 1, 0, 1
000000272430_jpg.rf.0b66ddba4b7b78db015bd1d83a3bc0ba.jpg, 0, 1, 0, 1
000000143342_jpg.rf.0ba63cdd0cfda6608ca5d51e20261512.jpg, 0, 0, 1, 0
000000338969_jpg.rf.0b9cc2451af712d82bcd609f2656735a.jpg, 1, 0, 0, 0
000000174701_jpg.rf.0bba02d41e42109a3eec6e2acba5406c.jpg, 0, 1, 0, 0
000000375001_jpg.rf.0bb04e239b6501166d11d9adbe420415.jpg, 1, 0, 0, 0
000000297870_jpg.rf.0b754a0546dd51adcaf45bafd2858e87.jpg, 0, 0, 1, 0
000000263383_jpg.rf.0bb35b0a2a64d575be41ce645cfde239.jpg, 0, 0, 1, 0
000000422576_jpg.rf.0baca449a2f54a5bbd51d08c968609cb.jpg, 1, 0, 0, 0
000000220307_jpg.rf.0bbe78dfae37657ff4a21899f9003247.jpg, 1, 0, 0, 1
000000500525_jpg.rf.0ba890593596ce9558edefc9df73cb5f.jpg, 0, 1, 1, 1
000000224554_jpg.rf.0bd0792b3d1c09c9947df72847c1cbdd.jpg, 0, 1, 0, 0
000000300754_jpg.rf.0bcdaa5cdb190bf41e1ec17888bf33ca.jpg, 1, 0, 0, 0
000000157260_jpg.rf.0bdf39fa5a691335689a13e9c2722457.jpg, 0, 1, 1, 0
000000259049_jpg.rf.0bd4df756d9cbbc1f5afa66b9da1061f.jpg, 1, 1, 0, 0
000000451496_jpg.rf.0bd9abf43aa370f931816bb7fd3b80d9.jpg, 0, 0, 1, 0
000000011205_jpg.rf.0becbae291bb172a5977706a9143ff5f.jpg, 0, 0, 1, 0
000000059532_jpg.rf.0b7b2e0760228ebc2314c24b8dc094f8.jpg, 0, 0, 1, 0
000000171806_jpg.rf.0bf25c79403af5c8314cf875d63d7100.jpg, 0, 1, 0, 0
000000028333_jpg.rf.0bf6e4d0364bdca1ade531e15be8ce0e.jpg, 0, 0, 0, 1
000000458430_jpg.rf.0beabfc1d851feba50e579d39b3f12af.jpg, 0, 0, 1, 0
000000052609_jpg.rf.0bdadec17cf9cb62a100190202d85542.jpg, 0, 0, 0, 1
000000314538_jpg.rf.0c053fefb8af3e7dbcf5cc45159bcecd.jpg, 0, 1, 0, 0
000000466939_jpg.rf.0bc5823c622f97f3261254471f918cb2.jpg, 0, 0, 1, 0
000000323646_jpg.rf.0bed506d0ed5328e5af549090e811e08.jpg, 0, 0, 1, 1
000000502581_jpg.rf.0beb2e219c0241cda4e47afade87af7d.jpg, 0, 0, 0, 1
000000122582_jpg.rf.0bc9a32c1797099deb7c1f45d1b5f56a.jpg, 0, 1, 0, 0
000000450893_jpg.rf.0be4332e831fe51fbed1fae98761fd59.jpg, 0, 0, 0, 1
000000076257_jpg.rf.0c06decce6fa217bded5f4221b33d64a.jpg, 0, 0, 1, 0
000000068179_jpg.rf.0c13a52150e1d24f327df1760b671935.jpg, 0, 1, 0, 0
000000218985_jpg.rf.0bff0b59fedd5050ca9c373d9b8fea73.jpg, 0, 1, 0, 0
000000431686_jpg.rf.0c1067a0e4bd8e750fc315a3f8d058a9.jpg, 0, 1, 0, 0
000000331686_jpg.rf.0c1bdc5fdf899d2f7d182de37607bfbf.jpg, 0, 1, 1, 0
000000086901_jpg.rf.0c0f1dde4a3f3f05c3d134d270ab7fe8.jpg, 0, 1, 0, 1
000000272194_jpg.rf.0c19a4bbf3c2a33a40ffa385db35640e.jpg, 0, 0, 1, 0
000000202723_jpg.rf.0c3236cca861c30e23665bec1e74a0d7.jpg, 0, 0, 0, 1
000000124532_jpg.rf.0c315bb64cde40e10516a776ec132608.jpg, 0, 0, 0, 1
000000102202_jpg.rf.0c394a10ada980d0cdfba220295b8e58.jpg, 0, 1, 0, 0
000000160004_jpg.rf.0c3695b83839e2805696de477ae1454d.jpg, 1, 1, 0, 0
000000554852_jpg.rf.0bf8af0d7839e98c739a16a8adf248c7.jpg, 0, 1, 0, 0
000000115237_jpg.rf.0c2d94c47ad77d7a31530a5026f10801.jpg, 0, 0, 0, 1
000000146317_jpg.rf.0c56bb0ec0ac4aeee2d112e4f2ed6a19.jpg, 1, 1, 0, 0
000000501842_jpg.rf.0c43b3ad8ac84b81479666a72e40244a.jpg, 0, 1, 0, 1
000000266031_jpg.rf.0c4a9636bfe6330d7f6b26d817e3f41d.jpg, 1, 0, 0, 0
000000436901_jpg.rf.0c39abc396b04242395e7c4fc7bc0bbc.jpg, 0, 0, 1, 0
000000262299_jpg.rf.0c6ac2d9edaa3d8463366a267892bf17.jpg, 0, 0, 1, 0
000000289795_jpg.rf.0c54b95129aefe25cbde45cc905cbc25.jpg, 1, 0, 0, 0
000000213276_jpg.rf.0c41224f87a684b28a0aa5d1c034f569.jpg, 0, 1, 0, 1
000000020671_jpg.rf.0c69ce0516488dd14fd149804cfab310.jpg, 0, 1, 0, 0
000000400307_jpg.rf.0c466e7c009a3a9e72e1c03bcd72c4b0.jpg, 0, 0, 0, 1
000000239040_jpg.rf.0c728d1568de3bd8a74dc1f8dd7855a3.jpg, 0, 1, 0, 0
000000391887_jpg.rf.0c893d02c21e8bae4414c964423af678.jpg, 0, 1, 0, 1
000000356849_jpg.rf.0c6ffa41c9fbe91bcad35556ec6d4bf0.jpg, 0, 1, 0, 0
000000035952_jpg.rf.0cae410d26b6994990da0fef119e05e1.jpg, 0, 0, 1, 0
000000534669_jpg.rf.0c93d189c790dfa6b795389f48504cec.jpg, 1, 0, 0, 1
000000092765_jpg.rf.0c8f525cd24cda6ea58e78b597cf9683.jpg, 0, 1, 0, 1
000000124991_jpg.rf.0ca0393ed2a74db0067c5e1c308ce1c2.jpg, 0, 1, 0, 1
000000046905_jpg.rf.0c8bc57a825804131a0d1a1799a16ecc.jpg, 0, 1, 0, 0
000000263031_jpg.rf.0c8b4dcdc154b8d662415857c8f33adc.jpg, 0, 0, 1, 0
000000085114_jpg.rf.0cbe4fec0fbbd7dd0b237b3f2e954e78.jpg, 0, 1, 0, 0
000000287140_jpg.rf.0cb8d8e81db0acf14f6ce6dc79f49cc3.jpg, 0, 0, 1, 0
000000217302_jpg.rf.0ccfeac894577f20bff5effe1be4e220.jpg, 1, 0, 0, 1
000000050124_jpg.rf.0cd391492986cbd8fd57a0475847d345.jpg, 1, 1, 0, 0
000000210804_jpg.rf.0cc2c0252c373f0d6e25f06a5288105a.jpg, 1, 0, 0, 0
000000484450_jpg.rf.0cea2318d840e556ffc7b2c7259620af.jpg, 0, 0, 1, 0
000000464153_jpg.rf.0cde483fd26a80377472ebd94caffe26.jpg, 0, 0, 1, 0
000000257690_jpg.rf.0cb9f30518e86afdc740f48190f0c4c3.jpg, 0, 0, 0, 1
000000148398_jpg.rf.0cb831f757cdcf70afe60041497c926b.jpg, 0, 0, 1, 0
000000038899_jpg.rf.0ccc6b0daf64c8d58d8d9d23ba1aadd9.jpg, 0, 1, 0, 0
000000226154_jpg.rf.0ccd01fdb459680cccadb9441c649a73.jpg, 1, 0, 1, 0
000000294714_jpg.rf.0cc8e318da55a240e06ee05267de0117.jpg, 1, 1, 0, 0
000000158977_jpg.rf.0cf98543b1470680dc4fa02673782d6d.jpg, 0, 1, 1, 1
000000293720_jpg.rf.0cebba0f5f6882d0f72e98cbea803fff.jpg, 0, 0, 0, 1
000000165436_jpg.rf.0ce9cd742bb08261202a76e1700f26b4.jpg, 0, 0, 1, 0
000000153730_jpg.rf.0d068207ef511319de78c4bcc0a26089.jpg, 0, 0, 1, 0
000000133999_jpg.rf.0cb0a895b3a06efd0696d820b4fd0b6d.jpg, 1, 1, 0, 0
000000015816_jpg.rf.0ce517b6787b6f802408c79dc23a3432.jpg, 0, 0, 1, 0
000000092363_jpg.rf.0d00e973178ef16b31f459349edafe7d.jpg, 0, 1, 0, 0
000000336459_jpg.rf.0d1bb23bb067df3d6576a73b1156267d.jpg, 0, 0, 0, 1
000000545850_jpg.rf.0cd7e35ead011f8a51bf0e9be5ff8001.jpg, 1, 1, 0, 0
000000025283_jpg.rf.0d1af67dd321b6078706001916dfe130.jpg, 0, 1, 0, 0
000000131621_jpg.rf.0d101b0caf2402f033f3cc9538123d82.jpg, 0, 1, 0, 0
000000279849_jpg.rf.0cd94a1817a76c434edb7c8bdb915e32.jpg, 0, 1, 1, 0
000000354545_jpg.rf.0d26729ae65ff40f6ddef25e472c767a.jpg, 0, 0, 1, 0
000000333663_jpg.rf.0cf748a62aac935834566fb30c2ca57f.jpg, 0, 1, 0, 0
000000481930_jpg.rf.0d266a63f1e6c8df07e349810e30c283.jpg, 1, 1, 0, 0
000000154670_jpg.rf.0d245443c721ffbdd66299d1ff4a9ffc.jpg, 1, 0, 0, 0
000000062067_jpg.rf.0d263a736c742e5e84a2e96a3e3d4065.jpg, 0, 1, 0, 1
000000456505_jpg.rf.0d102d2be34bb6bfaeefe59a31adff44.jpg, 0, 1, 1, 1
000000195861_jpg.rf.0d2c9daad715c34caeed77f53ce99d78.jpg, 0, 1, 1, 0
000000043558_jpg.rf.0d2a464c273f038ef7f8c55d2d5491af.jpg, 0, 0, 0, 1
000000473922_jpg.rf.0d5021ec8a1b88e7997affcafd6b2508.jpg, 1, 0, 0, 0
000000484742_jpg.rf.0d58a726f87fe41fa350a592d680c5c1.jpg, 0, 1, 0, 0
000000535676_jpg.rf.0d3c997960f113ba899343e99c3d61cc.jpg, 0, 0, 1, 0
000000262197_jpg.rf.0d51e1e7f4d2dcea9a845e5066830af5.jpg, 0, 1, 0, 1
000000088047_jpg.rf.0d5e6ceea9ed6fc362e3056401c1688a.jpg, 0, 1, 0, 1
000000565387_jpg.rf.0d608dc4fc57e882677ef1e57edc42af.jpg, 0, 1, 1, 1
000000114500_jpg.rf.0d3430e57a14f856ef8cd529f513dba5.jpg, 0, 1, 0, 1
000000360449_jpg.rf.0d7b0fff1b6edb7687a1bf622b7d9a27.jpg, 0, 1, 0, 0
000000055469_jpg.rf.0d3200f49bed0287e79289f02ee818e8.jpg, 0, 0, 1, 0
000000326891_jpg.rf.0d45d21fce2414ac8ab8fe15639967cf.jpg, 0, 1, 0, 1
000000100918_jpg.rf.0d2b95788069964523234cf33ac49bd9.jpg, 0, 1, 0, 1
000000127054_jpg.rf.0d6e982db63b3457d2bdbb969b158b37.jpg, 0, 0, 0, 1
000000053344_jpg.rf.0d5f8a57c39dec72c0f8ce9ec09362cf.jpg, 0, 0, 1, 0
000000109819_jpg.rf.0d85d49fbf269c17d1c4bfa510e033f1.jpg, 1, 1, 1, 1
000000400091_jpg.rf.0d6baf48762663215e33840220c7ad89.jpg, 1, 1, 0, 1
000000151499_jpg.rf.0d4b5969ae048f1ba55366d94c97e599.jpg, 1, 1, 0, 0
000000021782_jpg.rf.0d7ff12cd4bdd07476d08c5f485ed1d2.jpg, 0, 1, 0, 1
000000488480_jpg.rf.0d8e36425862e162f0b65005bb9268a2.jpg, 0, 0, 1, 0
000000395214_jpg.rf.0d5218ab6252622f345ea24589c57f75.jpg, 0, 1, 0, 0
000000089032_jpg.rf.0d320b78e14efaddff4b65f892345bcc.jpg, 0, 1, 0, 0
000000479949_jpg.rf.0d916af8e13c459e61bae52f01cacc77.jpg, 0, 0, 0, 1
000000317476_jpg.rf.0d37e24d55bcd546b1910ed349c89e89.jpg, 0, 0, 0, 1
000000373422_jpg.rf.0da48c49740e0b64157e8bb5e3a46ff3.jpg, 1, 1, 0, 1
000000234164_jpg.rf.0d8534d95ed1a2065b0a5f4407c243a2.jpg, 0, 1, 0, 0
000000149551_jpg.rf.0d9768e306242299995994f0367e2b08.jpg, 1, 1, 0, 0
000000293277_jpg.rf.0d919ce2e90409ea213cff73999d86ac.jpg, 1, 1, 0, 1
000000338169_jpg.rf.0dcef82a135ed726f33a9289a33ad977.jpg, 0, 0, 1, 0
000000579158_jpg.rf.0dc6fd475c1c487d6731452859fe79ce.jpg, 0, 0, 0, 1
000000471562_jpg.rf.0daa632f00cf0ade1f3dd63c36994e9e.jpg, 0, 1, 0, 1
000000182734_jpg.rf.0daed354a0179a89526e4622c2c3d071.jpg, 0, 0, 1, 0
000000477295_jpg.rf.0df467b688f7e222b3becd2cdc2dafe0.jpg, 0, 0, 1, 0
000000004551_jpg.rf.0dbb0e201d69e02293c903d829354317.jpg, 0, 1, 0, 1
000000305170_jpg.rf.0da4883512f9f46dad24d862a9c4a6cb.jpg, 1, 1, 0, 0
000000525691_jpg.rf.0dc8c1cfbfb33e4c015cda3e7d4fad3b.jpg, 0, 1, 0, 1
000000424227_jpg.rf.0dc67a9afa05afbd1f9f842e2db6c3a5.jpg, 0, 1, 0, 0
000000430763_jpg.rf.0df6d8b1f18b01952eeb13c5b3670786.jpg, 0, 0, 1, 0
000000502134_jpg.rf.0deacec22bd9b513fef506ea4599e1e4.jpg, 0, 0, 1, 0
000000240940_jpg.rf.0de9fe74fcd28010d0f76bec80e99f28.jpg, 0, 1, 0, 0
000000321291_jpg.rf.0dc984e8d4c239ef0817bcf2a4fa4ac9.jpg, 0, 0, 0, 1
000000291538_jpg.rf.0dd3abc6d43d164f78a63077ce46984f.jpg, 1, 0, 0, 0
000000032203_jpg.rf.0dea26bd5c85c71b5cad6340cbf0555c.jpg, 0, 0, 1, 0
000000394776_jpg.rf.0df547d1d97e6e4b5826d55673836f1a.jpg, 0, 1, 0, 0
000000259553_jpg.rf.0df8339c10121db094dfb559c4009f1d.jpg, 0, 1, 0, 1
000000349344_jpg.rf.0dd324c9cf44b67ce42625307fd25280.jpg, 0, 1, 0, 1
000000494690_jpg.rf.0dae76cb5a89fafac84c942cf687795c.jpg, 0, 0, 0, 1
000000312175_jpg.rf.0e154a1f9e9b75750fea3b42bc7a746c.jpg, 0, 1, 0, 0
000000025453_jpg.rf.0e14b9cdbc2a5b856e957c2a74db97cb.jpg, 0, 1, 0, 1
000000547421_jpg.rf.0dd46a1f46d52d057656ffca0ea3c2ab.jpg, 0, 1, 0, 0
000000438504_jpg.rf.0defcf6bb8a68aa6c3d4d7aca6f83b43.jpg, 0, 1, 0, 0
000000223580_jpg.rf.0e183b6699d85f6a7083ead2d16750ac.jpg, 1, 0, 1, 0
000000390342_jpg.rf.0e185c2f165bfff400aa8c5e1dc37d99.jpg, 0, 0, 1, 0
000000253032_jpg.rf.0e3d9ce5553d3400db13c03777f542f2.jpg, 0, 1, 1, 0
000000226814_jpg.rf.0e2a42a7a8148ed5588d147408dfbabf.jpg, 1, 0, 0, 0
000000528243_jpg.rf.0e2d316f26ed9950d3bc18f9f9dd20d3.jpg, 0, 1, 0, 0
000000285019_jpg.rf.0e446ac1282c77f9dee7778cf96bd772.jpg, 0, 1, 1, 0
000000095202_jpg.rf.0e2c09fcd0959433936353b115350ba8.jpg, 1, 1, 0, 0
000000458448_jpg.rf.0e445b323ef2bee61c0c51b30494545c.jpg, 0, 1, 0, 1
000000184822_jpg.rf.0e37a183dc5c51052851893e52352af8.jpg, 1, 0, 0, 0
000000310523_jpg.rf.0e4d7c843d68efa209bdb0afbacf28d1.jpg, 0, 0, 1, 0
000000572525_jpg.rf.0e43b670fe6d53ce73033c122645e852.jpg, 1, 1, 0, 0
000000056821_jpg.rf.0e4e2e1b0bc832e6351d8107e5c16903.jpg, 0, 1, 0, 0
000000317851_jpg.rf.0e584d877f487f49c6975d52e756b369.jpg, 0, 1, 1, 0
000000472266_jpg.rf.0e52488b1b624df27e0a4dbd3cad9961.jpg, 0, 0, 0, 1
000000249363_jpg.rf.0e55677c360f11e6bf0fa6788452600e.jpg, 0, 1, 0, 0
000000256192_jpg.rf.0e50b627f024e2cbe3699c7393973b0a.jpg, 0, 0, 1, 0
000000121006_jpg.rf.0e407b60790dbdf827cf0ac00d42a712.jpg, 0, 1, 0, 0
000000208243_jpg.rf.0e653471a76efa520d924da3b382bd0b.jpg, 0, 1, 1, 0
000000152769_jpg.rf.0e7479762c064a5b34ad6695210bdf82.jpg, 0, 1, 0, 0
000000400593_jpg.rf.0e054ab4662ea9c3fe316be095b329fe.jpg, 0, 0, 0, 1
000000078068_jpg.rf.0e632061e58946de35113a61174d34d8.jpg, 0, 1, 0, 0
000000232699_jpg.rf.0e6f89dd315270caef830bf290f88428.jpg, 0, 1, 0, 0
000000169883_jpg.rf.0e8199623cf631b91959b430a2185cb5.jpg, 0, 1, 0, 0
000000053546_jpg.rf.0e739bef0677e795a383d4324f31564a.jpg, 0, 1, 0, 0
000000109174_jpg.rf.0e82550ee0b81140f2a92361fb78776c.jpg, 0, 1, 0, 0
000000387761_jpg.rf.0e7c54a5a28f4b777bdcb0f5f6312f25.jpg, 1, 0, 0, 0
000000339382_jpg.rf.0e826d3d5d0aa6cd9d5ad61ad93048b7.jpg, 0, 1, 0, 0
000000519552_jpg.rf.0e7e632e7d62f4032f17c1afdfc219da.jpg, 0, 1, 0, 0
000000456394_jpg.rf.0e4b2720418ebd1fda7b8c121c803700.jpg, 0, 1, 1, 0
000000495568_jpg.rf.0e8e17d352b7230b1bc2817d48744fba.jpg, 0, 1, 0, 0
000000383937_jpg.rf.0e6c54d5ecc9619e96de78f02c11a3c0.jpg, 0, 1, 0, 1
000000130973_jpg.rf.0e7ad9d6ea51b559fe3f921cabea40b1.jpg, 0, 0, 0, 1
000000319962_jpg.rf.0ecb8875bdfac9fda90513bf85b36cbd.jpg, 0, 1, 0, 0
000000516167_jpg.rf.0e871f9292e8bc54d006ca01296e350e.jpg, 0, 1, 0, 1
000000058057_jpg.rf.0ea345f7e0082988d1c282121d98ddec.jpg, 0, 1, 0, 1
000000091712_jpg.rf.0e9325e081d1491088d63c52587c657e.jpg, 0, 1, 0, 0
000000275037_jpg.rf.0eadd7edabb80b076ee40a35fb537375.jpg, 0, 1, 0, 0
000000157928_jpg.rf.0ea397b8c0d10dd6fe16e34e4bfd27fe.jpg, 0, 1, 0, 0
000000112093_jpg.rf.0ee15bcee41c6b0d39c75e6394c6d0f8.jpg, 0, 0, 0, 1
000000521671_jpg.rf.0ebf84c6b588eea23e93759baf82e237.jpg, 0, 0, 1, 0
000000359695_jpg.rf.0ea1164f9b34aecdc8237a6e847ec52f.jpg, 0, 1, 0, 1
000000391828_jpg.rf.0ea38adf8b080bba89a6df511a0b548a.jpg, 0, 1, 0, 0
000000255158_jpg.rf.0edff0ae1fe2a8bd3d9f40c20c60beec.jpg, 0, 1, 0, 0
000000471488_jpg.rf.0e94a00f1ac92e813cb39101437490db.jpg, 0, 1, 1, 0
000000493952_jpg.rf.0e959ef2344b43d7e30fea0528db5271.jpg, 0, 1, 0, 1
000000181542_jpg.rf.0ec3d52a11541765fbd91ba5497eacb6.jpg, 1, 1, 1, 1
000000523782_jpg.rf.0ead33ca3fe43fc95ad93a9f1e65c9f8.jpg, 0, 0, 0, 1
000000215457_jpg.rf.0ee54147dd49bdc23abc21cb0684b32a.jpg, 0, 1, 0, 0
000000131108_jpg.rf.0e8fd95e8801654dc970fad0c077dab9.jpg, 0, 1, 0, 0
000000070336_jpg.rf.0eb22cb96371246726ae1a6467b5c2ca.jpg, 0, 1, 0, 0
000000152354_jpg.rf.0ecd0dd1aed0f24200d0cfe4c002d6c0.jpg, 1, 0, 0, 0
000000174410_jpg.rf.0ee79b45eebf625067ccef7101d78467.jpg, 0, 1, 0, 0
000000166589_jpg.rf.0ee32d5db33824f7464b1fee4695077d.jpg, 0, 1, 0, 0
000000005756_jpg.rf.0eed8b986f4f8fab3f8a217a84755fcf.jpg, 0, 1, 0, 0
000000402903_jpg.rf.0f0236405e12b5fe50753a82b2d839b0.jpg, 0, 1, 0, 1
000000290965_jpg.rf.0ef3d0ddedc82953410980c8c3101380.jpg, 0, 1, 0, 1
000000005883_jpg.rf.0f13ac235cd00d09928d4d7bdbba6d62.jpg, 1, 0, 0, 1
000000533396_jpg.rf.0f1419ea62c18badc85e3e3aa47ebe57.jpg, 0, 1, 0, 0
000000180387_jpg.rf.0f300957ffce0c975b5390596880374b.jpg, 0, 0, 1, 0
000000344893_jpg.rf.0eff35e65e6eacf9c6ba3048dd384d2d.jpg, 0, 1, 0, 1
000000554828_jpg.rf.0f49d9eaadd779c78ae6d0287e7f08a7.jpg, 0, 1, 0, 1
000000571200_jpg.rf.0f4781f5f122cce8a408066fec17e33b.jpg, 1, 0, 0, 0
000000410712_jpg.rf.0f3b2df1af382a755ba3ff7c3139d853.jpg, 0, 1, 0, 0
000000399534_jpg.rf.0f7b9dec75ef1911aabcd8b9825f0fcb.jpg, 1, 1, 0, 0
000000377809_jpg.rf.0f30e28d1846b0eda517550777f61d16.jpg, 0, 0, 1, 0
000000276798_jpg.rf.0f0db3fcb6c2f020dd42413929e838a8.jpg, 0, 1, 0, 0
000000417818_jpg.rf.0f509714ef1f7ba6c5ad5dfdb7112fc0.jpg, 1, 1, 0, 0
000000319053_jpg.rf.0f28dbd8554da9dc6f8c3c3cd7379f29.jpg, 0, 1, 0, 1
000000495081_jpg.rf.0efb8b4c0258ad79445d18c18274a5dd.jpg, 0, 1, 1, 0
000000110724_jpg.rf.0f7e2068916fbf53f62fe3f0173468a7.jpg, 0, 0, 0, 1
000000175188_jpg.rf.0f38fcd90cb6979b4901b788adce0417.jpg, 0, 0, 0, 1
000000154346_jpg.rf.0f536c0ec61af4cf9d1e5e76c6ca639d.jpg, 1, 0, 0, 0
000000577685_jpg.rf.0f82f5b2d3f44241ac528c72dc1bdea4.jpg, 0, 1, 0, 0
000000156370_jpg.rf.0f3426b7024c62da43fc0d13aadada94.jpg, 0, 1, 0, 0
000000565699_jpg.rf.0f658d7b1f1a98336109bdbb44fbf53f.jpg, 1, 1, 0, 1
000000178645_jpg.rf.0f82766de1d4e15a05e43f6945bbeed3.jpg, 0, 1, 0, 0
000000217141_jpg.rf.0f80872b06fea1da940755cc8f28a665.jpg, 0, 0, 0, 1
000000268622_jpg.rf.0f44f6c1d422eab7926cccb40d544ee0.jpg, 0, 0, 1, 0
000000221243_jpg.rf.0f7dc14fba4fddf60917813990fc6c45.jpg, 0, 0, 0, 1
000000077792_jpg.rf.0f70acf6d56837fe211409b46738711d.jpg, 0, 0, 0, 1
000000477259_jpg.rf.0f5f83e1f0a97787ff4bf47a7bbb1773.jpg, 0, 0, 0, 1
000000143490_jpg.rf.0f8805bb8899b1ba71fadfbcd5a57810.jpg, 0, 1, 0, 0
000000254046_jpg.rf.0f8f1848f64b636d8dd658f33a40490c.jpg, 0, 0, 1, 0
000000359451_jpg.rf.0faa270cb2051a3d02f3562199b54227.jpg, 0, 0, 1, 0
000000131509_jpg.rf.0f3272395c794ef5ccc8e3da50db5541.jpg, 0, 1, 0, 0
000000119449_jpg.rf.0fa2a98b6d5075232655244248cc546d.jpg, 1, 1, 0, 1
000000289318_jpg.rf.0fb405f52724b4f1b75aa9edd93dc8aa.jpg, 0, 1, 0, 0
000000383569_jpg.rf.0f9dcdbfb646adf199446b291c434c88.jpg, 0, 1, 0, 0
000000360575_jpg.rf.0edc72e2e81b38c6c52269ebed2f38a7.jpg, 1, 0, 0, 0
000000137822_jpg.rf.0f93fa175d5d19201480969334f0e00d.jpg, 0, 1, 0, 0
000000262688_jpg.rf.0fb891e69c7416ec42728ef597074192.jpg, 0, 0, 0, 1
000000425296_jpg.rf.0fee14ce92cf90f27f66cb17cee46551.jpg, 0, 1, 0, 1
000000058735_jpg.rf.0fd5cab024a30ef45511b13ec90e3f3b.jpg, 0, 1, 0, 0
000000137211_jpg.rf.0fcd6064e9adde50716a3d0a21d264af.jpg, 0, 0, 0, 1
000000526079_jpg.rf.0ff681de322c0e2224f9d6e5dfc77ab6.jpg, 0, 0, 1, 0
000000473587_jpg.rf.0fb9716a19f654ad08a2795847f5326c.jpg, 0, 1, 0, 0
000000083029_jpg.rf.0fd4cde28b48e88f845b9100f61eed8d.jpg, 0, 1, 0, 1
000000390935_jpg.rf.102545e35ed611b50e2c02a32485bc30.jpg, 0, 1, 0, 1
000000288340_jpg.rf.0fe035a0e56e1168401e9363c9f9e076.jpg, 0, 0, 0, 1
000000470292_jpg.rf.10275653cc1fd63e443b2ae040154e1c.jpg, 0, 0, 1, 0
000000353993_jpg.rf.100e6cc1a02a5592cca6baf43c3c36d7.jpg, 0, 1, 0, 0
000000339276_jpg.rf.101b969f46f7ea0f5b83419444be773a.jpg, 1, 0, 0, 0
000000314914_jpg.rf.1014a481a48693270a0bc5efa17b35c6.jpg, 0, 0, 0, 1
000000154717_jpg.rf.100287a0e9a732f9e3955a81573cef66.jpg, 0, 1, 0, 0
000000423484_jpg.rf.101815e7997cb3a0ae2bb63d20ea81b7.jpg, 1, 0, 0, 0
000000064551_jpg.rf.10047a3ede9b68fdc7bc8dde271229be.jpg, 0, 0, 1, 0
000000342662_jpg.rf.0fd9f0420b8c6319ba0d3d9fda210e44.jpg, 0, 1, 0, 0
000000116771_jpg.rf.103160291d6ec3779198969f6285bc20.jpg, 0, 1, 0, 1
000000006531_jpg.rf.0fe7603c33b95649b8e73834e010acc8.jpg, 0, 1, 0, 0
000000000149_jpg.rf.1033037daf98a9d67868026e3eb289a8.jpg, 0, 1, 0, 0
000000578962_jpg.rf.0ff65d1f9502d08ba8e026d3c991ad40.jpg, 1, 1, 1, 1
000000438413_jpg.rf.104bbe6b73a950a6cccd7d5eb7105d25.jpg, 0, 1, 0, 0
000000392851_jpg.rf.1035e8599b254d13a57af54cea1ff60a.jpg, 0, 1, 0, 0
000000300663_jpg.rf.102a72bcf291bacd362b7374c81b62c9.jpg, 0, 0, 1, 0
000000542221_jpg.rf.1045194c923f9e7ac9958b2e9e103d8e.jpg, 0, 1, 0, 0
000000039040_jpg.rf.1026568aacc86e9897031576a7199543.jpg, 0, 1, 0, 1
000000045885_jpg.rf.0ff052d8852ee7605d70210d44d96e33.jpg, 0, 1, 0, 0
000000297022_jpg.rf.0fdfa31b1cc61bebbb45cf0ee3621989.jpg, 0, 0, 0, 1
000000285149_jpg.rf.1009facdf2a5c8e45576637c9115e698.jpg, 0, 1, 1, 0
000000176873_jpg.rf.10622e31711f561993d8dc54b96b279c.jpg, 0, 1, 0, 0
000000180721_jpg.rf.105d482a768b56a06961819a93b8687e.jpg, 0, 0, 0, 1
000000411379_jpg.rf.106c6a04ffc7b51a0bfaf3654870c3e7.jpg, 0, 1, 0, 0
000000078517_jpg.rf.109a2656613dde25e54e9f5117420d9e.jpg, 0, 1, 0, 0
000000268394_jpg.rf.10a8f2cdc7bface6939f8995162c3376.jpg, 0, 1, 0, 1
000000055955_jpg.rf.1067c34856d93dcd60b3e5e85c5e09ad.jpg, 0, 0, 1, 0
000000520503_jpg.rf.1079d1166e08d3c76a9e5dc094acb9a9.jpg, 0, 1, 0, 0
000000082053_jpg.rf.10a3328a60a24377a2c3ba8cd2617e16.jpg, 1, 0, 0, 0
000000039733_jpg.rf.1069f3451270e664577a6c906dcb1f70.jpg, 1, 1, 0, 1
000000192866_jpg.rf.1088cb38961b65c8c31f1772d4e36be5.jpg, 1, 0, 0, 0
000000126388_jpg.rf.108de9770eb7422e392556b6cb4d0ea8.jpg, 0, 1, 0, 0
000000302141_jpg.rf.1078004f7cf15ad889daaeaa3198188c.jpg, 1, 1, 0, 0
000000211935_jpg.rf.10d09d9f58d8056596f166e6b2e3dd0e.jpg, 0, 1, 0, 1
000000312506_jpg.rf.10c18a36ef58cbaacdeb36f89bc9318d.jpg, 1, 1, 0, 0
000000144522_jpg.rf.10841ccb388f75549fb5a13c273bf1d6.jpg, 0, 0, 1, 0
000000447345_jpg.rf.107381f82b7c0ce209653eefe0acb84a.jpg, 0, 1, 1, 1
000000281696_jpg.rf.10c67f470c7efc939d643f241c97d7cb.jpg, 0, 0, 1, 0
000000332931_jpg.rf.10c8ce2629464e5d8a0b37ad98a2a4d3.jpg, 0, 1, 1, 0
000000491336_jpg.rf.10ae3abbc674292fec5a889ffa965dce.jpg, 0, 1, 0, 1
000000364266_jpg.rf.10ca7f874c5ef304f57ace5ed6bd3c2b.jpg, 0, 0, 0, 1
000000469026_jpg.rf.10c2a1ef33e5ee02f65c99c30af7cc3d.jpg, 1, 1, 0, 0
000000251600_jpg.rf.10cc74deed20f6d2edc80018aaf58026.jpg, 0, 1, 1, 0
000000293505_jpg.rf.10edf91c7616066d682ed9576a920b46.jpg, 0, 0, 1, 0
000000011968_jpg.rf.10e7486d16f95924f8d79db7c5a3d772.jpg, 0, 1, 0, 0
000000248087_jpg.rf.10d7d2e7f2b6a053ffbce58b9b479a56.jpg, 1, 0, 0, 0
000000061403_jpg.rf.10d9179a5a82b3091d806f3caae941ea.jpg, 0, 0, 1, 0
000000109738_jpg.rf.108d722b8b7381c0abac11f95c9f8fa0.jpg, 0, 0, 0, 1
000000060325_jpg.rf.10d339f58c1445df05384de46943d491.jpg, 0, 1, 0, 0
000000314251_jpg.rf.10db064f640b105729127e523228a59e.jpg, 0, 1, 1, 0
000000172330_jpg.rf.10f2603bf744c88d4f1a5122e7d4f2b0.jpg, 0, 1, 0, 0
000000580978_jpg.rf.10e94d44442d2632cbb3dd42272b726c.jpg, 0, 1, 0, 0
000000425773_jpg.rf.1134252b610c04b7ef8f8b3ddc88fbb5.jpg, 0, 0, 0, 1
000000515457_jpg.rf.11090e56e9f1378cc7d787dcff146f5a.jpg, 0, 1, 0, 0
000000468321_jpg.rf.114ec1803a296b370adb2d867045840a.jpg, 0, 0, 0, 1
000000288880_jpg.rf.1160e29c05742f8294dc103d12246f6b.jpg, 1, 1, 0, 0
000000528020_jpg.rf.118364e2a7b424aac9bac2463b3f83a7.jpg, 0, 1, 0, 0
000000198928_jpg.rf.1142453b124626c504d72619e497e282.jpg, 1, 1, 0, 0
000000279831_jpg.rf.1110faf9b6ecae29f390dc90913ec0bd.jpg, 0, 1, 0, 0
000000030100_jpg.rf.116af5a64f675a4483a834f3f3746efb.jpg, 1, 1, 0, 1
000000493846_jpg.rf.116d34ea5e2a31b9db0bc133eb5a2007.jpg, 0, 1, 0, 0
000000271411_jpg.rf.1126ab5d538ae650c9876c7bd30eaadd.jpg, 0, 1, 0, 1
000000196715_jpg.rf.118ef3d236e3b884847e3957465c2c01.jpg, 0, 1, 0, 1
000000085376_jpg.rf.119526402d36f60108d0adcbfb028387.jpg, 0, 1, 1, 1
000000118778_jpg.rf.10f797e397c43997cb23b3d47d5a2157.jpg, 0, 1, 0, 0
000000022229_jpg.rf.118311f4ad2eb0e7b8b83411fb00ca80.jpg, 1, 1, 0, 0
000000225479_jpg.rf.119d9369cda8a0649ca9c29ca474a5e4.jpg, 0, 1, 0, 1
000000514668_jpg.rf.11319fa36f816c905266e8383329fd72.jpg, 0, 1, 0, 0
000000578703_jpg.rf.1195801d1c02471dc3ba485467b39304.jpg, 0, 1, 0, 0
000000088185_jpg.rf.118a3acef6920676bfad903091793612.jpg, 0, 1, 0, 1
000000306207_jpg.rf.112258e54fad144e42be42c82ec28e8d.jpg, 1, 1, 0, 1
000000284925_jpg.rf.1167c476c6e1fc0ea0d579e2f13dca92.jpg, 0, 0, 0, 1
000000125352_jpg.rf.11a1cbbaa0b6651fcff021286461063f.jpg, 0, 0, 0, 1
000000001518_jpg.rf.119a4411cb9487be4297d99038bd9896.jpg, 0, 1, 0, 1
000000330952_jpg.rf.116e3fa9bf49a6ca2887eec9ce174cf8.jpg, 0, 1, 0, 0
000000102307_jpg.rf.1199c7f035ff36d2c5950605787a39bb.jpg, 0, 1, 0, 1
000000217007_jpg.rf.11b5b9c87c363fb3f97193dbc93f63e8.jpg, 0, 1, 0, 0
000000399058_jpg.rf.119e17aa5ecd234557c6c98030305dea.jpg, 0, 0, 0, 1
000000117770_jpg.rf.11abe4491e0bf19920899ef4d0bd5991.jpg, 0, 1, 0, 0
000000269245_jpg.rf.11b674cabddcf802620e17ee66e3a34c.jpg, 0, 0, 1, 0
000000080928_jpg.rf.11b0c808e944e0ba824579f4aa3bd595.jpg, 0, 1, 0, 1
000000240173_jpg.rf.11a806e6f09d43e7ad1c1c8fea7991e8.jpg, 1, 1, 0, 1
000000483752_jpg.rf.11be504cb987d3b966cae4cbe330f727.jpg, 0, 1, 0, 0
000000215003_jpg.rf.11bd6c56da0d83360ded43e5540c82c1.jpg, 0, 1, 0, 0
000000356424_jpg.rf.11b83351be1a74b4afa6da57d5d82e9c.jpg, 0, 1, 0, 0
000000370149_jpg.rf.11bb612744a78ff67c854d6bda11a81e.jpg, 0, 0, 0, 1
000000008944_jpg.rf.11c596d44d1bfde56aae306ae46ea127.jpg, 0, 0, 1, 0
000000362722_jpg.rf.11e6ed472383ebad00565801de3ea4a4.jpg, 1, 1, 0, 0
000000450479_jpg.rf.11c787f891ea569a8ae6e877cb177b22.jpg, 1, 0, 0, 0
000000537289_jpg.rf.11cf0f6c27538f506c274e0ce86f7ba5.jpg, 0, 1, 0, 0
000000021685_jpg.rf.11c19350ef1122019add10dbdc1c0f30.jpg, 0, 1, 1, 0
000000104893_jpg.rf.11f1d95f94dbd987742dad2716e202af.jpg, 1, 1, 0, 0
000000507502_jpg.rf.11cc532cebffb7ac6e4dda132ea0e7b6.jpg, 1, 1, 0, 0
000000012728_jpg.rf.12307113d7a1d037e4f688835ab9acaa.jpg, 1, 0, 0, 0
000000490347_jpg.rf.12188c0ae4996617b7064799bac7a83a.jpg, 0, 1, 0, 0
000000393633_jpg.rf.11e1a69c358ec4a38370ebe3fd91d627.jpg, 0, 0, 0, 1
000000136245_jpg.rf.1226fc4a48f907461de733083e9e7ade.jpg, 0, 1, 0, 0
000000553284_jpg.rf.121eb2ba8e96ec9cd14a50569610609a.jpg, 0, 0, 1, 0
000000239616_jpg.rf.1217a060910351fe20b094b3ebdbb0bf.jpg, 0, 0, 0, 1
000000442556_jpg.rf.11f27135b8a92c3387b5a317903477df.jpg, 0, 0, 0, 1
000000072843_jpg.rf.11f2e76119275012b3d362495551811b.jpg, 1, 0, 0, 0
000000458328_jpg.rf.11d8cbfd9b1bd3f66e002f2e25f2e899.jpg, 0, 1, 0, 0
000000262819_jpg.rf.12364ec7ef2c834376f59f364bb15bca.jpg, 0, 0, 1, 0
000000494360_jpg.rf.11f4410e929f16f43f3c03f1737c526f.jpg, 0, 0, 1, 0
000000375311_jpg.rf.1206035fbcb7c58ce63289d02994fdd1.jpg, 1, 1, 0, 0
000000356145_jpg.rf.123d488413034aa237dac073949f32a9.jpg, 0, 0, 1, 0
000000036728_jpg.rf.124785c6da67e335a66ac4acfc9d2544.jpg, 0, 1, 0, 0
000000534605_jpg.rf.12276b7c1ce65e068a3bd721c73ec6b0.jpg, 0, 0, 1, 0
000000546301_jpg.rf.1241eaffaa9eb906b06f9597f89d0577.jpg, 0, 0, 0, 1
000000334752_jpg.rf.12523868a5f44222b53a57f4b9a83993.jpg, 0, 1, 1, 0
000000278749_jpg.rf.12597a5b8fb7950a9fbd46f3a7f7462a.jpg, 0, 1, 0, 0
000000229132_jpg.rf.1245c96281c9596a4430992a422bf718.jpg, 0, 1, 0, 0
000000335336_jpg.rf.1286b57e01ea1c952a5fd9c5d2c9c33f.jpg, 1, 1, 1, 0
000000381527_jpg.rf.126370c6384336da40f4923e57ae43c6.jpg, 0, 1, 0, 0
000000480587_jpg.rf.12713a693f7421085635790257756666.jpg, 0, 0, 1, 1
000000166995_jpg.rf.1263164aa9dee0917d4bf2e5524025ce.jpg, 0, 1, 0, 1
000000222587_jpg.rf.127812dcb99931aa514f028076418f60.jpg, 1, 1, 0, 0
000000350157_jpg.rf.12b841b9d7453f86f9a2b0623a5077d0.jpg, 0, 1, 0, 1
000000389244_jpg.rf.12b4f350e9bc2ed18b73dd4d86ffa30e.jpg, 0, 0, 1, 0
000000492060_jpg.rf.12b67a1e78374136c9f5540ab485cb81.jpg, 1, 1, 0, 0
000000242762_jpg.rf.1293fa128bc689bd26d386341a3d4463.jpg, 0, 1, 1, 1
000000021964_jpg.rf.12699fb754a13393b0663fc0deb28dde.jpg, 0, 0, 0, 1
000000354444_jpg.rf.12663a37fd08ec4aac6212ed8e889985.jpg, 0, 1, 0, 0
000000237215_jpg.rf.12c0878595bb0d699292e3f8ace67dd8.jpg, 0, 0, 0, 1
000000029456_jpg.rf.1289af061b4465169f71bedf978a0b8a.jpg, 1, 0, 0, 0
000000537608_jpg.rf.12b1db5cb0345b22a5d25bf484a1d183.jpg, 0, 1, 0, 1
000000230572_jpg.rf.127ddf8f68de523b14f4f07566be9a61.jpg, 0, 1, 1, 1
000000429011_jpg.rf.1280c507d8e25ddfd52927a3ae0fe8ab.jpg, 0, 1, 0, 1
000000452979_jpg.rf.129d3be47656b12eeb95e9f1c22391e8.jpg, 0, 1, 0, 0
000000110634_jpg.rf.128ba38e5a3faa139ffe12afdf753541.jpg, 0, 1, 0, 1
000000196639_jpg.rf.128e16a4966f67c7ac4202442244631f.jpg, 0, 1, 0, 0
000000128974_jpg.rf.12c101c18626bc782fe2dd4bfdf90ec2.jpg, 0, 0, 1, 0
000000270703_jpg.rf.12c2516c516746a30e9e22b5297e3285.jpg, 0, 1, 0, 0
000000178407_jpg.rf.1283ef3852b38aacea368073f64c40cf.jpg, 0, 1, 1, 0
000000363917_jpg.rf.128a0605b7ac97040ec31ab1b3b5055f.jpg, 0, 1, 1, 0
000000231889_jpg.rf.12b896a2ef811858a312dd054e91c3b7.jpg, 0, 1, 0, 0
000000488203_jpg.rf.12afaae7c4f90cda10a39943072252a3.jpg, 0, 1, 0, 0
000000380319_jpg.rf.12c4db6707fc5fd04add4c063e9a196d.jpg, 0, 1, 0, 0
000000395241_jpg.rf.12cdd53b9e6c60664c90d89659710a8c.jpg, 0, 1, 0, 1
000000516189_jpg.rf.12bf759daa0ed81c377acb4df66824d2.jpg, 0, 1, 0, 0
000000286886_jpg.rf.12c12524f3c2a7b2f70ac86b3316a039.jpg, 0, 0, 1, 0
000000437778_jpg.rf.12881ccbf6b67bfe998d5b8430b23a2b.jpg, 1, 1, 0, 0
000000283874_jpg.rf.12c5aa5b885162cefea5138b95ddfb45.jpg, 0, 0, 1, 0
000000289569_jpg.rf.12ee1137b3a921cbb425be2d03479ec6.jpg, 0, 1, 1, 0
000000298310_jpg.rf.12a29b782099662ed53e69a05a0c1805.jpg, 0, 1, 0, 0
000000256075_jpg.rf.12c62696ef4e673c172c1272070b4f4d.jpg, 1, 1, 0, 0
000000230578_jpg.rf.12ef062bf18bad344cbacd732a27713c.jpg, 0, 0, 0, 1
000000243156_jpg.rf.12e1dcb064e3aed360107ebb26bdf9ee.jpg, 0, 0, 1, 0
000000254814_jpg.rf.12efc0d87e714d76123e6052b1271260.jpg, 1, 1, 1, 1
000000105374_jpg.rf.12fa409ef821eb03aabadf8de3fcb264.jpg, 0, 1, 0, 0
000000419544_jpg.rf.12f56ae561790dabf973b624b80ba2fd.jpg, 1, 0, 0, 0
000000193680_jpg.rf.12f147517ca25f6f451bb9e454886603.jpg, 0, 1, 0, 0
000000330696_jpg.rf.130376a0291f8b1bdb5dfa85d91d4337.jpg, 0, 1, 1, 0
000000367584_jpg.rf.12f44b1aa0e1e5656af0e54e881dbd2c.jpg, 1, 1, 0, 0
000000439868_jpg.rf.13052d1a8c6a38625b892e40750d199e.jpg, 0, 1, 0, 0
000000270035_jpg.rf.12f4a59c9e8f742607794311db7ec483.jpg, 0, 1, 0, 1
000000192982_jpg.rf.131305143cfb15afe20706a7057755e3.jpg, 0, 1, 0, 0
000000080303_jpg.rf.131e53292bd3801202c7561b00f44560.jpg, 0, 0, 0, 1
000000183597_jpg.rf.131c8837a26a00ecc7ba547f7433c56b.jpg, 1, 0, 1, 0
000000150410_jpg.rf.12f69ac0d8c74865d667fe2395da060f.jpg, 0, 0, 0, 1
000000112372_jpg.rf.131b0c8badfcf6433e8f6e339e446119.jpg, 1, 1, 0, 1
000000169169_jpg.rf.133e3c7b9f64073436aef9239b404b26.jpg, 0, 1, 0, 0
000000363346_jpg.rf.132d863c45a6cbbeebc09a2fcedaeafd.jpg, 0, 1, 1, 0
000000304693_jpg.rf.1300c3aca78335b139f2759a88c2c779.jpg, 0, 1, 0, 1
000000126045_jpg.rf.132ed8bf07d6bb8047bed69421e916a5.jpg, 0, 1, 0, 0
000000171733_jpg.rf.1344088c70599d92128f83da30dbcb9a.jpg, 0, 0, 0, 1
000000184431_jpg.rf.131bbf2948dcb4fa1e74f5ea21148431.jpg, 1, 1, 0, 0
000000419297_jpg.rf.132c3201ab1230f5f40da6c0a328e2c6.jpg, 0, 1, 0, 1
000000219859_jpg.rf.1343d972aa162b1d580ca502647c093d.jpg, 1, 0, 0, 0
000000463647_jpg.rf.1331cbc5ca661c8f5b2280cb2f3df15a.jpg, 0, 0, 0, 1
000000399252_jpg.rf.132a6e1ca40efa91aa4a603f9a563118.jpg, 0, 1, 0, 1
000000106704_jpg.rf.133c65939ab934fec0c49ac9c5d977cb.jpg, 0, 0, 1, 0
000000512796_jpg.rf.13527103a8d8daa01679ab143431ae66.jpg, 0, 1, 0, 0
000000119402_jpg.rf.1344780011c83bce7aaa691c370f9500.jpg, 1, 0, 0, 0
000000406340_jpg.rf.134aff42a963a8d7908bd333465aeb55.jpg, 0, 1, 0, 0
000000376731_jpg.rf.132d6df9a850ada510e3dccf23b48e1b.jpg, 0, 0, 1, 0
000000115400_jpg.rf.134954b291c98c95407d6a7d00aa7b56.jpg, 1, 1, 0, 0
000000292125_jpg.rf.134ced2a765ef2df83342dc342744331.jpg, 0, 1, 0, 0
000000418168_jpg.rf.134e7ec970ec8c08395b5288f528ce93.jpg, 0, 1, 0, 0
000000397173_jpg.rf.1358cbb5b6e4dc2e836d1cb434b8b6f6.jpg, 0, 1, 0, 1
000000146202_jpg.rf.1375f78ff33a29901fb0a22624b6b414.jpg, 0, 0, 0, 1
000000151733_jpg.rf.13bbca47bf44d0770eeeb8108ccabe0c.jpg, 1, 1, 0, 0
000000354929_jpg.rf.137f8821074aa0d3818184908be3fe89.jpg, 0, 1, 0, 0
000000425308_jpg.rf.1380fa7c9ae0fc3c4ec8aad0108dff6d.jpg, 0, 1, 0, 0
000000472387_jpg.rf.137dc04cbac80793eb965f58717c77e9.jpg, 0, 1, 0, 0
000000330395_jpg.rf.135904cfe832c4734e1bd4b4940ab6dd.jpg, 0, 0, 0, 1
000000150636_jpg.rf.1379b0a023c707e6f04ee3843385d70b.jpg, 1, 1, 0, 0
000000333378_jpg.rf.13738d4e2ef227a15f77c8a8032fc9e5.jpg, 0, 1, 0, 1
000000511734_jpg.rf.1384bb37c32476434914d3194a8e1a06.jpg, 0, 1, 1, 0
000000430166_jpg.rf.13ab2deed6548b34a4ab445f8777a10b.jpg, 0, 1, 0, 1
000000457848_jpg.rf.1387767a979545965ddf2b3eb1bf0be2.jpg, 0, 0, 1, 0
000000486595_jpg.rf.138dcdbf0cc8da33ff5349fe3385cf73.jpg, 0, 0, 1, 0
000000406932_jpg.rf.13b471a7d9bd45c606df04ccb5e92136.jpg, 0, 1, 0, 0
000000533434_jpg.rf.139724e2355defccb19442184d83b20a.jpg, 0, 1, 0, 0
000000381828_jpg.rf.136de1db614045ae88cc0a8bfd87318e.jpg, 0, 1, 0, 0
000000193006_jpg.rf.13b35e903da8d7a9c249af32fa385a2e.jpg, 0, 1, 0, 0
000000347243_jpg.rf.13c12905dcd43758d14259908bec1c06.jpg, 0, 0, 0, 1
000000286678_jpg.rf.13c86729248f16d8499e1c94706930c0.jpg, 0, 1, 0, 0
000000021452_jpg.rf.13de1deb778fefa3783071b74529d85c.jpg, 0, 1, 1, 0
000000105945_jpg.rf.13d03cb5887dca9fc03663eacd2d1fff.jpg, 1, 0, 0, 0
000000166529_jpg.rf.13ebb4a190475cff97444ff49d6a8fa3.jpg, 1, 1, 0, 0
000000089298_jpg.rf.13e3000aab149f67cbff611890827527.jpg, 0, 1, 0, 0
000000020549_jpg.rf.1361b95792d1ef8ed13db9b15779bef2.jpg, 1, 1, 1, 1
000000560009_jpg.rf.13f08973d707a0340f8ebd9050e9404b.jpg, 0, 1, 0, 0
000000574702_jpg.rf.13d37e517aaa39179f3ff48f2f9777a1.jpg, 0, 0, 1, 0
000000393497_jpg.rf.13def96ed7dd6f0b741d10033d51d4aa.jpg, 1, 1, 0, 0
000000010954_jpg.rf.13ff5ac0b14696bce43494b9a02429e6.jpg, 0, 0, 1, 0
000000361285_jpg.rf.13dfc73c057d80eb7298badc06ce77ec.jpg, 0, 1, 0, 0
000000105448_jpg.rf.13dcfeda3dfc0f12636cd33c18b516f0.jpg, 0, 1, 0, 1
000000101310_jpg.rf.13e8163dcd6290c79d3db3cc5e4fae28.jpg, 0, 1, 0, 1
000000042408_jpg.rf.13ddfb18668a9ee93aec2f9f0631153c.jpg, 1, 1, 0, 1
000000014388_jpg.rf.13ea85ae44fc30f28b1aab31a4777d53.jpg, 0, 1, 1, 0
000000230945_jpg.rf.13f617a97e6bf41a8a8761748a8da6ac.jpg, 1, 1, 0, 0
000000391637_jpg.rf.143b45169171865724aefa08485df327.jpg, 0, 0, 1, 0
000000455934_jpg.rf.14101ce2896d367c6816d776af32b315.jpg, 0, 0, 0, 1
000000437332_jpg.rf.1427fe459a1f8c166690e06f74f15db5.jpg, 0, 1, 0, 1
000000224111_jpg.rf.14292dd87072e6067915cd6977646ba0.jpg, 0, 1, 0, 0
000000566456_jpg.rf.143cc3c404fa19e4f6ad19f74fec9732.jpg, 0, 1, 1, 1
000000107353_jpg.rf.13fad9b89c5a02dbea5a58d0a02327c4.jpg, 0, 1, 1, 0
000000410004_jpg.rf.144929ed53fbf1b585f10ee3402a5cbf.jpg, 0, 0, 0, 1
000000452321_jpg.rf.144761e2b389a42f59561a6866110ce9.jpg, 1, 0, 0, 0
000000498081_jpg.rf.1449a2a3cc8bbf497e7f6243fcb3f3c5.jpg, 0, 1, 0, 1
000000526968_jpg.rf.141bde69a6a8aa00be2c16c5cb3b19bc.jpg, 0, 0, 0, 1
000000076146_jpg.rf.1446e88e4b6b5ffa0f51d2fa6b75ba7d.jpg, 0, 1, 0, 0
000000451471_jpg.rf.145650ea6dffec8f3925a3d1119acc51.jpg, 0, 1, 1, 1
000000145994_jpg.rf.1454912b2f06a0a2d202cd8a7c273684.jpg, 0, 1, 0, 0
000000329573_jpg.rf.14580744f1244aeae6b1cb94133bb4c6.jpg, 0, 0, 0, 1
000000357684_jpg.rf.1408a53489a076649a16467b139be15e.jpg, 0, 1, 0, 0
000000449896_jpg.rf.1449ab678fb880a7177023d606daea23.jpg, 1, 0, 0, 1
000000478154_jpg.rf.144cffff2529f4a4be1cdffd4625b182.jpg, 0, 1, 1, 0
000000397599_jpg.rf.145a6133c80ecc4d9a9f7b64dcd78373.jpg, 0, 1, 0, 0
000000082263_jpg.rf.1467ed139f494f366feb0a0a0d17ed38.jpg, 0, 1, 0, 1
000000028889_jpg.rf.146532bba777c7069d7c947c2eb06420.jpg, 0, 1, 0, 0
000000292451_jpg.rf.145e6b68b88c4ffb4ded2a9ee002554b.jpg, 1, 1, 0, 0
000000370718_jpg.rf.14618650dc66018170c3ab870f08f4fb.jpg, 0, 1, 1, 1
000000384027_jpg.rf.1465d2c608db2fe2a10b42671a90516a.jpg, 1, 0, 0, 1
000000318382_jpg.rf.1478f6ed16fe871cec3ad63f666009c9.jpg, 1, 1, 0, 0
000000103356_jpg.rf.145d2312d4390fe836195353c0b1a3eb.jpg, 1, 0, 0, 0
000000147386_jpg.rf.14897abea0f3964c692f6cf2e1645248.jpg, 0, 0, 1, 1
000000091188_jpg.rf.141d60a5a8686e6f873ed57d72cdc3a5.jpg, 1, 1, 0, 1
000000481357_jpg.rf.14610d9c7cedfed0efa09322a2207971.jpg, 0, 1, 0, 1
000000107425_jpg.rf.13c347ec24cc29b885fa7507a8ba7c64.jpg, 0, 1, 0, 1
000000283380_jpg.rf.1461b484c67d410891b33085dcbda1d8.jpg, 0, 0, 1, 0
000000104711_jpg.rf.148e2d32063f8efa07005f46e869f18b.jpg, 0, 0, 1, 0
000000488406_jpg.rf.148bcafef322821fdf64305ffd419a3c.jpg, 0, 1, 0, 0
000000464440_jpg.rf.1486fe478b732383ba8b742036903711.jpg, 0, 1, 0, 1
000000261118_jpg.rf.147f179cc06cb62481a3c302e3830cec.jpg, 1, 1, 1, 0
000000545874_jpg.rf.1484a8fe789ce7f5b39dd03950dd5ee9.jpg, 0, 1, 0, 0
000000204767_jpg.rf.148c056a11e65906d87c00772e9ca586.jpg, 0, 1, 0, 0
000000207611_jpg.rf.14ad7513e629eb6b428de75c25996d52.jpg, 0, 1, 0, 0
000000386784_jpg.rf.14597c019ac8413d88af60a474119c94.jpg, 0, 1, 0, 0
000000492639_jpg.rf.144f2642f9ba96cc9043a6abef956405.jpg, 1, 1, 0, 0
000000399276_jpg.rf.1494cd5161a5604992533cce40f0b5fd.jpg, 0, 1, 0, 0
000000573241_jpg.rf.14a48a65ccbdbaee5fc7843d5ebee8d7.jpg, 0, 1, 0, 0
000000232161_jpg.rf.14dd6225cc0d3ae284fcacb9c11dcb80.jpg, 0, 1, 1, 0
000000000540_jpg.rf.14ad5cd2bd66d5bd47ebe13d5fb77b30.jpg, 1, 1, 0, 1
000000301484_jpg.rf.14cd634b0b199558231644617bc33fb9.jpg, 0, 0, 0, 1
000000105714_jpg.rf.14ca9584c2ec7884cfe98e7dc019e31b.jpg, 0, 1, 0, 0
000000343708_jpg.rf.14bd1581a1240b1db62a25e51d2a6ed7.jpg, 0, 1, 0, 0
000000500139_jpg.rf.14ada990c84b168cfc5d0b0e3abc82a5.jpg, 0, 1, 0, 1
000000510587_jpg.rf.14e05a06e45d30fc60c7ff18b1ec4db2.jpg, 0, 0, 0, 1
000000335184_jpg.rf.14cb5a7baae945e509c6a259f3091cb6.jpg, 1, 1, 0, 1
000000324754_jpg.rf.14ee853c1e5a42682404893ceba431a1.jpg, 1, 0, 0, 0
000000041837_jpg.rf.14e72b0a7965ac382d5a59cdd4ec83e7.jpg, 0, 0, 0, 1
000000077601_jpg.rf.14e3a5a94a8236ffb6e03d0917291fb0.jpg, 0, 1, 0, 0
000000075299_jpg.rf.14f6dc1d81bf5d23a00d2b3f0ab29f47.jpg, 0, 1, 0, 1
000000371322_jpg.rf.14fa387cb9640bad1b7f75b8907cae94.jpg, 1, 1, 0, 0
000000106216_jpg.rf.14f1ff6a86937dd78636222ab96c3c3a.jpg, 0, 1, 0, 1
000000574706_jpg.rf.14d76524d260ead0cf2695cf9fa14f04.jpg, 0, 1, 0, 0
000000547202_jpg.rf.15004ae628e0902182c989617f5ae58a.jpg, 0, 1, 0, 0
000000302116_jpg.rf.14d2210a58ad43dea2ed0cfed6dbe492.jpg, 0, 1, 0, 0
000000133503_jpg.rf.14e8cbe5bd8f8f5961b5dbdcf454f5c5.jpg, 1, 1, 0, 0
000000495613_jpg.rf.15093ce4ca7f7d254e43637680594250.jpg, 0, 0, 1, 0
000000503536_jpg.rf.150c0aafe0320fc5de3c68fc846d0841.jpg, 1, 0, 0, 0
000000326689_jpg.rf.1504552b55487a96f2ce1748c312c506.jpg, 0, 1, 1, 0
000000364956_jpg.rf.15019ced484bc86d0a208538637a21d8.jpg, 0, 1, 0, 1
000000179151_jpg.rf.150e8635e1cdcc47f6ab87e11cdf574b.jpg, 0, 1, 1, 0
000000461458_jpg.rf.150e7643bc134941ccd9434fde5509aa.jpg, 0, 1, 0, 0
000000399236_jpg.rf.150fb6b5baaa5996fccb994edbdb3bb7.jpg, 1, 0, 0, 0
000000534639_jpg.rf.15120a6c896bbb08f27b67bd84a61739.jpg, 0, 1, 0, 0
000000172543_jpg.rf.151fb995bca49ca9edce9191a21d374c.jpg, 0, 1, 0, 0
000000393121_jpg.rf.154e1df53c9e7cdebdc8ded63dcf4aa6.jpg, 1, 0, 1, 0
000000099553_jpg.rf.1516de653b2b07011e0efe6fcfab5a46.jpg, 0, 0, 0, 1
000000502971_jpg.rf.150ebe643eb08ce6f43cdd4c6ea9f49d.jpg, 0, 0, 1, 0
000000004360_jpg.rf.15145c242df4fc7e24ae99d3b29ceeec.jpg, 0, 1, 1, 0
000000535588_jpg.rf.153a632afdfd6d8914baaa6453dd4931.jpg, 1, 1, 0, 0
000000081827_jpg.rf.14c466b85987d4540e53411ee108c5a2.jpg, 0, 1, 0, 0
000000072373_jpg.rf.1553b858b00bd21c2847e2224aa4025d.jpg, 0, 0, 1, 0
000000041442_jpg.rf.150f1604f625a267466d628b93a9cc91.jpg, 0, 0, 1, 0
000000239243_jpg.rf.1536dab39b54a55199aeffb3869d701f.jpg, 0, 1, 0, 0
000000510812_jpg.rf.152a3ff6018ee5d644f0561a908b95e8.jpg, 0, 1, 0, 0
000000337594_jpg.rf.152f243050f1261b999993407a4b6fac.jpg, 0, 1, 0, 0
000000301574_jpg.rf.156baa622d34cce6d59f68e5f79121d2.jpg, 0, 1, 1, 0
000000359568_jpg.rf.159167a33f7171c9caa173beed5cd4dd.jpg, 0, 1, 0, 0
000000242642_jpg.rf.1577d122d9c5ed96dea0644641c4e9c7.jpg, 0, 1, 0, 0
000000250195_jpg.rf.156f2580a4a1aded962cf152d051a476.jpg, 1, 1, 0, 1
000000296038_jpg.rf.153e12cfbcc531b416b42f27008fa98a.jpg, 0, 1, 0, 1
000000437611_jpg.rf.1527e2a647649455ccb7ff2b0aa9c94a.jpg, 0, 0, 0, 1
000000031788_jpg.rf.1573ce56941c3ad3579cb734af6ee146.jpg, 0, 0, 1, 0
000000276894_jpg.rf.1558d1c9fecce9ef77989077a69468a4.jpg, 0, 1, 0, 0
000000164076_jpg.rf.15a62de53680f2700ea49fae502d5f88.jpg, 1, 0, 0, 0
000000086777_jpg.rf.15a37e9fec8d482174f4a8fbc980b2e1.jpg, 0, 1, 1, 1
000000432914_jpg.rf.15a71b92a688430158a00ba296a6be16.jpg, 1, 1, 0, 1
000000394518_jpg.rf.159bbf16d5690f9daf59666e997fc8d4.jpg, 0, 0, 0, 1
000000182181_jpg.rf.15928d264750bffc52fcb6cccb175ae8.jpg, 0, 1, 0, 1
000000040449_jpg.rf.15c1efed3202721c49cff4119bdfb8d9.jpg, 0, 0, 0, 1
000000330754_jpg.rf.15c0e2937941b8633895ed80b5eb63d8.jpg, 1, 0, 0, 0
000000566547_jpg.rf.15ba344b430fbf82e69fc119a8e84d4f.jpg, 0, 1, 0, 0
000000323571_jpg.rf.15ae9779f06acb8ae18d4ab330ca0af8.jpg, 0, 1, 0, 1
000000327656_jpg.rf.1597e127817379435795619900138b4c.jpg, 1, 0, 0, 1
000000335986_jpg.rf.15e75e4af320ac8a7af58851bc76cf6b.jpg, 1, 1, 0, 0
000000539977_jpg.rf.15d884593f4aa1d078dfdd0d785c2dae.jpg, 0, 1, 0, 0
000000062942_jpg.rf.1588426f9fb8f7a9ee680a207d02d6db.jpg, 0, 1, 0, 1
000000097924_jpg.rf.15e15121fd3471a176f22b6d8d8f8239.jpg, 0, 0, 0, 1
000000233991_jpg.rf.15d182c6bcfc4dad29e0826b87686c7e.jpg, 0, 1, 0, 0
000000123282_jpg.rf.15b56f5981303a5e9f6bdebb29274e3c.jpg, 1, 1, 0, 0
000000318550_jpg.rf.153f424c3a477293e4af706281272c33.jpg, 0, 1, 0, 1
000000239988_jpg.rf.15cd52e86aa2bdab58a6421ccd8925de.jpg, 0, 0, 1, 0
000000073182_jpg.rf.16053e66d1b6b2ac7dcced9f5c0401ec.jpg, 0, 1, 1, 0
000000113801_jpg.rf.1602361423b88b2689b500d9db6dd410.jpg, 1, 1, 0, 1
000000058949_jpg.rf.15b49d7722c30967a3bf70403c04c7fb.jpg, 0, 1, 0, 0
000000522579_jpg.rf.16080318b55f4e64abc2e5a582cf1b28.jpg, 1, 0, 1, 0
000000511279_jpg.rf.1616cda8902b0e97c5297c0f8f403e04.jpg, 0, 1, 0, 0
000000456155_jpg.rf.160863d220b3b5e047b4f3ac7690d635.jpg, 0, 1, 0, 1
000000510719_jpg.rf.15ac356ce0a6b445bab9bae9145370dd.jpg, 0, 1, 0, 1
000000315448_jpg.rf.1618c6a84cdedcee9e392d5c1d6c5e26.jpg, 0, 0, 1, 0
000000066127_jpg.rf.1631fdcf4ddcc97603000b2b07f42c02.jpg, 1, 0, 0, 0
000000022487_jpg.rf.15efc4200b961180eac396af8cc3c4fc.jpg, 0, 0, 1, 0
000000112702_jpg.rf.15f22d691cd23f57ba4c8d43e5ec553c.jpg, 1, 0, 0, 0
000000001709_jpg.rf.1639b5a62e3518f7078fd8bfcba0c56d.jpg, 0, 1, 0, 0
000000494466_jpg.rf.164b8b9e9686e8349b65701b24bfe29c.jpg, 0, 1, 0, 0
000000391807_jpg.rf.162bdf70a1de9bf862b808d2963605b7.jpg, 0, 1, 0, 0
000000279140_jpg.rf.165deaa1398dcb1fdd569d9b07fded18.jpg, 1, 1, 0, 0
000000042763_jpg.rf.16578b2963ab31f1bbb9d4d4084cd3eb.jpg, 0, 1, 0, 0
000000413419_jpg.rf.162894f42e1cfcf38b458d2baacf8de8.jpg, 0, 1, 0, 1
000000210050_jpg.rf.16632c98d3da7d725854e306df6b677f.jpg, 0, 1, 0, 0
000000413115_jpg.rf.165a4b459326c5975e7b19e84c853d5e.jpg, 0, 1, 0, 0
000000013616_jpg.rf.1666a87d08279d224d310e7cb80bd8d1.jpg, 0, 0, 1, 0
000000503232_jpg.rf.16776c873357c7114d77c8f83d35959f.jpg, 0, 1, 0, 0
000000571451_jpg.rf.1687a6c737b94079aec9ebfffa76e241.jpg, 0, 1, 0, 0
000000296994_jpg.rf.16477a046d4c9e2835a9bfb021271aaf.jpg, 0, 1, 0, 0
000000230522_jpg.rf.16397b467c65c595b68f4e0f4cb6060d.jpg, 0, 1, 0, 1
000000176810_jpg.rf.167c1cb13d8b59fb4ffce1a6a1c669a4.jpg, 0, 1, 1, 0
000000479729_jpg.rf.1690d52959c68d275ad6e469e6f29878.jpg, 0, 1, 0, 0
000000436350_jpg.rf.16650233b2f9998486c509056d7df44e.jpg, 1, 1, 0, 0
000000466985_jpg.rf.167ba32dffa72b4deb7736f9a5413382.jpg, 0, 1, 0, 0
000000375200_jpg.rf.166ebfcf4d354bdf02f4f4c63b54d57f.jpg, 0, 1, 0, 0
000000262307_jpg.rf.166aa78146f8b4cd3b6d3dd570a0e7d1.jpg, 1, 1, 0, 0
000000070408_jpg.rf.16a9f93e953a9bb0007daec597a11021.jpg, 0, 1, 0, 0
000000127932_jpg.rf.16ae9961da5392139b5061626b6205c5.jpg, 0, 0, 0, 1
000000115645_jpg.rf.16a8240a161d8eaa07707d4e43ae8665.jpg, 0, 1, 0, 0
000000460810_jpg.rf.16ac2c199aa1efc9286b2884280062c4.jpg, 0, 1, 0, 1
000000421314_jpg.rf.16c8649efae756bab7cca2901092a3cd.jpg, 1, 0, 0, 1
000000500900_jpg.rf.16ab1551bc2907f27ac525b47a6d3f8e.jpg, 0, 1, 0, 0
000000539848_jpg.rf.16c3eb5981b7d0d899c5b77f03923174.jpg, 1, 1, 0, 0
000000235536_jpg.rf.16cf89dd9c63d8de9ade5ee0f10bb91e.jpg, 0, 1, 0, 1
000000079654_jpg.rf.16b796d635686770c06647afd4a414b6.jpg, 0, 1, 0, 0
000000061897_jpg.rf.1688479d6f2dd82cde4d52ea0c566401.jpg, 0, 1, 0, 1
000000154343_jpg.rf.16a899cb19eaaa3dc442967273383dc8.jpg, 1, 1, 0, 0
000000065891_jpg.rf.16d5bce25ffc1ae616072128f4dd1f3c.jpg, 0, 1, 0, 1
000000323528_jpg.rf.16ee9cfcc8d41c09ab941f07560f2847.jpg, 1, 1, 0, 0
000000466547_jpg.rf.16e31dae385c569fe1b04178558c02fd.jpg, 1, 1, 0, 0
000000405762_jpg.rf.16ed93c3ef8a24b5973943dc59a70a98.jpg, 0, 1, 0, 1
000000502064_jpg.rf.16eb70d14031e7ce302103bcc2fc503b.jpg, 0, 1, 1, 0
000000194034_jpg.rf.16f6d078b6851d14e63f5ae7c50e26fc.jpg, 0, 1, 0, 1
000000454174_jpg.rf.16deb12f362b363e6aed184632dbbe7e.jpg, 0, 1, 0, 1
000000224772_jpg.rf.16d0537864f97bfe7187c000055d12bd.jpg, 0, 1, 0, 1
000000261871_jpg.rf.16ff8207cda64795c093c33209cefc6f.jpg, 0, 0, 0, 1
000000476754_jpg.rf.16cc2d0382f471b65b10cc5399694753.jpg, 0, 1, 0, 0
000000162227_jpg.rf.16fd4935789ef45afeb721e2fcc6d233.jpg, 0, 1, 0, 0
000000023447_jpg.rf.16eec5810698f6e28a8fcb4738b452e6.jpg, 0, 1, 0, 0
000000333434_jpg.rf.16ff87af0c33112f8f17878417319835.jpg, 0, 1, 0, 0
000000282366_jpg.rf.16f0e2dabf183b2272e2f40fc653de9b.jpg, 1, 1, 0, 0
000000526043_jpg.rf.1707e3a78a1c51a682a9bb576c9b4a22.jpg, 0, 0, 0, 1
000000016346_jpg.rf.16c15bf25593b2011d32471a837c35e3.jpg, 0, 1, 1, 0
000000253125_jpg.rf.16ec30bc17f605e725645cb255d6e0a9.jpg, 0, 1, 0, 1
000000109308_jpg.rf.1705eb2574d3c4e7aae536c370fdd070.jpg, 0, 1, 0, 0
000000485532_jpg.rf.16f2e823efa0166a0fa812f8973ae35e.jpg, 0, 1, 0, 1
000000311644_jpg.rf.1705315dbea7ef13e0e615e67ce58ba4.jpg, 1, 0, 0, 0
000000176785_jpg.rf.171267c6c86ba87ac036e9350fb9c5f8.jpg, 0, 0, 0, 1
000000045552_jpg.rf.171eba0e87066a4a5a03de268847f613.jpg, 0, 1, 0, 0
000000121493_jpg.rf.173710e4c3f98217a2d0f29ac0431668.jpg, 0, 0, 1, 0
000000474556_jpg.rf.1736d77bdf269c2a87a05ca08459ba39.jpg, 0, 1, 0, 0
000000071603_jpg.rf.16fcb2562c281a0c1cb26b96951fd188.jpg, 1, 0, 0, 0
000000190718_jpg.rf.173bebf0c650c6bb86c6b0995dddc33d.jpg, 0, 1, 0, 1
000000227567_jpg.rf.17436d5f55056ebbcccbb6d061c2079f.jpg, 0, 1, 0, 0
000000082787_jpg.rf.173a75b51e709c8a21e0ecef583f4e44.jpg, 1, 1, 0, 0
000000295185_jpg.rf.171ba845ef92e21a999c3fcd8471d904.jpg, 0, 0, 0, 1
000000187119_jpg.rf.172861c65f1a2d24e45c37e8fcd9ebe2.jpg, 0, 1, 0, 1
000000490489_jpg.rf.173ffd75f9555862efb5950148f74b18.jpg, 1, 0, 0, 1
000000247576_jpg.rf.174fd40592b855c900ab718ba3aaaa2a.jpg, 1, 1, 0, 0
000000027246_jpg.rf.1770bf72162b1d2a18e963d23be5c1fe.jpg, 0, 1, 0, 0
000000005336_jpg.rf.173f320e3ecae077ce2274848b10eb2c.jpg, 0, 1, 0, 1
000000416864_jpg.rf.174278af1a90cba1b2a7374da1edf302.jpg, 0, 0, 1, 0
000000166009_jpg.rf.1766e3061c6106774efdac0425fc1055.jpg, 0, 0, 1, 0
000000019932_jpg.rf.16ec04467dc697ea7f0ed33645a6b629.jpg, 0, 1, 0, 1
000000483249_jpg.rf.17819df789787ba4a12c4abebb0be984.jpg, 0, 1, 0, 0
000000152933_jpg.rf.1737b9f60119d15a9e2dc282f7f0a89f.jpg, 0, 1, 0, 0
000000430155_jpg.rf.1770ef9c52ce3d5fcba3e336667a49f5.jpg, 0, 1, 0, 1
000000488011_jpg.rf.1769bd320c798b7a5da92b43d36b6a22.jpg, 1, 1, 0, 0
000000288099_jpg.rf.17830ce1252e4b8cbd49f2f414a90016.jpg, 0, 1, 0, 0
000000151267_jpg.rf.178135be72ff39e8c978bb378883555e.jpg, 0, 1, 0, 1
000000370945_jpg.rf.172193abf7357c0c8a4553c52b832abe.jpg, 1, 1, 0, 0
000000223121_jpg.rf.17a386b94b6e41a8aa0c53e03b55b1b8.jpg, 0, 0, 0, 1
000000118590_jpg.rf.17bc43ea5dce5694545430bb3ea55e28.jpg, 0, 1, 0, 0
000000109746_jpg.rf.17a40691706184f3f7102950b387550c.jpg, 0, 1, 0, 0
000000336181_jpg.rf.17963463b8e5eb2f80446d5054866e46.jpg, 0, 1, 1, 0
000000519351_jpg.rf.17a5b36f6fb8a30bfbdaec00a8a6bb9a.jpg, 0, 0, 0, 1
000000423632_jpg.rf.179df43db111f4206b72ed2a8438c6d7.jpg, 1, 0, 0, 0
000000425412_jpg.rf.17b0a4165180261be18a786b569101ea.jpg, 0, 1, 0, 0
000000065953_jpg.rf.17a0e513a98589d6aff5da54e1ea9b08.jpg, 0, 1, 0, 0
000000137366_jpg.rf.17c2b618342554d3ac52bf5e1d34ff7c.jpg, 1, 1, 0, 1
000000411554_jpg.rf.17d53ae1ec0952d0d811de75975bd223.jpg, 0, 0, 0, 1
000000056980_jpg.rf.17f278c54cd857e2f1dfcd97304bb2b1.jpg, 0, 0, 0, 1
000000392809_jpg.rf.17da4cb7f3d8c61a0ae9a6d83b64119c.jpg, 0, 0, 0, 1
000000556409_jpg.rf.17e4b2ba2930873e1622772bbbee927c.jpg, 0, 0, 1, 0
000000246875_jpg.rf.17adad09bf8d52b4444ea4374c6a45ad.jpg, 0, 1, 0, 1
000000230983_jpg.rf.17ec1383f4f0b8a01be8af6b6969aac1.jpg, 0, 1, 0, 0
000000043411_jpg.rf.1815b0bce694641ac1f68d0468551131.jpg, 0, 1, 0, 0
000000073626_jpg.rf.17f1dc1d34a409e6a0f5c0264b8e7f08.jpg, 0, 0, 1, 0
000000006424_jpg.rf.17c2a7537d24ac772b99bbcaf844708a.jpg, 0, 0, 1, 0
000000487260_jpg.rf.17c348f27a58e57a3518cdd6a15075ef.jpg, 1, 0, 0, 1
000000537968_jpg.rf.17a08b535e502e24f845f756171acc38.jpg, 1, 1, 0, 1
000000223091_jpg.rf.1812d7954218996f4ebad070c0c55905.jpg, 1, 0, 0, 0
000000337687_jpg.rf.18064e708a22b517385f8ae18207ace0.jpg, 0, 1, 0, 0
000000362973_jpg.rf.17e141165cc3c0066be20c3d107f7d9d.jpg, 0, 1, 0, 1
000000345498_jpg.rf.1804bb55caf37cd5092d8c7ace6e9f47.jpg, 0, 0, 1, 0
000000057672_jpg.rf.17bfd3d10790bdd9534ac96b7d7bd497.jpg, 0, 1, 0, 1
000000282789_jpg.rf.156775b57cc0b1dc7dec325171b09c39.jpg, 1, 1, 0, 0
000000277542_jpg.rf.18258627e5a38d79791c3dbf6909da48.jpg, 0, 1, 0, 0
000000373700_jpg.rf.1813c4b835ee6c02e1762355a9a3595f.jpg, 1, 0, 1, 1
000000181359_jpg.rf.1817a9116898869cd3795cc7cccf44f0.jpg, 0, 0, 0, 1
000000127603_jpg.rf.17d78f224e3b3b28d936f8e3df930b19.jpg, 0, 1, 0, 1
000000389672_jpg.rf.181b31526b47f00e66c405c3c6829a14.jpg, 0, 0, 0, 1
000000226162_jpg.rf.182c911d787e046abbedc964a4f25856.jpg, 0, 1, 0, 0
000000307534_jpg.rf.1856b8d83411678236042abdf4c1af96.jpg, 0, 1, 0, 1
000000414848_jpg.rf.183f0da78773caae9f87bd711d707715.jpg, 0, 1, 0, 0
000000418505_jpg.rf.1850e790341ea6145de6ac2cd1005e32.jpg, 0, 1, 0, 1
000000468722_jpg.rf.18186adf935a443cb0aaca6a7b94a824.jpg, 0, 1, 0, 1
000000339403_jpg.rf.181f1b7e5bca9fddd3f850291de2f716.jpg, 0, 1, 0, 0
000000443209_jpg.rf.18520c6f14c15b2e433139d602d23db3.jpg, 0, 1, 0, 1
000000017751_jpg.rf.1866123167c6ea9b72ff33c0ef027f93.jpg, 0, 1, 0, 0
000000378375_jpg.rf.180d1c2e2a524df4fbec81d98e700362.jpg, 0, 0, 1, 0
000000378183_jpg.rf.185f1debed67df472a569408467538d0.jpg, 0, 1, 0, 0
000000052802_jpg.rf.1862c3d8dc04214cd4688f20cbf08063.jpg, 0, 0, 0, 1
000000396080_jpg.rf.184c65f38d593aeb120736704d3a2650.jpg, 0, 1, 0, 0
000000343692_jpg.rf.1869a07e26ba1066d2a2154cacb20d28.jpg, 0, 0, 1, 0
000000143874_jpg.rf.1844463b754236ccbaa73cdabb92c286.jpg, 0, 0, 0, 1
000000272007_jpg.rf.187c9c342b14301ed26f7b50b13a0fe2.jpg, 0, 1, 0, 1
000000486906_jpg.rf.18640d83a3e65a3e62ae609939ca4bed.jpg, 0, 1, 0, 0
000000563067_jpg.rf.18906ebc1356a606a5921d347de9daf4.jpg, 1, 0, 0, 0
000000262550_jpg.rf.188a7ccd53e0fb7a7363a8ddc6918080.jpg, 0, 0, 1, 0
000000311229_jpg.rf.189bb1ffb6e6188a9952397c66a4c36b.jpg, 0, 1, 1, 0
000000382890_jpg.rf.187c7ded2f80a281efea27868214bbfc.jpg, 1, 0, 0, 0
000000139594_jpg.rf.1899a167887ae1792922d4aec36cc3e4.jpg, 0, 0, 1, 0
000000198524_jpg.rf.1881eda8e541c52a6408a415a1088703.jpg, 1, 0, 0, 1
000000522338_jpg.rf.185d59cd8cd6f307726c239b3d07087c.jpg, 0, 1, 0, 0
000000214273_jpg.rf.1898586cd2112e1110697aace5ac1a60.jpg, 0, 1, 0, 0
000000359676_jpg.rf.18a69f9ca7710c94fb47d8176ea746b3.jpg, 0, 1, 0, 0
000000174019_jpg.rf.189ce5ed90abfaf1f0fb2cec83cdd19f.jpg, 0, 1, 1, 1
000000384412_jpg.rf.189a6d4123d7416e5867ebd81bc64fa6.jpg, 0, 1, 0, 0
000000275604_jpg.rf.18b7bb9ca21694b472be4c6aad850472.jpg, 0, 0, 0, 1
000000510695_jpg.rf.189d5c4af80b054916dab50e1a5e486a.jpg, 0, 1, 0, 0
000000307730_jpg.rf.18bb9566a0a12d6b61994237ece93cee.jpg, 0, 0, 0, 1
000000196948_jpg.rf.188fa1adecbe49d14374617214829acf.jpg, 0, 0, 1, 0
000000291280_jpg.rf.18b2e87793968abce9bcdac3bd47ea90.jpg, 0, 0, 1, 0
000000254884_jpg.rf.18a82bcf18bdca0a519cc622c3f3d312.jpg, 0, 1, 0, 0
000000260139_jpg.rf.18bc57ade14528578c77d20ecacb8243.jpg, 0, 1, 0, 1
000000031391_jpg.rf.18bf02b887c12049e0523c38fb85e34b.jpg, 1, 0, 0, 0
000000181061_jpg.rf.1861dbfd85d94a0de22eb00ca7fc3ab2.jpg, 0, 1, 0, 1
000000084546_jpg.rf.18c2df1713db6e073f2180bd064696cb.jpg, 0, 1, 0, 0
000000233384_jpg.rf.18c6611b7c0b9c115c1a81b0937fd2d9.jpg, 0, 0, 1, 0
000000453870_jpg.rf.18bd4ccca51dedafad47f3c844e2ab8b.jpg, 0, 1, 0, 0
000000288262_jpg.rf.18c80fab59655a527f27486cf9407d14.jpg, 0, 1, 0, 0
000000127202_jpg.rf.191a47f8b5f33c6ac262c039779bab2a.jpg, 1, 0, 0, 0
000000063906_jpg.rf.18ff23a3b91b8826424d418d36c0217d.jpg, 0, 1, 0, 0
000000493398_jpg.rf.18ec9b83c6ff1395f316cccecb606d52.jpg, 0, 1, 0, 0
000000303768_jpg.rf.18b6953eae4dade7370b722b41b23ff5.jpg, 0, 1, 1, 1
000000539406_jpg.rf.191dd588b0eadc7af6f52e99cedc34c4.jpg, 0, 0, 0, 1
000000019042_jpg.rf.18d1fb22289850f74294958a50aa5308.jpg, 0, 1, 0, 0
000000334405_jpg.rf.1900ecfc63c80ba1e8b7b8539a69fc94.jpg, 1, 1, 0, 1
000000029254_jpg.rf.191fa9bcf8d3f74ff1d276a9649ee635.jpg, 1, 1, 0, 0
000000027660_jpg.rf.18f8140867ea9106f693fa18dcd6875e.jpg, 0, 1, 0, 0
000000004462_jpg.rf.18e52109131778fb0cdc56d7a28de76e.jpg, 0, 1, 0, 1
000000050161_jpg.rf.18d7dcfcf154fc254dc4d13f60baca01.jpg, 0, 1, 0, 0
000000509030_jpg.rf.19147bf289789f365b8b9bfe1df3fe31.jpg, 0, 1, 0, 0
000000215488_jpg.rf.18e70c07655cb08278084806c10ced8b.jpg, 0, 0, 0, 1
000000173163_jpg.rf.18d4939f4cdf49cd87bcb09534dc282d.jpg, 0, 1, 1, 0
000000089155_jpg.rf.1942e7b00c88550c1eaa43c4e90c7c39.jpg, 0, 1, 0, 0
000000211963_jpg.rf.18f11cb983ad842c75c8c04b08753a8f.jpg, 0, 1, 0, 1
000000395096_jpg.rf.191439c75c2e1d79756873d966bddff6.jpg, 0, 1, 1, 0
000000358289_jpg.rf.1946f6b2b709122af1121dfc1225cf30.jpg, 1, 0, 0, 0
000000342958_jpg.rf.191dae0fa952cec001f898e43278aa7f.jpg, 0, 1, 0, 1
000000353907_jpg.rf.194a95dee0ed71a6d1c53421a5bf1b6f.jpg, 0, 1, 1, 0
000000151371_jpg.rf.1915b03a2499bcd8c7ef7ed88fbf2cf2.jpg, 0, 1, 0, 1
000000407812_jpg.rf.1958e26c082a879f68a344d116ce0ed2.jpg, 1, 1, 0, 0
000000554992_jpg.rf.195424cf1268e45b60d56bba2b5c16aa.jpg, 0, 1, 1, 0
000000144994_jpg.rf.193c9a726d853b2784c831fbacc47177.jpg, 1, 0, 0, 0
000000357537_jpg.rf.1953154eb55c5f691064747d29055174.jpg, 0, 0, 0, 1
000000535753_jpg.rf.194cd6b635b5c484946813ca04cd36e0.jpg, 0, 1, 0, 1
000000099402_jpg.rf.1960ad034871c16d4a1f7c5728444992.jpg, 1, 0, 0, 0
000000412639_jpg.rf.1903abe8e982abc39baece0ff8d16a51.jpg, 1, 1, 0, 1
000000483070_jpg.rf.195c5e349d29ee9064c511ae91f931d7.jpg, 1, 1, 0, 0
000000211047_jpg.rf.198ad93d9995df96a130f630237839a3.jpg, 0, 1, 0, 0
000000578233_jpg.rf.1975a70428c700898f565a773f7b51d3.jpg, 1, 1, 0, 0
000000401018_jpg.rf.192e0e129998a23c0c5884a803c07ff1.jpg, 0, 1, 0, 1
000000499768_jpg.rf.18c5946ed0809910a99588ec49f6017c.jpg, 0, 1, 0, 0
000000122314_jpg.rf.19806ecdbecb69c65f5edb8e479c29ec.jpg, 0, 1, 0, 1
000000174390_jpg.rf.19a0ba3ac9aab36a90db57bc0812f540.jpg, 0, 0, 1, 0
000000110501_jpg.rf.1990ab3cfbfab92dc66a1984bec1d9d5.jpg, 0, 1, 0, 1
000000471191_jpg.rf.1996e29368e812e7c48f22ab779acc00.jpg, 0, 1, 0, 0
000000162996_jpg.rf.19912232c4f751a452659c50f86f1a63.jpg, 1, 0, 0, 0
000000326493_jpg.rf.199357bcf1ae0c8809894870fcea0f5f.jpg, 0, 0, 0, 1
000000269254_jpg.rf.1986e685c4a331978f51ea6f6dca3b08.jpg, 0, 0, 1, 0
000000037062_jpg.rf.198d8d45959e2f1c9b37b2e536b3a988.jpg, 0, 0, 0, 1
000000006701_jpg.rf.19623a6c5c6bd098c8405e2b0cb88289.jpg, 0, 1, 0, 1
000000294053_jpg.rf.1995c0076bb00b94ece2e8697ee91cac.jpg, 0, 1, 0, 1
000000060678_jpg.rf.194828cc3474e6334d8c047cb345a269.jpg, 0, 1, 0, 1
000000440577_jpg.rf.196604354aa064ded08aeaae9abd588f.jpg, 0, 1, 0, 0
000000076308_jpg.rf.19538cf055172d1132eaac364a7cc0f1.jpg, 1, 0, 0, 0
000000433428_jpg.rf.19b66cfb2fef2a1d208603de4d06f137.jpg, 0, 1, 1, 0
000000088068_jpg.rf.19b398569a70212aa7dfccd352cb05a7.jpg, 0, 1, 0, 0
000000152056_jpg.rf.19a38dc114a113c4412b6a5a66ed88fa.jpg, 0, 1, 0, 0
000000357289_jpg.rf.19fa84bad7145282bc47b683f8d3838d.jpg, 1, 1, 0, 1
000000034684_jpg.rf.19d352c61b95b6d6690388aabdb42cc6.jpg, 1, 0, 0, 1
000000162223_jpg.rf.19c843b55837a42e70b64b327576c33c.jpg, 0, 0, 0, 1
000000568972_jpg.rf.19ce3e3c6d1184d8fb19662fa32754f4.jpg, 0, 1, 1, 0
000000408207_jpg.rf.19c584c6d71daff7086a476f3e953c88.jpg, 0, 0, 1, 0
000000550759_jpg.rf.1a0a3d34c61e01eff3acfacf03489b06.jpg, 0, 1, 0, 0
000000040705_jpg.rf.19f540a51afa39d158f373014f25432c.jpg, 0, 1, 0, 1
000000105115_jpg.rf.19e55ccc5333e5f41c358e127fe8eed2.jpg, 1, 0, 0, 0
000000091288_jpg.rf.19cc4135baaef260b79dfdf7d148300b.jpg, 0, 1, 0, 0
000000478386_jpg.rf.19f925cbfd0d032c41b8a147129e936a.jpg, 0, 0, 0, 1
000000544950_jpg.rf.19e98287df98298b7e284182096b1bdb.jpg, 0, 0, 0, 1
000000316365_jpg.rf.19d550698015bdbb55f505755a34f051.jpg, 0, 0, 0, 1
000000287967_jpg.rf.1a0d4c1f267f94fa687353b92c1650b6.jpg, 0, 1, 0, 0
000000407972_jpg.rf.1a24b50fe08154072a397036cc4033fe.jpg, 0, 1, 0, 0
000000401235_jpg.rf.19fcbe7bcd57f787226d61a4dd1ae42f.jpg, 0, 1, 0, 1
000000385625_jpg.rf.1a0ba51bae1b597460a5699022ebacab.jpg, 0, 1, 0, 1
000000407150_jpg.rf.19dfa3701f72d12f33c6cccc66b723ee.jpg, 0, 1, 0, 0
000000446677_jpg.rf.1992e704b42bd573093d085a61c435b3.jpg, 0, 0, 0, 1
000000018482_jpg.rf.1a0e84c80f471100a856f173e22e7a5a.jpg, 0, 1, 0, 1
000000001532_jpg.rf.1a2ef862b035f1bef43ec6839afab1e3.jpg, 0, 1, 0, 1
000000159409_jpg.rf.1a16f7866b5003e89d857bac389d81bf.jpg, 0, 1, 1, 1
000000061862_jpg.rf.1a31ef755f91e067008075f10126f344.jpg, 0, 0, 1, 0
000000328111_jpg.rf.19dd183c068c7f5be415e99456ce3c56.jpg, 0, 1, 1, 1
000000422995_jpg.rf.1a4bf3b083839d05d833f94d97cf018b.jpg, 0, 1, 0, 0
000000141251_jpg.rf.1a496e3cc21a9c6e3104c1635dd05ed1.jpg, 1, 1, 1, 0
000000064357_jpg.rf.1a1735d1a4ec63d88fcce525f5178c73.jpg, 1, 0, 0, 0
000000343504_jpg.rf.1a49eec18896a12af8a26e2c6861e4e8.jpg, 0, 1, 1, 0
000000428065_jpg.rf.1a49dfdb519d73c1ee8feccd0ea9f0ea.jpg, 0, 1, 1, 0
000000419627_jpg.rf.1a738939562b80ed5aef6cb60d644e06.jpg, 0, 1, 0, 1
000000264388_jpg.rf.1a711cd1418c4110a227aed8162a6767.jpg, 0, 1, 0, 0
000000015440_jpg.rf.1a4f9bae88e235edd0c958f346ba3642.jpg, 1, 0, 0, 0
000000373970_jpg.rf.1a57dce2c657d91c2295b90012b4161d.jpg, 0, 1, 0, 0
000000329793_jpg.rf.1a3db48a6c6d7b9df4d44e49fa5b2dd0.jpg, 0, 0, 1, 0
000000370448_jpg.rf.1a604e3bc57145d859dc0bfb2baf4c92.jpg, 0, 1, 1, 0
000000198799_jpg.rf.1a4ed35918df54f6e75ae8006bfc7f2f.jpg, 0, 1, 0, 0
000000573225_jpg.rf.1a513a6ceebcfac9c0bc6f81f55162de.jpg, 0, 1, 0, 0
000000054996_jpg.rf.1a8ae10edd0a668f13208439a3808b6a.jpg, 1, 0, 0, 0
000000516430_jpg.rf.1a6ffd6fa6435f07c2305c6cf2556010.jpg, 0, 1, 0, 0
000000349561_jpg.rf.1aa224f75d3ebc77ae7e312be05d22c2.jpg, 0, 1, 0, 0
000000153072_jpg.rf.1a7b135424135b6ed71568ae5016c4df.jpg, 0, 1, 0, 0
000000461255_jpg.rf.1a8675d5c95bb7c2a9fc002e06cd8eba.jpg, 0, 1, 0, 0
000000329280_jpg.rf.1a54c7e82d5bdbf213066e2ce5e68110.jpg, 0, 1, 0, 1
000000099354_jpg.rf.1a9b91827a62f1550b16788e9398c21a.jpg, 0, 1, 0, 0
000000291201_jpg.rf.1a6de1813638ee11ef7deaac2ef080da.jpg, 0, 1, 1, 0
000000204728_jpg.rf.1a97c471641e0b1d0347c976ba132b03.jpg, 0, 0, 0, 1
000000480985_jpg.rf.1a75e375b0a262564d57b2aed7b1277f.jpg, 0, 0, 1, 0
000000459514_jpg.rf.1a9da22e4235f01a01a922362f812d19.jpg, 0, 1, 0, 0
000000039555_jpg.rf.1aa54efaa4b564ed7d20518dd130d219.jpg, 0, 1, 0, 1
000000294499_jpg.rf.1aa5433231a8c6cc31aa63d397533ecb.jpg, 0, 1, 0, 1
000000228246_jpg.rf.1aa149d422bccbf16d04ddcb9eed08a6.jpg, 0, 0, 0, 1
000000486123_jpg.rf.1aae53c81abadd3b76df97ff5f6a3a8d.jpg, 0, 1, 0, 0
000000323341_jpg.rf.1ad5036c2eb525ac29daae6647f1de33.jpg, 0, 1, 0, 0
000000030328_jpg.rf.1ac1c3c5813ec5f0f8e5d01307da380e.jpg, 0, 1, 1, 1
000000242222_jpg.rf.1adaa2b4c44a3ec746b8c373591187f0.jpg, 0, 1, 1, 0
000000163136_jpg.rf.1ab6efb0a07e02b6eafe1c3c3be8e02e.jpg, 0, 1, 0, 0
000000499693_jpg.rf.1af15217704f26b9b51dff53e2a61c53.jpg, 0, 1, 0, 0
000000378203_jpg.rf.1adb582a401acf1512dc3c14f54cfaf7.jpg, 0, 1, 0, 0
000000024403_jpg.rf.1ae96df82e759b98618f468f614ec797.jpg, 0, 1, 0, 1
000000373846_jpg.rf.1b1556b6aeff62ba0ccf62117b303ea7.jpg, 0, 0, 0, 1
000000279816_jpg.rf.1adff35663aa9f30517edbb4cce915d4.jpg, 0, 1, 0, 1
000000423464_jpg.rf.1afc20094f7c0bf3295901962480acfa.jpg, 0, 1, 0, 0
000000421556_jpg.rf.1b14e16f1288479cc05899ab10c3576f.jpg, 1, 1, 0, 0
000000351935_jpg.rf.1b1cb184075fc00d942dca412ee1d430.jpg, 1, 1, 0, 1
000000131031_jpg.rf.1af29fb55eb7b8863322aebfa377ce65.jpg, 1, 0, 0, 0
000000047084_jpg.rf.1abe6aa63999de9043be3a939ee958d7.jpg, 0, 0, 0, 1
000000406253_jpg.rf.1acc93ae5aa7df00e4cb57e8de7208e6.jpg, 0, 1, 1, 0
000000001722_jpg.rf.1b21277f2aec739f374b54d15d6aac19.jpg, 0, 0, 1, 1
000000017178_jpg.rf.1b15933dfab495ba7eaec5b68981c45e.jpg, 0, 1, 0, 0
000000003682_jpg.rf.1b097b46b98a546c1ab2ab572c263171.jpg, 0, 0, 1, 0
000000328368_jpg.rf.1aa9bcdf08ee94cb5c538f73768a82f6.jpg, 0, 1, 0, 0
000000453481_jpg.rf.1ae99f8edef764445f4df567da231555.jpg, 0, 1, 0, 0
000000551571_jpg.rf.1b2182fcb5c9796df4beea970aa874a0.jpg, 1, 1, 0, 0
000000574722_jpg.rf.1b20bfbf768117493e3dbddcabd73cae.jpg, 0, 1, 0, 0
000000078286_jpg.rf.1ada8dce24ff608a438bfe0cf11b4ed3.jpg, 0, 1, 0, 1
000000526732_jpg.rf.1b2138a65c5e5da13f74fdb35b8cf2a1.jpg, 0, 1, 0, 0
000000198001_jpg.rf.1b40d63b6bcbdd1930409824767ca2fc.jpg, 0, 1, 0, 1
000000399998_jpg.rf.1b31927e631b4870871eee10c8a740ee.jpg, 1, 1, 0, 0
000000152689_jpg.rf.1b2907be21a448c6c5ca4834b709e8d6.jpg, 1, 1, 0, 1
000000453106_jpg.rf.1b3101e6c3136f36237405d097a26e79.jpg, 1, 1, 0, 0
000000214055_jpg.rf.1b77029a4df0cced7e91085e52c9b22a.jpg, 0, 0, 0, 1
000000068163_jpg.rf.1b551c283084bb4be5ff991e467c8daa.jpg, 0, 0, 1, 0
000000036157_jpg.rf.1b2c314e348efaf671b409f267e58f7f.jpg, 0, 1, 0, 1
000000467466_jpg.rf.1b5682a20355e25f677cb5af09085b4c.jpg, 0, 0, 1, 0
000000514605_jpg.rf.1b779e1e2bbf2bbde4ebc09f7be445c0.jpg, 0, 0, 0, 1
000000436981_jpg.rf.1b837d1b75f6daeb0aed280efd817243.jpg, 1, 0, 0, 0
000000331386_jpg.rf.1b83d01d5586f2b430847ca7e31e357b.jpg, 1, 0, 0, 0
000000249883_jpg.rf.1b4bd95ac98d233691c9ab799be0ed48.jpg, 0, 1, 0, 0
000000065139_jpg.rf.1b42466a9f9066b19bb6973e22e58185.jpg, 0, 1, 0, 0
000000146151_jpg.rf.1b265d22532df18e44c23e4544d2dd24.jpg, 0, 1, 1, 0
000000460728_jpg.rf.1b238940a8b71233e65ab9cb09f66dda.jpg, 1, 0, 0, 0
000000075283_jpg.rf.1ba1783f991169509b3608d6abfd6ca4.jpg, 0, 1, 0, 0
000000509098_jpg.rf.1b5b472735617b604aeb256841b75634.jpg, 0, 0, 1, 0
000000197851_jpg.rf.1a35c1ce1229708ad426dba92f36d167.jpg, 1, 1, 0, 0
000000202906_jpg.rf.1b966b8cbccb83e7d860cf34fe1149e6.jpg, 0, 1, 1, 0
000000341736_jpg.rf.1ba0eefdf1c0af91f2c63005814a8d83.jpg, 0, 1, 0, 0
000000340674_jpg.rf.1b44b3f14e4afba2908349f7aad62109.jpg, 1, 0, 0, 0
000000050244_jpg.rf.1b499696d1791d0dca558f633ac92f4d.jpg, 0, 1, 0, 0
000000258311_jpg.rf.1b8818ec65f284ba20068fae883e117f.jpg, 0, 1, 0, 1
000000240625_jpg.rf.1b982c626888685de3ff13a863aeec15.jpg, 0, 1, 0, 0
000000443868_jpg.rf.1ba9b9ee1b7b34c4c7bdb1b5310a2cb5.jpg, 1, 1, 0, 0
000000053615_jpg.rf.1ba9e4992c2a4f29ccc9b43dbb4b26b3.jpg, 0, 1, 0, 0
000000084238_jpg.rf.1ba1afda5d9669b4efbd77cae271f5cd.jpg, 1, 1, 0, 0
000000246963_jpg.rf.1b7f4ab4691196cb8c7bb82420f2bfbc.jpg, 0, 0, 1, 0
000000240467_jpg.rf.1bf8887d8cb8230ad0b2ea94d8904453.jpg, 0, 1, 0, 0
000000153270_jpg.rf.1bb4fadab079b07749dbae6a9d6aefa2.jpg, 0, 1, 0, 0
000000265160_jpg.rf.1bec12c43e35d5fdc77f519ca9604fc0.jpg, 0, 1, 0, 0
000000538343_jpg.rf.1bd9cab83a09b3c7862abde5f63405c5.jpg, 1, 0, 0, 0
000000187162_jpg.rf.1b992f7bb756f3d45f23f5fe691a42f0.jpg, 0, 0, 0, 1
000000426853_jpg.rf.1c00cdeb080eace82af9d0fba6b17c58.jpg, 0, 0, 1, 0
000000259216_jpg.rf.1bb3cab19a837331dfb16e65d6732e51.jpg, 0, 0, 0, 1
000000572786_jpg.rf.1c023aef3a58e9096a240846c0118adb.jpg, 1, 1, 0, 1
000000576500_jpg.rf.1bb78b772bc8537774711fd8d9cb99ab.jpg, 0, 0, 1, 0
000000016931_jpg.rf.1ba9c42474376bb80ded63e96759387e.jpg, 0, 1, 0, 0
000000316275_jpg.rf.1bf068ccf39c2ef40d1cf4e4f734ea59.jpg, 1, 1, 0, 1
000000010925_jpg.rf.1c001b087f163bc316d5c58b1cd95e04.jpg, 0, 0, 1, 0
000000232755_jpg.rf.1bf0ebc5a5907823b8440683e25e5221.jpg, 0, 0, 0, 1
000000184794_jpg.rf.1aed4dd0f1182911719b29a1ea4c46fb.jpg, 0, 1, 0, 1
000000141095_jpg.rf.1be84c297245dbed96ec5e4380a09e1c.jpg, 1, 0, 0, 0
000000046077_jpg.rf.1c05f748bc95028e95bf8f82c4862d16.jpg, 0, 1, 1, 1
000000385378_jpg.rf.1c309e315109cf844df3704127322f4e.jpg, 0, 1, 0, 1
000000472375_jpg.rf.1c1e2eb6e39ad06f8e64941ac96e8eee.jpg, 0, 0, 1, 0
000000353694_jpg.rf.1be0fa79a0fcd3a0ed823e610ef6f374.jpg, 1, 0, 0, 1
000000447991_jpg.rf.1c2dab09ae518c40084ab688d8a894a2.jpg, 0, 1, 0, 1
000000035401_jpg.rf.1bdb57a019e3a4347b5f562548e346ae.jpg, 0, 1, 0, 1
000000100990_jpg.rf.1c0834400722a34bd9c28213c1c2d365.jpg, 0, 1, 0, 0
000000448288_jpg.rf.1c3d17ba4d4cd31e45bd905e62475d38.jpg, 0, 1, 0, 1
000000409889_jpg.rf.1c194af619602295423418b9d757849a.jpg, 0, 0, 0, 1
000000471188_jpg.rf.1c3d6b453122711ca256961f4a730672.jpg, 1, 0, 0, 0
000000184037_jpg.rf.1c71a46f6d7ab3e71b1af9b97ab18d2a.jpg, 1, 0, 0, 0
000000083953_jpg.rf.1c481cc9db4110af121b62d75bc9fd3c.jpg, 0, 0, 0, 1
000000436174_jpg.rf.1c3da570b8ca30abc047bb77d2fb3635.jpg, 0, 0, 1, 0
000000465395_jpg.rf.1c72174d7f12d7deab0de6beaad529c0.jpg, 0, 0, 0, 1
000000250232_jpg.rf.1c7871e56acf9036789e309e946950af.jpg, 0, 1, 0, 0
000000364420_jpg.rf.1c4b14a08b2ff4a39cabac8a98f949a1.jpg, 0, 1, 0, 0
000000372536_jpg.rf.1c61c0a0929839a79255cfe760d1250e.jpg, 0, 1, 1, 0
000000565034_jpg.rf.1c381767cf2e3cd3f2eea7da19684312.jpg, 0, 1, 0, 0
000000224197_jpg.rf.1c709791fe4d287ecaff108126001eea.jpg, 0, 1, 0, 0
000000015338_jpg.rf.1c5068454888d33f7c19e6270a08a286.jpg, 1, 1, 0, 1
000000548240_jpg.rf.1c5ab2ad921be287c2ca5c1c57323e7f.jpg, 0, 1, 0, 1
000000572310_jpg.rf.1cc0253eb7a1bd4a2dcfedcb13aa0e96.jpg, 0, 1, 1, 0
000000101636_jpg.rf.1c9b8916cd482752fdfc8dc47fdbaf48.jpg, 0, 1, 0, 0
000000303723_jpg.rf.1cc0c2a475f0d4253ae97f3056797bb0.jpg, 0, 0, 0, 1
000000380425_jpg.rf.1cbd85223dd6c49cd4d6788249596b9c.jpg, 0, 1, 0, 0
000000305638_jpg.rf.1c947c16f7dc91229638b2c386d63322.jpg, 0, 0, 0, 1
000000122166_jpg.rf.1ca7e78338cad5b60ded0efcae0ebdf7.jpg, 0, 1, 1, 1
000000289204_jpg.rf.1c4925edb432b96c885cdc9d4f031ba0.jpg, 0, 0, 0, 1
000000078548_jpg.rf.1ce2e0183a1ac96fa1d220f2408eece5.jpg, 0, 0, 1, 0
000000161027_jpg.rf.1ccfb2f1367e8f1ebece9334a5598515.jpg, 0, 1, 0, 0
000000035966_jpg.rf.1cc29bda264b773ee095d62525c9a334.jpg, 0, 0, 1, 1
000000461775_jpg.rf.1c846d68149c4e68a92dd68a11df3555.jpg, 0, 1, 0, 0
000000287341_jpg.rf.1cef2a9061892cd915dc0c2257b56e08.jpg, 0, 1, 1, 1
000000519053_jpg.rf.1cd5c300825c2b73616606f8a9680f06.jpg, 1, 0, 1, 0
000000072284_jpg.rf.1ce2564758f65a0111349e62b1ad4d0a.jpg, 0, 1, 0, 0
000000157416_jpg.rf.1c81efe5020c8abb462d8fe26f9f9036.jpg, 0, 1, 0, 0
000000003035_jpg.rf.1d05fffa68478456c9b39d6676e023b4.jpg, 0, 1, 0, 1
000000386625_jpg.rf.1cf93f9cc325625919f1c0310b9fa866.jpg, 1, 1, 0, 1
000000427986_jpg.rf.1cfb110f56484e9cad1b24ae4aac376e.jpg, 0, 1, 0, 0
000000549448_jpg.rf.1cf4364da5ceda1c67292c1a0efb9e75.jpg, 1, 0, 0, 0
000000165350_jpg.rf.1d5645f76d3981ea6e4d3c637c0b8e81.jpg, 0, 1, 0, 0
000000387136_jpg.rf.1d657d399da1e02f38429e03ed0f916a.jpg, 1, 0, 1, 1
000000107225_jpg.rf.1d5cf8da229dca178372a0324ed61870.jpg, 0, 1, 0, 1
000000577744_jpg.rf.1d4060d7f35ec69f6d04b07aed43c947.jpg, 0, 1, 0, 0
000000319005_jpg.rf.1d307ecfbde8d5b5e14c48b3d75c3d5b.jpg, 0, 1, 0, 1
000000405767_jpg.rf.1d780fd8872f9d7ef37a83192bd47620.jpg, 0, 1, 0, 0
000000409574_jpg.rf.1d6ce0700e614f0418e1b325a10d7423.jpg, 0, 0, 1, 0
000000199534_jpg.rf.1d19251e6a29ef90847575eb3f9f77c7.jpg, 1, 1, 0, 0
000000234572_jpg.rf.1d6e7de1b2128ddcb01b51902e18dd00.jpg, 0, 1, 0, 1
000000558508_jpg.rf.1d4be35171a9a2ea475bbde062b80c79.jpg, 1, 1, 0, 0
000000292456_jpg.rf.1d29136ac3cd995f2b1a97bfe246cca9.jpg, 0, 0, 1, 0
000000230593_jpg.rf.1d5f90fa9f14c0a647544c4163fcf21d.jpg, 0, 1, 1, 0
000000124663_jpg.rf.1d6dec19214f5c578f847aec3a69c6c5.jpg, 0, 0, 0, 1
000000471507_jpg.rf.1d91ad2a3b9771fe69432a516a62b736.jpg, 0, 1, 0, 1
000000402967_jpg.rf.1d7d8c052c2551968b73f5f1c39f24f3.jpg, 1, 1, 0, 0
000000240950_jpg.rf.1d21f25a67b9def0ddec00a91b2b2159.jpg, 0, 0, 0, 1
000000073075_jpg.rf.1d5d5d848d1de6c8be77a9115319be1e.jpg, 0, 1, 0, 0
000000060576_jpg.rf.1d46a61f3849fdf6fcd5039fcc18c1d8.jpg, 0, 0, 0, 1
000000504298_jpg.rf.1d7600d7f98c4c603658cc592ffd9dcf.jpg, 0, 1, 0, 0
000000073889_jpg.rf.1d82e7f4f30b6a3f9c0af96f0fe6c41b.jpg, 0, 1, 0, 0
000000145978_jpg.rf.1daad890e00d27cad1d7606611cd8157.jpg, 0, 1, 0, 1
000000494833_jpg.rf.1d930eefe39a7172872a2857965a1e3c.jpg, 0, 1, 1, 0
000000458016_jpg.rf.1da7a0a351997fc276cb63d7b77b01e1.jpg, 0, 1, 0, 0
000000349047_jpg.rf.1daba6c5ddd72e55f94ed64edcfa43c7.jpg, 0, 0, 1, 1
000000391966_jpg.rf.1d921fa5432eac7c070a7fdaf2b4b4b4.jpg, 0, 1, 0, 0
000000276848_jpg.rf.1daeb96833a1c21afede983e902715ca.jpg, 0, 1, 0, 0
000000101110_jpg.rf.1d8c6cb826c72d19bb98e4ea97d2ea55.jpg, 0, 1, 0, 1
000000366994_jpg.rf.1d76e254140e21c2bb28ed072b1caedc.jpg, 1, 1, 0, 0
000000160456_jpg.rf.1db4cd2e683b1637af8275a55dba3f86.jpg, 0, 0, 1, 0
000000315923_jpg.rf.1db3e856eb14f77088112d0f72d53bae.jpg, 0, 0, 1, 0
000000504103_jpg.rf.1dcca9d220a01229724fa1c9a3625c9c.jpg, 0, 1, 0, 0
000000057597_jpg.rf.1dd42f3093ee974b2645a41a84ed9b81.jpg, 0, 1, 0, 1
000000238223_jpg.rf.1dd967cb4011489c14769fe394dbf06a.jpg, 1, 1, 0, 0
000000223870_jpg.rf.1de95b4b14392ba035c75db01dd48e58.jpg, 0, 1, 0, 0
000000566414_jpg.rf.1de1e39ee2b33fc4ebb752790a4ae7a0.jpg, 0, 1, 0, 1
000000292058_jpg.rf.1df35ec73de6c191224662adf0028c8b.jpg, 0, 1, 0, 0
000000277005_jpg.rf.1dcb18deacd2e178333893f6e9f81222.jpg, 0, 1, 0, 0
000000568623_jpg.rf.1de3de529796fac4d9daad7497400026.jpg, 1, 0, 0, 0
000000120790_jpg.rf.1d76c1b819beda7ab0e788b673739ae8.jpg, 1, 0, 0, 0
000000389295_jpg.rf.1ddbb51f193a3406705f33ed5a24b741.jpg, 0, 1, 0, 0
000000114353_jpg.rf.1ddd8be3598fc6ebc02ff3da9b305981.jpg, 0, 1, 0, 0
000000261893_jpg.rf.1dcd47575bab26d9153a1a7fbd200c7a.jpg, 0, 0, 1, 0
000000569030_jpg.rf.1dc2b76d3aa67acd5bebd7b2046c2cf7.jpg, 0, 1, 0, 1
000000106794_jpg.rf.1e034e6dc9a0706f80f178b549906155.jpg, 0, 1, 0, 0
000000095063_jpg.rf.1dc52743c794437fe0e704187ee2cb04.jpg, 0, 1, 0, 0
000000566945_jpg.rf.1dfed30b75a5ae09c888f986bbddd13f.jpg, 1, 0, 0, 0
000000447235_jpg.rf.1e04e734c019acc7bb1187f039519d64.jpg, 1, 1, 0, 0
000000124756_jpg.rf.1ddd6e71812ee2abe9d491303a4fbd24.jpg, 1, 0, 0, 1
000000012108_jpg.rf.1e06e44fa0f6a78cb174b42fa6baadac.jpg, 0, 1, 0, 0
000000508557_jpg.rf.1e23f77eabca83377831896b32f4211d.jpg, 0, 1, 0, 0
000000274753_jpg.rf.1e066332696d74c1612ff8ed212c2958.jpg, 0, 1, 0, 1
000000068159_jpg.rf.1db008ea2391eda58689721a6ea8e391.jpg, 0, 1, 0, 0
000000431177_jpg.rf.1e1320c801e5280865f8a3b01143f5e3.jpg, 0, 1, 0, 0
000000495519_jpg.rf.1df698e3bdcbed4a567328009d3ddf8f.jpg, 0, 0, 0, 1
000000200946_jpg.rf.1e54219686360d5f3005d919aa91cf07.jpg, 0, 1, 0, 0
000000095493_jpg.rf.1e0852486ee03c3bc07c6d8511e1ece3.jpg, 0, 0, 0, 1
000000360189_jpg.rf.1e096083c79ac859ff75811c9d1b2d00.jpg, 0, 1, 0, 1
000000010890_jpg.rf.1e2cd956ba7b607153d57acc0c7a02f4.jpg, 0, 0, 0, 1
000000503814_jpg.rf.1e2eb2016987f3c38a7ee042f785f743.jpg, 0, 1, 0, 0
000000032606_jpg.rf.1e26c3529f21f01fd1323e4c20d508d3.jpg, 0, 1, 1, 0
000000570807_jpg.rf.1e6345877ad00c6bd44e6bd4db8b520e.jpg, 0, 1, 0, 0
000000006033_jpg.rf.1e313f59fd7eecb8c69e063da1f79237.jpg, 1, 0, 0, 0
000000420475_jpg.rf.1e12ac248b73ffa6fac05989182bbb02.jpg, 0, 0, 1, 0
000000245089_jpg.rf.1e42b51df031ee95be442c15e4fff014.jpg, 0, 1, 0, 0
000000483928_jpg.rf.1e6e54c17fe2097cd9c9830757544da5.jpg, 0, 1, 0, 0
000000541787_jpg.rf.1e4d817b294f7c8b0dc9df54002b6ffe.jpg, 0, 1, 0, 0
000000417242_jpg.rf.1e5fb9272d94c561b717df04bb74c8be.jpg, 0, 1, 0, 1
000000190141_jpg.rf.1e67976fc36cda370ba448913536cedb.jpg, 0, 0, 1, 0
000000328348_jpg.rf.1e64499c2f70a86007a9c10b9686695e.jpg, 0, 1, 1, 0
000000126816_jpg.rf.1e69287e8e5be75160063dc11c56b826.jpg, 0, 1, 0, 0
000000314126_jpg.rf.1e70e8f26db5c63d7280560de4411c15.jpg, 0, 1, 0, 0
000000518355_jpg.rf.1e6cf28d9ea1ead701500e8e321ca769.jpg, 0, 1, 0, 0
000000139152_jpg.rf.1e618c75f9f6fc40f9884dbf870031a0.jpg, 0, 1, 0, 0
000000278989_jpg.rf.1e72703b2195df0f6d1a69fd8c3edda9.jpg, 0, 0, 0, 1
000000539789_jpg.rf.1e76aa665a1a606c901a2f02034081ff.jpg, 0, 1, 1, 0
000000443492_jpg.rf.1e87c582d54c991fd9637e6224f057c9.jpg, 1, 1, 0, 0
000000081434_jpg.rf.1e73b06f00c4ca0d7883c13ee3f257b0.jpg, 0, 0, 1, 0
000000061108_jpg.rf.1eae5c2216f174fea65d00dca5fd3a2f.jpg, 0, 1, 0, 0
000000150769_jpg.rf.1e8acb81792c33995ab7252d882996c8.jpg, 0, 0, 1, 0
000000403360_jpg.rf.1ed7f8332d33ce741af06d6ad712bc65.jpg, 0, 1, 0, 0
000000480728_jpg.rf.1e99b9dcb451b130c0d808c83588faed.jpg, 1, 1, 0, 0
000000461799_jpg.rf.1ec955425c555be818add4aa2423133e.jpg, 0, 1, 0, 0
000000578713_jpg.rf.1e81cc61562c90f3d390b61da1d34e37.jpg, 0, 1, 0, 0
000000057308_jpg.rf.1ed00a71aad6514e833489c57ad4f48f.jpg, 0, 1, 0, 0
000000268023_jpg.rf.1e8296f1a981e4872c07bda743eac5bb.jpg, 1, 0, 0, 0
000000268133_jpg.rf.1edbc8a865c4163eddeff93b5079172e.jpg, 0, 0, 1, 0
000000068609_jpg.rf.1e6463f30a76925fc3ad6db84eaa3656.jpg, 0, 1, 0, 0
000000412304_jpg.rf.1eb505d1cbddbe84db8979109570b63c.jpg, 0, 0, 0, 1
000000104788_jpg.rf.1ec69a7bee79b3629f8826723c1b9ac1.jpg, 0, 1, 0, 0
000000374357_jpg.rf.1edaee9b555e77c510898f26a9b38fa4.jpg, 0, 1, 0, 1
000000416766_jpg.rf.1ec6bfb20af1f99ee10f42ae7b4bee3c.jpg, 0, 0, 0, 1
000000299442_jpg.rf.1ea585c68fc0885b2e8ea318cdc05151.jpg, 1, 1, 0, 0
000000392722_jpg.rf.1ee65e9e085624948d7b429934fbebf0.jpg, 1, 1, 0, 0
000000207179_jpg.rf.1edca3102b9c8db5050cbbe4572b2c8b.jpg, 0, 0, 1, 0
000000179650_jpg.rf.1eae3461eb59bfaaa81e00dcbd297f70.jpg, 1, 1, 0, 1
000000464856_jpg.rf.1ef6ac052b485259172ef10557d974c1.jpg, 0, 1, 0, 0
000000479912_jpg.rf.1efe471859c34663baf312bd2d113ec2.jpg, 0, 0, 0, 1
000000060890_jpg.rf.1ed8540b824b435b08858746cade2ac2.jpg, 0, 1, 0, 1
000000225949_jpg.rf.1f062958a445919304406f4989873b4d.jpg, 0, 1, 0, 0
000000108321_jpg.rf.1f1aff5d2a8897f783bc029a48581fe8.jpg, 0, 1, 0, 1
000000572956_jpg.rf.1f0118ffd2727b0c39303048214fcf83.jpg, 0, 0, 1, 0
000000554453_jpg.rf.1f1caafa49baf70cee17ba760a56dfb5.jpg, 0, 0, 1, 0
000000527962_jpg.rf.1ef61b370cfc2289bb7f6766d6e2b8fd.jpg, 0, 0, 0, 1
000000036639_jpg.rf.1f0dd8337f99a90d739e904df58ba0b2.jpg, 1, 1, 0, 1
000000470398_jpg.rf.1eed948c760e10162f2fdc64706ae617.jpg, 1, 0, 0, 1
000000536280_jpg.rf.1eb06ba2741b7a7afda7d87585ac848a.jpg, 1, 0, 0, 0
000000259690_jpg.rf.1efb6c0938fba5e0a3d3edfaacc351d0.jpg, 1, 1, 0, 1
000000256683_jpg.rf.1f4ef55f1b6f6fc19863bd899aacaa40.jpg, 0, 0, 0, 1
000000439373_jpg.rf.1f5e61c3fc559a53d1d252994ec1ec53.jpg, 0, 0, 1, 0
000000085581_jpg.rf.1f20e58c32c5c46fc684b6a4e0b89239.jpg, 0, 1, 0, 0
000000011624_jpg.rf.1f62586343405afe71b1241985b085f6.jpg, 0, 1, 0, 0
000000334069_jpg.rf.1f099f25fb086e99df3e1f92836da5b8.jpg, 1, 0, 0, 0
000000442321_jpg.rf.1f480d04e5ac1f919bf44440532f193b.jpg, 0, 1, 1, 1
000000537962_jpg.rf.1f77491567f6e775731ae9936073df1b.jpg, 0, 0, 1, 1
000000426839_jpg.rf.1f7084286f7d9d4d449908cb71fda643.jpg, 0, 1, 0, 0
000000420236_jpg.rf.1f416cdbad24a9c9aa513500a5bc3468.jpg, 0, 0, 0, 1
000000411399_jpg.rf.1f7a939ea31be122f10c1c9cd4f73480.jpg, 0, 1, 0, 0
000000226825_jpg.rf.1f68f631ab8c25393f2e88023da78aff.jpg, 0, 1, 1, 0
000000120462_jpg.rf.1f6e5a6e61cabd4007a385cd1618890c.jpg, 0, 0, 0, 1
000000522119_jpg.rf.1f52c9e43c39ecabc734fb91ba38262b.jpg, 1, 1, 0, 1
000000186201_jpg.rf.1f4bf4d981ea02cf0f966c51a4e384a0.jpg, 0, 0, 0, 1
000000036914_jpg.rf.1f6bdb4934122d3595f7bdfacc3a91f7.jpg, 0, 0, 0, 1
000000415750_jpg.rf.1f7d8dff60047731abbc426260906c27.jpg, 0, 1, 0, 0
000000399703_jpg.rf.1f88757eade6c34061bfb49f9914aae1.jpg, 0, 1, 0, 0
000000171107_jpg.rf.1f82c70da17984098755095e199fa2eb.jpg, 0, 1, 0, 0
000000316332_jpg.rf.1f5b6378fe7473496e02ac8e5c6db086.jpg, 0, 0, 1, 0
000000443056_jpg.rf.1f73bac96951faf5a95ca0b467d57aad.jpg, 0, 0, 1, 0
000000094140_jpg.rf.1f312d253e27410eb143cbadeaf96ebd.jpg, 0, 1, 0, 0
000000273516_jpg.rf.1f516a809b33fda5fb03e80c9f49b79a.jpg, 0, 1, 0, 0
000000108876_jpg.rf.1fa20a57b39608656499ccfc0c6c4ec1.jpg, 0, 1, 0, 1
000000206391_jpg.rf.1f97628671626e3bbf694b891ec3b78b.jpg, 0, 0, 0, 1
000000396051_jpg.rf.1f93d689f3bd991b9c2a08cdccc14a9b.jpg, 0, 0, 0, 1
000000472598_jpg.rf.1f8366cc431162e9b87e5be4bc8339de.jpg, 0, 1, 0, 0
000000380993_jpg.rf.1f4aededa38fb88fec047110b23734b8.jpg, 0, 1, 0, 0
000000093732_jpg.rf.1f88f9b0c27bdc1f80ae9b2cff183137.jpg, 1, 1, 0, 1
000000277461_jpg.rf.1f89664bb3daa1a6a91eedbf5434a59c.jpg, 0, 0, 0, 1
000000504948_jpg.rf.1f9aaf883f9bc6da7bc3054bfbef6de0.jpg, 0, 0, 1, 0
000000242002_jpg.rf.1f860d8ad4ba3f8410e5a2550e3d281f.jpg, 0, 0, 1, 0
000000178789_jpg.rf.1fafc4ef131c393ebeb1ddf8299df280.jpg, 0, 1, 0, 0
000000536426_jpg.rf.1fc53c757abaa486b20f6b4fea6b63ba.jpg, 0, 1, 0, 0
000000195449_jpg.rf.1fd02a1d2673bb5200a93b2f0d64a16d.jpg, 0, 1, 1, 1
000000327565_jpg.rf.1fa884cf5425b8e3d8166cd45c2f2a25.jpg, 0, 0, 1, 0
000000152336_jpg.rf.1fa98650d9760576c2a45c19ab9307a7.jpg, 0, 1, 0, 0
000000538170_jpg.rf.1fc5cbc63d736794417cf0d6df8e9b03.jpg, 0, 0, 0, 1
000000310338_jpg.rf.1fa46b87456f4b47cad0019922e8d05f.jpg, 1, 1, 0, 1
000000555597_jpg.rf.1fd3c562b7b323f056e0c558dd3ecccc.jpg, 0, 1, 0, 1
000000367484_jpg.rf.1fa6ab9bd028229296bf5f7d053f951a.jpg, 1, 1, 0, 0
000000228657_jpg.rf.1f800accb6a42bd2ec24ce2f99a2de8d.jpg, 0, 1, 0, 1
000000063791_jpg.rf.1fcac019d1586d1e0c4181349c447d83.jpg, 0, 1, 0, 0
000000060320_jpg.rf.1fa6478f83b7967ea19fa1f60d88e35f.jpg, 1, 0, 0, 1
000000454940_jpg.rf.1fd9a1a21041a212673901ea50afa0de.jpg, 0, 0, 1, 0
000000038817_jpg.rf.1fb844f33daac6b53f3ecc0d310d9e52.jpg, 1, 1, 0, 0
000000017927_jpg.rf.1ff4cd5d23502ed23c858ed4c1a78605.jpg, 0, 0, 0, 1
000000405205_jpg.rf.1fa95f24c8de3cc4e128191936538450.jpg, 1, 0, 0, 1
000000293658_jpg.rf.1fe4f9dd06a21abbc08b208ba52e077e.jpg, 0, 1, 0, 0
000000014484_jpg.rf.1fd84c89dcbe889b96c18d583af1169b.jpg, 1, 1, 0, 0
000000458649_jpg.rf.1feb7df1593db362cbb3ac9604378844.jpg, 0, 0, 0, 1
000000277991_jpg.rf.200be0fcb729259e8cd3eefb15717262.jpg, 0, 1, 0, 0
000000464037_jpg.rf.1fd9dbcde822a28615d76ee662008d9c.jpg, 0, 1, 1, 0
000000552886_jpg.rf.1fdadd69aa3aaf88db4ab717af1d7c48.jpg, 1, 1, 0, 0
000000521711_jpg.rf.2003dd6a8c730a115fc74ae752e69f6d.jpg, 0, 0, 0, 1
000000365437_jpg.rf.1ff24f9806a4165092a5473ef59c1a70.jpg, 0, 1, 0, 0
000000355777_jpg.rf.1fe76dded198e0ce630f19385d8c5d56.jpg, 1, 1, 0, 0
000000569565_jpg.rf.2019d48afeacc4fba9a6dd7151464a0b.jpg, 0, 0, 0, 1
000000005340_jpg.rf.20232c4f966d0d87f4a107023ea9bfae.jpg, 0, 0, 0, 1
000000352107_jpg.rf.20200ae353ffc8a48db492eb63af1763.jpg, 0, 1, 0, 0
000000069136_jpg.rf.2034ab3960427cf3c0cbcc44580c0a71.jpg, 0, 1, 0, 0
000000110658_jpg.rf.202de65deb3a090eac5e1bde00e61644.jpg, 1, 0, 0, 0
000000312292_jpg.rf.2023e23662a1b09701c8d2bdc2bef4df.jpg, 0, 1, 0, 0
000000341061_jpg.rf.202e2aac83d2cdd96004cc56cab12d75.jpg, 0, 1, 0, 1
000000099422_jpg.rf.20338b0b90c339f894b72189a7888310.jpg, 0, 0, 0, 1
000000472549_jpg.rf.20365dc19b9d1bf0b377899fab33b0fb.jpg, 0, 0, 1, 0
000000460628_jpg.rf.204309bd5f64edb9562035b3a97825cd.jpg, 0, 1, 0, 0
000000350077_jpg.rf.202c533be82899d18c961d4f95dc9637.jpg, 0, 1, 0, 1
000000042805_jpg.rf.20432c389ce0312d1e856c43b999da9e.jpg, 0, 0, 1, 0
000000510525_jpg.rf.2034a677db46ce58639cfca8487c29f1.jpg, 0, 1, 0, 0
000000112114_jpg.rf.204aab99ce8052f4526de435ccd3c04a.jpg, 0, 1, 0, 0
000000104176_jpg.rf.204b643cda41c874a2b6cd965bf0a3d4.jpg, 0, 0, 0, 1
000000447731_jpg.rf.2066f51cf84e732284fe89ce2bf5bc39.jpg, 0, 0, 1, 0
000000045594_jpg.rf.204cf3d4589a371f0fc9d9acd37449d7.jpg, 0, 1, 0, 1
000000494222_jpg.rf.2050bff35e2d611e916942386e38a8fc.jpg, 0, 1, 0, 0
000000496198_jpg.rf.2047104bc04e56f008466123bf5f62d9.jpg, 0, 0, 0, 1
000000141416_jpg.rf.207c55c1746271230c8ce0ec9f09d03e.jpg, 0, 0, 1, 0
000000374487_jpg.rf.2083cc011947898af1e3b8c2f0a37116.jpg, 0, 0, 1, 0
000000330611_jpg.rf.20724f6419401006fa7e85816beaf12c.jpg, 0, 1, 0, 0
000000518548_jpg.rf.20745041bcc77455f7506c12e0640574.jpg, 0, 1, 0, 0
000000411958_jpg.rf.208e5d56c5cbfa5623b37c47e53cc19d.jpg, 0, 0, 0, 1
000000275515_jpg.rf.20bb771b027c40eccf15696fc803047b.jpg, 0, 0, 0, 1
000000253054_jpg.rf.2049df16734f15153ff8a8f230ee835a.jpg, 1, 1, 1, 1
000000105195_jpg.rf.208a19d9c5140e7e908bf8d6575d4190.jpg, 0, 1, 0, 0
000000273551_jpg.rf.20a6a5b6a6c64dee18c43104a5b41c26.jpg, 0, 0, 1, 0
000000161010_jpg.rf.2099f10911664bbd023125f2a3e9bd64.jpg, 0, 1, 0, 1
000000168627_jpg.rf.20bdfefbec1877565b38807040e0ac75.jpg, 0, 0, 1, 0
000000034779_jpg.rf.20ae16f3cc5a0d5dd57c1239a266918d.jpg, 0, 0, 1, 0
000000211676_jpg.rf.2072fa35737afe4abce81ac7222e6283.jpg, 0, 0, 0, 1
000000271643_jpg.rf.20a728ea86bd4ddaabf99ead252c8e8c.jpg, 0, 1, 0, 0
000000474953_jpg.rf.204a152700ce2e2f0505f8b2c6711564.jpg, 0, 1, 0, 0
000000341487_jpg.rf.20bf070405e1d7465bcadfb2a4607213.jpg, 0, 0, 0, 1
000000012014_jpg.rf.20afe500f0ad3eb3a0b459c8524cfeaa.jpg, 1, 0, 0, 0
000000208206_jpg.rf.20c0069f6f02b5f8afd53f8f1fa6757f.jpg, 0, 1, 0, 0
000000416523_jpg.rf.208934b1dbb5f7a8d3978299421197f5.jpg, 0, 0, 0, 1
000000175121_jpg.rf.20c40218ad69114b4fabf4e0021e04ae.jpg, 1, 0, 0, 0
000000228799_jpg.rf.20c2169c9b3ee2cd2ab4427362aabaad.jpg, 0, 0, 1, 0
000000151141_jpg.rf.20882b90c26377ede5a250c13aef09d6.jpg, 0, 1, 0, 0
000000478967_jpg.rf.20849bc1599b77f9aa9b9f44105b0766.jpg, 0, 1, 0, 0
000000291179_jpg.rf.20cd89c84b57917bde7b2f5f021b38e0.jpg, 0, 1, 0, 0
000000439623_jpg.rf.20cf8e632d31e1f228d8537cfa1093d6.jpg, 0, 1, 0, 0
000000403515_jpg.rf.20b2b929e7978c582a0b54722a2e045a.jpg, 0, 1, 0, 0
000000452775_jpg.rf.20da5b4a739a315d068e369ae585e159.jpg, 0, 1, 1, 0
000000539975_jpg.rf.20d7d2b278b562d00d007392a953ea24.jpg, 1, 0, 0, 0
000000269038_jpg.rf.20d5587c813b7ca91850d657a8c220f5.jpg, 1, 1, 0, 0
000000290896_jpg.rf.20d8d3811f9b2fbc0a147bf7299691fd.jpg, 1, 1, 0, 0
000000436799_jpg.rf.20e217fca2d04eab2e9ef75e41293c30.jpg, 0, 0, 0, 1
000000561375_jpg.rf.20bf45d4d810eb15339b92e920bb00a9.jpg, 0, 1, 0, 0
000000498508_jpg.rf.206e8876f8b4b96273f429c6c1ece632.jpg, 0, 0, 1, 0
000000260482_jpg.rf.21039758464139efd726edbf3bec4ae4.jpg, 0, 0, 1, 0
000000465524_jpg.rf.20dddd04af2b69026655d6d07c597b4d.jpg, 0, 0, 1, 0
000000014244_jpg.rf.20da936c3debc2a73dc077f73aeb6dfb.jpg, 0, 1, 0, 0
000000081054_jpg.rf.2107834d64524ed53f470c481f527563.jpg, 0, 1, 0, 1
000000279887_jpg.rf.20e62c91a3abff7126c02f64caca113a.jpg, 0, 0, 1, 0
000000270407_jpg.rf.21041ca828a2f85f257ed8f3da83fb37.jpg, 0, 1, 0, 0
000000274022_jpg.rf.211551d430bb3cd25d607dfec2b56c98.jpg, 1, 0, 0, 0
000000079733_jpg.rf.20dd9675ab6fe24bac4bafe9241819e3.jpg, 0, 1, 0, 1
000000274585_jpg.rf.2122d9561caa96f10abf1ee1eb46f8c9.jpg, 0, 1, 0, 0
000000493828_jpg.rf.2123275c73ce07c57111daabd04ae49a.jpg, 0, 1, 0, 0
000000517719_jpg.rf.2129355118888c96ab911c6024018085.jpg, 0, 1, 0, 1
000000286292_jpg.rf.2120d12c7b1700749a75b9e29f0d8bd3.jpg, 0, 1, 1, 0
000000457962_jpg.rf.20f2ecd26c627146107cbc94838c6869.jpg, 0, 1, 0, 0
000000464895_jpg.rf.2107e63dd3f148d35607e4a798a0c598.jpg, 0, 1, 0, 0
000000220041_jpg.rf.213639cb1853f523be6172276fa889d9.jpg, 1, 0, 0, 0
000000091852_jpg.rf.20f9934091be8be48c392c762c9ba4ed.jpg, 0, 1, 0, 0
000000020784_jpg.rf.2109f13ede91d83f26e1626eea7808ce.jpg, 0, 1, 0, 0
000000427779_jpg.rf.2154ff7e0ed34849aed66fe97638da2b.jpg, 0, 1, 0, 0
000000029821_jpg.rf.2152ff9daa6c8a2cac56067f3c3a25bc.jpg, 0, 1, 0, 0
000000577036_jpg.rf.20e863df9b6395fbea3016cffdda572c.jpg, 1, 0, 0, 0
000000116048_jpg.rf.21104fc17c1cbf6dbc1f7acbc133c433.jpg, 0, 1, 0, 0
000000112011_jpg.rf.2136603369fa03a81c9f20a40e426805.jpg, 0, 1, 0, 0
000000189766_jpg.rf.211c5e27963a682c01b990b46efd7da1.jpg, 1, 0, 0, 0
000000492885_jpg.rf.215bdf3968f2e56b7c5c5176a796e47a.jpg, 0, 0, 1, 0
000000106810_jpg.rf.21136315235e6bc5d3ab203e493b9537.jpg, 0, 0, 1, 1
000000501059_jpg.rf.212bab2567232fa6f9b19dfffb9d310c.jpg, 0, 1, 0, 0
000000183007_jpg.rf.2146832a9c6e28e82e1194ec19a8f692.jpg, 0, 1, 0, 1
000000016180_jpg.rf.21198006b51c41c79864a608ca9d489d.jpg, 0, 1, 0, 0
000000573744_jpg.rf.2161fa5256b3af08e975c5ac2901422e.jpg, 0, 1, 0, 1
000000502153_jpg.rf.2187d9941bb1a8de91624aa42902c13e.jpg, 0, 1, 0, 1
000000540694_jpg.rf.215ca65afae23a30b95684127d25447d.jpg, 0, 1, 0, 0
000000382089_jpg.rf.218ed20d4eba3293f99aa8b20cdc46ba.jpg, 0, 1, 0, 1
000000393578_jpg.rf.2180001efe7515c1667a424f3034dbaf.jpg, 1, 1, 0, 0
000000552267_jpg.rf.21af3f41af827cd923d772f1120530f3.jpg, 0, 1, 0, 0
000000441245_jpg.rf.21ac5cc05bc2f64556cc1f03b5495505.jpg, 0, 1, 1, 0
000000126020_jpg.rf.2192bef78965d51b19380a290eb57e13.jpg, 0, 0, 0, 1
000000399441_jpg.rf.219855c859b3bdeceec5ca21d0cb7928.jpg, 0, 1, 0, 0
000000509564_jpg.rf.21666e6e3eae97a39c67b50f5ecc0924.jpg, 0, 1, 0, 1
000000115902_jpg.rf.216df2e6e9671a4fbf5cd4dacc76e9f3.jpg, 0, 0, 1, 0
000000231614_jpg.rf.215fc1b08709c5d0d3045526a6c6e32c.jpg, 1, 1, 0, 1
000000005638_jpg.rf.21e3a71c660f58a84ed571b3f7172f0a.jpg, 0, 0, 1, 0
000000539075_jpg.rf.21d7c519e4cc9292405e6e04e60c13e6.jpg, 0, 0, 1, 0
000000234819_jpg.rf.21ca16acd7d4a2b35baf3e926e9d7c96.jpg, 0, 1, 1, 1
000000159223_jpg.rf.21a253a84cd27c7125ce6168ff8098b3.jpg, 0, 0, 0, 1
000000031673_jpg.rf.21da0628bc0a731ac24e1d329bf436ae.jpg, 0, 1, 0, 1
000000052523_jpg.rf.21e2399bc56c42d194f3f6b9fc765bea.jpg, 1, 0, 0, 0
000000302551_jpg.rf.21954107ca1cfbcae4a0047d0885b086.jpg, 0, 1, 0, 0
000000435839_jpg.rf.21f613dc20e241cfac2e63b7fea0c967.jpg, 0, 0, 0, 1
000000127743_jpg.rf.215bf77a86509849b5537358db3bf058.jpg, 0, 1, 0, 0
000000145409_jpg.rf.21c4ed88478379ef2874e40d8204b685.jpg, 0, 1, 0, 0
000000289222_jpg.rf.21bd936d190b066d1828b3d5259bc188.jpg, 1, 0, 0, 0
000000532342_jpg.rf.21e9588f526f68a020337958adb8c794.jpg, 0, 0, 1, 0
000000485896_jpg.rf.21b811b119187bc8346a85d7afaabd87.jpg, 0, 1, 0, 0
000000313093_jpg.rf.21b2dc9f37e0e1e1a1830b19cda15021.jpg, 0, 0, 1, 0
000000425175_jpg.rf.21a455248fda906699b0b8c013c5672a.jpg, 0, 1, 0, 0
000000068518_jpg.rf.21fb0c2c25de8033ba3e72294a42e104.jpg, 1, 0, 0, 0
000000454273_jpg.rf.2227345a5cecbcd8c90db947be054e98.jpg, 0, 1, 0, 0
000000108112_jpg.rf.22048b8abbf5b066b3aa9b2aa26f998e.jpg, 1, 0, 0, 0
000000212558_jpg.rf.2224d04c60a762c20a115a1461bcf8d9.jpg, 0, 1, 1, 0
000000216386_jpg.rf.22434b980b700acd6d4273d1a50dfd14.jpg, 0, 0, 1, 0
000000333805_jpg.rf.2245a85d6ba980ab79ce55ab9a2f02ab.jpg, 0, 1, 0, 1
000000437073_jpg.rf.221c88d3051106ede68f70a60d4dc87e.jpg, 0, 1, 0, 0
000000019134_jpg.rf.223ee7506cfa852ec709f07cf6faeaea.jpg, 0, 1, 0, 1
000000277576_jpg.rf.22434a10cae2cff92bbfa7cabbe0395c.jpg, 0, 0, 1, 1
000000499911_jpg.rf.2224dc86941bb9299139cc4cef95b884.jpg, 0, 0, 1, 0
000000189063_jpg.rf.22338ecb4c8204ad34b15bcb144eea4f.jpg, 0, 1, 0, 1
000000049881_jpg.rf.220682b5ecd14ff54aee0b711bc500cc.jpg, 0, 0, 1, 0
000000524233_jpg.rf.223fcffb1c1f6f533b989b020fda96d2.jpg, 0, 1, 0, 0
000000271452_jpg.rf.215174ad6266bba9d5174ad0ea636076.jpg, 1, 0, 0, 0
000000467468_jpg.rf.2234c2857fa2e6a51738e928a9f46bdb.jpg, 0, 1, 0, 0
000000039978_jpg.rf.224ae5cfc3a8df7f2f6fbdb380d3d63d.jpg, 0, 1, 0, 1
000000050463_jpg.rf.224c4c9a24100464ac9f5dbd8da5a009.jpg, 1, 1, 0, 1
000000063353_jpg.rf.2210ca6b8a968b96461c597f4d68d20b.jpg, 0, 1, 0, 0
50288169836_8c1b1d04b9_b_jpg.rf.2251556abe31876ee325057c34400fd4.jpg, 0, 1, 1, 0
000000557016_jpg.rf.22644eccd31ea25c22490652339b7f03.jpg, 0, 1, 1, 0
000000275843_jpg.rf.227feb25b95c27e9c6ba1abc94794fe3.jpg, 1, 1, 0, 0
000000335585_jpg.rf.22817735ef681018ed7e290bb54ed347.jpg, 0, 0, 1, 0
000000380665_jpg.rf.22588178b6438918d7f531e3ffad6738.jpg, 1, 1, 0, 0
000000249309_jpg.rf.225e75b7a31249a8a060804463947394.jpg, 0, 1, 0, 0
000000304445_jpg.rf.22765c38b84a7f23a3980cda0697f27e.jpg, 1, 0, 0, 0
000000444235_jpg.rf.22800a1c5a4c7bb65d88d4046cfa695f.jpg, 1, 1, 0, 0
000000393097_jpg.rf.2282465466fc0e1d921548d9a77a7e06.jpg, 1, 0, 0, 0
000000107935_jpg.rf.22611ce355d845e1329fd3a06f907ea7.jpg, 0, 1, 0, 0
000000219248_jpg.rf.228c83f88c06cf9b4abbb0869c83465f.jpg, 0, 1, 0, 0
000000053464_jpg.rf.22960fb8972c25f86696af3eaac17159.jpg, 0, 1, 0, 0
000000243008_jpg.rf.2299ce0607c3eea7a5944c43904fe02a.jpg, 0, 1, 0, 0
000000575768_jpg.rf.22b40ed577315f1244f9937e80317473.jpg, 0, 1, 0, 0
000000045284_jpg.rf.22abd6845e3cf50c65a29b31fe46eb2c.jpg, 0, 0, 0, 1
000000089882_jpg.rf.22978caa83c0e9400918734b840542f6.jpg, 0, 1, 0, 0
000000260882_jpg.rf.2283436df351f0e556249f4f7667ac48.jpg, 0, 0, 0, 1
000000387401_jpg.rf.22a062143630945e50115120c6f5b837.jpg, 1, 1, 0, 0
000000151095_jpg.rf.228b99980f3f7f402649258ce18fbe3e.jpg, 1, 1, 0, 0
000000026204_jpg.rf.2285986825fe89c83b936fea105ff898.jpg, 1, 1, 0, 1
000000103699_jpg.rf.22b12a21708bb9af54688903af1a49ca.jpg, 0, 1, 0, 0
000000006447_jpg.rf.22a6e8bb3b680a6e79a000d89e3396c0.jpg, 0, 1, 0, 0
000000042919_jpg.rf.22b24010508b2e2a2abcc3ece76b1d97.jpg, 0, 1, 0, 1
000000073256_jpg.rf.22c2561b817112d345fddf1d5be304fc.jpg, 1, 0, 0, 0
000000072124_jpg.rf.22b440b8d4e8ae6acb8eab0b986830c4.jpg, 0, 1, 0, 1
000000447769_jpg.rf.22a311f025e56eb1a1b0f274cb685f0a.jpg, 0, 1, 0, 0
000000281678_jpg.rf.22b99ee43ae9e7d26fe7178693c592dd.jpg, 0, 1, 0, 0
000000387387_jpg.rf.22b22e8ee9063ba2b13508622ddc1d18.jpg, 1, 0, 0, 0
000000581900_jpg.rf.22c322cc97720af95ad5b89d4f3e747c.jpg, 0, 0, 1, 0
000000477853_jpg.rf.22b71b8d72f165ab117eea0df90c729b.jpg, 0, 0, 1, 0
000000084786_jpg.rf.22a9cf4c43b95b3c9fd89ed4bf5ed48f.jpg, 0, 1, 0, 1
000000210847_jpg.rf.22323a2be386f44247532149b8216a99.jpg, 0, 0, 1, 0
000000031699_jpg.rf.22ce48a6136f811729e18cbf9ee73f4a.jpg, 0, 1, 0, 1
000000317816_jpg.rf.22c5070d4ba7b0525a2ccb8ad6879b0d.jpg, 0, 1, 0, 1
000000207074_jpg.rf.22c6ddb61865c8579c2f7a971577fb42.jpg, 0, 1, 0, 0
000000037779_jpg.rf.22ed8ff18eef6b4b0dab63b78bc36b52.jpg, 0, 1, 1, 0
000000020273_jpg.rf.22da296f2ca4ba484ebc8ff833b708fa.jpg, 1, 1, 0, 0
000000426408_jpg.rf.22c9f2a12294d39d4004dc7a1735bfb1.jpg, 0, 0, 1, 0
000000458846_jpg.rf.22e8981548c45c6033e59d298f566465.jpg, 0, 1, 0, 0
000000383866_jpg.rf.22d80c8385a0e37a94313238c954de7d.jpg, 0, 1, 0, 1
000000405047_jpg.rf.22fd9109b9738439b325af801c556dc6.jpg, 1, 1, 0, 0
000000200056_jpg.rf.22e954628e698ef4bf7ad0e64f1c5c26.jpg, 0, 0, 1, 0
000000229633_jpg.rf.231ba4361a9fed0c463ef47dbd7fce7e.jpg, 0, 0, 0, 1
000000378768_jpg.rf.22f3f0c05e7e96bac61eb385de418371.jpg, 0, 1, 0, 1
000000289326_jpg.rf.22ee586d03ae9ddcdc193fc918068eea.jpg, 1, 1, 0, 0
000000086468_jpg.rf.230f5cd0ee549f72e270c7a96d1930af.jpg, 0, 1, 0, 0
000000266114_jpg.rf.230d5cb48b1e530bb1fded1f98af8084.jpg, 0, 0, 1, 0
000000227000_jpg.rf.22ee02e1de25763f27ee1049751b66b8.jpg, 0, 1, 0, 0
000000389844_jpg.rf.2332b029bbf4be4e1599f16d3609d3fe.jpg, 0, 0, 1, 0
000000363875_jpg.rf.22da7dc51aa5966df5b34cd4c092ba37.jpg, 1, 0, 1, 0
000000382688_jpg.rf.2316a34fac24e772786635a900c91983.jpg, 0, 1, 1, 0
000000148032_jpg.rf.232322ffe4424a01accfed1431b1a0d5.jpg, 1, 1, 0, 1
000000093098_jpg.rf.22db85627a7d5d8824b2607bed25074b.jpg, 1, 0, 0, 0
000000292678_jpg.rf.2328b10c9f716f7aa91ab821e0fa7411.jpg, 1, 0, 0, 0
000000066520_jpg.rf.234a7768004c84ea2f00198682b310ae.jpg, 0, 0, 1, 0
000000217009_jpg.rf.231d9ccfcc9322365997ecda65375937.jpg, 0, 1, 1, 0
000000410126_jpg.rf.2352ed507a319dc8b483df69d9af7d1d.jpg, 0, 1, 0, 0
000000227164_jpg.rf.235947f5f2ef433a76dcf48e818cb924.jpg, 0, 0, 0, 1
000000555308_jpg.rf.233a57b30ad0a77b694c1ec0f4eebc2f.jpg, 0, 1, 0, 1
000000297944_jpg.rf.234db680da2c77361685364b01fa19b6.jpg, 0, 1, 0, 1
000000048972_jpg.rf.23071dfbc3e5cfd1ee54ae9ea5c19f4d.jpg, 0, 1, 1, 1
000000423734_jpg.rf.230e3fcab55fc4df95521afa52912d32.jpg, 0, 1, 0, 0
000000026747_jpg.rf.23765d8bf70b6a5c85611f522974f257.jpg, 0, 1, 1, 1
000000485602_jpg.rf.23410e2a3093eae48b0c832bbd7f77c2.jpg, 0, 1, 0, 0
000000575287_jpg.rf.234ba2b37962b9f6fed45255c005f7e6.jpg, 1, 0, 0, 1
000000226417_jpg.rf.2384ecb1b4fc649bdf7e9f695563f0f1.jpg, 0, 1, 1, 0
000000159582_jpg.rf.238ce892515262267488316c219fcd8a.jpg, 1, 0, 0, 0
000000251256_jpg.rf.236cdc95c9a3726930b3c56974eaa79f.jpg, 0, 0, 0, 1
000000503500_jpg.rf.236f3a942c5c1cd153f66e6d58ddd976.jpg, 0, 0, 1, 0
000000263603_jpg.rf.2379d3744f901ee586fddb845d357991.jpg, 0, 1, 0, 0
000000414202_jpg.rf.234f1203aa0c0aa523a8b7125e09316e.jpg, 0, 1, 0, 1
000000385295_jpg.rf.2336cb8ad27c1c6d792cde813cc635c5.jpg, 0, 0, 0, 1
000000306037_jpg.rf.23a77d554cb887a67ae957ac73493ee2.jpg, 0, 1, 0, 0
000000165688_jpg.rf.238f197f489d03fecca1a23e6917472d.jpg, 0, 1, 0, 0
000000277291_jpg.rf.236c0f9adccd424c6dfe72ecf74882a3.jpg, 1, 1, 0, 1
000000553918_jpg.rf.239540b308d08757c1bcf33680bf6991.jpg, 0, 1, 0, 0
000000342787_jpg.rf.23a945bc77ce1465d8463a117f05b430.jpg, 0, 1, 1, 0
000000411851_jpg.rf.23e6ab64b0ed030e654db7c4b70f261c.jpg, 0, 1, 0, 0
000000509698_jpg.rf.23a6370703231c06c719c27c5b3f6a6b.jpg, 0, 0, 0, 1
000000064744_jpg.rf.239b71fcc7d14eb1c73b69c92cc97fd8.jpg, 0, 0, 1, 0
000000194969_jpg.rf.23c09d0724721e20e6e3bd47da29589e.jpg, 0, 1, 0, 0
000000144992_jpg.rf.239a751cac90109b4a90877fe350f5cc.jpg, 1, 1, 0, 0
000000171536_jpg.rf.23d2392b658fa3c0cf274087817b6e82.jpg, 0, 1, 0, 0
000000051965_jpg.rf.23d73995c94ce3b1c91344d2bea0d8bf.jpg, 1, 1, 0, 0
000000498400_jpg.rf.23f4f7fd51e4e52cab065a78d0a208c4.jpg, 0, 1, 1, 1
000000173797_jpg.rf.23f128844b1c7bce9751a35088800eac.jpg, 1, 0, 0, 0
000000240589_jpg.rf.239f09e8033badef287d04d95a850f07.jpg, 0, 1, 0, 1
000000320200_jpg.rf.23992286e5dd44b627bd320e40e369a9.jpg, 0, 1, 0, 0
000000257178_jpg.rf.23ccffd1db511f58be06c4b0d62a48a4.jpg, 0, 1, 0, 0
000000095677_jpg.rf.23a297a56c7faebd87b4d7252c860b40.jpg, 0, 1, 0, 0
000000458485_jpg.rf.23f6aef4f2574c414fa1e2a528af2003.jpg, 0, 1, 0, 0
000000013867_jpg.rf.23f787334cd368e1cf34042d4daf0a89.jpg, 0, 1, 0, 1
000000552188_jpg.rf.23ed403043d04bace1f37105a334c907.jpg, 0, 1, 0, 0
000000468662_jpg.rf.23c776d29ee2432f238c0571c61b7421.jpg, 0, 1, 0, 0
000000287469_jpg.rf.23fdc1613aea59c4fe8d6cc6f599a511.jpg, 0, 1, 0, 0
000000211978_jpg.rf.23c4ed14a0364ff0dded0fb9aca65edf.jpg, 0, 0, 0, 1
000000093476_jpg.rf.23c6fe7e057a746a4e31cd48b9f38c9e.jpg, 0, 1, 0, 0
000000412440_jpg.rf.2412c0e6563f44ba9e15d63247b441b6.jpg, 1, 0, 0, 1
000000299244_jpg.rf.24143bcfbef117c4f6ed36024c95c875.jpg, 0, 1, 0, 1
000000142263_jpg.rf.23f768fcf797ce16feb7cfdf32612bf6.jpg, 0, 1, 0, 1
000000373414_jpg.rf.241f7382920898f5f7198e7be8979cf5.jpg, 1, 0, 0, 0
000000147930_jpg.rf.244220f69afeba2e10491f9d9ac42e4c.jpg, 0, 1, 1, 0
000000316759_jpg.rf.241b8b36939b01e991aaa20831ed29f4.jpg, 0, 1, 0, 1
000000378611_jpg.rf.24099e92f4e382791b59a2f52c977e24.jpg, 1, 0, 0, 0
000000219261_jpg.rf.23f821ea93a6440bbedfa9c66d936c07.jpg, 0, 1, 0, 0
000000239387_jpg.rf.240a349fa8020feaeea370cb0d276007.jpg, 0, 1, 0, 0
000000523273_jpg.rf.2420c83d803e119ab3b2d8bb662ecf8b.jpg, 0, 0, 1, 0
000000425743_jpg.rf.243ecc80435b466960a1d05d6b8c29b4.jpg, 0, 1, 0, 0
000000112849_jpg.rf.2409422558e9a370208846b7bf9ad9f6.jpg, 0, 1, 0, 1
000000434261_jpg.rf.241b13569675f0509ca2ea5c950a9afd.jpg, 1, 1, 0, 0
000000498758_jpg.rf.245e2a84112bb6f8799370030217a218.jpg, 0, 1, 1, 0
000000095903_jpg.rf.246fec31ea94bf0f22a0cc27e482a0d9.jpg, 0, 0, 1, 0
000000408922_jpg.rf.2463f304e8849d606c0fb1d23c1d1cfa.jpg, 0, 0, 1, 0
000000129143_jpg.rf.2466c78e3b700197cbab344d3d81d44e.jpg, 0, 0, 1, 0
000000500165_jpg.rf.2428039fedd40ac222d2f1e956ddfc2d.jpg, 0, 1, 0, 0
000000444866_jpg.rf.24705cbc21563a1a68ccb8b05afc76f0.jpg, 0, 0, 1, 0
000000511406_jpg.rf.2432a32bf5ae04ff151c532f3e7b9fea.jpg, 0, 0, 1, 0
000000383414_jpg.rf.2456f157c97e0733dbc340fab895f9aa.jpg, 0, 1, 0, 1
000000416901_jpg.rf.23d06ff46577e07639b58223b3cd743d.jpg, 0, 1, 1, 1
000000000690_jpg.rf.2475d50b1f8c6a2a2d230702a034e473.jpg, 0, 0, 1, 0
000000508541_jpg.rf.2470e12019db99b1f60adbba5965bf24.jpg, 0, 1, 1, 0
000000248221_jpg.rf.24818f464c11207544ce87d28e1f015d.jpg, 1, 0, 0, 0
000000372673_jpg.rf.247bc6954d39fe358f3b7da316849e8a.jpg, 0, 0, 0, 1
000000577976_jpg.rf.2497fd5bc5eee5e09618e38c624eee74.jpg, 0, 1, 0, 1
000000019499_jpg.rf.2475318102b2bc7a76fb7637b40a7d72.jpg, 0, 1, 0, 0
000000367893_jpg.rf.243cb92c6373a8c4a743ca91742cf294.jpg, 0, 0, 0, 1
000000325175_jpg.rf.24a4741f415eb3929295f8449ab8ce15.jpg, 0, 1, 0, 0
000000375535_jpg.rf.2472db10bc06c5edd9a3a2638e582abd.jpg, 0, 1, 1, 1
000000561186_jpg.rf.24da247e057dde1f085e22d40794eb91.jpg, 0, 1, 1, 1
000000383645_jpg.rf.24cb176e960724c2704d6c6b8b7320c7.jpg, 1, 0, 0, 0
000000469475_jpg.rf.249edc476d4ab803b7cc0bcecaaf7e91.jpg, 0, 1, 1, 1
000000245746_jpg.rf.24ba73c562e390fd0edf85728f6ee2d4.jpg, 0, 1, 0, 0
000000312926_jpg.rf.24d0da384e542ce703372409ffaad1bb.jpg, 0, 1, 0, 0
000000131160_jpg.rf.249ba21e74eb469bc0592c9b6922406d.jpg, 0, 1, 0, 0
000000551907_jpg.rf.249d3a486054d958c7d119f0d9ca45d9.jpg, 0, 0, 0, 1
000000011326_jpg.rf.24a953618563db3a3672ec2f0f9943fd.jpg, 1, 0, 0, 0
000000315128_jpg.rf.24d9766858cfbbcfb1f359f1d64cbd3a.jpg, 0, 1, 0, 0
000000554302_jpg.rf.24b9f125b51027a8681bd30e5453508f.jpg, 0, 0, 1, 0
000000170785_jpg.rf.249545295b362f78c63274eb20e4c272.jpg, 0, 0, 0, 1
000000399595_jpg.rf.2513c923d1d6da5d6d1b1f2e3be3d8b4.jpg, 1, 1, 0, 1
000000122902_jpg.rf.2501b93fd0dbd9505df3c084ea715c64.jpg, 1, 0, 0, 0
000000287877_jpg.rf.250c913ea44efc5025904afa5e04ceb9.jpg, 0, 1, 0, 0
000000299769_jpg.rf.2519fa1285f05caad4aab2fc0fa4c118.jpg, 0, 1, 0, 1
000000507330_jpg.rf.2510ea2e4ff098652172c1aa2db52ae1.jpg, 1, 0, 0, 0
000000434867_jpg.rf.24b1540cb24777303b4785e794bede9c.jpg, 1, 0, 0, 0
000000176037_jpg.rf.24c6b83a34e5f23ea802405fa6ca5631.jpg, 1, 1, 0, 0
000000040083_jpg.rf.24e100b027787019717aa7397d29a4c4.jpg, 0, 1, 0, 0
000000223194_jpg.rf.24e90da203ec770df550fe47efe3d84e.jpg, 0, 0, 0, 1
000000310053_jpg.rf.251579bc1095acc78b99f3d0032e5cfb.jpg, 0, 1, 0, 1
000000082673_jpg.rf.252720602d8a824222e5db607d49207b.jpg, 1, 1, 1, 0
000000005313_jpg.rf.253e9e11624c0ee77053dd9ff3cc5a6d.jpg, 1, 0, 1, 0
000000537005_jpg.rf.2524df6d63424d536385458db393d1bc.jpg, 0, 1, 0, 0
000000294620_jpg.rf.248c3c16302dce61c4b90d74b183c73d.jpg, 0, 1, 0, 0
000000274105_jpg.rf.2530506e2db3b1664195b0995892644c.jpg, 0, 1, 1, 0
000000509800_jpg.rf.256f979584f1e2d496df7d9578992f29.jpg, 0, 0, 0, 1
000000105222_jpg.rf.2557219d3cff186562c4a8088ce65d66.jpg, 0, 1, 0, 0
000000381551_jpg.rf.253072b558b0a91a958381a4705f02cf.jpg, 0, 1, 0, 0
000000099046_jpg.rf.257101150d4e35aaa30545980cdf02c4.jpg, 0, 1, 1, 0
000000536088_jpg.rf.2580674d668673508f2819c58a68c933.jpg, 0, 1, 0, 0
000000099629_jpg.rf.24f3dd7d6258a9132bff64711ebc29b6.jpg, 0, 1, 0, 0
000000327890_jpg.rf.2539eb52eb12d5dd1a9f62ce47ecfe6a.jpg, 0, 1, 0, 0
000000124873_jpg.rf.258b80326736129730f7850e25813e72.jpg, 0, 1, 0, 0
000000108835_jpg.rf.2504c3c84f33079dc4d02578073f151d.jpg, 0, 1, 0, 1
000000577197_jpg.rf.259084c6cbc6b9266304ffa0f1bf33bc.jpg, 0, 0, 0, 1
000000290767_jpg.rf.2551297a66a2619d3126ff73cab56808.jpg, 0, 1, 0, 1
000000578482_jpg.rf.2560489553146579ae66265ad0f6f401.jpg, 0, 0, 0, 1
000000491169_jpg.rf.2581d97945e55d3cfd4b6ead766ce215.jpg, 0, 0, 1, 0
000000125859_jpg.rf.2598df9451a9f7fe9f9673d731447e44.jpg, 0, 0, 0, 1
000000134624_jpg.rf.259a1fef5c1c991b5c9fe589faa9e96c.jpg, 0, 1, 0, 0
000000244451_jpg.rf.258dcf1b73919e24f575df370bffa6c7.jpg, 0, 1, 0, 1
000000397511_jpg.rf.25a065dde161649fc24053d008bc3e9b.jpg, 1, 1, 0, 1
000000504664_jpg.rf.25c728360ebfc4dc41e153384686df3e.jpg, 0, 0, 0, 1
000000007201_jpg.rf.25989edc81845fe658a68ed7a0157661.jpg, 0, 1, 0, 0
000000016060_jpg.rf.258757bfae447ebccc605eb1fd6ff81e.jpg, 0, 1, 0, 0
000000538372_jpg.rf.25abcf2fb85b155498418741341b4b99.jpg, 0, 1, 0, 0
000000493339_jpg.rf.25a0b82b16013fd070d37ea49752205b.jpg, 0, 0, 1, 0
000000075509_jpg.rf.25a7841bd27d5c130d445aab85d1ba4c.jpg, 0, 1, 0, 0
000000510729_jpg.rf.25b165a43e6a54b1bff439a5b36dc018.jpg, 0, 1, 0, 0
000000265943_jpg.rf.25b1c7e4408f52f398a14cf0959976ef.jpg, 0, 0, 1, 0
000000160728_jpg.rf.25c698c60214cff9474d9648eb7ee4cc.jpg, 0, 1, 0, 0
000000557127_jpg.rf.25c8e7ed0d7938e7e6af825baf7b4bc7.jpg, 0, 1, 0, 1
000000461917_jpg.rf.25b70a1a65d3e3d4624b15e810a37aab.jpg, 0, 1, 0, 1
000000157314_jpg.rf.25d4383fd570ac91ff99e7860bdd4b70.jpg, 0, 1, 0, 0
000000548109_jpg.rf.25c8c552a81ba9d529c9feea839789ef.jpg, 0, 0, 1, 0
000000086845_jpg.rf.25c11d37e85099f6a2f9fb3f296d1ed2.jpg, 1, 0, 0, 0
000000291394_jpg.rf.25b3414ebacecd70731e53f94bf41745.jpg, 1, 1, 0, 0
000000468798_jpg.rf.25cea380d29f995d1ce9f6f0e7be8325.jpg, 0, 1, 0, 0
000000186493_jpg.rf.25dbedd9c90b87bf3f6d48a82bee54b7.jpg, 0, 1, 0, 0
000000327432_jpg.rf.259f19f785b554afcdc13e085bf28f1b.jpg, 1, 1, 0, 1
000000226350_jpg.rf.25e2ebdb1fb4df80c6f040edfacd5422.jpg, 0, 0, 1, 1
000000463044_jpg.rf.25d80098d9ad5800f535c53dcb29da4c.jpg, 0, 1, 0, 0
000000336667_jpg.rf.25e3b59d125087a57a1bb7d76237a119.jpg, 0, 1, 0, 0
000000549471_jpg.rf.25f6654e7704812df17bbef6c94dd77d.jpg, 0, 1, 1, 0
000000134113_jpg.rf.25cc2c9a66662437d8cb92b04f50f9a0.jpg, 0, 1, 1, 0
000000366907_jpg.rf.25de36e25999bc3ed48917c0ec7131b5.jpg, 1, 0, 0, 0
000000465819_jpg.rf.25f0529d6b51b5bb56c78386e580d583.jpg, 0, 0, 1, 0
000000192128_jpg.rf.25fa442f7a090a46cc1179bd2400f214.jpg, 1, 1, 0, 0
000000536795_jpg.rf.25e428b5243989c40ee32384f8991694.jpg, 0, 1, 0, 0
000000560544_jpg.rf.25fd71acf7787f777a71cdce86b4bca9.jpg, 0, 1, 0, 0
000000312344_jpg.rf.25ec9db1bebd1d4ec6a9e1f53aed2508.jpg, 1, 1, 0, 1
000000218751_jpg.rf.260adbf5f9a61050894cfbc46a78a218.jpg, 0, 1, 0, 0
000000024629_jpg.rf.25f0c8e0c02709a88b250c5997037dba.jpg, 0, 1, 0, 0
000000068663_jpg.rf.2616c3889a61e090e983a51825db6fd6.jpg, 0, 1, 0, 0
000000044117_jpg.rf.260a0f3b888b18c10912cb2e885c0f53.jpg, 0, 1, 0, 0
000000107884_jpg.rf.26021af2e71d3f6a296922376accf984.jpg, 0, 1, 1, 1
000000397467_jpg.rf.2607dfafd1b6b59698149113fbe7f9df.jpg, 0, 0, 0, 1
000000334059_jpg.rf.26041d75d9794c7056cd2b1be7b5448d.jpg, 0, 1, 0, 0
000000384152_jpg.rf.2615a29e283ef43db84b7a8b5e725c21.jpg, 0, 1, 0, 0
000000270269_jpg.rf.25ea9b7cbf999d76f215a523f81c441c.jpg, 0, 1, 0, 0
000000016466_jpg.rf.26506c32bdedc36c7cc0bcfead1c3cb4.jpg, 0, 0, 0, 1
000000096512_jpg.rf.263bebce8e1daa677c994ecba5f09cb7.jpg, 1, 0, 1, 0
000000073189_jpg.rf.2628338672ceb2a6a232878a7f1ddaec.jpg, 1, 1, 0, 0
000000205676_jpg.rf.2639fe7cfaac6fb6c7d9c7d38eae32c4.jpg, 1, 1, 0, 0
000000362122_jpg.rf.266f9a6e902c6c01e16d18a165bc9ea7.jpg, 0, 0, 0, 1
000000400507_jpg.rf.261e50b6c4239a42b8cce783423143b4.jpg, 0, 0, 0, 1
000000022671_jpg.rf.264b16dfd8f3060dcfe970598daa34e8.jpg, 0, 0, 1, 0
000000374454_jpg.rf.2625a814420a5eed9f7942dcd5649549.jpg, 0, 1, 0, 1
000000251206_jpg.rf.267255c3b935ced19aa3274327b1da37.jpg, 0, 1, 0, 0
000000291144_jpg.rf.265e8618571364df1955613e5408a0ec.jpg, 0, 1, 0, 0
000000315491_jpg.rf.2644168c7324aaf7e4950f2c0d1b53ca.jpg, 0, 1, 0, 0
000000367786_jpg.rf.265c594122fa25ab9331332f3d6e9930.jpg, 0, 0, 1, 0
000000040466_jpg.rf.265f8918ecc100736bf8595943a25c47.jpg, 0, 1, 0, 1
000000050238_jpg.rf.267b80746c602b5a436c9b2837d3c5bb.jpg, 0, 1, 0, 1
000000019443_jpg.rf.2659c776b337c08173eeb629a2f2a79f.jpg, 0, 0, 1, 0
000000460139_jpg.rf.265bef4498e945bf38e1b1cc2674deec.jpg, 0, 0, 1, 0
000000192670_jpg.rf.26796ba53ec1bb76a94560d11c430f84.jpg, 0, 1, 0, 1
000000065668_jpg.rf.265080ffe702da2e60bc18d0a6c7467e.jpg, 0, 1, 0, 1
000000038910_jpg.rf.2695fe4ea9fc826c613fcb1df4e0fe75.jpg, 0, 0, 0, 1
000000153421_jpg.rf.2672c82545b887b37e0f1886cf8771ff.jpg, 1, 0, 0, 0
000000163030_jpg.rf.26835494fa9e196250b4df1fef5fd638.jpg, 0, 0, 1, 0
000000273450_jpg.rf.26866dec3c16ba38211a097bcb8c1880.jpg, 0, 1, 0, 0
000000100563_jpg.rf.2682970e8e0076d5d21b84d41ab31e5f.jpg, 0, 0, 0, 1
000000158915_jpg.rf.26172cd9a413f1ba88dc74afcc9e63d7.jpg, 1, 1, 0, 0
000000387773_jpg.rf.26aeebbe0c2da77ac7cbea1fd6245e84.jpg, 0, 0, 1, 0
000000499249_jpg.rf.2692f05e488fe78ea3a986e4f5e4ef2e.jpg, 0, 1, 0, 0
000000253528_jpg.rf.268c8a79e06fb40d5e6a3ef8db08aacf.jpg, 0, 1, 0, 0
000000416159_jpg.rf.2696f3bdc7b8e3465ed87df4be68aa4a.jpg, 1, 0, 0, 0
000000247808_jpg.rf.2657bb4a7940e2df262a3dc3b37777a8.jpg, 0, 1, 0, 0
000000436878_jpg.rf.26950efb1e88ad58e58b3b6933d07d7a.jpg, 0, 1, 0, 0
000000027980_jpg.rf.26be8e1d6c10bfda0bb0f65b09eec1b5.jpg, 0, 0, 0, 1
000000522191_jpg.rf.2634fcc62e649cd8564cf66cbf41b206.jpg, 1, 1, 0, 0
000000109777_jpg.rf.26a9bd63df965d357fb8f86875366a6e.jpg, 0, 0, 1, 0
000000336720_jpg.rf.26da7c81d18d02126f6a655b64d8a909.jpg, 0, 0, 1, 0
000000109699_jpg.rf.26c5086c346b4c96aaa137eca8e5ee3f.jpg, 0, 1, 0, 1
000000101421_jpg.rf.26a970d6dbec99006d09e4f965e2729c.jpg, 1, 0, 0, 0
000000555066_jpg.rf.26b33f29653983102712037ca952bcde.jpg, 0, 1, 0, 1
000000301546_jpg.rf.27122319f1825edbbcfb508f9fc78bac.jpg, 0, 1, 0, 0
000000569829_jpg.rf.26e3b74af7a4de2581ac1a2741641f5b.jpg, 0, 0, 0, 1
000000521995_jpg.rf.26daa17036e330c4f3923cd58d05b5b0.jpg, 1, 1, 0, 1
000000368348_jpg.rf.26fbc6466d113c03e033682b79e936d9.jpg, 0, 1, 0, 1
000000222370_jpg.rf.26ca2ac09a91390511cc384b682aabef.jpg, 0, 1, 1, 0
000000271580_jpg.rf.26e28ccdfef27547e29593ca8de008d5.jpg, 0, 1, 0, 0
000000154971_jpg.rf.272f9b8cc4fdcd5beb9cdeffa281c854.jpg, 0, 1, 0, 1
000000029593_jpg.rf.272ef930e00dc9e26fca778c78101f17.jpg, 0, 1, 0, 0
000000320160_jpg.rf.2720ee015aaf91332782e40aa0e79b8c.jpg, 0, 0, 0, 1
000000357819_jpg.rf.26acfd6956de0b5dbf590b9cb39191b7.jpg, 0, 0, 0, 1
000000513080_jpg.rf.2737bac5d03db9d6064c5a49b2b34689.jpg, 0, 1, 0, 0
000000284698_jpg.rf.26fec6e472e4873aec1282817d176e9d.jpg, 0, 0, 1, 0
000000379520_jpg.rf.273985dfb805c973779c0cceb0b3abf8.jpg, 0, 1, 0, 0
000000497415_jpg.rf.26e7f72b369c95810e3d54684e8f9313.jpg, 0, 0, 1, 1
000000327761_jpg.rf.273c2d679a88cadc614fd23b5618e2cc.jpg, 0, 0, 0, 1
000000382631_jpg.rf.273e7c357a177d7fe72256ac4660a599.jpg, 0, 1, 0, 0
000000330522_jpg.rf.27357df20071129a54aa4dbb06804a92.jpg, 0, 1, 0, 1
000000122164_jpg.rf.27002861b98a2fd478c8071ea7730df4.jpg, 0, 1, 0, 0
000000054111_jpg.rf.27516ae44261f33f7051668e7bcb9083.jpg, 0, 1, 0, 0
000000400189_jpg.rf.2768932a6dcd607113b0b351db4ff29e.jpg, 1, 0, 0, 0
000000128644_jpg.rf.274251e33eda498c2776898318ca9174.jpg, 0, 0, 0, 1
000000154587_jpg.rf.279472f7fa9337b020171d4978a2eede.jpg, 0, 0, 1, 0
000000116185_jpg.rf.277af5913374f0f6a608228f806b29e7.jpg, 0, 1, 0, 1
000000052516_jpg.rf.275b3c9f949fa6124ce4465afa7efec7.jpg, 1, 1, 0, 0
000000139612_jpg.rf.26feac1f7cf277a327cb68dac347618b.jpg, 0, 1, 1, 1
000000116633_jpg.rf.278377c25184c6e0d423da2f18786266.jpg, 0, 1, 0, 0
000000416248_jpg.rf.279a8965ccd43c6b43886c227cd4b0c4.jpg, 0, 1, 1, 0
000000024042_jpg.rf.2755d24b716f848eb94e2749b64c9940.jpg, 0, 1, 0, 1
000000405531_jpg.rf.27874fd4d995710e1666d80750d26d06.jpg, 0, 0, 0, 1
000000335840_jpg.rf.276677e712ec8786f69a61ed2a777905.jpg, 0, 1, 0, 0
000000028044_jpg.rf.27a63589b964b46d11ba9da0a641f8fd.jpg, 0, 1, 0, 0
000000135275_jpg.rf.2784d1d1747bb0822116cbb943f388d5.jpg, 0, 1, 0, 0
000000482128_jpg.rf.27d026b8ce15756bc51b75ff765898ac.jpg, 0, 1, 0, 1
000000207215_jpg.rf.27d120b4fd70c7d02478d62a0503e532.jpg, 0, 1, 0, 0
000000524533_jpg.rf.27d811266760bfeeabbcf3025c50b666.jpg, 1, 1, 0, 1
000000399249_jpg.rf.27e501eda320793d9bbdd54e17fd49fb.jpg, 0, 1, 0, 0
000000069926_jpg.rf.27a06dd01093bcf128c1b28986d5da2e.jpg, 0, 1, 0, 0
000000314390_jpg.rf.27e58c7e074b3b0b02dcd0d4e92efc3a.jpg, 0, 0, 1, 0
000000006936_jpg.rf.27987cba082f0deeb62ca988de5b2335.jpg, 0, 1, 0, 0
000000080980_jpg.rf.27f4d9dcf2324620c5ad347f2bdbea65.jpg, 0, 1, 0, 0
000000242089_jpg.rf.27a0cb8fb96bf61e4070cfc59977f2a3.jpg, 0, 0, 0, 1
000000401330_jpg.rf.27d26f10b59cc9e8c207f51208f57f1b.jpg, 0, 0, 0, 1
000000490112_jpg.rf.27f3f29db3f26a579fdd6331ef086838.jpg, 0, 1, 1, 0
000000391456_jpg.rf.27db001b66f776ca7a6cb97ff9f0866b.jpg, 1, 1, 0, 0
000000140420_jpg.rf.27b3f8a4be769d6eba7333130978a235.jpg, 0, 0, 1, 0
000000419747_jpg.rf.27e948753b4cb284bf5c92c205cecdbb.jpg, 1, 0, 0, 0
000000364006_jpg.rf.27f9da4c887ab68c4d730bad50e433d4.jpg, 1, 1, 0, 1
000000385757_jpg.rf.27f3a22d9d82fb122b851ec4b4272485.jpg, 0, 1, 0, 0
000000555549_jpg.rf.27eed667b476197e8f6a9c53a2141028.jpg, 0, 1, 0, 1
000000367538_jpg.rf.282165f89068e26f9a1e38a90d35c9df.jpg, 0, 1, 0, 0
000000391436_jpg.rf.2807e6656249014a150e18fdd68d36ce.jpg, 0, 1, 0, 0
000000127074_jpg.rf.27f79c45616a1ae68ff68704dc1f7fc8.jpg, 0, 1, 0, 0
000000151934_jpg.rf.27fd18e3eb452ef2730f51033fbe5739.jpg, 1, 1, 0, 0
000000567318_jpg.rf.2806a97f82e2cb003a7ce64754f8edbe.jpg, 0, 1, 0, 1
000000099025_jpg.rf.28131b1751f94566fd90ca1993e7384b.jpg, 1, 0, 0, 0
000000246074_jpg.rf.28288a3155e80cf44f15d724b240eccc.jpg, 0, 1, 1, 0
000000058089_jpg.rf.2828917969f2a6484358e9ad100c8e86.jpg, 0, 1, 0, 0
000000111388_jpg.rf.2825fe9e07d6118ee466501a78512ed0.jpg, 0, 1, 0, 0
000000460996_jpg.rf.2808922e5733fd48b187bbc18d0865b0.jpg, 0, 1, 0, 0
000000433387_jpg.rf.280ed0b23a9bcfcd652490e60db1aca1.jpg, 0, 1, 0, 0
000000324689_jpg.rf.280d444bb76a30350a41088ac382207a.jpg, 0, 1, 0, 0
000000229391_jpg.rf.2839488f8a2d3613017350ee1f577770.jpg, 0, 0, 0, 1
000000362739_jpg.rf.283a2bb915948bad50bc4b31d832119b.jpg, 1, 0, 1, 0
000000520582_jpg.rf.283c189d7c7096fdd34b4054013cff49.jpg, 1, 0, 0, 0
000000178982_jpg.rf.2841edc83ae30572aae27e618cf11581.jpg, 0, 0, 1, 0
000000458702_jpg.rf.281a1ce0c1d4fb1cdafd8f8b38bcc18f.jpg, 0, 1, 0, 0
000000186298_jpg.rf.28452a5926d044550c97059d98f27d69.jpg, 0, 1, 0, 1
000000377756_jpg.rf.285a8add66b773fd371a2326842e7e42.jpg, 0, 1, 0, 0
000000427103_jpg.rf.2850c345538f2e681669a222eaa0906e.jpg, 0, 1, 0, 0
000000497617_jpg.rf.286b96409366c993bbcc8ae859653d09.jpg, 1, 1, 0, 0
000000105252_jpg.rf.285eb775522f641166329ad2fdfd6256.jpg, 0, 1, 0, 0
000000479023_jpg.rf.284cd718b1845546e08bb771244027d0.jpg, 0, 0, 0, 1
000000428029_jpg.rf.284774b7bcea92c42faa6f5860f20f1d.jpg, 0, 1, 0, 1
000000050752_jpg.rf.2855fb8b4c61a2a2c482ef5233f5b125.jpg, 1, 1, 0, 0
000000223157_jpg.rf.285fc9361211d466d8ab89ead9f4a320.jpg, 0, 0, 1, 0
000000309964_jpg.rf.286232b447e3b7c6b3800bdf4323778e.jpg, 0, 1, 0, 0
000000063043_jpg.rf.28632954d65dd42951b28e46310e27de.jpg, 0, 1, 0, 0
000000338012_jpg.rf.288d296e70045ba25ba601babf41c525.jpg, 0, 1, 0, 0
000000438833_jpg.rf.289248f396d1a58f284fc258674a425c.jpg, 0, 1, 0, 0
000000130914_jpg.rf.28965c0be15c010b50774ee3adccfb9d.jpg, 0, 1, 0, 1
000000024600_jpg.rf.287053c51d4fef5922ed911c41353ea6.jpg, 1, 1, 0, 0
000000508761_jpg.rf.2871b5a4bdaaa9bfac62f365267b2911.jpg, 0, 1, 0, 0
000000017474_jpg.rf.288281b3a1031ae735ea03a2ebb4f83f.jpg, 0, 1, 0, 0
000000053330_jpg.rf.2882a500302b521019805fcbda50c859.jpg, 0, 1, 0, 0
000000496680_jpg.rf.28a27ae27e57fc8f2daf91a6c2327489.jpg, 1, 1, 0, 0
000000282076_jpg.rf.288baa247c0498c2d7674fb00218f1a6.jpg, 0, 1, 0, 0
000000529787_jpg.rf.28560a63aff5260db8ea026ccce9154b.jpg, 0, 0, 0, 1
000000011877_jpg.rf.289e5122a75be6a61361e35f214b6b9a.jpg, 0, 0, 0, 1
000000334588_jpg.rf.28be2e154254be8fe4834a5892ee74f1.jpg, 1, 1, 0, 1
000000328662_jpg.rf.28b7f122fa9a1818bfd27485b7d45667.jpg, 0, 1, 1, 0
000000240259_jpg.rf.28591d3d0e7afdca8ba8a19fe4fbe04f.jpg, 0, 1, 0, 0
000000392887_jpg.rf.28d26d4b09afadb19af8816b70ef4935.jpg, 0, 1, 0, 1
000000368825_jpg.rf.28ad31d7faac4b9d7354e0114a201b5e.jpg, 0, 1, 0, 0
000000255036_jpg.rf.2876160d2ce7250d5effa0e627bbc5ec.jpg, 1, 1, 0, 0
000000574964_jpg.rf.28d9d96dfad379377fd7e75d243858b2.jpg, 0, 0, 0, 1
000000545978_jpg.rf.28ec91381cf806defbf9b6c725aa83ee.jpg, 0, 0, 1, 0
000000318245_jpg.rf.28a3b4030edb52b3864733e15eec41c2.jpg, 0, 1, 0, 0
000000131764_jpg.rf.28b921811cc792224a41097087db6cef.jpg, 0, 1, 0, 1
000000078896_jpg.rf.290318932b5f6106c8d457047b50aa05.jpg, 0, 1, 0, 0
000000416385_jpg.rf.28d2431d0ee91864ee0fe3403d6614f8.jpg, 1, 1, 0, 0
000000171539_jpg.rf.28f7389ca5e8491e71f56902efee656d.jpg, 0, 1, 0, 1
000000258433_jpg.rf.28e5b8fbc93a8910ec956ee85a226671.jpg, 0, 0, 0, 1
000000500613_jpg.rf.2924c5ee0990f8edeaa9592f36d1af3d.jpg, 0, 1, 0, 1
000000473044_jpg.rf.2900d6fa27adfb10b3af8c034bff633b.jpg, 0, 1, 0, 1
000000067213_jpg.rf.28dc9946c2c2a81002314ed0f4eb7cee.jpg, 0, 1, 0, 0
000000056549_jpg.rf.28e090574f9b2a5ac112d1f84c3377b4.jpg, 0, 1, 0, 1
000000113672_jpg.rf.2927d9a59cf6ab68f40127f86a1b6d27.jpg, 0, 1, 0, 1
000000453704_jpg.rf.2886244820a3f7fb4a77742562faec4a.jpg, 0, 0, 0, 1
000000255026_jpg.rf.293af01ab0dfc95bf567f6cfa085664d.jpg, 0, 0, 1, 0
000000493659_jpg.rf.28eb3ea0fd43f948c63166ef6d10b0d8.jpg, 0, 1, 0, 1
000000507028_jpg.rf.2927d641b15f787db0e8e1bf8022cb3c.jpg, 0, 1, 0, 0
000000196178_jpg.rf.2922daf39117311483313467981d8fd1.jpg, 0, 1, 0, 0
000000204036_jpg.rf.291f27a186b0339d246b3d71b0a77cc1.jpg, 1, 0, 0, 1
000000030775_jpg.rf.292962a12231497493679aea5c6074eb.jpg, 1, 1, 0, 0
000000315868_jpg.rf.2936e3a19c5ba745b63f2158bd39b0b8.jpg, 0, 1, 1, 0
000000249720_jpg.rf.2943e47217dd1bb4c49a1df0509e4b3d.jpg, 0, 1, 0, 0
000000536534_jpg.rf.29164cf0b9cab3fd9c658d82ede14fc3.jpg, 1, 1, 0, 0
000000308310_jpg.rf.2957202de153ef988ade0d2bc5fc782d.jpg, 0, 1, 0, 0
000000008204_jpg.rf.290c53d6f8b3ff5a76dc58f3fd55f812.jpg, 1, 0, 0, 1
000000058701_jpg.rf.294ef260f2478af60c5e2ee377d83bb8.jpg, 0, 1, 0, 0
000000566758_jpg.rf.295aae7b86e6ab768dbd45f960d4cda8.jpg, 1, 1, 0, 0
000000263479_jpg.rf.29766d818be83c08e103aa1bc48add94.jpg, 0, 1, 0, 1
000000059611_jpg.rf.295d71352d35e2e29c3ca22b3410fda4.jpg, 1, 1, 0, 0
000000282131_jpg.rf.294d3755dfd4a985ca4e1fd9e99b7914.jpg, 1, 1, 1, 1
000000285851_jpg.rf.290beda46f7061f4a755021ba6582b1f.jpg, 1, 0, 0, 0
000000037864_jpg.rf.2983f8e739d89e9bb2e64bf5c84a601b.jpg, 0, 1, 0, 0
000000111998_jpg.rf.2947544680eca2a1853ae41902500f19.jpg, 1, 0, 0, 0
000000137028_jpg.rf.296b41ae872cf17eaec7e5bf94e0b697.jpg, 0, 1, 0, 0
000000093430_jpg.rf.296a9b6e956b426e9eb641222d0444dd.jpg, 0, 0, 1, 0
000000471946_jpg.rf.2951e2b44362ba32f87430364698f2da.jpg, 0, 1, 0, 1
000000240764_jpg.rf.29835457594a92ce1863db389c275fed.jpg, 0, 1, 0, 0
000000495310_jpg.rf.2968bc56748f71eef9a08fab13477358.jpg, 0, 1, 0, 1
000000581326_jpg.rf.29473a37efb3c32fdf8d5b435bab1c6d.jpg, 0, 1, 0, 0
000000167273_jpg.rf.2966b63f2b1941fe086c593492ab3ef7.jpg, 0, 1, 0, 0
000000108327_jpg.rf.2959dd0da93d3324d2e6797943a7cd11.jpg, 0, 1, 0, 0
000000092338_jpg.rf.297b28c004e0cb4e8a4a897e9b725210.jpg, 0, 1, 0, 1
000000408975_jpg.rf.29481e2db3a593d480577967622b75ac.jpg, 0, 0, 0, 1
000000152004_jpg.rf.29ba1aea0028c7eed13f9131383071ca.jpg, 0, 1, 0, 0
000000303126_jpg.rf.298793385e5993ee91a72b97b472970f.jpg, 0, 1, 0, 0
000000162032_jpg.rf.298cebe989cc13a778bb046225ec5381.jpg, 0, 0, 1, 0
000000170406_jpg.rf.29ac9666128fe9644dcbc70279981536.jpg, 0, 1, 0, 0
000000463564_jpg.rf.29b019eee44faa4caeb6c81bf5e488e4.jpg, 1, 0, 0, 0
000000158198_jpg.rf.29b255a7572a93c8d4ea89b242a3e3fd.jpg, 1, 1, 0, 0
000000516174_jpg.rf.29b6fe73954a0fe4ba01712d2666a1b1.jpg, 1, 0, 0, 1
000000074100_jpg.rf.29bdb131958783de6fdb81c68100297c.jpg, 1, 0, 0, 0
000000004282_jpg.rf.29b678b60777619925feb184710f48d4.jpg, 0, 1, 0, 0
000000352899_jpg.rf.29487e55e72d0a49ff284ea7514ed0d3.jpg, 1, 1, 0, 0
000000103967_jpg.rf.29cb9d35f853b62106418d7661334fdf.jpg, 0, 0, 1, 0
000000302219_jpg.rf.29db344c48e3856fca4b0d98ffe56ade.jpg, 0, 1, 0, 0
000000198434_jpg.rf.29c35dc361db97d8d57428cad21540c9.jpg, 0, 1, 0, 0
000000290231_jpg.rf.29de2ff9daa40706791157085b475f71.jpg, 0, 0, 1, 0
000000394131_jpg.rf.29ac5561d883b43bda297b6b9dcdfafd.jpg, 1, 1, 0, 1
000000278705_jpg.rf.29dba374a51ff799c02cf7b786df691b.jpg, 0, 1, 0, 0
000000460145_jpg.rf.29c87faf1b386df64b45a659ef60c5cc.jpg, 0, 1, 0, 1
000000028858_jpg.rf.29b9dd438b6ca332f509e929b6324382.jpg, 0, 1, 0, 1
000000170035_jpg.rf.29af15f0076caf19037094d459d9147b.jpg, 0, 1, 0, 0
000000077873_jpg.rf.29cd893936ff7890683adebdb00e4547.jpg, 0, 0, 0, 1
000000369461_jpg.rf.29ce2f7823fe8e81a6038e60775a3472.jpg, 0, 1, 0, 0
000000212346_jpg.rf.29e525e0f64d55786957c3b3f592ba83.jpg, 1, 1, 0, 0
000000539124_jpg.rf.29e1781d8c1a8df91f2e5fa64c65f8ca.jpg, 0, 1, 0, 1
000000394240_jpg.rf.2a14201ca92dd9d812d3e4c4b7cccc71.jpg, 0, 0, 1, 0
000000014768_jpg.rf.29e69eb3f12077a83688c528b1604a78.jpg, 0, 1, 0, 0
000000269975_jpg.rf.2a15d49266d8352869768fb1c0f74776.jpg, 1, 1, 0, 0
000000422314_jpg.rf.2a1c01721d8e44304abce85297c7eaba.jpg, 0, 1, 0, 0
000000089378_jpg.rf.2a1e4854438acc63bbda47acc69efe0d.jpg, 0, 0, 1, 0
000000142794_jpg.rf.2a362e129295eb85e6c7090d70a6409f.jpg, 1, 1, 1, 1
000000005879_jpg.rf.2a2d9b9ebed627a35dc483ff30e135d8.jpg, 1, 0, 0, 0
000000529355_jpg.rf.2a36c77fc76745ebf440dad716d088ad.jpg, 0, 1, 0, 0
000000460897_jpg.rf.2a24d94321476e714301547abbb1f3c1.jpg, 0, 1, 1, 1
000000023380_jpg.rf.2a3e3e7173a52cb838c8a5f0617294f4.jpg, 0, 0, 0, 1
000000562623_jpg.rf.2a555fcbf4991eec48e0cd7fa5ffdf07.jpg, 0, 0, 0, 1
000000491623_jpg.rf.2a44c25d5c538e7f0e7087022866b0d8.jpg, 0, 1, 0, 0
000000346343_jpg.rf.2a49b525b826cef9bc4125193b9c821e.jpg, 0, 1, 0, 0
000000232339_jpg.rf.2a7c036fc7edd388152e390ffc79c724.jpg, 0, 1, 1, 1
000000031604_jpg.rf.2a721c107dce227b57d0144ee7cee5d9.jpg, 0, 1, 0, 0
000000129801_jpg.rf.2a5733c93c67afc4d44379a5db5f5716.jpg, 1, 0, 0, 1
000000128172_jpg.rf.2a19b828143a197d8266dc7af092ff6f.jpg, 0, 1, 0, 0
000000147958_jpg.rf.2acbfde926a5cb7b3cf37abac0ae0b55.jpg, 0, 1, 0, 0
000000570338_jpg.rf.2a63cd2d3ffd7a65e9a501f8dee52a45.jpg, 0, 0, 1, 0
000000042800_jpg.rf.2ac0dc155ff39934d2e9fe1df3173fb5.jpg, 1, 0, 0, 0
000000578103_jpg.rf.2a5d96660e2000cdb489999cea331593.jpg, 1, 1, 0, 0
000000406839_jpg.rf.2a968d2bb9e4c7dc97700aa16a81e73f.jpg, 0, 1, 0, 1
000000571658_jpg.rf.2acd46716ba6e75d455377ed920f10a5.jpg, 1, 1, 0, 0
000000555390_jpg.rf.2aa7065674359197a20211eef76ee649.jpg, 0, 1, 0, 1
000000447891_jpg.rf.2abbc32bf03532d86fdafaac9300228b.jpg, 1, 0, 0, 0
000000445075_jpg.rf.2ad6e1e50a6849ced7899c0d24196661.jpg, 0, 1, 0, 0
000000521210_jpg.rf.2a5bbe8060c3013fbc03ef7d5a275633.jpg, 1, 0, 0, 0
000000547352_jpg.rf.2ab499204ac4b13e57c6d0a0919557cc.jpg, 0, 1, 0, 0
000000235919_jpg.rf.2a74409d8ee8fb5551ecc580c4ec599e.jpg, 1, 1, 0, 0
000000019047_jpg.rf.2a9aa6258669efd204fe7f737aafd942.jpg, 0, 1, 0, 0
000000278934_jpg.rf.2adeb9d4d40726ca6a5260b1f5052986.jpg, 0, 1, 0, 0
000000301998_jpg.rf.2adece6447770a03f307eeefa0653538.jpg, 0, 1, 0, 0
000000384857_jpg.rf.2a7d0df8e943e5887192941aa0a68829.jpg, 0, 1, 0, 1
000000296825_jpg.rf.2ae12fa1177dcad0cb8e689e984e0316.jpg, 0, 0, 0, 1
000000006709_jpg.rf.2afa66e4afd1a2eb666de05fae437b75.jpg, 0, 1, 0, 0
000000154515_jpg.rf.2a8a287ecc4d22e45a1cb01a694bc5d4.jpg, 1, 0, 0, 0
000000054744_jpg.rf.2aa04ef2b1fb68c6c0caf64c174f6fef.jpg, 0, 0, 1, 0
000000391415_jpg.rf.2b0376b4f560da271a3647e40d4e176a.jpg, 0, 1, 0, 1
000000260373_jpg.rf.2b0a1ce90f0c956728b0f23a9acb44b5.jpg, 0, 1, 0, 0
000000423834_jpg.rf.2b01edf458ddb748b795cb44411c8831.jpg, 0, 1, 0, 0
000000214623_jpg.rf.2b121114cfa630ed5332760fa1f09b51.jpg, 0, 1, 0, 1
000000535113_jpg.rf.2b1b70bd5bc623739ac2f9cacaf02424.jpg, 0, 1, 0, 0
000000393317_jpg.rf.2b0996fb8a15a3b2d387931481b92e9a.jpg, 1, 1, 0, 0
000000142259_jpg.rf.2b1b1e787651e02ff537459dfffa8f4a.jpg, 0, 1, 1, 0
000000334850_jpg.rf.2b366fb1e50d601bfdc82ac0aaeaa433.jpg, 0, 1, 0, 0
000000276720_jpg.rf.2ad4b7d2c5f704cd1304183319b9bb8e.jpg, 0, 1, 0, 1
000000176222_jpg.rf.2b0c91bd43041bcd8d657d854065d098.jpg, 0, 0, 0, 1
000000255573_jpg.rf.2b15ced155d2de7a96686506739f92ab.jpg, 0, 1, 0, 0
000000343256_jpg.rf.2a688a742aae671d61bbeff060c9c7c5.jpg, 0, 1, 0, 0
000000104621_jpg.rf.2b33112dcd584a91526e30e53f2de15a.jpg, 0, 1, 1, 0
000000174462_jpg.rf.2b302e9338b64b681d6b2870caaf7490.jpg, 0, 1, 0, 1
000000350063_jpg.rf.2ad1d3621d00b9270730911766d38909.jpg, 0, 1, 0, 0
000000514586_jpg.rf.2b20138e8b6267aef5badbccf7171791.jpg, 0, 1, 0, 1
000000005294_jpg.rf.2b1f7a2db997bddeb7acdcec7ea6c195.jpg, 0, 1, 0, 1
000000181149_jpg.rf.2b36a262bc214ed545885d023e5e755c.jpg, 0, 1, 1, 0
000000012238_jpg.rf.2b4783496ca448513505af8b6761fbb1.jpg, 0, 1, 1, 1
000000236138_jpg.rf.2b391f62d77cf9f266d47c0b30e3de35.jpg, 1, 1, 0, 0
000000053150_jpg.rf.2b7a6bfdb175f40fe2099175bbcaa386.jpg, 0, 1, 0, 0
000000417602_jpg.rf.2b444fa0be3ddc00289386333188bbb4.jpg, 0, 1, 0, 0
000000410995_jpg.rf.2b3f66b28ec2618104ad1fe69bc47113.jpg, 0, 1, 0, 0
000000330516_jpg.rf.2b50af1ee2a8d47f574957dda49e63db.jpg, 0, 1, 0, 0
000000097367_jpg.rf.2b3ae626b2d883bc8fbeae32c5d32758.jpg, 0, 1, 0, 1
000000088720_jpg.rf.2b5014f4bc7bcd91752a433a21f1c6dd.jpg, 0, 1, 0, 0
000000564056_jpg.rf.2b5b6bda0ccc256b01eaa9c44d1398eb.jpg, 0, 1, 0, 0
000000012664_jpg.rf.2b7915f74dcdbf2d52928b1cf655170d.jpg, 0, 1, 0, 1
000000562461_jpg.rf.2b7ab2f4d97abac41797c47e85a4f88a.jpg, 0, 1, 0, 0
000000095561_jpg.rf.2b6147e896e53cb7494e79378f3733b7.jpg, 0, 0, 0, 1
000000231012_jpg.rf.2b9bf4c0a4d3125c0bf1730036fe069c.jpg, 1, 0, 0, 0
000000139468_jpg.rf.2b3ee0c555256331e64575ef46fd4479.jpg, 0, 1, 0, 1
000000195267_jpg.rf.2b586497f820eb8209c33bdf1531800f.jpg, 0, 1, 1, 0
000000158588_jpg.rf.2b92c08a3c5d9309ca2a82e869378a02.jpg, 0, 1, 0, 0
000000469768_jpg.rf.2ba589061cbcbeab7646c3ec05e4cac5.jpg, 0, 1, 0, 1
000000409728_jpg.rf.2b97ffc295b0a303b7affe1eada83462.jpg, 0, 1, 0, 0
000000329148_jpg.rf.2b9df963a174e22844ab49a23ab5222c.jpg, 1, 1, 0, 0
000000151406_jpg.rf.2ba031302dae2831f8eb1883165fd7d2.jpg, 0, 1, 0, 1
000000104046_jpg.rf.2baad651a8933bcd03d0b488c57b8593.jpg, 0, 1, 0, 0
000000350309_jpg.rf.2b9ec28b1dca5824960e0adcf64d1e66.jpg, 1, 0, 0, 0
000000296176_jpg.rf.2bcfe3de968fff1ccdf683e588f2d122.jpg, 0, 1, 0, 0
000000245383_jpg.rf.2bb453d93fb7f0fb4b108f8f22a84cd9.jpg, 0, 0, 1, 0
000000109386_jpg.rf.2ba542383d9509909e7f5c97eb9c0bf5.jpg, 0, 1, 0, 1
000000182217_jpg.rf.2bdd7dc2e019b48db0e1d42b72b785b5.jpg, 0, 1, 0, 1
000000572308_jpg.rf.2bd1ddba6282df7efa1c82d0f7f95a9d.jpg, 1, 1, 0, 0
000000178801_jpg.rf.2bab2620cda49fd7540104ebda09226d.jpg, 0, 1, 0, 1
000000157465_jpg.rf.2bf834c4a3c961c5dd53881e44666c6f.jpg, 1, 0, 0, 1
000000462901_jpg.rf.2bd9213f2db287cf8478b19590b8781e.jpg, 0, 0, 0, 1
000000078696_jpg.rf.2bdc28138e0409fda5c6b1020614d58f.jpg, 1, 0, 0, 0
000000158418_jpg.rf.2be02f733cefa4acad3bdbc172f4f5a7.jpg, 0, 0, 1, 0
000000349669_jpg.rf.2bfe216166f4739cd5a799fd2f56a923.jpg, 0, 0, 1, 0
000000213393_jpg.rf.2c016885aa895ba86e92ea4f13f5f377.jpg, 0, 0, 0, 1
000000157049_jpg.rf.2c0c68c73a5e0ec7fb04b6128479660b.jpg, 0, 1, 0, 0
000000255425_jpg.rf.2bd955ae12b1ce85d14e06521e05d232.jpg, 0, 0, 1, 0
000000387514_jpg.rf.2bf31259c11746399ad746d5ba9a354d.jpg, 0, 0, 1, 0
000000580825_jpg.rf.2c07a53b2f9fc1d5ea2036488c22385f.jpg, 0, 1, 0, 0
000000246717_jpg.rf.2c199b81de427c364a30513850acad5a.jpg, 0, 1, 0, 1
000000201628_jpg.rf.2c0504997e6c919240d47ca8e45db864.jpg, 0, 1, 0, 1
000000200605_jpg.rf.2c1481d7a0a2ca3cd3ccd8fab0ca88fc.jpg, 0, 1, 0, 1
000000314224_jpg.rf.2c0e949c36a0356dd0f67ef007eb778b.jpg, 0, 0, 1, 0
000000170432_jpg.rf.2c5186ea9d3fcb5c61b0940bbc6590fd.jpg, 1, 1, 1, 1
000000405622_jpg.rf.2c33a0bdf9228e75af66efaff0977291.jpg, 1, 0, 0, 0
000000382854_jpg.rf.2c10c080a0ae85d17891879af5b97c98.jpg, 1, 1, 0, 0
000000321821_jpg.rf.2c438f65639b10b32c07c92475b97d70.jpg, 0, 0, 1, 0
000000402794_jpg.rf.2c4b74ad366dc75da3df43faf28485cd.jpg, 0, 0, 1, 0
000000540561_jpg.rf.2c3419a235cded98af85a7db9691fd9e.jpg, 1, 1, 0, 1
000000027490_jpg.rf.2c269053e2c435adc7cfaf625982f0e8.jpg, 0, 1, 0, 0
000000053450_jpg.rf.2c46d7ab57fe2a14a8c4e4820b5ac966.jpg, 1, 1, 0, 0
000000309284_jpg.rf.2c0d035d23604c702a246fce3b831481.jpg, 0, 1, 0, 0
000000366405_jpg.rf.2c7cec1c6eed239ce571e913a576fe52.jpg, 0, 1, 0, 0
000000187396_jpg.rf.2c49a6ec1dda0bd606b53d98f82a12b7.jpg, 1, 0, 0, 1
000000211205_jpg.rf.2c68d45786c928127584c4a8c6fa7670.jpg, 0, 1, 0, 0
000000022236_jpg.rf.2c7ae23f52f7e5955239de06452690d3.jpg, 1, 0, 0, 0
000000143231_jpg.rf.2c4f508500530a7f7f8101ec76cf74d6.jpg, 1, 1, 0, 0
000000167033_jpg.rf.2c798c41ba36c4c09a32c672fdb33be2.jpg, 1, 0, 0, 1
000000531912_jpg.rf.2c8a7500f6d888918f06f21938b5346d.jpg, 0, 1, 0, 0
000000057424_jpg.rf.2bd80eb4623c484aa27dd80ab1842561.jpg, 0, 1, 0, 0
000000375554_jpg.rf.2c43609e87d70292828f437284c4d674.jpg, 0, 0, 1, 0
000000307442_jpg.rf.2c504ef6da6cd75ba97b2bd4a60066a9.jpg, 1, 0, 0, 0
000000455614_jpg.rf.2c9927c6ffadccfa2e39f22ff7a59410.jpg, 0, 0, 1, 0
000000520259_jpg.rf.2c7f9d5fa9ffff0ec8dbc49e57d70338.jpg, 0, 1, 0, 0
000000193649_jpg.rf.2c9f222183faa03d870194063dedf2ab.jpg, 0, 1, 0, 1
000000197266_jpg.rf.2c8bb7ca8fb82393410593f9ff8c15b8.jpg, 0, 1, 0, 1
000000270172_jpg.rf.2c947d108cc1277f529498bb24000c31.jpg, 0, 0, 1, 0
000000024912_jpg.rf.2cb707f774d23cf69e2558e7bf7f8d48.jpg, 0, 1, 0, 0
000000290864_jpg.rf.2c575a5cac0d798b83ecd140ef1c8866.jpg, 0, 1, 0, 0
000000570755_jpg.rf.2cc68228f98bc7cbabbb26bc1daafc9f.jpg, 0, 0, 0, 1
000000056928_jpg.rf.2c9992fd64979d43f58636bda34c6fc6.jpg, 0, 1, 0, 1
000000149961_jpg.rf.2cd83a31ceeb0e124257caccbdb58b7f.jpg, 1, 1, 0, 0
000000346335_jpg.rf.2cb96396c55c7626fc3045bff09c83c7.jpg, 0, 0, 1, 0
000000436046_jpg.rf.2cc5be4f31f5cba48aa2d87c48df07cd.jpg, 0, 1, 0, 0
000000048924_jpg.rf.2cd005031af6242c9da34f3a141789b4.jpg, 0, 0, 1, 0
000000462488_jpg.rf.2cc493691df58576827cf9e7a614c576.jpg, 1, 0, 0, 0
000000154289_jpg.rf.2cf198a48dcb9354332bcb7433c674af.jpg, 0, 1, 0, 0
000000490978_jpg.rf.2cb79799c2995a89402bc70a45bba5bf.jpg, 0, 1, 0, 0
000000567858_jpg.rf.2cdd4a3da88b5f9adfa8be8a5cd4fbe8.jpg, 0, 1, 0, 0
000000015558_jpg.rf.2cffe4860596c7b9760de64754abe092.jpg, 0, 0, 1, 0
000000447119_jpg.rf.2c9fd58f7064571bc21f52bd9e6dee40.jpg, 0, 1, 0, 1
000000485123_jpg.rf.2cc94fbab431356a85e7211943c50dfc.jpg, 0, 1, 0, 0
000000256785_jpg.rf.2d2d2fcc82ba7c14ffb02dfed7f247b2.jpg, 1, 0, 0, 0
000000245638_jpg.rf.2cb86aa7390b0be9cc67dc63ffea2182.jpg, 1, 1, 0, 0
000000538792_jpg.rf.2d279b86fc97341036d32836fd9bc509.jpg, 0, 0, 1, 0
000000374818_jpg.rf.2cc82080d16b7a27d4f5564bf53af9ae.jpg, 0, 0, 0, 1
000000487464_jpg.rf.2c74566ae0db7a3c0df24b8b2e523e28.jpg, 0, 1, 1, 0
000000468159_jpg.rf.2d2378cd6885b086cd74dd04e05a4e4a.jpg, 0, 1, 0, 0
000000160345_jpg.rf.2cbdef67f9bef65210278d642ada86dd.jpg, 0, 1, 0, 0
000000563122_jpg.rf.2d173874b511c93ae7e273603e8f5fc9.jpg, 0, 1, 0, 0
000000263388_jpg.rf.2cfd6c8ea08d4287bb079c0d02df6dcd.jpg, 0, 0, 0, 1
000000215124_jpg.rf.2cde8e015944b55d38a5d2ce300cf160.jpg, 0, 1, 0, 0
000000095506_jpg.rf.2d40fe4e67bed0842ee227a6af0e3e98.jpg, 0, 1, 0, 1
000000051504_jpg.rf.2d440456cc70ea71088c9299db7ec76f.jpg, 0, 0, 1, 0
000000530631_jpg.rf.2d45633dc19964f1ccbe25c4092c59df.jpg, 0, 0, 1, 0
000000439060_jpg.rf.2d3d5066359fdecc9771c5b693001cfd.jpg, 0, 1, 1, 1
000000219454_jpg.rf.2d50d39a1f2cd7b623937b862ea5e61b.jpg, 0, 1, 0, 1
000000102668_jpg.rf.2d472fc7241ccd6565cf338f5a1bc342.jpg, 1, 1, 0, 0
000000041588_jpg.rf.2d4b4acadaa2513e6f549277a40cae71.jpg, 0, 0, 0, 1
000000477491_jpg.rf.2d5d11cdbbe12ed6cf84825c1d191fc4.jpg, 0, 1, 1, 0
000000421569_jpg.rf.2d572c1ff4be10fb2d2e578f9e98835c.jpg, 0, 1, 0, 0
000000525587_jpg.rf.2d6b4b4b5f432a10d3c289dc22cd018b.jpg, 0, 0, 0, 1
000000581770_jpg.rf.2d508785c8bf17e710c2263b3766cfac.jpg, 0, 1, 0, 0
000000173991_jpg.rf.2d45dcd92da0648407f4c718f2784bf1.jpg, 0, 1, 0, 1
000000235871_jpg.rf.2d78f43bf15688808a552a39694c12ac.jpg, 0, 1, 0, 0
000000390552_jpg.rf.2d786a18f87044ce8a6316737428e198.jpg, 0, 1, 0, 0
000000212445_jpg.rf.2d8a706a01d6c6927f7d8c8402a4e9e0.jpg, 0, 1, 0, 0
000000008193_jpg.rf.2da449529244fb25585b3adcec18a5c6.jpg, 0, 0, 1, 0
000000552092_jpg.rf.2d0721e68d5c374e2e30e341bdad509f.jpg, 0, 1, 0, 0
000000125645_jpg.rf.2c448531a7b890c5642f53727b5b9261.jpg, 1, 0, 0, 0
000000297921_jpg.rf.2dc4f55d8f0092d23883665e0832f547.jpg, 1, 1, 0, 1
000000259085_jpg.rf.2d7a199aea034d86d3481ee56eedeb2b.jpg, 0, 1, 0, 0
000000499802_jpg.rf.2db84c3ada2c76569b87b7d06b660207.jpg, 0, 0, 1, 0
000000449250_jpg.rf.2d3fa44bef0a3d2e6d52f14bd1218b62.jpg, 1, 0, 0, 0
000000306789_jpg.rf.2db73a64c7dc4bdda25d728e625fd2e9.jpg, 0, 0, 1, 0
000000310181_jpg.rf.2dad5dc335261ee31f2718c9f7664f80.jpg, 0, 1, 0, 0
000000371789_jpg.rf.2d99d69f4736e8c86a306bcc34083db5.jpg, 0, 1, 0, 0
000000010615_jpg.rf.2daec62c9174dcce6da27f5037c9c118.jpg, 0, 1, 0, 1
000000336987_jpg.rf.2dc703a3b8882a48911208e29b4e1f14.jpg, 0, 0, 1, 0
000000103929_jpg.rf.2dbf3259b79e17726cda627c961eaea3.jpg, 0, 1, 0, 0
000000303942_jpg.rf.2d9d25b995ba8eaf08840433e553b217.jpg, 0, 1, 0, 0
000000125213_jpg.rf.2d61fbddaac5251113b4e8b1a01b1380.jpg, 1, 0, 0, 0
000000236217_jpg.rf.2dcfd943b7af12668eebc59b8a084fca.jpg, 1, 1, 0, 0
000000110392_jpg.rf.2dd12f42235dd055bb955a8c11afb8d7.jpg, 0, 1, 0, 0
000000490629_jpg.rf.2dfb039490414ea857c6fdf972d3d968.jpg, 0, 1, 1, 0
000000437817_jpg.rf.2dd29e06bdb7af255640e0682043bc0d.jpg, 0, 1, 0, 1
000000173258_jpg.rf.2dd5de7ac882a444786ffc46226f5f20.jpg, 0, 1, 0, 0
000000138807_jpg.rf.2d5e1427324c1d2ee7a9f3ed5e4eb449.jpg, 0, 1, 0, 0
000000220655_jpg.rf.2d7c371b27a756f02778653125430de7.jpg, 0, 1, 0, 1
000000131118_jpg.rf.2dde1592ac031c3a39a7f0feaf1e9167.jpg, 0, 0, 0, 1
000000367461_jpg.rf.2ddd949e2e2411277cad817ef6eb43e7.jpg, 0, 0, 1, 0
000000064088_jpg.rf.2d9eec31eda1c8690c1ff7a6ade6f567.jpg, 1, 1, 0, 0
000000253986_jpg.rf.2de600e0d0f9ea588791cdf68ccd5165.jpg, 0, 1, 0, 0
000000368302_jpg.rf.2e0e9b3e795448c45d2511f262efbaca.jpg, 0, 1, 0, 0
000000194755_jpg.rf.2e29358d8d73c2fe35dd9680deaeffe0.jpg, 0, 1, 0, 0
000000240062_jpg.rf.2e3d9074d9d976ed41ede5e55b77f306.jpg, 0, 1, 0, 0
000000421469_jpg.rf.2e21bae9492ac895c4c8791cca2d4078.jpg, 0, 1, 0, 1
000000294199_jpg.rf.2dfb2cb070559a68e9e8e49b6c282ec9.jpg, 0, 1, 0, 0
000000522175_jpg.rf.2e0949b3a690af7472a8655385bb8823.jpg, 0, 0, 0, 1
000000055947_jpg.rf.2e1f9813e777702c8c983a5db7e1ec21.jpg, 0, 1, 0, 0
000000224938_jpg.rf.2e52ab37b68a7e706a3c445e0ed53875.jpg, 0, 0, 1, 0
000000059660_jpg.rf.2e174e876da793a526142ef34aa1f9d8.jpg, 1, 1, 0, 0
000000125720_jpg.rf.2e55df6cef3173f33f1eec2da8eed6a1.jpg, 0, 1, 0, 0
000000346232_jpg.rf.2e2ed85794b55f1050cb02965c1654a2.jpg, 0, 1, 0, 1
000000102506_jpg.rf.2e4150033be1691b1c9b4aa01499b8df.jpg, 0, 1, 0, 0
000000364028_jpg.rf.2e5b98a42d1b01af13fdffd7a8433598.jpg, 0, 0, 1, 1
000000160970_jpg.rf.2e6bc564707d67ab6fde85d69e7fb48f.jpg, 0, 0, 1, 0
000000174560_jpg.rf.2e02fe0c72abcdfc16e94ced9d82dd78.jpg, 0, 0, 0, 1
000000177958_jpg.rf.2eaec522308dbe9d45d3e9b2d16f14a6.jpg, 1, 1, 0, 1
000000169040_jpg.rf.2eac455ad388ad1a4bd9619751491398.jpg, 0, 1, 0, 1
000000561570_jpg.rf.2e616d87bf2c4ee28adaa743e11aabf6.jpg, 0, 1, 0, 0
000000093333_jpg.rf.2e499687373afdef1baa1a400da8a6e4.jpg, 0, 1, 0, 1
000000032674_jpg.rf.2eae5ccc4d0578e5b4d60a158f0239dd.jpg, 0, 1, 0, 1
000000306998_jpg.rf.2eba9ffd70e6d3214ebbe7f50a47548a.jpg, 0, 0, 0, 1
000000394992_jpg.rf.2e9d9ee9859a2a283668ac0b0d9d7f2b.jpg, 0, 1, 0, 0
000000234197_jpg.rf.2e6fdda6033dd10b1d064538b4c3cc28.jpg, 0, 1, 0, 0
000000335111_jpg.rf.2eb0b9c61478a5e4b627f05822cc8e3c.jpg, 1, 0, 0, 0
000000124466_jpg.rf.2ea0cf71a9f477eada664dca25ab7e65.jpg, 0, 1, 0, 1
000000431023_jpg.rf.2e7f9dd2f63bd81e03aae5dae75184ed.jpg, 1, 1, 0, 0
000000127092_jpg.rf.2ec45430e965d855a7073354f0572701.jpg, 0, 1, 0, 0
000000026209_jpg.rf.2ec9208e8a093267e76d4a77a451cbd7.jpg, 0, 1, 1, 1
000000412525_jpg.rf.2eb10ec72c4431fc0e5a7d677a817b19.jpg, 0, 0, 0, 1
000000117093_jpg.rf.2eba8e8eb23ec7e8146b6b491c9653a2.jpg, 0, 0, 1, 0
000000142426_jpg.rf.2ebaa738005acb3ee968734a4fc353e1.jpg, 0, 1, 0, 0
000000119555_jpg.rf.2e64bd45352d257d0cee8b8163f85b1e.jpg, 0, 1, 0, 0
000000252054_jpg.rf.2ee00e5881d19842a597a6ec5c2a434f.jpg, 0, 1, 0, 1
000000086530_jpg.rf.2ee01ae1a62ae595843941848571b2cf.jpg, 0, 1, 0, 0
000000571264_jpg.rf.2ec21b1839445bf6c616b5f7c3eb6c06.jpg, 0, 0, 1, 0
000000245717_jpg.rf.2e88bac23f4b7618c65edfbf8dc5f863.jpg, 0, 1, 0, 0
000000199119_jpg.rf.2ef23885720252c14d398b09686d9414.jpg, 1, 1, 0, 0
000000572801_jpg.rf.2eb8eed369018ad1362f36a52114ec50.jpg, 0, 0, 0, 1
000000391892_jpg.rf.2ef0606ef2601c322ebeb83d03a4db78.jpg, 0, 0, 0, 1
000000119748_jpg.rf.2f0d7cd04f71105d169ee5652c44627b.jpg, 0, 1, 0, 0
000000246007_jpg.rf.2ec1a9833b617a0325c3eebf068c8665.jpg, 0, 0, 0, 1
000000494261_jpg.rf.2f01e915e164834f152cd0311621dee0.jpg, 0, 1, 0, 0
000000042070_jpg.rf.2eb3e3fa0b91d3f0b58783ae05288fcb.jpg, 1, 1, 0, 0
000000342532_jpg.rf.2f000be28ffd49e6f463654526620858.jpg, 0, 1, 1, 1
000000358767_jpg.rf.2f14891c5b27e38bb6087a036e559576.jpg, 0, 1, 1, 0
000000204217_jpg.rf.2ede7243a4bce23b074c6b3d63a10d7f.jpg, 0, 1, 1, 0
000000421735_jpg.rf.2f03bf5d83b74a51441f1cb87cf94e69.jpg, 1, 1, 0, 0
000000031161_jpg.rf.2ef51c2082754401be0e932b03e48144.jpg, 0, 1, 0, 0
000000359719_jpg.rf.2f2866fdae1f9a6068bca447739aac42.jpg, 0, 0, 0, 1
000000007852_jpg.rf.2eea1a94b2cd9c07764fb1496c326452.jpg, 0, 0, 0, 1
000000403107_jpg.rf.2f1b691b0f498b386f9bac4847fd6e6b.jpg, 0, 1, 0, 0
000000148353_jpg.rf.2f30de8d3cbd8450bbfb939e1b3c669c.jpg, 0, 1, 0, 0
000000503135_jpg.rf.2f2b999009950784657b3adaa3b68c11.jpg, 0, 0, 1, 0
000000574739_jpg.rf.2f448638b207095d3e16f23ca09da1df.jpg, 0, 1, 1, 0
000000233023_jpg.rf.2f071c791077474178a66d734b19bab5.jpg, 0, 1, 0, 0
000000248129_jpg.rf.2f4647af68e3bae082d9e451410a34f2.jpg, 0, 1, 0, 1
000000287291_jpg.rf.2f445d978e996653f16ef6350a0ba704.jpg, 0, 1, 0, 1
000000165681_jpg.rf.2f29db9e4916d6b8ae4223764963cb07.jpg, 0, 1, 1, 1
000000461265_jpg.rf.2f3a4cdde5ede6b0ec81a67b1a904b69.jpg, 1, 1, 0, 0
000000526401_jpg.rf.2f2ade940f7896b38cd901eeaf587926.jpg, 0, 1, 1, 0
000000035897_jpg.rf.2f4be5cb08e1032419cbd0c9573a7747.jpg, 0, 1, 0, 1
000000405505_jpg.rf.2f5a53f13ef5fc0d493c2a6b655ed577.jpg, 0, 1, 0, 1
000000155306_jpg.rf.2f47d2d534367747edfe1048aba79086.jpg, 1, 0, 0, 0
000000315621_jpg.rf.2f6901ccf193cd24c1beecf22f45af36.jpg, 0, 1, 1, 0
000000537258_jpg.rf.2f6e0e9b6ec48942e8057bb2eeadbcd3.jpg, 0, 1, 1, 0
000000200988_jpg.rf.2f09c1411890a63d6b565bbb38f88047.jpg, 0, 1, 0, 0
000000429658_jpg.rf.2f64154cafc2a89e148546bf2aab428c.jpg, 1, 0, 0, 0
000000055681_jpg.rf.2f4d554e21037bd898630343c185c3fc.jpg, 0, 1, 0, 0
000000224017_jpg.rf.2f4e5619b364889ebcd3c617d512caee.jpg, 0, 1, 1, 0
000000047347_jpg.rf.2f70962f4d21204a7b3c20d9d6fcd32c.jpg, 0, 1, 0, 0
000000160183_jpg.rf.2f355dc0731e22234b394872bdba092a.jpg, 0, 1, 0, 1
000000402632_jpg.rf.2f7f49fd432fbdb0ece52f110aacd2bb.jpg, 1, 1, 1, 1
000000217241_jpg.rf.2f5583bed4c68ad4e796bf78870c102f.jpg, 0, 1, 0, 1
000000149371_jpg.rf.2f80e4ecb658d0e7a21d31b7671be4b3.jpg, 0, 1, 0, 0
000000301453_jpg.rf.2f7623c79eb09df6caf32ea6dc331e46.jpg, 0, 0, 1, 1
000000397219_jpg.rf.2f5c77187410b795aaeb853f8f5ff538.jpg, 0, 1, 0, 1
000000418873_jpg.rf.2f905fc8420b00fad296b75c8dff8ccc.jpg, 1, 0, 0, 0
000000143958_jpg.rf.2fbf273b6832871b23e730ddccccb341.jpg, 0, 1, 0, 0
000000420488_jpg.rf.2fa1c04580bb4e76359549bf54efa0c8.jpg, 1, 0, 0, 0
000000420372_jpg.rf.2f976ca6c4a128de69cf1d23e9823d98.jpg, 0, 1, 0, 1
000000543291_jpg.rf.2f83bf0578f0c303739f62c4cee2cab6.jpg, 0, 1, 0, 0
000000573166_jpg.rf.2fc0b76c343d3df535f01c3a322bfc6a.jpg, 0, 1, 1, 0
000000099536_jpg.rf.2fc0b343558b1d09591d11d6f59cad65.jpg, 0, 1, 0, 1
000000052406_jpg.rf.2fd6b641c89d9e650c0ff6f8ccd5a235.jpg, 0, 0, 0, 1
000000033990_jpg.rf.2f992d0c4e1f52eeeda59308bc9f58b1.jpg, 0, 1, 0, 0
000000348496_jpg.rf.2fad6d73f42d63bd300a9d6d3a535462.jpg, 0, 1, 1, 1
000000419216_jpg.rf.2fc3e10221b66b2a38d3bcd5ff43c37d.jpg, 0, 1, 0, 0
000000373521_jpg.rf.2fde591d1f1b0207f4fcdfc97ce24fea.jpg, 1, 0, 0, 0
000000287531_jpg.rf.2fc8b24928052a23a5548d864cd3bb8f.jpg, 0, 0, 0, 1
000000172850_jpg.rf.2ff73cb119b133719251645d17cf2c5d.jpg, 0, 1, 0, 0
000000108446_jpg.rf.2f6b7c01cf52af6091c88e3556d39663.jpg, 1, 1, 0, 1
000000581031_jpg.rf.2fec533f86b1e90d2fd6832aa89ac1d6.jpg, 1, 1, 0, 0
000000015652_jpg.rf.2fd77cb982a59a598992ff38482aeeb6.jpg, 0, 1, 0, 0
000000563817_jpg.rf.2ff1b066a2158717efc088786730f67f.jpg, 0, 0, 0, 1
000000417607_jpg.rf.2fb95e8be787033b13dcfb06ccaff0c2.jpg, 0, 0, 0, 1
000000067078_jpg.rf.2fd9d56296420830a4885acc3f5337aa.jpg, 0, 0, 1, 0
000000039277_jpg.rf.300738d6d01aa4d7379276d54baa0ace.jpg, 0, 0, 0, 1
000000456629_jpg.rf.2fe5dbd618ee0e8d22c22ea068a3ccc0.jpg, 1, 1, 0, 1
000000034828_jpg.rf.3018ff748d93798da745f9dee1402f07.jpg, 0, 1, 1, 0
000000222311_jpg.rf.30143e0bf97f60f6248160dd1f58ae4a.jpg, 1, 0, 0, 0
000000332627_jpg.rf.30308a08491b1fdee8bf46058a9c9c60.jpg, 0, 0, 1, 0
000000416535_jpg.rf.30144f9b64291ba98bf560b807e81aa2.jpg, 0, 1, 0, 0
000000135361_jpg.rf.2fe2708ab2ca77aa58b808c444b4cd4c.jpg, 0, 1, 0, 1
000000022355_jpg.rf.30012adf497e7003c68a31ee0060c718.jpg, 0, 1, 0, 1
000000447976_jpg.rf.300c89f31d09e8ac3fb0e8a617ff2479.jpg, 0, 1, 0, 0
000000130908_jpg.rf.2fe2e9f665310259148bf50ca0b38e65.jpg, 1, 1, 0, 0
000000237964_jpg.rf.30352a6032196b339239a0765ba837ad.jpg, 0, 1, 0, 0
000000209733_jpg.rf.30153a5d6cd00729f956bf94681c35fc.jpg, 0, 1, 0, 1
000000363455_jpg.rf.30393141d6c6d8b5d9bd2517e26d8674.jpg, 1, 0, 0, 1
000000348913_jpg.rf.2ff970c77d1f960a68f32b604e51d9e1.jpg, 0, 1, 0, 0
000000579899_jpg.rf.3032fedb987e9bbff5ab50d9ed6be69a.jpg, 1, 1, 0, 0
000000244000_jpg.rf.30285d46e11f4e77e66889cd81a42241.jpg, 0, 1, 0, 0
000000094951_jpg.rf.3039daae9a8957255469e14c7bbd395d.jpg, 1, 1, 0, 0
000000321766_jpg.rf.303a689d323d2a1f02c0dc9379d097e0.jpg, 0, 1, 0, 0
000000482472_jpg.rf.2f7aec48fa2e3e4844b56e156322a27e.jpg, 0, 1, 0, 1
000000132528_jpg.rf.306312cf400e5f6266de9e915d903ed2.jpg, 0, 0, 0, 1
000000142207_jpg.rf.304e12b5d1173d63ec62c43fd0dffbcd.jpg, 0, 0, 0, 1
000000178838_jpg.rf.30784ff5f943ce561d5c0fa97f7d6c72.jpg, 0, 1, 0, 0
000000044679_jpg.rf.2ff18b83ef416d43cf07ebc098108328.jpg, 0, 1, 0, 0
000000565186_jpg.rf.308a6c6b3b3429e7f2bb61c857c4d526.jpg, 0, 1, 0, 1
000000116675_jpg.rf.30a5ef4f9573079d8d8f8351a617b9c3.jpg, 0, 1, 0, 1
000000213434_jpg.rf.309bb88ec8d589d3523c4e5a70502322.jpg, 0, 1, 0, 0
000000581245_jpg.rf.30a77cd45baa99c9fa4299e6c9d3bccd.jpg, 0, 1, 0, 0
000000040244_jpg.rf.304694947ae51528f7c78d72dde8de9a.jpg, 0, 0, 0, 1
000000207172_jpg.rf.3061b4800a357dd321c157d0a9c79538.jpg, 0, 1, 0, 0
000000476160_jpg.rf.3071cc4d24fbdfb0f8c7fcaae9a5599c.jpg, 1, 1, 0, 0
000000371940_jpg.rf.30a4a55d4b1e7fd6eaa1c7a8d035f624.jpg, 0, 1, 0, 0
000000221587_jpg.rf.30a8a319c92b77c5f1588f32f60bb216.jpg, 0, 0, 0, 1
000000465824_jpg.rf.30aef81b03d609a78621d71ef3f5f94e.jpg, 0, 0, 1, 0
000000405131_jpg.rf.3099271e72f2e5e1d7012cc9b802f76e.jpg, 1, 0, 0, 0
000000197862_jpg.rf.30a074affaf7fb41b2f8fa2211995cce.jpg, 0, 1, 0, 0
000000081394_jpg.rf.30b6ca337647f23a1c3f6b0480fc27b2.jpg, 0, 1, 1, 1
000000114701_jpg.rf.30bb5e12c37aee41ce2e32cc71dcf36b.jpg, 0, 1, 0, 1
000000014698_jpg.rf.30af38cf2f940fde71f29188e68863af.jpg, 0, 1, 0, 0
000000123366_jpg.rf.309329d18f5d0ac19e1fb756ed5fd92a.jpg, 0, 0, 0, 1
000000462756_jpg.rf.30a970b2ea8f64df7d797646d449e3e6.jpg, 0, 1, 1, 1
000000572630_jpg.rf.30b9b65c25258deb6f66a0017dd8dbbc.jpg, 0, 0, 1, 0
000000573627_jpg.rf.30b7a95d0ccdf1965f956101be1afba6.jpg, 0, 0, 0, 1
000000013909_jpg.rf.30b26fbc196b5108e367867ff3a046a5.jpg, 0, 1, 0, 0
000000234433_jpg.rf.308010846afca7dc8f0478c99ac4265b.jpg, 0, 1, 0, 0
000000232453_jpg.rf.30833506fdb441e786cc959bc059d9c4.jpg, 0, 0, 0, 1
000000522160_jpg.rf.309a9491c61b6459087d1939ff6e1266.jpg, 1, 0, 0, 1
000000210252_jpg.rf.30be320f2954c0410a2f4822a853b503.jpg, 0, 1, 0, 0
000000049885_jpg.rf.30f372a55dc5bb6aaff46245d571eb43.jpg, 1, 0, 0, 1
000000031938_jpg.rf.30ce5198144133586c924720342877cb.jpg, 0, 0, 1, 0
000000188405_jpg.rf.311084be5481e2afb31139ec554c88af.jpg, 0, 1, 0, 1
000000445621_jpg.rf.30fa14a8d07d5d01eb5d8b68e187afa9.jpg, 0, 1, 0, 1
000000300273_jpg.rf.30d6554ebf49bd2d5c70a8fbc4b2f017.jpg, 0, 1, 0, 0
000000018148_jpg.rf.30d64854f89e003c312119b87aac39c2.jpg, 0, 0, 0, 1
000000514097_jpg.rf.30ff36a5f052f2b8e588b0e7d77c58f6.jpg, 0, 1, 0, 0
000000519168_jpg.rf.3108137e0f49e5d3985a2e05453560e4.jpg, 0, 1, 0, 0
000000062478_jpg.rf.30d0318e088d99fc3e3d3d44f89b8b97.jpg, 0, 1, 0, 0
000000382448_jpg.rf.3135045de5d67c9efd72b744dd9f1efb.jpg, 0, 1, 1, 1
000000462315_jpg.rf.31241fae6452a7f1aebb26ba5bbb0fe2.jpg, 0, 0, 0, 1
000000542541_jpg.rf.30be165b75cf8f9e71abf6d4dc4c9843.jpg, 0, 0, 0, 1
000000386032_jpg.rf.31113d66a49cc9c749fa126a125bf809.jpg, 1, 1, 0, 0
000000507580_jpg.rf.313d2de381e0fef206d50928f0bd2454.jpg, 0, 1, 0, 0
000000197705_jpg.rf.31552d7140c4faccef012483d34c9c85.jpg, 0, 1, 0, 0
000000363188_jpg.rf.314fc107cb124053bffd73911f295e57.jpg, 0, 1, 0, 0
000000518914_jpg.rf.31502e7999b3bf80d5e4bef104325d20.jpg, 0, 1, 0, 0
000000100506_jpg.rf.30e1649dd7ad3709b2b183978cccc88e.jpg, 1, 0, 0, 0
000000476791_jpg.rf.3115cc1decf2b2c95d4e3f9dfe5e6d08.jpg, 0, 0, 1, 0
000000161738_jpg.rf.31760af1b4a9780f39e98f5db2df08a6.jpg, 1, 1, 0, 1
000000497021_jpg.rf.30e5f083099599b84e996fd35b4d5051.jpg, 0, 1, 0, 0
000000441292_jpg.rf.31677c324dd01b63e2ac20df8e186f8c.jpg, 0, 1, 0, 1
000000259640_jpg.rf.31742e62aa0716390660d30510910353.jpg, 0, 0, 0, 1
000000385972_jpg.rf.31591402e85f5ecee3baa8add646dbb4.jpg, 0, 1, 0, 1
000000280484_jpg.rf.3177df33b35859b6f495b4852ee7a5ff.jpg, 0, 1, 0, 1
000000356362_jpg.rf.310b34d2b621e0ba7a06aa4fb52ac56e.jpg, 0, 1, 0, 1
000000385604_jpg.rf.3169e6cde678664b928dff5541302fa7.jpg, 1, 1, 0, 0
000000551553_jpg.rf.3187db0ae60c0ea2d94c32a50df323ac.jpg, 0, 0, 1, 0
000000001311_jpg.rf.318020f0b0d10edb3b198bbf08614bb7.jpg, 0, 1, 0, 0
000000278848_jpg.rf.313d1e79059158019d78bc6c3b28248a.jpg, 1, 1, 0, 0
000000443749_jpg.rf.318edb25693f3ce584e9a05b34f94173.jpg, 0, 1, 0, 1
000000505104_jpg.rf.317d8389ec7167ddb3f344e7c3b09828.jpg, 1, 1, 0, 0
000000130402_jpg.rf.3197f254a2ddde25e2b044167f76fb63.jpg, 1, 1, 1, 1
000000376793_jpg.rf.3199e32e933b6847277507e50aacbaae.jpg, 0, 1, 0, 0
000000522256_jpg.rf.31a09e24327dc51d938c174188436f77.jpg, 0, 1, 0, 0
000000454659_jpg.rf.31856b65d0fb31ab2b6cdb4c8f810bd9.jpg, 0, 1, 1, 0
000000200033_jpg.rf.31a4f72943bdf6d4ff10dce5a38a7b55.jpg, 0, 1, 0, 0
000000557313_jpg.rf.3181757027f94a53aa962358564f9415.jpg, 1, 0, 0, 0
000000462954_jpg.rf.31ebf8f1e2b615be5c8277960461b7ac.jpg, 0, 1, 0, 0
000000319654_jpg.rf.31a674e22afa15bfe9c98920972e0845.jpg, 0, 0, 1, 1
000000471841_jpg.rf.31a207d188b1e718c408d381ef3d455a.jpg, 0, 1, 0, 0
000000538979_jpg.rf.31c1171ebe021da0fa75c9fd0fae3828.jpg, 0, 0, 1, 0
000000274939_jpg.rf.31c5c46d3f52e71739faf8eb4105b55a.jpg, 0, 1, 0, 1
000000484404_jpg.rf.31ae70db9eb5ffb165a0726ddf7dd752.jpg, 1, 0, 0, 0
000000435682_jpg.rf.319a167c939d0f411169ef67b7ca25c3.jpg, 0, 1, 0, 0
000000092088_jpg.rf.31b4c91a42d764aed652af5644f707e9.jpg, 0, 1, 0, 0
000000149263_jpg.rf.31cde654b7774c50564c097f21c6cc19.jpg, 0, 0, 0, 1
000000527704_jpg.rf.31faf04ecb8123028209ac4e906b49a0.jpg, 0, 1, 0, 1
000000525567_jpg.rf.31a1ab9f13411acd49b621762a6878d7.jpg, 1, 1, 0, 0
000000509914_jpg.rf.31a9c32dd1656cbbfe47293a9fdb63f1.jpg, 0, 0, 1, 0
000000355638_jpg.rf.31fb9078e25d20d77861cf03a275c1fa.jpg, 0, 1, 0, 0
000000029776_jpg.rf.31d2303f9a9827b70f57fb1a7f8ae9b4.jpg, 0, 0, 1, 0
000000421873_jpg.rf.31df3ed1b3b3adae8280f73b7d49838b.jpg, 0, 1, 0, 0
000000197001_jpg.rf.31c9de634033f5bd2188a85e88581f93.jpg, 0, 1, 0, 0
000000067515_jpg.rf.31edebe0d8568ac06fa7eef2c0f4d288.jpg, 0, 1, 0, 0
000000198319_jpg.rf.31c64e94dd5e4c4bf65cb4e8f116c5ed.jpg, 0, 1, 0, 1
000000090351_jpg.rf.31efd46f4b79aaed8d1105bf36409d23.jpg, 0, 1, 0, 0
000000383917_jpg.rf.31a50ffd3ec0d0ba9c2b15d616854ee5.jpg, 1, 0, 0, 0
000000010342_jpg.rf.32018fbf2fcd81716463cb62452c0205.jpg, 0, 0, 0, 1
000000536179_jpg.rf.31dc29b9f35611a8cf56c9212f1dacb7.jpg, 0, 1, 1, 0
000000463084_jpg.rf.322034dd347cd0c6d45e338c62f10253.jpg, 1, 1, 0, 0
000000554587_jpg.rf.320735428c2510c06160623d05322d4f.jpg, 0, 1, 0, 0
000000393546_jpg.rf.31ff258b17adf95cd8a323a693da2b60.jpg, 0, 0, 1, 0
000000456876_jpg.rf.3216f517f1c44133461c6c83014c7e75.jpg, 0, 1, 1, 1
000000447065_jpg.rf.322a332262047689910ffd9f3149c8d7.jpg, 1, 1, 0, 0
000000564705_jpg.rf.322b95ad636adc39b6be1fcd3c226846.jpg, 0, 1, 0, 1
000000453313_jpg.rf.3242dc577be2b07f04621cdfd764161d.jpg, 0, 1, 0, 0
000000513324_jpg.rf.3237d4f77890cc3f5bf4ce7207493733.jpg, 0, 1, 0, 1
000000260382_jpg.rf.323eff09a76845a226e77202037d7cac.jpg, 0, 1, 0, 0
000000142299_jpg.rf.3254e56a9de7fc3f62d7bfcc9e6dbeaf.jpg, 0, 1, 0, 0
000000130733_jpg.rf.323eef3e0e05e2d0929b4ddfd8456e58.jpg, 0, 1, 0, 0
000000188911_jpg.rf.3253e04c2e0639d2ce657f754691c53c.jpg, 0, 1, 0, 1
000000237626_jpg.rf.32318f99246372bbbbfd622e655d20bc.jpg, 0, 0, 1, 0
000000012155_jpg.rf.31fd8854bf46f222864bdacd2e6fca48.jpg, 1, 0, 0, 0
000000444691_jpg.rf.3273d630d9bba6eeaef3f6cf8f6fe6a8.jpg, 1, 1, 1, 1
000000536458_jpg.rf.3245f8c0fdeda2048226049fd70b7015.jpg, 0, 0, 0, 1
000000027002_jpg.rf.3267892e071b701feadc6ea94f116b19.jpg, 0, 0, 1, 0
000000496839_jpg.rf.322c3ab6af980f01493186ffdd52668a.jpg, 0, 1, 0, 0
000000347715_jpg.rf.3283dfde4970f09861ae766d93281f0b.jpg, 0, 1, 0, 1
000000452170_jpg.rf.328369e621669c1c3e70dfa99c1c9374.jpg, 0, 1, 1, 0
000000530560_jpg.rf.329110e548337c3da90e7983432f510f.jpg, 1, 1, 0, 0
000000173155_jpg.rf.3219112dc5698c94199a4d954e745c5e.jpg, 0, 1, 1, 0
000000229511_jpg.rf.3216f21573a6cc08adf95e01c3cc933c.jpg, 1, 1, 0, 0
000000170636_jpg.rf.32853b8c0ed533d194bba54723abb9a5.jpg, 0, 0, 1, 0
000000404620_jpg.rf.324d3313ecf8036fccfa67142264705b.jpg, 0, 1, 0, 0
000000252459_jpg.rf.329a8bfccaa169f297078f65157985e5.jpg, 0, 0, 0, 1
000000003668_jpg.rf.3276e5b887fbf85b632cc2daea866018.jpg, 0, 1, 0, 0
000000129917_jpg.rf.328fd6ab158a9079cc9d2962f0bb7934.jpg, 1, 0, 0, 0
000000503005_jpg.rf.3268aacdaf44078d3f6780db256fd18b.jpg, 1, 0, 0, 1
000000391538_jpg.rf.328f913d1b4e222606981e8f869b083a.jpg, 1, 0, 0, 0
000000386601_jpg.rf.329f98a55f051befd03a0ef3baa76e21.jpg, 0, 0, 0, 1
000000380828_jpg.rf.32bf33aed845aa1c27c269d63fdc1889.jpg, 0, 1, 0, 0
000000478391_jpg.rf.327abb876247320c1685c6d817df1ca5.jpg, 0, 1, 0, 1
000000167122_jpg.rf.32a24a6b66e3c89f2866de61c8a37f30.jpg, 0, 1, 0, 0
000000353881_jpg.rf.32b6a9f0818737fecb1793c98e60bcdc.jpg, 0, 1, 0, 0
000000347989_jpg.rf.3230ab9407b8b9aac87657d5c9969498.jpg, 0, 0, 1, 1
000000043202_jpg.rf.32c97c9784f5482d555f6abe05705f13.jpg, 1, 1, 1, 1
000000521689_jpg.rf.32a5ff5490f7ed9d36791b7c0cd1715a.jpg, 0, 1, 0, 0
000000140460_jpg.rf.32dd0e7a49acca29143969c56be60cc4.jpg, 1, 0, 0, 0
000000390017_jpg.rf.32cda924c771ea9f859bffc27c89c01e.jpg, 0, 0, 1, 0
000000376677_jpg.rf.32f096542f9a2453eb65e83d1dd1f78f.jpg, 0, 1, 0, 1
000000150196_jpg.rf.32f7a4d3d118594a046697ebc807e484.jpg, 1, 1, 0, 1
000000531778_jpg.rf.330dc662c32231943c5a39738662114b.jpg, 0, 1, 0, 0
000000427449_jpg.rf.3305d012541d144eaaf3f9228cf4c103.jpg, 0, 0, 1, 0
000000324413_jpg.rf.3323e18176b2dcf53ded538d0b35f4b4.jpg, 1, 1, 1, 1
000000483742_jpg.rf.32d32ab3c37737ee2a316fef7e9635fb.jpg, 0, 1, 0, 0
000000321013_jpg.rf.32db3773ad4dc8eec1f270f1b2190b2e.jpg, 0, 1, 0, 0
000000391290_jpg.rf.3304164cbd604ffac6d119399ebe43f1.jpg, 0, 1, 0, 0
000000254301_jpg.rf.32e3339716297678f9df02d9381d42d9.jpg, 1, 1, 1, 1
000000097857_jpg.rf.32f5648e4938a4ed29844398fb475ba3.jpg, 0, 1, 0, 1
000000448475_jpg.rf.330b1fb563cf40274d73b62d7f20d718.jpg, 1, 1, 0, 1
000000512143_jpg.rf.3310e9379e3402848e802a6a7919628f.jpg, 0, 1, 0, 0
000000512217_jpg.rf.333224b446761cd757ff876704ba79de.jpg, 0, 1, 0, 0
000000147303_jpg.rf.32f675715df61fa838546061d1ce9cb5.jpg, 1, 1, 0, 1
000000550356_jpg.rf.331d4bf20691ccc24593b8bd2a715082.jpg, 1, 0, 0, 1
000000094210_jpg.rf.33252215f12bf3317d03a3dcec2663a3.jpg, 1, 1, 0, 0
000000019871_jpg.rf.332541ec40cebcb260e1df95841af26e.jpg, 1, 1, 0, 1
000000098392_jpg.rf.3330265e10382f6d5b6cd38a56b2f370.jpg, 1, 1, 0, 0
000000191995_jpg.rf.334012e2d599c275d9d82763c16ea3e8.jpg, 0, 0, 1, 0
000000353139_jpg.rf.333af7e7a824422a22490a3729d105ac.jpg, 0, 0, 1, 0
000000013965_jpg.rf.32f754201987d1553ae0898b57c4db95.jpg, 1, 1, 0, 0
000000530941_jpg.rf.32fcfbed48ce7659f2f324693a28e617.jpg, 0, 1, 0, 0
000000218648_jpg.rf.33347dc314386bbffcc46a29e1332dee.jpg, 0, 1, 0, 1
000000319227_jpg.rf.336719bb9408818dd39f5f4da1f779e5.jpg, 1, 1, 0, 0
000000096820_jpg.rf.334212ad412676af132ef7ee136093ee.jpg, 1, 1, 0, 0
000000552636_jpg.rf.333ac65b722cdced686470dcf6db09fd.jpg, 1, 1, 0, 0
000000550534_jpg.rf.33960e76239bac80a127e31d98c7a095.jpg, 0, 1, 0, 0
000000249621_jpg.rf.32c053100789ab8d578d76bcb50a7a6f.jpg, 1, 1, 0, 0
000000531735_jpg.rf.339350bedc4c60680153dcc53088d24f.jpg, 0, 0, 1, 0
000000368205_jpg.rf.335fc933a5b9eba5aa1e7e4f12ecf4a8.jpg, 0, 1, 1, 0
000000347506_jpg.rf.337b941e21163e1e6237e105d406473a.jpg, 1, 0, 0, 0
000000094248_jpg.rf.3382c34ae8fd85ac171fff0ddf3cc98a.jpg, 0, 1, 0, 0
000000227882_jpg.rf.338f0fb576ac95fbfd10f1ec3159c99a.jpg, 0, 0, 0, 1
000000234352_jpg.rf.338a59050a36dc2d70d6f1d427b34eaf.jpg, 1, 1, 0, 0
000000232432_jpg.rf.337b7e0196c5af778c6cdc4afb135523.jpg, 0, 0, 0, 1
000000406920_jpg.rf.3342f8db5d2edd03af109e452fe50bca.jpg, 1, 1, 0, 1
000000276909_jpg.rf.3359fbf8ee210cac54035cf563216996.jpg, 0, 0, 1, 0
000000315795_jpg.rf.33a2627d1688d55a6d281c2f2f253ff8.jpg, 0, 1, 0, 0
000000287197_jpg.rf.33a0a0de5c440f24543ef98c52682a2f.jpg, 0, 1, 0, 0
000000282658_jpg.rf.33a2f25282d6c4c7a25cf0d615ef6db6.jpg, 1, 1, 0, 1
000000210867_jpg.rf.338631ee3d35e08964e76232d4063633.jpg, 0, 0, 1, 0
000000326428_jpg.rf.33aa338c04bffb5c6bcb24bb8aca06aa.jpg, 0, 1, 0, 1
000000524068_jpg.rf.33a786547e37876ecb6ea24fcab387c7.jpg, 0, 1, 1, 0
000000509358_jpg.rf.33ab32744f44d18941345adfa8c8505c.jpg, 1, 1, 0, 0
000000150754_jpg.rf.33793e8c16f02ad7d903ff8b170231ad.jpg, 0, 1, 0, 0
000000453222_jpg.rf.32e4e0257473d47b85654e7c318f3a96.jpg, 1, 0, 0, 0
000000341801_jpg.rf.33b4d647e8a6eec82e436d2b10071efb.jpg, 0, 1, 0, 1
000000511999_jpg.rf.33c9b10e2f34e6fa5b30f155bd6d2454.jpg, 0, 1, 0, 0
000000399489_jpg.rf.33c63602fb34547c2d10d9a437032a03.jpg, 0, 1, 0, 0
000000237201_jpg.rf.33a1b93b9ce45b515cb83c62072053ee.jpg, 0, 1, 0, 0
000000435451_jpg.rf.33bf2b5eb0afed956511e18211538fe1.jpg, 0, 1, 0, 1
000000124055_jpg.rf.33fa021b4f4c0f7023dc5df09ea510b3.jpg, 0, 1, 0, 0
000000096106_jpg.rf.33d04b03cf3b0e319d98e991e0c51f49.jpg, 1, 0, 0, 1
000000412034_jpg.rf.33d78fe68ff15a405d302bc6b2a64697.jpg, 0, 1, 1, 0
000000343156_jpg.rf.33e587bafc06a7209a67324ce41f38e8.jpg, 1, 1, 1, 1
000000034884_jpg.rf.3401d8dc3e54b790b14efa6d7a2b238b.jpg, 0, 1, 0, 0
000000188037_jpg.rf.33d7c50ca633e4ecc6c1648bbdf7903f.jpg, 0, 0, 1, 0
000000550853_jpg.rf.33fdd488e8a2960275b7d9343d0a193c.jpg, 0, 1, 1, 0
000000085913_jpg.rf.33a4c6de4ee10074b0fd5179a63f24a6.jpg, 0, 1, 1, 0
000000366313_jpg.rf.3403e068489c399d91fec0fc1609c9e5.jpg, 0, 1, 0, 0
000000396536_jpg.rf.3397e7d9da0c65a6b13e8f7962ed5a96.jpg, 0, 1, 0, 1
000000382111_jpg.rf.33b391549af33fa33519c1fa6241bcca.jpg, 0, 1, 0, 1
000000357748_jpg.rf.340f142dbb45326b58ba1fd33a1a614a.jpg, 1, 0, 0, 0
000000285160_jpg.rf.340268895d6c8b095250b04f8878835f.jpg, 0, 1, 0, 0
000000134596_jpg.rf.3417130bed47c8ca02326f64996e2eb2.jpg, 1, 1, 0, 1
000000022979_jpg.rf.33dc02daa04f346172c1b4a50ac6ab98.jpg, 1, 0, 0, 0
000000525340_jpg.rf.341f64a2f39c7e658a3866de69ea18a9.jpg, 0, 1, 0, 0
000000012726_jpg.rf.33eeb9dcff0b41166b5e4d8950ff1fba.jpg, 1, 1, 1, 1
000000047828_jpg.rf.342c648ccd7e4a076a1b6442605a8cd0.jpg, 0, 1, 0, 0
000000301769_jpg.rf.3438ea2dbcf336e343fa552181bdb06f.jpg, 0, 1, 0, 0
000000484668_jpg.rf.342a062bc2f7e6935fb39982cb993b10.jpg, 0, 1, 1, 1
000000018090_jpg.rf.3425f7be67378a712d2c76b1708655bf.jpg, 0, 1, 0, 0
000000199956_jpg.rf.341784a0f31f91ba531c7ba7d42f7dca.jpg, 0, 1, 0, 0
000000392060_jpg.rf.3433d1c63853772c237054717351bbfc.jpg, 0, 1, 1, 1
000000463057_jpg.rf.343c81794035ed8464afc2a796947788.jpg, 0, 0, 1, 0
000000552159_jpg.rf.3447b29e00839b51a7252f271bf489e6.jpg, 1, 0, 0, 1
000000172710_jpg.rf.3435f41e47e27538426b5f12a246a810.jpg, 0, 1, 1, 0
000000117400_jpg.rf.343da1bf1544124213a27d24e67bf860.jpg, 1, 1, 0, 1
000000090173_jpg.rf.341a238f522b38e6cf1f66e0497c8d9c.jpg, 0, 1, 0, 0
000000337233_jpg.rf.34507c8b8ac87c9478a4ff66123bd9c3.jpg, 0, 1, 0, 0
000000558992_jpg.rf.3412446bccb839ed985b203217ffb9b0.jpg, 0, 1, 0, 0
000000215584_jpg.rf.345f51a5663510c3f01140bd2697296a.jpg, 1, 1, 0, 1
000000557586_jpg.rf.345890ce58eb2dc6c0047826beb60d3c.jpg, 0, 1, 0, 0
000000385704_jpg.rf.3457238ba78cc090173537b1112c4f6c.jpg, 0, 1, 0, 0
000000241554_jpg.rf.343e3dbf8ba6eeb4d1bfaf70bbceef48.jpg, 0, 0, 1, 0
000000414882_jpg.rf.345123d4020b5a9b67d5593e7a03be60.jpg, 0, 1, 1, 0
000000501661_jpg.rf.345090ffaa1b23b190114102ba7caad0.jpg, 0, 1, 0, 0
000000026654_jpg.rf.348d22411fe1efb0650ff61152cd3851.jpg, 0, 1, 0, 0
000000192529_jpg.rf.3465762e00c086ae5c435327ef8f28b4.jpg, 0, 1, 0, 1
000000490638_jpg.rf.348441d84ea9fe5784353cde40bfd2ae.jpg, 0, 1, 0, 0
000000031588_jpg.rf.3430a504ab03f9ebbcedd7b9e163890a.jpg, 0, 0, 1, 0
000000545163_jpg.rf.34b39bd276a2282d6538560d9aaa71a7.jpg, 0, 1, 0, 1
000000207236_jpg.rf.3452d6baeb921368dc9e791e3353565b.jpg, 1, 1, 0, 1
000000404852_jpg.rf.34b5e6f9d0c45bcb0d08ab86f73fba71.jpg, 0, 1, 0, 0
000000214908_jpg.rf.34ad13201c44a6695cece05be80ce631.jpg, 0, 0, 1, 0
000000019681_jpg.rf.34ac25e89b6ac5c5aefcae221baa6427.jpg, 1, 1, 0, 1
000000197697_jpg.rf.3474ac6753e8586a5907c69bc783e0ad.jpg, 0, 0, 1, 0
000000483897_jpg.rf.34af156254ebb5991d9b9532cfdd55fb.jpg, 0, 0, 0, 1
000000579229_jpg.rf.34b7b85dbdc47f35b909bb08cd747085.jpg, 0, 1, 0, 0
000000028525_jpg.rf.340f97cc5ede97615757e569f41b51c6.jpg, 0, 1, 0, 1
000000444444_jpg.rf.34b77801cf8f430ed8bb2ac3f3fd7672.jpg, 0, 1, 0, 0
000000491793_jpg.rf.34ba9847628a6d015f025fb4c7e671f4.jpg, 1, 1, 1, 0
000000353409_jpg.rf.34bef4ed7e030db6f7f211c8c66e0d9e.jpg, 0, 1, 1, 1
000000184937_jpg.rf.348e735cf5e9114fba2fc3f3ef46aad9.jpg, 0, 1, 0, 0
000000212091_jpg.rf.34dbe1f1d52922b4aeb165e7211c2214.jpg, 0, 1, 0, 0
000000192607_jpg.rf.34e65a708f555ca2cabfbd1eb6cf775a.jpg, 0, 0, 0, 1
000000397349_jpg.rf.34c4d3ba3e5e9c2074b93d66401cf079.jpg, 0, 0, 1, 0
000000551922_jpg.rf.34ec311690cc21ae7d0769cde04adfea.jpg, 0, 1, 0, 0
000000000073_jpg.rf.32c2be8059a95effa3efe6951268662c.jpg, 0, 0, 1, 0
000000362232_jpg.rf.35051511e041c1f1bf2d22f75ff0d9c1.jpg, 0, 1, 0, 0
000000237318_jpg.rf.34cad69f8656037bc118bc49012e7d2e.jpg, 0, 1, 0, 0
000000337443_jpg.rf.3517ff20648055d365dcc8e99f855b40.jpg, 0, 1, 0, 1
000000209791_jpg.rf.354748d8c646c623c1aa7e19443e3e70.jpg, 0, 1, 0, 1
f4b4d09c9ecb4983a2df43433725ab41_jpg.rf.34bff6982f10c5e999e5a162ddf6acb5.jpg, 0, 0, 1, 0
000000249482_jpg.rf.352303c3142888256e739f4189d73327.jpg, 1, 0, 0, 0
000000252779_jpg.rf.351952759311fea4b244399f658c459e.jpg, 1, 1, 1, 0
000000346562_jpg.rf.353ed1113eea5135949fa22be3b5e655.jpg, 1, 0, 0, 1
000000067256_jpg.rf.350a353df96e4355cd5628795972bb17.jpg, 0, 1, 0, 0
000000091821_jpg.rf.350a5788cdc9e97d72923aba671656d0.jpg, 1, 1, 0, 0
000000351091_jpg.rf.34eb2cf182ac1482ec4b51f99772d81c.jpg, 1, 1, 0, 0
000000186788_jpg.rf.3532c0a7bc99101e7dc9274f5e3db5ac.jpg, 0, 1, 0, 0
000000515229_jpg.rf.351722c6eb059155e81f7a076fccd3a3.jpg, 0, 1, 1, 0
000000065896_jpg.rf.351c07acf95b10b8cd2d1ead06894763.jpg, 0, 1, 0, 1
000000146831_jpg.rf.354b175a4cb3021f5a0ed6902175f6d0.jpg, 0, 1, 0, 0
000000493245_jpg.rf.354f239b683452643afe7bb61325d234.jpg, 0, 0, 0, 1
000000501153_jpg.rf.34fd62f64baa23981e1db92070719402.jpg, 0, 1, 0, 1
000000529061_jpg.rf.3517fabc7fda99cc81ea2d93e885758c.jpg, 0, 1, 0, 0
000000131902_jpg.rf.3559eeab8ec3a3683fbca190f301eccd.jpg, 0, 1, 0, 1
000000210134_jpg.rf.355efa37da8fba26897a7460c7e1a21e.jpg, 1, 1, 0, 0
000000233977_jpg.rf.354c5d7be85b848b6a8288c27f300e93.jpg, 1, 0, 0, 0
000000108266_jpg.rf.3570a8e6d90682bf502522a61f7960c6.jpg, 0, 1, 0, 0
000000009647_jpg.rf.351b549db226fff0852eecad056b8b55.jpg, 0, 1, 0, 1
000000389491_jpg.rf.356b3b70dcf7b7ebd0ab0f7222096d6e.jpg, 1, 0, 0, 0
000000165960_jpg.rf.3578cc7c013599792637d594d14aeb39.jpg, 0, 0, 1, 1
000000407422_jpg.rf.355b5f7195c37c1b51f37f3862121e55.jpg, 0, 1, 0, 0
000000311065_jpg.rf.355b7ca4087dbd35ef99d6f7e4c619ff.jpg, 0, 1, 0, 0
000000404015_jpg.rf.357e5e2796fb56ad068c7ab9791317b9.jpg, 0, 1, 0, 0
000000147505_jpg.rf.356b988affcb028fa594e7723b14d6ab.jpg, 0, 1, 0, 1
000000479399_jpg.rf.35826d88a603900a109cad091d0f565e.jpg, 0, 1, 0, 1
000000286302_jpg.rf.351788f18e82ba986b9e094d898164b0.jpg, 0, 1, 0, 0
000000575260_jpg.rf.3585bdb05bf2e5a76b34c23364a17796.jpg, 1, 1, 0, 0
000000392717_jpg.rf.359ed1b8aeefa1412b6ecebf95a07ab6.jpg, 0, 1, 0, 0
000000574953_jpg.rf.3563498fa8e7e352732785dce451bd76.jpg, 0, 1, 0, 0
000000461236_jpg.rf.35946c9fda61e135782cfc8913bad464.jpg, 0, 1, 0, 0
000000346259_jpg.rf.35abd4b7a1c3cd7c6ef56e1947de1de4.jpg, 0, 0, 1, 0
000000374463_jpg.rf.35983b7334a48dd7887c0d2bfcda90dd.jpg, 0, 1, 0, 0
000000013379_jpg.rf.35b6107a4d6d25913332fa55f67a8ee4.jpg, 0, 1, 0, 0
000000388820_jpg.rf.357fa32b9603096469edff463e17c58e.jpg, 0, 1, 0, 1
000000521141_jpg.rf.35b075e36612ee9383d19abfeef1a2c1.jpg, 0, 1, 0, 0
000000145718_jpg.rf.35ad6d751b1b31f891d9bdcde4a18c6c.jpg, 0, 1, 0, 1
000000388503_jpg.rf.355feefd3b8525b75afef91e03a6ba15.jpg, 0, 0, 1, 0
000000546212_jpg.rf.35c19d264cf902eec2a517a47b767841.jpg, 1, 0, 0, 0
000000361136_jpg.rf.35d10011031ebd490f80dc37dca098ce.jpg, 1, 1, 0, 0
000000313260_jpg.rf.35c4d1581444bbfb9c700adfa1eac8d2.jpg, 0, 1, 0, 0
000000175801_jpg.rf.35a87d59a2a59f11c75ab1f243573e7a.jpg, 1, 1, 0, 0
000000021330_jpg.rf.35b44ab615f30653d8c79e6a0a03245c.jpg, 0, 1, 0, 0
000000088168_jpg.rf.35a571ebd417fb78ddc892ddbe62fbe1.jpg, 0, 0, 1, 0
000000066459_jpg.rf.35d0f6b032b8fbaa91e107629b48bf8e.jpg, 0, 1, 0, 0
000000292206_jpg.rf.35e1fe506b0f875cd63b68888df8c479.jpg, 0, 0, 0, 1
000000119904_jpg.rf.35e08cedf0949b51525e077dfdd1b1c9.jpg, 0, 0, 1, 0
000000123360_jpg.rf.35dbb9b2fdda6a3b5e4d04013703608c.jpg, 0, 0, 0, 1
000000564589_jpg.rf.35e625759ddd760829949b8be8f96dd4.jpg, 0, 1, 0, 0
000000042441_jpg.rf.35ebfd85cae5908ecf426cf6d10b54be.jpg, 0, 1, 0, 1
000000139409_jpg.rf.35c7c6b9ca689ae3f0e86566d8c2581c.jpg, 0, 1, 0, 1
000000017945_jpg.rf.35e9ea5ad613b635341f5707b976a845.jpg, 0, 1, 0, 0
000000211546_jpg.rf.3620661047d582352ffe166346b48e7b.jpg, 0, 0, 1, 0
000000444830_jpg.rf.36190c0277566373f9447bc595a18b5b.jpg, 0, 1, 0, 0
000000403464_jpg.rf.3636205ccd0d959ee8d4d70d883382d6.jpg, 1, 1, 1, 1
000000442818_jpg.rf.36270b0c9f4adccddc5a96844ef76ff0.jpg, 0, 0, 1, 0
000000106241_jpg.rf.3627905e2f6ec8aa7025815916b07fbb.jpg, 0, 0, 0, 1
000000544690_jpg.rf.362d41c06c7acbd08edbfe2cca26f79a.jpg, 0, 1, 0, 0
000000424278_jpg.rf.356fc2f9da94a679081f5994f1eb1651.jpg, 0, 1, 0, 0
000000508207_jpg.rf.3625822cc29282e7b9d3f94317d91548.jpg, 1, 1, 0, 0
000000254540_jpg.rf.363aa760de3ba28b55636e80450fc82b.jpg, 0, 1, 0, 0
000000194331_jpg.rf.35f183b141027a809989584ae45c6633.jpg, 0, 1, 0, 1
000000321753_jpg.rf.3641fd1f757ffd385e5a6c8229fad6e7.jpg, 0, 1, 0, 0
000000145873_jpg.rf.364d7c28402e101febc7a03dff70051e.jpg, 0, 0, 0, 1
000000424820_jpg.rf.36143660c863b3e0c48d1612d179d6d9.jpg, 0, 0, 1, 0
000000216742_jpg.rf.3607bd41ffab1586aa281c01fc0e8ce8.jpg, 1, 1, 0, 1
000000534926_jpg.rf.3628dd55b558239eec638f36cae90a44.jpg, 0, 1, 1, 1
000000367919_jpg.rf.3638a7bb87d5ce7d4a86e2ada7013a3c.jpg, 0, 0, 1, 0
000000579906_jpg.rf.36529f62acde24030821d5730c9b3e75.jpg, 0, 0, 1, 0
000000004988_jpg.rf.36511d9a9351d42306dc65665f02ba4f.jpg, 1, 1, 0, 0
000000455015_jpg.rf.364c59984ab91997de507f5bbce81d5b.jpg, 0, 0, 0, 1
000000432233_jpg.rf.36309b2aff9500ea4f03538016a7ca2d.jpg, 0, 1, 0, 0
000000088432_jpg.rf.35f473ef8af5ec6bcae10bad0881f942.jpg, 0, 0, 0, 1
000000281850_jpg.rf.3643836f9df70c0051754109b0898be3.jpg, 0, 1, 0, 0
000000018584_jpg.rf.364409130c33ffac6b24c9f0de2cf2bf.jpg, 1, 1, 0, 0
000000561888_jpg.rf.365f346c237ca3e6d0da5ae0013c1e2c.jpg, 0, 0, 1, 0
000000081660_jpg.rf.3660d5d0dfc2d70160c7f573b8cad48e.jpg, 0, 1, 0, 1
000000578292_jpg.rf.361cf9e0d8491cef79d4251c764603d9.jpg, 0, 1, 0, 0
000000511076_jpg.rf.3690b503ce98bb7de797dcc6ef14dd3c.jpg, 0, 1, 0, 0
000000465692_jpg.rf.36a7a1b0225bce472653887e950af29e.jpg, 0, 1, 0, 0
000000340047_jpg.rf.36965d86786d71af7d0a184dc849fdbe.jpg, 1, 0, 0, 0
000000321215_jpg.rf.366d4585c64423e43b2d9a56b94cf6ee.jpg, 0, 1, 0, 1
000000570111_jpg.rf.369b0239a31029d8da783873d68fa996.jpg, 0, 1, 0, 1
000000004762_jpg.rf.36741ed2e68b1f25f60e5d4772287339.jpg, 1, 1, 0, 1
000000046563_jpg.rf.366e951bf22cd49b72acad1612dd1ae9.jpg, 0, 1, 0, 0
000000393634_jpg.rf.367d5e7c2c602ae7058f1809d43ae035.jpg, 0, 1, 0, 1
000000249688_jpg.rf.36981dd9edb8f5a0f928faaa05975abb.jpg, 0, 1, 0, 0
000000524991_jpg.rf.36be204a5dd38c7c8b79fb207388bbf7.jpg, 0, 0, 0, 1
000000481101_jpg.rf.36ae6f047a5e18156087f9a0d3109aa4.jpg, 0, 1, 0, 0
000000279777_jpg.rf.36917e06a60d06ee9c285bc5d4afeb23.jpg, 0, 1, 0, 0
000000077399_jpg.rf.36afbb3d46723c8f29e9c3a99d54efe6.jpg, 0, 0, 0, 1
000000389037_jpg.rf.36ac43a20c04bb3072110dd5feeecf9a.jpg, 1, 1, 0, 1
000000070321_jpg.rf.36bf6041d9638a0a6e5edbb9d94e888e.jpg, 0, 1, 1, 0
000000581071_jpg.rf.3673d8bb42c60eee313a1796f2574bbc.jpg, 0, 1, 0, 0
000000304360_jpg.rf.36c827c9ec8d05828a45b9387974ebb0.jpg, 0, 1, 0, 0
000000507091_jpg.rf.36b55a230b5fa7477c95103a2eb0c365.jpg, 0, 1, 0, 0
000000214698_jpg.rf.3661f297e85063722c4f2e7a3414cf63.jpg, 0, 1, 0, 1
000000315399_jpg.rf.366f0f3d0c5a0aaf9514b612c47b51cd.jpg, 0, 1, 0, 0
000000108838_jpg.rf.0008ffb1cf22216ca8664afd3eb4a57c.jpg, 0, 1, 1, 0
000000285810_jpg.rf.000d7056bb2ee1577ccdc53e167c84b7.jpg, 0, 1, 0, 1
000000142774_jpg.rf.0048b451b076c03b5f9c26487a910a3a.jpg, 1, 0, 1, 0
000000490221_jpg.rf.003c77c68afc456e6e1ff4de6a607758.jpg, 1, 0, 0, 0
000000102037_jpg.rf.000efe9e18c0bbd8deea42a4999a8133.jpg, 1, 1, 1, 0
000000336587_jpg.rf.003f9aafa187af81f5379ded13867aa9.jpg, 0, 0, 0, 1
000000374830_jpg.rf.0017a1bc07e057e265a02dd8b1d2add4.jpg, 0, 1, 0, 0
000000165572_jpg.rf.000fac304e41c2170b4e2878371bd433.jpg, 1, 1, 0, 0
000000513580_jpg.rf.00166f37b22086d6622a19b9081023e2.jpg, 0, 0, 1, 0
000000094412_jpg.rf.0013fcb0d89afe722c4fd3e4666b8d6b.jpg, 0, 1, 0, 0
000000508938_jpg.rf.001248a9a4e0c6a34b9cb41361c3f3db.jpg, 1, 1, 0, 1
000000539298_jpg.rf.001ebb1aafb258946d4642766c35e3c4.jpg, 0, 1, 0, 0
000000093611_jpg.rf.004d1bfc29bb6046a608201e9e017f57.jpg, 1, 1, 0, 0
000000075266_jpg.rf.004cfd248399b516d4683b2dbf0bf96e.jpg, 0, 1, 0, 0
000000043243_jpg.rf.0054267128dea7c7867ae4bcadf8758b.jpg, 0, 1, 0, 0
000000326480_jpg.rf.006481f069815c2f8752b3bc36982ec6.jpg, 0, 1, 0, 1
000000442879_jpg.rf.004edbd829d32e79570c08f5f20897d0.jpg, 0, 0, 1, 0
000000308847_jpg.rf.00665291f9f217915c5dde14b5cba710.jpg, 0, 0, 0, 1
000000532304_jpg.rf.0069cfd6b944d0e30bca0fcf442fb99b.jpg, 0, 1, 0, 1
000000050431_jpg.rf.007174542f0987641de95ba8a5cb0199.jpg, 0, 1, 1, 0
000000533039_jpg.rf.000cb117ebef4156c72bdf9c6d49f91d.jpg, 0, 1, 0, 0
000000575176_jpg.rf.004375aa96e11e1e480844396a046ea9.jpg, 0, 0, 1, 0
000000044171_jpg.rf.0057fc7314ba52523bba26ea08e1d1d6.jpg, 0, 1, 0, 1
000000057631_jpg.rf.004c56b084cdc5315522610a9cab6233.jpg, 0, 0, 0, 1
000000351483_jpg.rf.008bda5d88a3c9c23a67c69658b6c660.jpg, 0, 1, 0, 0
000000215132_jpg.rf.006ccfaed3347ce609e37fc2e9bd9133.jpg, 0, 1, 0, 0
000000410123_jpg.rf.007fb56bc078b32efcb58212f4e3f6b8.jpg, 0, 0, 0, 1
000000335656_jpg.rf.009a73fc5aafb4cc08431a6ab777b027.jpg, 0, 1, 0, 1
000000469373_jpg.rf.009b9c1b318cd9f43e36941467721079.jpg, 0, 1, 0, 0
000000517941_jpg.rf.00c429278e63e8f33809f74836f83d1c.jpg, 0, 1, 0, 0
000000199899_jpg.rf.009080bb03a5d0d841e914176604b327.jpg, 1, 0, 0, 0
000000523272_jpg.rf.00a7d78373c2f208c4c71bc84c9059ea.jpg, 0, 1, 0, 1
000000350134_jpg.rf.00a390b545177e59e0e6c3e3ea47e6f2.jpg, 0, 0, 0, 1
000000036448_jpg.rf.00add76e5d6ae41b8f411d893b13f9b7.jpg, 0, 1, 0, 0
000000466247_jpg.rf.00a81486191a491108b9395d62eaef5c.jpg, 0, 1, 0, 0
000000043936_jpg.rf.00c49ac323744b94a3d1140169d8b61c.jpg, 0, 1, 1, 1
000000254304_jpg.rf.008a2976457a3d7e959a2c4b918beeb3.jpg, 0, 1, 0, 0
000000556666_jpg.rf.00c3cfd5936e5a55ba7ec58a12e42620.jpg, 0, 1, 0, 1
000000578522_jpg.rf.00d06b9cbde13480eedbc4878a32cd27.jpg, 0, 1, 0, 0
000000121720_jpg.rf.00a8bb781bc1758c92ea35cfe0f129bf.jpg, 0, 1, 0, 0
000000454177_jpg.rf.00aa2525087a022601ffcf7c80f2ff44.jpg, 1, 1, 0, 0
000000553776_jpg.rf.00e59f02935ba65c2c8573677ab1d84d.jpg, 0, 0, 1, 0
000000281818_jpg.rf.00e48a6779bd4f13a0121d41d9c1c9fb.jpg, 0, 0, 1, 0
000000061945_jpg.rf.00d6bc770008e5109f36b98c1734cd49.jpg, 0, 1, 0, 0
000000521849_jpg.rf.00e6542854faef9d0ae7748b23de42e3.jpg, 0, 1, 0, 0
000000430467_jpg.rf.00f5d8d7d0a48f8dbc368747c904d5a4.jpg, 1, 1, 0, 0
000000398148_jpg.rf.00ccb197bcf33e43bca1ef6ba60ea586.jpg, 1, 1, 0, 0
000000346544_jpg.rf.00e4b9b36ae26784fda11dc2878eb004.jpg, 0, 1, 0, 1
000000130366_jpg.rf.00ebaf4ab5d3e1bdd33554d623bc2b0c.jpg, 0, 1, 0, 0
000000167695_jpg.rf.00ed0e208aebae5b178dc7c3cf60c398.jpg, 0, 1, 0, 1
000000390742_jpg.rf.0102512893533d6eb2a23470c2cb2641.jpg, 0, 1, 0, 0
000000462006_jpg.rf.00d29bf172d2918569ba7d332624936c.jpg, 0, 1, 0, 1
000000293271_jpg.rf.00ae8d6edf2f18b23da20fbb462c0600.jpg, 0, 1, 0, 0
000000261381_jpg.rf.00ff45c7b082535b3493e11b7c35240a.jpg, 0, 1, 0, 0
000000115571_jpg.rf.0119ee12e2662ddac705b06e1365c3db.jpg, 1, 1, 0, 0
000000050713_jpg.rf.010c74d9a802fcbc05b8de9ed99a0d2a.jpg, 0, 0, 1, 0
000000519136_jpg.rf.00c73b1e02af9dd0e6f40f49af7fb15c.jpg, 0, 1, 0, 0
000000059278_jpg.rf.0115ca3c68dfe269b0abbdd1ce70f1ec.jpg, 1, 1, 0, 0
000000237419_jpg.rf.011987aee5dba219d1ec7d4113ea776b.jpg, 0, 1, 0, 0
000000163812_jpg.rf.011eee2e2cfe1bddd51df669f6df1c4e.jpg, 0, 1, 1, 0
000000488753_jpg.rf.012a1770d6383e0777f0631c67e9c5d4.jpg, 0, 1, 0, 0
000000467126_jpg.rf.013160878c8ae879ece6ad7195476b0b.jpg, 0, 1, 0, 0
000000030408_jpg.rf.0119babe612b560c682c4c6a81b976be.jpg, 0, 1, 0, 0
000000252970_jpg.rf.015d7b1ca310bf0cbd6b390ed08fd7fd.jpg, 1, 0, 0, 0
000000055618_jpg.rf.0115a57420d8a24662831a8fa7261e8c.jpg, 0, 1, 0, 1
000000194461_jpg.rf.016ccbd8e6e6e730d4fafbda380c5b22.jpg, 0, 1, 0, 0
000000118703_jpg.rf.0153ad81108737a93e5a2b5d40dc33a7.jpg, 1, 1, 0, 0
000000175951_jpg.rf.01437fd01f41d10d681c3d2a2db3aad8.jpg, 0, 1, 0, 0
000000414379_jpg.rf.014bd88ba161f3a6be1cd7eda30b3f4a.jpg, 0, 1, 1, 0
000000467076_jpg.rf.0155665d2a89cd6a97f429c04d02847b.jpg, 0, 1, 0, 0
000000128553_jpg.rf.01228d1db5075e8130e9d518448de743.jpg, 0, 1, 0, 0
000000195800_jpg.rf.011ff5311b0c2d2b25a9c18952bf7ae8.jpg, 0, 0, 1, 0
000000220917_jpg.rf.016b94d4f7c1b9ee0b85bbbe8ef49aaa.jpg, 0, 1, 0, 0
000000429119_jpg.rf.012b19b824bc28eff2f566ac781ac90e.jpg, 0, 1, 1, 0
000000363333_jpg.rf.010b0952006e2536a544dbcec07ab276.jpg, 1, 1, 0, 1
000000508140_jpg.rf.01738dca4f3d70f4c5c59e346042d202.jpg, 0, 1, 1, 0
000000097892_jpg.rf.0177ea60409e954389f5b30333e14025.jpg, 0, 1, 0, 1
000000343218_jpg.rf.01818b4f53952f028bef0d3f752862e8.jpg, 0, 1, 0, 0
000000499094_jpg.rf.0165808c2d179fa68cbd3d9485a02318.jpg, 0, 1, 0, 0
000000217825_jpg.rf.0182a4b810910c46ebc15bff7cde7b23.jpg, 1, 1, 0, 0
000000224894_jpg.rf.018c805ca2488127926c6ed5c8b7e65d.jpg, 0, 1, 0, 0
000000457684_jpg.rf.0123d6bcfc1f79f87605129f021040d6.jpg, 0, 0, 0, 1
000000349860_jpg.rf.01d865ee256b51379d6c1905dcc9c8ea.jpg, 0, 1, 0, 0
000000234720_jpg.rf.01bb693739f619fdc7ca9d18f9a9eaa9.jpg, 0, 0, 1, 0
000000508247_jpg.rf.01aad9802fffab3fc0d867f76716836c.jpg, 0, 1, 0, 0
000000047294_jpg.rf.01a998fd4f9b190b38edb1962c080028.jpg, 0, 0, 1, 0
000000483165_jpg.rf.0189afcb7b085bfb36a54818e47395b0.jpg, 0, 1, 0, 0
000000356256_jpg.rf.019a8459ddedf1716ccad7749d0dea02.jpg, 0, 0, 1, 0
000000476681_jpg.rf.01a07c61ec4c66d52bb4818f741b14b4.jpg, 0, 1, 0, 1
000000102763_jpg.rf.01b63f25b08d334cddfd6daae2152bfb.jpg, 0, 0, 1, 0
000000432898_jpg.rf.01cbcc47087e9de1bec3c1726bcdfbea.jpg, 0, 1, 0, 1
000000578270_jpg.rf.01881e439d7789b33124cbb739ccb22a.jpg, 1, 1, 0, 0
000000378873_jpg.rf.01d45ba4c6457d3062d2929360dc675f.jpg, 0, 0, 0, 1
000000503837_jpg.rf.01e99bb1b19d223789e62e371b2226f0.jpg, 0, 0, 1, 1
000000524108_jpg.rf.01defb493e07e0afaedf8c9ff81e7f4e.jpg, 0, 0, 1, 0
000000196723_jpg.rf.01c712c30d84166d2f816dea2e69a654.jpg, 0, 1, 0, 0
000000383205_jpg.rf.01af59dcc89616b42992b2cbad61dfd3.jpg, 0, 1, 0, 1
000000243472_jpg.rf.01e5b708e3aca2d1323901cafc8e1d31.jpg, 0, 1, 0, 1
000000420276_jpg.rf.01e2b619d02edcd93cf0d408aa016589.jpg, 0, 1, 0, 0
000000023793_jpg.rf.01d96c20a6d2595206938b440ab165d9.jpg, 1, 1, 0, 0
000000121014_jpg.rf.01f3b8a42a27a21ec9d9d807c8b1241d.jpg, 0, 1, 0, 0
000000109095_jpg.rf.0171730427e5aed3932425359dbfd0ad.jpg, 0, 0, 0, 1
000000480107_jpg.rf.01b390bb4a9e1c765589c7e8b4782233.jpg, 1, 1, 0, 0
000000005205_jpg.rf.01c605f7cecd8fa4442212208ad5fd9f.jpg, 0, 1, 1, 0
000000082846_jpg.rf.01c63dad2b711e91657974b4143053d8.jpg, 1, 0, 0, 0
000000577270_jpg.rf.01eaa84a574160290e08a9b5a8fb59f2.jpg, 0, 1, 1, 0
000000290856_jpg.rf.01fb74b079b499720a0c05eaef5acc5b.jpg, 0, 1, 0, 0
000000305277_jpg.rf.020b4d98a0e51563bbea9031f32325c1.jpg, 0, 0, 1, 0
000000534195_jpg.rf.01ecb9cc3d25e5f6ad9958c9050c7dd3.jpg, 0, 1, 1, 1
000000179906_jpg.rf.021e4b0f98a07379289d625237838b4c.jpg, 1, 1, 0, 1
000000139389_jpg.rf.02061cd555e6e356bd111ccfd6c03817.jpg, 0, 1, 0, 0
000000373089_jpg.rf.01ff89fb69c10a4aa52f69c71a703f42.jpg, 0, 1, 0, 1
000000251754_jpg.rf.0207acc63adf9367b38f518190de6e10.jpg, 1, 1, 0, 0
000000062132_jpg.rf.02154e284b00b36a6b94d08f23cdf3de.jpg, 0, 1, 0, 0
000000377778_jpg.rf.0217bf04b3132a4006ee295fa69d566c.jpg, 0, 1, 0, 1
000000366385_jpg.rf.021ba6b7bf90f1e9b9dcb18eee5ef727.jpg, 0, 1, 0, 0
000000070444_jpg.rf.024bb9faf0e4e739ce6b9f401b9935c6.jpg, 0, 1, 0, 1
000000357587_jpg.rf.02262aaafeb44eecf78d28fc77ee4624.jpg, 0, 1, 1, 0
000000412508_jpg.rf.0234755af5a81c33900a081f4324a273.jpg, 0, 1, 0, 0
000000137127_jpg.rf.022977a9f7bb2f73b966e4c391300669.jpg, 0, 1, 0, 1
000000552961_jpg.rf.013a24e6fdfc3cfda341b1dd4e49a089.jpg, 0, 0, 1, 0
000000264551_jpg.rf.01fc3703ef5a2a7f6ee464f51326afbb.jpg, 0, 1, 0, 0
000000323919_jpg.rf.026d6aa543e763611dc978ed508af4fd.jpg, 0, 1, 0, 0
000000356791_jpg.rf.029af4abce9238af2b26876478881e57.jpg, 0, 1, 0, 1
000000072666_jpg.rf.021c73ab69fa0dc002b7188fdc8c7e99.jpg, 0, 0, 0, 1
000000357800_jpg.rf.02374cb4ff259143d86f8b7aa53d5792.jpg, 1, 1, 0, 1
000000297273_jpg.rf.026048ce67b74b72b0ed2cef77ea1f84.jpg, 0, 1, 0, 0
000000141962_jpg.rf.0266f8c59a5b19f4cf7ec0d2f7b0a585.jpg, 0, 0, 1, 0
000000511236_jpg.rf.026265c2a5e36e4293472ccdd820e74a.jpg, 0, 1, 0, 0
000000391823_jpg.rf.02488ba59f20f4ce71ab92cdb388af4d.jpg, 0, 1, 0, 1
000000225558_jpg.rf.02785da8b5a464429efb5a4dab7dab20.jpg, 0, 1, 0, 0
000000017073_jpg.rf.0266db6ebb8fd8f99f65e8a1c4894eea.jpg, 0, 1, 0, 0
000000419408_jpg.rf.02505bb4813ac4f0bd15fe349c2aa51f.jpg, 0, 1, 0, 0
000000548251_jpg.rf.02943419625adeed61b089af9dc647fa.jpg, 1, 1, 0, 0
000000466273_jpg.rf.0270b62356c27d21ab88aa41a62a6740.jpg, 1, 0, 0, 0
000000519088_jpg.rf.026d4166fb315dceea324c8cbd19e464.jpg, 0, 1, 0, 1
000000021343_jpg.rf.025dd778e971c527c5ce7b876b1de81a.jpg, 1, 1, 0, 1
000000113504_jpg.rf.025e73e53b025b3d5ddc9fd41ee474d7.jpg, 0, 1, 0, 0
000000530551_jpg.rf.02268a618aa577c35be53a1602751099.jpg, 0, 1, 0, 1
000000300738_jpg.rf.02b75b649b8e2c6c13f7016ba897d11b.jpg, 1, 0, 0, 0
000000048742_jpg.rf.02a4c571e2d9c790068fa35d5390875e.jpg, 0, 1, 0, 0
000000398544_jpg.rf.02b7a157686b3bf28970bea51d194ae4.jpg, 0, 1, 0, 0
000000065245_jpg.rf.027f76da51a56794b2a8a1b4d6b89f19.jpg, 1, 1, 0, 1
000000292120_jpg.rf.024ecf0e3aaa2cdc6966c9dec8ac475c.jpg, 0, 1, 0, 0
000000510755_jpg.rf.02c42a57a01a950a1914520b66f31215.jpg, 0, 0, 1, 0
000000015554_jpg.rf.02afaca875aff8db3376eeeaf979e272.jpg, 0, 1, 0, 0
000000184945_jpg.rf.02b24aeceb76d347622678d7501c70e1.jpg, 0, 0, 1, 0
000000499512_jpg.rf.02bd6d8b28f2c9b0300098444f38bc5a.jpg, 0, 1, 0, 1
000000020398_jpg.rf.02a9b657f10390f0b1124cad27cdbfda.jpg, 0, 1, 0, 0
000000535160_jpg.rf.02a61659ddcc161b3e102af4e2f11cbe.jpg, 0, 1, 0, 0
000000324492_jpg.rf.02b79a23267a7957e9ed40381ef8ee30.jpg, 0, 1, 0, 0
000000461187_jpg.rf.02d6439f2e64d309bb9546117cb468cf.jpg, 0, 1, 0, 0
000000191327_jpg.rf.02d7f1deea9eae991bb0327b62b19367.jpg, 0, 0, 1, 0
000000372817_jpg.rf.02c068ca62affa46ad3bf03712ff8216.jpg, 0, 1, 0, 0
000000234748_jpg.rf.02eb040c8c7412a58858c62d70c96e21.jpg, 0, 1, 0, 0
000000229415_jpg.rf.02bfa4be1f71d8c63fb4395e9a4315ce.jpg, 0, 0, 0, 1
000000303765_jpg.rf.02fb2c8617f3d9a3bc7fb2e9823fc305.jpg, 1, 0, 0, 0
000000469192_jpg.rf.02e96a3e53700abe54b3b821cca4525f.jpg, 0, 0, 0, 1
000000001307_jpg.rf.03056671c56e67abc56d1f0686ca70a8.jpg, 1, 0, 0, 0
000000187240_jpg.rf.031b547c14fce3da75f0f73c6010dbd3.jpg, 1, 0, 0, 1
000000572889_jpg.rf.0313f025f7373dffba5ab46e2169ceb1.jpg, 0, 1, 0, 1
000000213826_jpg.rf.03146c39ec28276d5e108da7996e30af.jpg, 1, 1, 0, 0
000000285399_jpg.rf.02bcd54a64361803ff709cd12df88063.jpg, 0, 0, 1, 0
000000065087_jpg.rf.030285e7731a0d30a6a72767e5bfb163.jpg, 0, 1, 0, 0
000000083770_jpg.rf.02fb5733834ee4db375e97bcf2aeb4a9.jpg, 0, 1, 0, 1
000000541050_jpg.rf.0311eeafc74e8fc3279d55e768fa8caa.jpg, 0, 1, 0, 0
000000385540_jpg.rf.03178ca9275ddce77f697c3a739a6098.jpg, 0, 1, 0, 0
000000092131_jpg.rf.03370c57d5386698647fd26f51e1ed86.jpg, 1, 0, 0, 0
000000578807_jpg.rf.033c6fafb400cdf35ab1a1a537c88f62.jpg, 0, 1, 0, 0
000000053668_jpg.rf.02e9247bebb70879d6c3680efb8d2b02.jpg, 0, 1, 0, 0
000000417400_jpg.rf.035a5fecf67a5bb175c5a5bbb6b29792.jpg, 0, 1, 1, 0
000000527846_jpg.rf.0377dc009daf6cc10abd09565df0d783.jpg, 0, 1, 0, 0
000000206066_jpg.rf.03627134a8d0219bdee46c3ba5b8683d.jpg, 0, 1, 0, 0
000000143436_jpg.rf.0348eed5871638b048fd892d0ac39f1d.jpg, 1, 1, 0, 1
000000517603_jpg.rf.0346d9ca518133e051c8576aa051e06e.jpg, 0, 1, 0, 1
000000207941_jpg.rf.0379d1718d013e1053ab1aa938d789ce.jpg, 0, 1, 0, 0
000000327281_jpg.rf.038a493c2ad4e91e7399f5190ff95294.jpg, 0, 1, 0, 1
000000196331_jpg.rf.0385bda5406cbc3b59be075535f1822e.jpg, 0, 0, 0, 1
000000264256_jpg.rf.0397db56b2abcab77824ce6138251d38.jpg, 0, 1, 0, 1
000000136123_jpg.rf.039589d5b01632bbd03cf2d3484a93d9.jpg, 0, 1, 0, 0
000000516476_jpg.rf.036ee3cf47a3335d5c3648be33983ef9.jpg, 1, 1, 0, 1
000000420963_jpg.rf.038fa6f697094c00c703a578b1828ea2.jpg, 0, 1, 0, 1
000000477459_jpg.rf.039225761f6de17ce89c8430f49921b6.jpg, 0, 0, 1, 0
000000085482_jpg.rf.03985740ad1865352da1b3d0a60e387b.jpg, 0, 1, 0, 0
000000106688_jpg.rf.0387c02408b9dae3c82fda60aacfcdca.jpg, 0, 0, 1, 0
000000147746_jpg.rf.03a59022271d65a9acba9a3d44a1d72d.jpg, 0, 0, 0, 1
000000098213_jpg.rf.0396eb81a8d06d4e85e4df2754eeb66c.jpg, 0, 1, 1, 0
000000543058_jpg.rf.0336ab6e641d9c21ff6c32a82f14f00a.jpg, 0, 0, 1, 0
000000004489_jpg.rf.03c7909d78570a7fcb11cffb817e5a9e.jpg, 0, 1, 0, 0
000000273559_jpg.rf.03be32ecef993df5e4fb7e04e9c8454d.jpg, 0, 0, 0, 1
000000295759_jpg.rf.03b747f543a894da23099b0f40753b96.jpg, 0, 1, 0, 0
000000534331_jpg.rf.03b50604c2756a978ec2a377f66349bc.jpg, 0, 1, 0, 0
000000436856_jpg.rf.03cc5bf6849ad0af4ef1afff66fbe71e.jpg, 0, 0, 1, 0
000000482707_jpg.rf.03bd2c4ae1737abbeea93741792d6b76.jpg, 0, 1, 1, 0
000000532471_jpg.rf.03e0f40302b235f1bda051ab57e7b66a.jpg, 1, 0, 0, 0
000000104249_jpg.rf.03af466beb6a7ad6981f12f194cd0d06.jpg, 0, 1, 1, 0
000000185210_jpg.rf.04070b62994c021acac403bfb7fa2bee.jpg, 0, 1, 0, 0
000000431494_jpg.rf.03b5b9f02580c75093abf69bccbeffae.jpg, 0, 0, 0, 1
000000560581_jpg.rf.03d1ad9a211e6d57d588eeab39a1b7e5.jpg, 1, 1, 0, 0
000000300712_jpg.rf.03c6335c6811607cf032b77ea82c16a3.jpg, 1, 0, 0, 0
000000259571_jpg.rf.03cc105f65ac670abcc455a41ce08111.jpg, 1, 0, 0, 1
000000566576_jpg.rf.038b122a00e0e27a7776ae42ccd451f8.jpg, 1, 0, 0, 0
000000492684_jpg.rf.0414567b0afff0aa838625c545e8ee74.jpg, 1, 1, 0, 0
000000222054_jpg.rf.0424001d1a904ddedd51dd59766a1b6f.jpg, 1, 0, 0, 0
000000493610_jpg.rf.042ee7dfbf57d950bcc4c2971d2b4a85.jpg, 1, 1, 0, 1
000000325343_jpg.rf.0426a7188a732ade0849fb58dcf92f5b.jpg, 0, 1, 0, 0
000000423341_jpg.rf.042c7eef59ba7d04ee470f2a571ad21b.jpg, 1, 1, 1, 0
000000165412_jpg.rf.042b951ab89c3919c701420320f8c490.jpg, 1, 0, 0, 0
000000172556_jpg.rf.03d91fb805dbaeda5a35a5d3f5a31402.jpg, 0, 0, 0, 1
000000370738_jpg.rf.03dabac8a898b8a8825399c34c14bdbc.jpg, 0, 1, 0, 1
000000119361_jpg.rf.0429e18d5f2ead52cd56b4b541545f12.jpg, 0, 1, 0, 0
000000056650_jpg.rf.043efec89ff7a43c320e87397850f9bc.jpg, 0, 1, 0, 0
000000469339_jpg.rf.043a0bf0ff753e5e9f6ae0b43fe5daeb.jpg, 0, 1, 0, 0
000000163727_jpg.rf.0449effc7c83495984e89d9126b40316.jpg, 0, 1, 0, 1
000000440514_jpg.rf.035bc92c8e74cab7c03a991490bcb3a6.jpg, 0, 1, 0, 0
000000093034_jpg.rf.03fd06634280212ee7168e0c8e6f7060.jpg, 0, 1, 0, 0
000000418325_jpg.rf.043a869c68488370a1be0ef410f13982.jpg, 1, 0, 0, 0
000000492386_jpg.rf.043bd13aa4c04aa87c898f3fe2079e28.jpg, 1, 1, 0, 0
000000536711_jpg.rf.0418be050114692a7fbb40dd6d783fdf.jpg, 0, 1, 0, 0
000000184330_jpg.rf.046503940da64eb1481508120975c5d1.jpg, 0, 0, 0, 1
000000027755_jpg.rf.04708f3da23a820570a3b260ae95abf7.jpg, 0, 1, 0, 0
000000373140_jpg.rf.0441560a257e13be11de4965ea96df60.jpg, 1, 1, 0, 1
000000152566_jpg.rf.04456cfb41defe563466c8efb64353da.jpg, 0, 1, 0, 1
000000298596_jpg.rf.047001aeda66e03a92d6debb2998fcae.jpg, 0, 1, 0, 0
000000147970_jpg.rf.048ab5da1d5e8ef0601087deed944a10.jpg, 0, 1, 0, 0
000000366021_jpg.rf.047f0a0bc584bc6e52bad22c7343b14b.jpg, 0, 1, 0, 0
000000024792_jpg.rf.04544e45c956afeb08ce657d8b56da9c.jpg, 0, 1, 0, 0
000000253467_jpg.rf.0480f29738600968416822135afac774.jpg, 0, 0, 0, 1
000000207557_jpg.rf.0443d02317d8d85adb6a0a4188dd3e02.jpg, 0, 1, 0, 0
000000221615_jpg.rf.049bd04a44bdc89bb96a79671caa69e6.jpg, 1, 0, 0, 0
000000041772_jpg.rf.04516235a35fa44d571a857fed310476.jpg, 0, 1, 0, 1
000000199883_jpg.rf.048afdfa9bd12b99d304f220391b2d16.jpg, 0, 1, 1, 1
000000081308_jpg.rf.049a8610fda926dace3245dc7738d2ed.jpg, 0, 1, 0, 0
000000437353_jpg.rf.04a100cb93d9f7208cc2ec1046a3aae2.jpg, 0, 1, 0, 0
000000494174_jpg.rf.04a71132a754b685666b9cbe1ec6a1f1.jpg, 0, 1, 0, 0
000000208824_jpg.rf.04abe1bb3a2242b796dd6ccea9a0cd28.jpg, 0, 1, 0, 0
000000411775_jpg.rf.04e15530250d3b9204784303b72cad89.jpg, 0, 1, 0, 1
000000197666_jpg.rf.04a5dd5f5ebf199ab6edc4607ba2b420.jpg, 0, 1, 0, 0
000000124306_jpg.rf.04a433abd091b35c9dd6195f217f4f83.jpg, 0, 0, 1, 0
000000507342_jpg.rf.04ad290ee4afc64a9e79559a845e9aa4.jpg, 1, 1, 0, 0
000000103393_jpg.rf.04cd23bc089cc17d46095941f1a8dd87.jpg, 1, 0, 0, 1
000000399055_jpg.rf.04adbc50533da3392453fd8bd37789dc.jpg, 1, 0, 0, 0
000000375809_jpg.rf.04af900f23b990cfcd1962aefa15acf7.jpg, 1, 0, 0, 1
000000142942_jpg.rf.04dbdd4284177e67805dc2013d588b50.jpg, 0, 1, 0, 0
000000480991_jpg.rf.04cacee87636d4e5500f2e9be464d17f.jpg, 0, 0, 1, 0
000000264330_jpg.rf.04eab5eff41203b9e5fa1614643e0f01.jpg, 0, 1, 0, 0
000000354616_jpg.rf.04e5bde721e4f9cdb38f4efee601a74c.jpg, 1, 1, 0, 0
000000099129_jpg.rf.04e6a6ea66f9dc09bb51a8d820bedc13.jpg, 1, 1, 1, 0
000000416279_jpg.rf.04afbe36c1e8bc3ef5ae4f6765ac0ec3.jpg, 0, 0, 0, 1
000000332953_jpg.rf.04f512b5307367b9646be15b0d51da54.jpg, 1, 0, 0, 0
000000098479_jpg.rf.04ef502f04dc342e1b47f0143a4165be.jpg, 0, 0, 0, 1
000000259715_jpg.rf.0553ee3fb4efac12992a29fbf00009bb.jpg, 0, 0, 1, 0
000000427618_jpg.rf.0543fe272f5ae234e4608c381fd29696.jpg, 0, 0, 0, 1
000000055412_jpg.rf.051f60aa8a20edb8f17134cd790a1c02.jpg, 0, 0, 1, 0
000000344762_jpg.rf.0519c46212ff067a33a8d9f05e99f6b8.jpg, 0, 1, 0, 0
000000560459_jpg.rf.0500ccedf3749670f9ace2472ac7f9db.jpg, 0, 1, 0, 1
000000081922_jpg.rf.052f7ed9ebe2be3de612fae4616ff02a.jpg, 0, 1, 0, 0
000000325867_jpg.rf.0574efa3754acab71993b37263767b34.jpg, 0, 1, 0, 0
000000517975_jpg.rf.05673014ed6864f8ddc878e4274980a9.jpg, 0, 1, 0, 1
000000124622_jpg.rf.054b2b75e6cc120f5169746b3badc6ab.jpg, 0, 0, 0, 1
000000445006_jpg.rf.056d200888f829bfbf5be948abf0b058.jpg, 1, 0, 0, 0
000000301461_jpg.rf.056ed268630e3b701f395900e550f46a.jpg, 0, 0, 0, 1
000000384164_jpg.rf.056a60643819893179c428457c6709d0.jpg, 1, 1, 1, 1
000000506568_jpg.rf.0566cda0d11a992d5f2c4c97f4ee1181.jpg, 0, 1, 0, 0
000000191873_jpg.rf.04f619be289463ef84774ac18561905a.jpg, 0, 1, 0, 1
000000058539_jpg.rf.0517fedb46115049fdc6de6f69b5a09f.jpg, 0, 1, 0, 0
000000138977_jpg.rf.05af282c3fc955f8980226ce4805b67c.jpg, 0, 1, 0, 0
000000132954_jpg.rf.05a08211041622dfe6a538e4fcd7cd1d.jpg, 0, 1, 1, 0
000000025142_jpg.rf.056ac2c7a81fb7ad448e29c2ff59c2ac.jpg, 1, 1, 0, 0
000000194398_jpg.rf.057957b559a3502ca50edc66f9b7b521.jpg, 0, 1, 0, 0
000000279649_jpg.rf.05aa6ee3938faa39f355ee1618683a07.jpg, 0, 0, 0, 1
000000413951_jpg.rf.05978e174ce95916ee7e3fc287d9fec8.jpg, 0, 1, 0, 0
000000451863_jpg.rf.05b6ef603c2df43c5fb68ff567a4b234.jpg, 0, 0, 0, 1
000000319676_jpg.rf.05c91d3ee0cefcc7556e6da1df035060.jpg, 0, 1, 1, 0
000000070815_jpg.rf.05e1f10dd6d7da202fc151aefc8a651c.jpg, 0, 0, 0, 1
000000532142_jpg.rf.058d2117e5717eb2d40afd44d2e4d971.jpg, 0, 1, 0, 0
000000121562_jpg.rf.05c832f85439ce3baf0cd3077b66e533.jpg, 1, 0, 0, 0
000000123935_jpg.rf.05ce64782ef2209e1ea261cdfbc551b6.jpg, 1, 0, 0, 0
000000301135_jpg.rf.05b6d6904a868a25122348f00eb75f4f.jpg, 0, 1, 0, 0
000000436694_jpg.rf.05e545cc3ec3a41ff201b2c8f560dd9e.jpg, 0, 1, 0, 0
000000388928_jpg.rf.05e8dd49cc18861b725201c3eb956cd9.jpg, 0, 1, 0, 0
000000223203_jpg.rf.051143bf161a27ff3302c9ee976c6b52.jpg, 0, 1, 0, 0
000000117366_jpg.rf.0623c1d3e34abe3fe66e217df5f220d3.jpg, 0, 0, 0, 1
000000405145_jpg.rf.04c95b0f8cd7ae96cae1678f509db3d6.jpg, 0, 1, 0, 1
000000306230_jpg.rf.063d7252bce0d72bf3ec055132526c66.jpg, 0, 1, 0, 0
000000324706_jpg.rf.05bbf4d1fd76fd67f41db9393e85cb4e.jpg, 0, 0, 0, 1
000000237835_jpg.rf.06033ee425d1d42eeac1dcd33a05e540.jpg, 0, 1, 0, 0
000000037514_jpg.rf.058f0892ff0712117bd10538ecc0ce24.jpg, 0, 1, 0, 1
000000368460_jpg.rf.06200c846489457234722a088313cc39.jpg, 0, 1, 0, 0
000000564631_jpg.rf.05e9f1aff0de341ae91f989728982990.jpg, 0, 1, 0, 1
000000254919_jpg.rf.0625d245bce6a97958851771865e944d.jpg, 0, 1, 0, 0
000000265557_jpg.rf.060a703840d7b7af91ad949ae7a51f7a.jpg, 1, 0, 0, 0
000000323813_jpg.rf.06476ab1c2d94468560d3a4a7be69363.jpg, 0, 1, 0, 0
000000365677_jpg.rf.05caa10461d5094232db84de776c95ae.jpg, 1, 0, 0, 0
000000498079_jpg.rf.064e45157addc8c519b6346632a38bc1.jpg, 0, 1, 0, 0
000000217156_jpg.rf.065214069486b98018b282b4cf66d3ef.jpg, 0, 1, 0, 0
000000263463_jpg.rf.05e6a2027a80d6d7402c677d425a00ab.jpg, 1, 1, 0, 0
000000164909_jpg.rf.064c131b809267534a97a7bc93a2a101.jpg, 1, 0, 0, 0
0519a6f6de06d276431cdadc2fe38b67_jpg.rf.05e154a7c7b647c70b27d0ee16c14d3c.jpg, 0, 1, 1, 1
000000136663_jpg.rf.06599ca8b2cb0200ba55a9b0001716ea.jpg, 0, 1, 0, 1
000000402541_jpg.rf.064da773a2d7b483ef5ed42a5c8bd26c.jpg, 0, 1, 1, 1
000000491936_jpg.rf.06619abf690d41b7b4b2bbef806deca7.jpg, 1, 1, 0, 1
000000192798_jpg.rf.06444a62f551dabe438362ab963fb771.jpg, 0, 1, 0, 1
000000555942_jpg.rf.064f05d35334de18f59a6e379e68ea39.jpg, 0, 1, 1, 0
000000318122_jpg.rf.06597597530c6a18ad0442fc24ec7bff.jpg, 0, 0, 1, 0
000000162752_jpg.rf.0659ad0da78ec52778ab6b9713409bff.jpg, 0, 1, 0, 0
000000016496_jpg.rf.065844cc4c4625e72a86f3a8d75908c8.jpg, 0, 0, 1, 0
000000341385_jpg.rf.066f66818f382c8766493f345ff36b30.jpg, 0, 0, 1, 0
000000369476_jpg.rf.067ab01aa57f88b55f2b812924f7e4b3.jpg, 1, 0, 0, 0
000000060018_jpg.rf.068a7547181afaddc95212dfce5bb742.jpg, 0, 1, 0, 1
000000315672_jpg.rf.0666e0e39f1495cdb46f546dfeebc57e.jpg, 0, 0, 0, 1
000000268774_jpg.rf.069dd81c19ba62f848df3e3d91c858e3.jpg, 1, 1, 0, 1
000000559315_jpg.rf.0686fdcace27c38cf41e7a3f2bc3f742.jpg, 1, 0, 0, 0
000000029241_jpg.rf.066f1c385a3a8352984505fbdcd5eb5d.jpg, 0, 1, 0, 0
000000293864_jpg.rf.069536fb5ba0fd27aa26c194eabdb1fd.jpg, 1, 0, 0, 0
000000283913_jpg.rf.0676276ce390e0dae0c36ef95f621d26.jpg, 0, 1, 0, 1
000000090751_jpg.rf.068b80cf0693ddf6c61f10b7401727e3.jpg, 1, 0, 0, 0
000000095611_jpg.rf.0662339c4125d910a69a4a8be831105e.jpg, 0, 0, 0, 1
000000355441_jpg.rf.06805bb2d1f5f368e5c86a94fc69af5b.jpg, 1, 1, 0, 0
000000335581_jpg.rf.06b3f7f4bc6cdcad132e2f839d0ad66b.jpg, 0, 1, 0, 0
000000073445_jpg.rf.06a9d32b56094f2e066fd040c22cac5a.jpg, 0, 1, 0, 0
000000052461_jpg.rf.06b81160ea146aa7feb6c61d8b50fcc9.jpg, 0, 1, 0, 0
000000097614_jpg.rf.06b3824cf3730eee83489df99e64eda3.jpg, 0, 1, 0, 0
000000510304_jpg.rf.06bac1bb09bfd2ea396138d3b3de7489.jpg, 0, 1, 0, 0
000000485564_jpg.rf.06db2d5196695e07fe7628268a7502ff.jpg, 0, 1, 0, 0
000000518853_jpg.rf.06a478c54162ef10a6fd78e772adfd0b.jpg, 0, 1, 0, 1
000000547846_jpg.rf.06a45b233161595302f2f00c49b39e8c.jpg, 1, 1, 0, 1
000000398040_jpg.rf.07018f51329dd4fd8645bfd30936541d.jpg, 0, 0, 0, 1
000000004246_jpg.rf.06e3c82116b63fbd87390b71417db89d.jpg, 0, 1, 1, 1
000000307194_jpg.rf.06d7d4370cc99a1310baff0f9b3c5123.jpg, 1, 1, 0, 0
000000069952_jpg.rf.07003027c01ca58fc0734f0aac123e7c.jpg, 0, 1, 0, 1
000000346668_jpg.rf.06c19970350e9cbbc4a8a1ca0afb1538.jpg, 0, 1, 0, 0
000000172392_jpg.rf.06d349df5a70b17de01e5e3b3721ac95.jpg, 0, 0, 1, 0
000000164044_jpg.rf.070ca3207cb3c21216ae5650c0a45008.jpg, 1, 1, 0, 0
000000552504_jpg.rf.070af7aafb2e279f691d16040e0cdf1d.jpg, 0, 1, 0, 0
000000559701_jpg.rf.06c7cdffd15353c9a6e2b10da5b8732c.jpg, 1, 0, 0, 0
000000265451_jpg.rf.070a1a13a68f1a21547a8c9cb37e06fc.jpg, 0, 0, 0, 1
000000549560_jpg.rf.0714372dc86d1f1ebf87b9549b4e657b.jpg, 0, 1, 1, 0
000000242400_jpg.rf.06bdfe27daec7c09fb29a297098aac77.jpg, 0, 1, 0, 0
000000561500_jpg.rf.06dbf6bf902212374f91d3584a534655.jpg, 0, 0, 1, 0
000000379448_jpg.rf.071490fd589057a6cda76fdf9d14ed13.jpg, 0, 1, 0, 0
000000549442_jpg.rf.06f151b292dd07c6ae18e1fa85714afc.jpg, 0, 1, 1, 0
000000222961_jpg.rf.0717291a7053affef0d36833eaf20c3f.jpg, 0, 0, 1, 0
000000106430_jpg.rf.071fa6541eb9d35be32c7bddd0e25b6c.jpg, 0, 1, 0, 1
000000416816_jpg.rf.07196dabc9d5b0c2980b81ce7873f088.jpg, 0, 1, 0, 0
000000348730_jpg.rf.072a38afefd6048c29ad7e08ed8e617e.jpg, 0, 1, 0, 0
000000423025_jpg.rf.06918c6a57527d62529c554184323992.jpg, 0, 0, 1, 0
000000112726_jpg.rf.07392e14af40ff887b5a37a63b90af32.jpg, 0, 1, 0, 0
000000087216_jpg.rf.074b378fb6634c8dd2a585380635aeb3.jpg, 1, 1, 0, 1
000000504101_jpg.rf.07389f30505c5b7c11b529ac23466ba4.jpg, 0, 1, 0, 1
000000038465_jpg.rf.074282c41185015e56da90d02da42395.jpg, 0, 1, 0, 0
000000438024_jpg.rf.074e90a66fe96b3e46d453f7b6dc740b.jpg, 0, 0, 1, 0
000000150958_jpg.rf.0758c5617a76ef27c3a5bbb09e555ace.jpg, 0, 1, 0, 1
000000038513_jpg.rf.07357c365aa8c8c4670631358ebdb466.jpg, 0, 1, 0, 0
000000370280_jpg.rf.071c6a23f132378b86255b5874e46512.jpg, 0, 0, 0, 1
000000530834_jpg.rf.074536211dbb881b1078a09aba762b4e.jpg, 1, 0, 0, 1
000000184313_jpg.rf.0750bfad5c92c66bfed54ad18317b01e.jpg, 0, 1, 0, 1
000000506290_jpg.rf.075c662cf85e0703f47bffd834be6f0c.jpg, 0, 1, 0, 0
000000516185_jpg.rf.075605d6d2614929b369678a4ebe42bb.jpg, 1, 0, 0, 0
000000258350_jpg.rf.074c1822aae7b5f8310bd06a3633852b.jpg, 1, 0, 0, 0
000000377879_jpg.rf.076bfbd964a5689493bae64c28851002.jpg, 0, 0, 0, 1
000000306893_jpg.rf.075de674cf76f3a0851e33480ab1c623.jpg, 0, 0, 1, 0
000000458132_jpg.rf.076b00d2958b21e1d5eb47e9231c34c5.jpg, 0, 1, 0, 0
000000463875_jpg.rf.0728ac52ec4966c9750eb7ce712148be.jpg, 0, 1, 0, 1
000000419265_jpg.rf.0762e86db162bfd4579b6334e896a9a4.jpg, 0, 0, 1, 0
000000447569_jpg.rf.076ca90a0818adbb1f51984477f4abdb.jpg, 1, 0, 0, 0
000000281217_jpg.rf.06f429d6a2f5582d1e9871018f3ec27d.jpg, 0, 0, 0, 1
000000062412_jpg.rf.074315a01cbea9ef17b4779c2b05266d.jpg, 0, 1, 0, 1
000000553531_jpg.rf.07511d297585b0ec7a76d157dab6a0fb.jpg, 1, 0, 0, 0
000000507113_jpg.rf.076cb0264d167c4871fb01317b1d1a35.jpg, 0, 1, 0, 0
000000135463_jpg.rf.07540bda4755c60ca5e4975b1b31d8ca.jpg, 1, 1, 0, 0
000000490055_jpg.rf.077adca8f91a2cefa4828d5438c5d9d6.jpg, 0, 1, 0, 0
000000119979_jpg.rf.0776a3a9fb16f4c527ab06522f8413a0.jpg, 0, 1, 0, 0
000000226662_jpg.rf.0783d274ce8f1816af719f65cc5e784e.jpg, 0, 0, 1, 0
000000157269_jpg.rf.078b8dc5d682077bd79d7302fb5c4dee.jpg, 1, 1, 0, 0
000000392493_jpg.rf.077bdb64ba868e29f6e74c28a4afb5ce.jpg, 0, 1, 0, 0
000000151844_jpg.rf.07948a6c675c2f29c1ad80e858004c10.jpg, 1, 0, 0, 0
000000424132_jpg.rf.07977bd4329fff9607a66ee9d600bbc0.jpg, 1, 0, 0, 0
000000382979_jpg.rf.07d8c3a3c467539888f3fbdb738bbb66.jpg, 0, 1, 0, 0
000000387924_jpg.rf.078c549c02c61c1e98650855f25eafd9.jpg, 0, 1, 0, 0
000000300028_jpg.rf.07da9ba1e1e4f2e0c2b32b44ce6dde10.jpg, 0, 1, 0, 1
000000484929_jpg.rf.0783a8f386eb0d97c22db706ecf68431.jpg, 0, 1, 0, 0
000000343231_jpg.rf.078576136dc2bfdf526931dec19d68d8.jpg, 0, 1, 0, 0
000000326541_jpg.rf.07ed2460b69e4800f23e3393df0674b2.jpg, 0, 1, 0, 0
000000175943_jpg.rf.07c6ea9cb9a9c0e059533480da158f84.jpg, 1, 0, 0, 0
000000307136_jpg.rf.07dab9e3ec3163141f23c506388876dd.jpg, 0, 1, 0, 1
000000010125_jpg.rf.080108e56c9dafd7e9c474486c080fc0.jpg, 0, 0, 0, 1
000000146501_jpg.rf.07e4d1ff38c5d539bb0ca482d172992d.jpg, 0, 1, 0, 1
000000202275_jpg.rf.079e8b6aff910025432aaefe7a5604dd.jpg, 0, 1, 0, 0
000000376502_jpg.rf.07e1bce907e23bb22c5cb9cfd2e13ff2.jpg, 0, 1, 0, 0
000000244032_jpg.rf.079a3fc1ffd5e8f02570940f55007cb5.jpg, 0, 1, 0, 0
000000224104_jpg.rf.07d1ee0d6b6aa37a5ad0df58e98d8c7b.jpg, 1, 1, 0, 0
000000280020_jpg.rf.0814cdaa9ee6147ea816bef7496c4207.jpg, 1, 0, 0, 0
000000226599_jpg.rf.0795f030d2f0121565dc697bc35e9053.jpg, 0, 1, 0, 0
000000568555_jpg.rf.07c2b191ff92e091fbf717742ce613b0.jpg, 0, 1, 0, 0
000000198974_jpg.rf.07ab380d3afddefa1843e60beeadc584.jpg, 0, 0, 1, 0
000000381729_jpg.rf.07725e55f92ede72c207d8addb458999.jpg, 0, 0, 0, 1
000000412824_jpg.rf.07f2814d954b35efdc85569fcae90db8.jpg, 1, 1, 0, 0
000000197683_jpg.rf.083ea086a09c43fd308ae87a0f587f08.jpg, 0, 0, 1, 0
000000293246_jpg.rf.0815a013d8611c2813f7e51bb22af934.jpg, 1, 0, 0, 0
000000040100_jpg.rf.082b3e5a1a866464315930d91d9be7dc.jpg, 0, 0, 0, 1
000000076268_jpg.rf.0823c295d37c7d93d5b5489419ed8fb4.jpg, 1, 1, 0, 0
000000052233_jpg.rf.0869bae96dfe11c9b3f41cea30d47663.jpg, 0, 1, 0, 0
000000195951_jpg.rf.08390b5973ddc97659e09ff7dbf4e773.jpg, 1, 1, 0, 0
000000509493_jpg.rf.08695c2476747f4d31b61ef1a513ceab.jpg, 0, 0, 1, 0
000000081102_jpg.rf.08178abf24df774cf938ae17492c77b7.jpg, 0, 1, 0, 0
000000425590_jpg.rf.085a372b095b5bcf9972eb4a9771657a.jpg, 1, 0, 0, 0
000000466730_jpg.rf.085aba86bf86434a54a96268b4a1a0fd.jpg, 0, 1, 1, 0
000000277215_jpg.rf.079a887d7d6fd6c61f69af6af2ea5fad.jpg, 0, 0, 0, 1
000000426903_jpg.rf.086128550b71f3aac3b489a868b9cce8.jpg, 0, 0, 1, 0
000000326098_jpg.rf.085ebd6fdbf0d394cb243bc3b1d8a612.jpg, 0, 0, 1, 0
000000214247_jpg.rf.080d4701e82daa54e4cb9f37154d25c7.jpg, 0, 0, 0, 1
000000328088_jpg.rf.08390a5ef75764fcccf1e9080abfa24b.jpg, 0, 1, 0, 0
000000565975_jpg.rf.0818029b4e1e926f8a50109b2ff65477.jpg, 0, 1, 0, 1
000000392209_jpg.rf.07d94b7fef1d44fb35ae93c403150e47.jpg, 0, 0, 1, 0
000000027674_jpg.rf.082ceaff6bc844084d9f6d395f7c9d91.jpg, 0, 1, 0, 0
000000408307_jpg.rf.083b4430d5ba691656f0d9f5058c1bb2.jpg, 0, 1, 0, 0
000000011805_jpg.rf.0872a537d3e101f634dbd1f1e3340237.jpg, 0, 0, 1, 0
000000406841_jpg.rf.087236a9b18ded6829462aa951f734cb.jpg, 0, 1, 0, 1
000000249813_jpg.rf.08871df3efbe53ad3c139a3aa24192cc.jpg, 1, 0, 0, 1
000000120952_jpg.rf.087076d00daaec2e6c08c26c4ccbe65c.jpg, 1, 0, 0, 0
000000354368_jpg.rf.081e46b91dd8ff774a61c6cab4597435.jpg, 0, 1, 0, 1
000000579095_jpg.rf.086acad42f7852226d26e510d95b074b.jpg, 0, 1, 0, 0
000000225041_jpg.rf.088f3b6bc7c84a943212ffe1ed1034ff.jpg, 1, 0, 0, 0
000000058851_jpg.rf.088aa1f17a885411317eee72dfc71b27.jpg, 0, 1, 0, 0
000000087113_jpg.rf.088d55ff63bf7f856a45826612b77a4d.jpg, 0, 1, 0, 1
000000486449_jpg.rf.0895f822ff805309e4eb28b7b45501e2.jpg, 0, 1, 1, 0
000000450324_jpg.rf.088933c125ad04680aff8959c7d9e590.jpg, 0, 1, 0, 1
000000219784_jpg.rf.089108231861fb639ad927cb9c2f6477.jpg, 0, 1, 0, 1
000000456611_jpg.rf.0877e33ae72c090d1e3da46306cfee15.jpg, 0, 1, 0, 0
000000303236_jpg.rf.08c755c61b16aa87152852034444c037.jpg, 0, 0, 0, 1
000000323950_jpg.rf.08d443befacf590896e411b87baf4c79.jpg, 0, 0, 0, 1
000000312559_jpg.rf.08120452320c9a1a5cc9ed1da293ac73.jpg, 1, 1, 0, 1
000000278240_jpg.rf.08abc88bc9267afb77befabe119a3aa6.jpg, 0, 1, 0, 0
000000001625_jpg.rf.08c3eb7126488fc58edfe9f9d432e9f9.jpg, 1, 0, 0, 0
000000562592_jpg.rf.08a7393d843588a21448b0f8a6ba062f.jpg, 0, 0, 1, 0
000000296012_jpg.rf.088ee7f270ea40bda92aaa05d8d591c3.jpg, 1, 1, 1, 0
000000023797_jpg.rf.08c160ef375ce68ed62771577ef32eb3.jpg, 0, 0, 0, 1
000000091841_jpg.rf.08d8477244dcd2550e5f80783f26a0c9.jpg, 1, 1, 0, 0
000000306219_jpg.rf.08d64e34323ff066d8d57ff072002b44.jpg, 1, 0, 0, 0
000000221565_jpg.rf.08e34478f5e762499a77e8c42e4ae596.jpg, 1, 0, 0, 0
000000302787_jpg.rf.08edd4ea392e8093e24412cc168f5fad.jpg, 1, 1, 0, 0
000000214641_jpg.rf.08cbfefbce4fd6a4f3c53d9eb3c6512d.jpg, 0, 1, 0, 0
000000572879_jpg.rf.08c69505ce06b9a7c1f02cda5ae66168.jpg, 0, 1, 0, 0
000000046729_jpg.rf.08df45fb7674e36717672396ad9d07c0.jpg, 0, 1, 0, 1
000000403995_jpg.rf.08eeb75d50d817e9edbbb4d1d2e1f578.jpg, 0, 0, 1, 0
000000007124_jpg.rf.08f9a15d241861e994336e71df3c4d94.jpg, 0, 1, 0, 1
000000194669_jpg.rf.08fa6b4d56b679237987d3b871b1d7ff.jpg, 0, 0, 0, 1
000000406949_jpg.rf.09076db9c9e25a75a4028f47c7e4a1fc.jpg, 1, 1, 0, 0
000000114068_jpg.rf.08f66aa87f81c32b13d5ed9585553ed2.jpg, 0, 1, 0, 0
000000221165_jpg.rf.0901e29a98a7ae8a3af014bca917d150.jpg, 0, 0, 0, 1
000000408328_jpg.rf.08f3535d913fe85f99dd26000d95afbe.jpg, 0, 1, 0, 0
000000075474_jpg.rf.090f4a01ce7b7e4d2415426d195bcdbc.jpg, 0, 1, 0, 0
000000183407_jpg.rf.0924bb83d113af53e6a4c2d8f5f423f2.jpg, 0, 1, 1, 0
000000127306_jpg.rf.0928d52766a4849ded98c3a6e65c3804.jpg, 0, 1, 1, 0
000000277592_jpg.rf.0912475b8b935807e22b2018e6a0416e.jpg, 0, 1, 0, 0
000000459113_jpg.rf.0918b4c66a6d23a62b210e8d9093cf9f.jpg, 1, 0, 0, 0
000000353933_jpg.rf.0958cd5f9eace38d48be3e3bfce25685.jpg, 1, 1, 0, 0
000000313623_jpg.rf.094e1dfc559b95a2a9463af15a4cefad.jpg, 0, 0, 0, 1
000000457766_jpg.rf.09643e6aec6ed03fcc76dfe5edf70ab5.jpg, 0, 0, 0, 1
000000529258_jpg.rf.0966e9caefc21d7164fca09f6e23c0e5.jpg, 0, 1, 0, 1
000000319345_jpg.rf.090c369bb08fea521c6b7ed77c117148.jpg, 0, 1, 1, 1
000000114313_jpg.rf.092a02b35e971e8315d3c167f3ae3147.jpg, 0, 1, 0, 0
000000226243_jpg.rf.090c2392a6c1efa2f2455a213a1924d7.jpg, 0, 1, 0, 0
000000495993_jpg.rf.094d2d4ff9b109c915e2f88bf9732893.jpg, 0, 1, 0, 0
000000372412_jpg.rf.0948ea0de1a2641dbde3679bd971c4d8.jpg, 0, 0, 0, 1
000000297023_jpg.rf.09273ffd0b8b37d42db6677407e4d04e.jpg, 0, 0, 0, 1
000000581401_jpg.rf.09521f0e57bcf72b682dfe15288be852.jpg, 0, 1, 1, 0
000000155488_jpg.rf.0957093b2030e7bdfc195c84a1ad5191.jpg, 0, 1, 0, 1
000000325366_jpg.rf.0922c7e23e4ba2a05b0bbf857162fe92.jpg, 0, 1, 1, 1
000000036029_jpg.rf.090ee08387642bc80ba36110ef78e03c.jpg, 1, 1, 0, 0
000000134309_jpg.rf.0935a50eb38097e938e117661f2d2a88.jpg, 0, 1, 0, 0
000000364234_jpg.rf.0914766c593ac3aa4482cb47d02a0999.jpg, 0, 1, 1, 1
000000541113_jpg.rf.09432ec0d654800d4bfd9cd25b03a9af.jpg, 1, 0, 0, 0
000000477785_jpg.rf.0955f78e5a2d26d67c45f87ef3785456.jpg, 0, 0, 0, 1
000000405675_jpg.rf.36d00065347a6dfda63ffef6162cdbd0.jpg, 0, 1, 0, 0
000000416643_jpg.rf.36d0489ae9be470f35bf40911123b87d.jpg, 0, 1, 0, 0
000000302484_jpg.rf.36d181078c17d24f847eb2924ab4021b.jpg, 1, 0, 0, 0
000000150455_jpg.rf.36d2f80e2176ee68c2360f22f1a037ef.jpg, 0, 1, 0, 0
000000307050_jpg.rf.36d318cc11ce17e3d36e3ec29934d32a.jpg, 0, 1, 0, 0
000000531657_jpg.rf.36db176851e413f3d3aafdaafbd81267.jpg, 0, 1, 0, 0
000000010229_jpg.rf.36dde5d291e1dd6975ed57208a3801cd.jpg, 0, 1, 0, 1
000000136896_jpg.rf.36dfaa70987ed7397dcd3fb5c5e54ed8.jpg, 1, 0, 0, 0
000000228676_jpg.rf.36f12fd811d612a5210d1e7af2257094.jpg, 0, 1, 0, 1
000000470378_jpg.rf.36f2b348433ce6f7fc12e80bc503e73e.jpg, 0, 1, 0, 0
000000154000_jpg.rf.36f476e06ef573c844fcc4127954967e.jpg, 0, 0, 0, 1
000000048432_jpg.rf.36f6ab4acad72c6eddd2c0c90d340007.jpg, 0, 1, 0, 0
000000578016_jpg.rf.36ff273d45002b639f001c61f069fc0e.jpg, 0, 0, 1, 0
000000266659_jpg.rf.3704168a0949152c80650473352241d0.jpg, 0, 0, 0, 1
000000236845_jpg.rf.370643a16131808d0a49315c6b949f13.jpg, 0, 1, 0, 0
000000505738_jpg.rf.37223e7c75040be57d381816c3ed34fc.jpg, 0, 1, 1, 0
000000400093_jpg.rf.37274ff4841129f7a63b85311242a92c.jpg, 1, 1, 0, 0
000000009060_jpg.rf.3737117597fd403e6c09028c95c6bae2.jpg, 0, 0, 0, 1
000000305993_jpg.rf.37154b04d7710e153aad0ecd9f0a6ea0.jpg, 0, 0, 0, 1
000000204526_jpg.rf.37385b774c5da82daebdd4d120cedcc3.jpg, 0, 0, 1, 0
000000279521_jpg.rf.3740901f996594189130d7f628bd7fda.jpg, 1, 1, 0, 0
000000028115_jpg.rf.3745f569fe0012af55be0b7ec656dcb4.jpg, 0, 1, 0, 0
000000262976_jpg.rf.373b99666bb30088e23845ca0c841dcd.jpg, 1, 0, 0, 0
000000086217_jpg.rf.37459705c239fc4b2c4d4bfb5c0b5d18.jpg, 1, 0, 1, 0
000000396673_jpg.rf.3746d0f918dcf1fd8a356da61b56a292.jpg, 0, 1, 0, 1
000000161202_jpg.rf.3757f505718f898d00ff2f24b8c1be0a.jpg, 0, 0, 1, 0
000000225088_jpg.rf.377da2d74f995d37eeca854229fae6e8.jpg, 0, 1, 0, 1
000000142129_jpg.rf.3777e2bd5659c306f76644351949a202.jpg, 0, 1, 0, 0
000000551794_jpg.rf.37477af853fcc4d3a5cd5b66d0cf7656.jpg, 0, 0, 1, 0
000000025058_jpg.rf.376fb950502d8853a392fd4298a40613.jpg, 0, 0, 1, 0
000000327766_jpg.rf.37a82a9d6b4749db2d3ba82091ffc49d.jpg, 0, 0, 0, 1
000000164036_jpg.rf.379fccf6e38ffee1d32c07882ac11bad.jpg, 0, 1, 0, 0
000000547528_jpg.rf.37a92b512e3ebe2b29d6ff5a43920fb6.jpg, 0, 1, 0, 0
000000027796_jpg.rf.377e8b3f461f78a7cc021be9f78ca8cb.jpg, 1, 0, 0, 0
000000426202_jpg.rf.376db98c8ef68375ea86b7548dc0a88b.jpg, 0, 1, 0, 0
000000139897_jpg.rf.37aca3b06eebf8264007e834f357c662.jpg, 0, 1, 0, 0
000000308353_jpg.rf.37b5d9008e79eb13cafd041cc9fdf298.jpg, 0, 1, 0, 0
000000194875_jpg.rf.379dae47ea152f230ecb5c21defa09fc.jpg, 0, 0, 1, 0
000000011619_jpg.rf.37595d5b5e690cc293536c0f2b0ad7a0.jpg, 0, 1, 0, 1
000000191474_jpg.rf.37bb842339d3c2c44099ef2ff1e25433.jpg, 1, 1, 0, 1
000000260409_jpg.rf.3795765deff7f18eb518a5603547c6e6.jpg, 0, 0, 1, 0
000000345090_jpg.rf.37ba7301ac5faa05cfcff789118c3a68.jpg, 0, 0, 1, 0
000000104282_jpg.rf.378b37aab8cd0c787bbc69c30ffe4939.jpg, 0, 1, 0, 0
000000514619_jpg.rf.37c13cb4c8ff128d57df45f9aa8c068f.jpg, 1, 0, 0, 0
000000237309_jpg.rf.3771857366d5b341812ea56bdc5a2a20.jpg, 1, 0, 0, 1
000000327368_jpg.rf.37bee20a212da70c1ccf5d164f615d09.jpg, 0, 0, 1, 0
000000581009_jpg.rf.37501a20b473cd8fe109af603d7e3271.jpg, 0, 1, 0, 1
000000151587_jpg.rf.37c7451ff9e0136fd91a89b428c17bd2.jpg, 1, 1, 0, 0
000000347768_jpg.rf.37c45dfaf0ae72ec7e318ed4b09ede09.jpg, 1, 1, 0, 1
000000140898_jpg.rf.37cd1fe48409fee3ea28e6f5c5b2a3d6.jpg, 0, 1, 0, 1
000000065001_jpg.rf.37cb0ac2f140e8a6d0e0e7a286c1b9bd.jpg, 0, 1, 1, 0
000000266455_jpg.rf.37d8294a87dcc05e6966a395d844e922.jpg, 0, 0, 0, 1
000000013000_jpg.rf.37d234baf306ed48f601978e5eb7f2fd.jpg, 0, 1, 0, 1
000000128312_jpg.rf.3806c2e3464b29e4cf7dae207addd13b.jpg, 0, 1, 0, 0
000000323561_jpg.rf.37cfcb09bb9a272bca05a971fb8ea009.jpg, 0, 0, 0, 1
000000079034_jpg.rf.37e2a88dfa684f97e02dbf14b0cafd53.jpg, 0, 1, 0, 0
000000214200_jpg.rf.381009d0a3f7aede00d963d44dc7e597.jpg, 0, 1, 0, 0
000000099063_jpg.rf.37eac91f8e7b3e1a2140bd89ec230f97.jpg, 0, 1, 0, 1
000000192591_jpg.rf.37fc3b705b876c6467cc744c70ac8e6a.jpg, 1, 0, 0, 0
000000537506_jpg.rf.38382d09eba74ccba934a50a04ecd445.jpg, 0, 1, 0, 0
000000558567_jpg.rf.38278b940946c18f50c3d2a5881c5843.jpg, 0, 1, 0, 0
000000145761_jpg.rf.37ddbbdef8971488c5fde47aaafaaace.jpg, 1, 1, 0, 0
000000151877_jpg.rf.382829cc28200812b5f5f270b4a59169.jpg, 1, 1, 0, 1
000000334920_jpg.rf.382d8165506c8be11f3d2a4098ff4d04.jpg, 1, 1, 0, 1
000000201496_jpg.rf.37e368ea7e377b8d5b11cca78128c02d.jpg, 1, 1, 0, 0
000000167675_jpg.rf.37dcc2bae14588ff0da6f3fd612b60d5.jpg, 1, 0, 0, 0
000000040931_jpg.rf.380d52ca9679c97e6ec2c4810bba8075.jpg, 0, 1, 0, 0
000000033329_jpg.rf.38198a9d7cf9999d92d28be862ae67e5.jpg, 0, 1, 0, 0
000000030787_jpg.rf.3801e01da31e2b7d4cdd95dc1d6cc11f.jpg, 1, 1, 0, 1
000000379578_jpg.rf.37e42559829cb3c3b2561647665aad95.jpg, 0, 0, 1, 0
000000462840_jpg.rf.38334b5b9150b2d9532d35ef3194b6c9.jpg, 0, 1, 0, 1
000000125707_jpg.rf.383316cd884bb1d2c34ed6ca84d9d891.jpg, 0, 1, 0, 0
000000160009_jpg.rf.3809df16b36711d01dac7c4a6982d066.jpg, 0, 1, 0, 0
000000423209_jpg.rf.37db315f6e2258167144b043a267fbc2.jpg, 0, 1, 0, 1
000000394640_jpg.rf.3831236fc5217d153f3bd01e48d3fbf5.jpg, 0, 1, 0, 1
000000136900_jpg.rf.38378fd3889c25c2c024e7caa641b037.jpg, 1, 1, 0, 1
000000437226_jpg.rf.38445508993531623ad40bab3e1c3902.jpg, 0, 1, 0, 1
000000127997_jpg.rf.3852d4bd4090131982d031996b351875.jpg, 0, 1, 0, 1
000000280238_jpg.rf.384224e0a5c200070c1725aff8ab99ca.jpg, 0, 1, 0, 1
000000370175_jpg.rf.38498f9b41cae938f14c2ddede4bdc54.jpg, 0, 1, 0, 0
000000461705_jpg.rf.387083b770782e01d7d1f5e6a1bd6ec3.jpg, 0, 0, 1, 0
000000408163_jpg.rf.384368d3b97acfaf62334b6a3cd3e996.jpg, 0, 1, 0, 0
000000209534_jpg.rf.3852da7e25ed46e0a9d2675d6a5bfcbd.jpg, 1, 1, 0, 0
000000545447_jpg.rf.3857c4cc6c7b6dc848c3886595ecb02a.jpg, 0, 1, 0, 1
000000519844_jpg.rf.3893cab9c5cef902c3b2505b741a599a.jpg, 0, 1, 0, 1
000000245051_jpg.rf.38641267e88eb97bbb6e265f1959465e.jpg, 0, 1, 0, 0
000000501723_jpg.rf.388a5aa85ffcfa30ec05683df9433f18.jpg, 0, 1, 0, 0
000000516281_jpg.rf.3867cdc4d52724b29905103845910ceb.jpg, 1, 0, 0, 0
000000312054_jpg.rf.38756bd05365e350999d53a39d8a97cd.jpg, 0, 1, 0, 1
000000256981_jpg.rf.384964b6485b91d941e3b8285590812c.jpg, 1, 0, 0, 0
000000307074_jpg.rf.387b079839b2102d20d735a943ccfdf5.jpg, 0, 1, 0, 0
000000401291_jpg.rf.38a4746e73b07750950758f8f953b723.jpg, 0, 0, 0, 1
000000283393_jpg.rf.38677c141e5d6cba11bf8f5630c98d88.jpg, 0, 0, 1, 0
000000432333_jpg.rf.384e7dffcf8e46b989cadb40d0fdb51d.jpg, 1, 1, 0, 1
000000198277_jpg.rf.38c77813489d48da9a200564e49c96e6.jpg, 1, 1, 0, 0
000000250809_jpg.rf.38a6b2a32a3b1b7175b61a5f4ea9adba.jpg, 0, 1, 0, 1
000000097683_jpg.rf.38abc056be18b776545ea7ba4271804c.jpg, 0, 1, 0, 0
000000297374_jpg.rf.389922aab12701a02ac68bf016d4e0f5.jpg, 0, 1, 0, 0
000000421804_jpg.rf.38cfe9ff599d249976f23670d835d75c.jpg, 0, 1, 0, 0
000000553876_jpg.rf.38a3e454b27cba56dc3928d5a417f3ab.jpg, 0, 0, 0, 1
000000562737_jpg.rf.38df9c3beca84327f91551345916e877.jpg, 0, 1, 0, 1
000000318107_jpg.rf.38845283aada0d340aaacdc169fe2266.jpg, 1, 0, 0, 0
000000423019_jpg.rf.38f0064aaaba0a91a9a129527504918a.jpg, 0, 1, 0, 0
000000381163_jpg.rf.38503591558ac00cfa734b549d0f5d70.jpg, 1, 1, 0, 0
000000014392_jpg.rf.389c48461ae349f74f683ab750b44697.jpg, 0, 1, 0, 1
000000320593_jpg.rf.3875df0d59ed4bbdf137d6bd424be464.jpg, 0, 1, 0, 0
000000267834_jpg.rf.38fbea9343cb412f1475930c489652dd.jpg, 0, 1, 0, 0
000000137953_jpg.rf.38ee086cb7a7b21adeae926b731de8b1.jpg, 0, 1, 0, 0
000000236381_jpg.rf.38f5e0d0ea3bc44c63b2427d72baf1fb.jpg, 1, 0, 0, 0
000000443604_jpg.rf.38ef70af97f4534b5fa5d592e6671661.jpg, 0, 0, 1, 0
000000060327_jpg.rf.390e9058dac8c4ce931965a99a4713e5.jpg, 0, 1, 1, 0
000000361454_jpg.rf.390355368d6c3578d358a8c8f8577f1b.jpg, 1, 1, 0, 0
000000030962_jpg.rf.39148feaf97334b7fdd708a9af863c26.jpg, 0, 1, 0, 0
000000053406_jpg.rf.39067fc4b8a6b7470c9dc67dc94aa836.jpg, 1, 1, 0, 0
000000328216_jpg.rf.3905129ed8efe1ced740208fcb2a11c4.jpg, 0, 0, 1, 0
000000081084_jpg.rf.38fc8be0bb90921c6e3d3b7649442cb1.jpg, 0, 1, 0, 0
000000555722_jpg.rf.392683c6b358e3752140d8beb7f1d941.jpg, 0, 0, 1, 0
000000087980_jpg.rf.39228db6ca4ed385e1cdfaeebb6484d9.jpg, 0, 1, 0, 0
000000296462_jpg.rf.39382cb75649cf34656af0fe469f3406.jpg, 0, 0, 1, 0
000000515186_jpg.rf.3936e18469ba3b91253b7a0811393028.jpg, 0, 1, 0, 0
000000124128_jpg.rf.396754fd9d43816037684817de98e8c5.jpg, 1, 1, 0, 0
000000167792_jpg.rf.394e120b91c08b266eca9a02037b20cb.jpg, 0, 1, 0, 0
000000475120_jpg.rf.393d19a2a3b106eb4db859df94d7816b.jpg, 0, 0, 1, 0
000000454172_jpg.rf.3958e467cea18b594298ffe8b2935b7b.jpg, 0, 1, 0, 0
000000067446_jpg.rf.3921dcfc582623322c9c5b1b7284003a.jpg, 1, 0, 0, 0
000000163729_jpg.rf.396bad93a51a7fab173f1c3561c42906.jpg, 0, 0, 0, 1
000000072550_jpg.rf.39470dd79d091126f7d562f0eca48966.jpg, 0, 1, 0, 1
000000241046_jpg.rf.3992d4b4e67b6aef9402558bbff8def7.jpg, 0, 0, 0, 1
000000352041_jpg.rf.39818ce0c10676ca6efec02a71163f03.jpg, 0, 1, 0, 1
000000025461_jpg.rf.394ffbce9572b8714788a2bab7f45e35.jpg, 1, 0, 0, 1
000000031765_jpg.rf.394f142bb3d8f0a8379e3a8ca0fa13cc.jpg, 0, 1, 0, 0
000000454086_jpg.rf.3973c06a31c1223b712da691b2114921.jpg, 0, 0, 0, 1
000000568174_jpg.rf.397186e35661194105b7b6c0e0d18d43.jpg, 1, 0, 0, 0
000000355072_jpg.rf.39469aec15dffa26333da517a994128a.jpg, 1, 0, 0, 0
000000171970_jpg.rf.3967f32f3f757be7da84afcab4580047.jpg, 0, 1, 0, 1
000000483854_jpg.rf.39800a5ef20f8bd31695a6780b9a4e64.jpg, 1, 1, 0, 0
000000167913_jpg.rf.39756da628de1d2b4b9ed2a8bb1f351d.jpg, 0, 1, 1, 0
000000205504_jpg.rf.3998ac29fdb97fead0fcb7c673744792.jpg, 0, 1, 0, 1
000000419013_jpg.rf.397f439eb7a3bc3090c91b6298522381.jpg, 0, 1, 0, 0
000000047387_jpg.rf.399f07ca994e35a72418cf8a2d81a3ea.jpg, 0, 1, 1, 0
000000033815_jpg.rf.399b42fddaae8a7395f5a4123a3db925.jpg, 0, 0, 1, 0
000000279222_jpg.rf.39728043a1be93a8cf283f95b1630548.jpg, 1, 0, 0, 1
000000440991_jpg.rf.39c566fc0cbe688f19393eee151bd83c.jpg, 0, 0, 0, 1
000000575406_jpg.rf.392d9aa3899c8e05175480080cb0ad2c.jpg, 1, 0, 1, 0
000000300972_jpg.rf.39b27a3ebfe9b66507e6e1bd2e1a18fc.jpg, 0, 0, 0, 1
000000035628_jpg.rf.399c1ddc3fb2864cec8623c0c012b95c.jpg, 0, 1, 0, 0
000000085562_jpg.rf.39a2b459e3a56fc17af179fecc546be0.jpg, 1, 0, 0, 0
000000268940_jpg.rf.393921a60c9c9c772135d55e35da4aed.jpg, 0, 0, 0, 1
000000296649_jpg.rf.39cbb5f5d251932debdd15adf16df7d5.jpg, 0, 1, 1, 1
000000443592_jpg.rf.39c79420112ba35c39037d86206f9885.jpg, 0, 1, 0, 0
000000519974_jpg.rf.39df824ab46fd7b88ca6335db9648510.jpg, 1, 1, 1, 1
000000447432_jpg.rf.39e0be409d24920e1c3efab03c7087c9.jpg, 1, 1, 0, 0
000000565500_jpg.rf.39dbe859e8e0de488adc609c9d1b0fd7.jpg, 1, 1, 0, 1
000000114776_jpg.rf.39df8b0e543ffaed8e862e9a57cc1efa.jpg, 0, 1, 0, 0
000000262736_jpg.rf.39dc983916d461446d231c1a43ade226.jpg, 0, 1, 0, 1
000000188575_jpg.rf.39e0e38a06400127df504305353a94c2.jpg, 0, 0, 1, 0
000000163717_jpg.rf.39fe18fdfb13499404ffcb70f290b78c.jpg, 0, 0, 1, 0
000000026501_jpg.rf.39f491a36d8c043721157f1359490ee6.jpg, 1, 0, 0, 0
000000051943_jpg.rf.39e1dd33df66ee63502c5365c31f78f5.jpg, 0, 0, 0, 1
000000067994_jpg.rf.3a0f084b6ff69a8a20fbdce4d24f023b.jpg, 0, 1, 0, 0
000000268147_jpg.rf.3a1a1cf50dd35eeb254cda138a5ce137.jpg, 0, 1, 0, 0
000000555686_jpg.rf.3a3e78d7bcb93dd1ee8709f8d939e993.jpg, 0, 0, 1, 0
000000116694_jpg.rf.3a0db584a972bb39272c93cba5f3a8f1.jpg, 0, 1, 0, 1
000000314019_jpg.rf.39bc54e6dd0ec2b1bc2e5d5167f807df.jpg, 0, 1, 0, 0
000000386722_jpg.rf.3a43d40bfa65c7715e7637a63c744d8a.jpg, 0, 0, 1, 0
000000252179_jpg.rf.3a0979e32f4603f68ea3c2b72182d01f.jpg, 0, 1, 0, 0
000000392575_jpg.rf.3a2002e71eebde6ee712628b8c85b3b9.jpg, 0, 1, 0, 1
000000501710_jpg.rf.3a3ba66a3a3a0551644e2c12d5aed0dd.jpg, 0, 1, 0, 0
000000234624_jpg.rf.3a2850ec0d06366770343a48e6545f27.jpg, 1, 1, 0, 1
000000370953_jpg.rf.39e3a6bddff7e1960ae3c2a4a8618ed5.jpg, 0, 1, 0, 0
000000409126_jpg.rf.3a220c3050819acf5a9c7cb26e5a99af.jpg, 0, 1, 0, 0
000000297204_jpg.rf.39f1c6067eca3475048f747456c517ff.jpg, 0, 1, 0, 1
000000340804_jpg.rf.3a43c547219405ae73c35071f6cb0781.jpg, 0, 1, 0, 0
000000037709_jpg.rf.3a588fb7403f280b298dae1c90a425a1.jpg, 1, 1, 0, 0
000000468508_jpg.rf.3a4cdcf8cdd500e0b3c9fc58fd962323.jpg, 0, 0, 1, 0
000000321432_jpg.rf.3a73816d023191e99dc3187ddc246019.jpg, 0, 0, 0, 1
000000189402_jpg.rf.3a4c02df9fa9f5a045e059f7a920080b.jpg, 0, 1, 0, 0
000000069599_jpg.rf.3a7ea39bf79668ee0a4e9a7e2072fb02.jpg, 0, 1, 0, 0
000000481627_jpg.rf.3a4e00fc477eee3d392fa7ada3d2cdd5.jpg, 0, 1, 0, 0
000000409740_jpg.rf.3a9178f0abff58f947650d03e4e900ef.jpg, 0, 1, 0, 1
000000504093_jpg.rf.3a82b0ea78717c32bbc91f2b41047bce.jpg, 0, 1, 0, 0
000000087479_jpg.rf.3a4f6db8061d18ad2943ae0af8bdfce3.jpg, 0, 1, 0, 0
000000559484_jpg.rf.3aa7b72e2f60dedc98b02c46a38cfd02.jpg, 0, 1, 0, 0
000000063230_jpg.rf.3abe80bff27f7cd69422df698171c1cb.jpg, 0, 1, 0, 0
000000298262_jpg.rf.3a8bacfacd12913857b3dc35244f49e1.jpg, 0, 1, 0, 0
000000119798_jpg.rf.3aa9cea4af09376442b56ba845e8dcad.jpg, 0, 1, 0, 1
000000532107_jpg.rf.3ab6056139400dc8250c5149e94ea2c0.jpg, 0, 0, 0, 1
000000508985_jpg.rf.3a6432f5d49eb9a6451e079552f51024.jpg, 1, 1, 1, 1
000000226136_jpg.rf.3ad7f3eaa40cd1a842e98edfaefea4a9.jpg, 1, 0, 0, 0
000000172648_jpg.rf.3ab07e37efdc53df4b14dd0ed61ae3ff.jpg, 0, 1, 0, 1
000000288591_jpg.rf.3a9b47752532001e38cdbbd953d40d50.jpg, 0, 0, 0, 1
000000300207_jpg.rf.3ae2437b5ad341038636412562615f31.jpg, 0, 0, 0, 1
000000291658_jpg.rf.3ab24557f7d3e2eef729fb228f7364cb.jpg, 0, 1, 0, 0
000000271870_jpg.rf.3a59d8f54c7ef992061a5e824471ed8c.jpg, 0, 0, 0, 1
000000071284_jpg.rf.3a6a2fd51ace0a277f91c6db792bb5d8.jpg, 0, 1, 0, 0
000000288828_jpg.rf.3abc6db25b4e3a807cbe621644862c32.jpg, 0, 1, 0, 0
000000019324_jpg.rf.3aefa07d91271684b720ed126eae8349.jpg, 0, 1, 1, 0
000000041233_jpg.rf.3a8beb2eb44a44cb1f5ec6d3e77ecf52.jpg, 0, 1, 0, 1
000000095592_jpg.rf.3ae467c3ea3eb51d273c70c34cf25c8a.jpg, 0, 1, 0, 0
000000237759_jpg.rf.3af4ca185a979234e5cbc57c2e789d9b.jpg, 0, 1, 0, 1
000000063782_jpg.rf.3adeed170ccff701d830c5189fcaeb7e.jpg, 0, 0, 1, 1
000000470745_jpg.rf.3a955f8c6b50684ed0d5fbc0dab9e30a.jpg, 0, 1, 0, 0
000000243418_jpg.rf.3af8d36c36f46c0697e72edc682efdd6.jpg, 0, 1, 1, 0
000000531906_jpg.rf.3add1b3e90fa78f6a038bc713dd78dc9.jpg, 1, 0, 0, 0
000000282220_jpg.rf.3b12dfaddb08416b096f4bc8ac85d9d0.jpg, 0, 1, 0, 1
000000562677_jpg.rf.3afb528aaa6cec8851cc592e72240ce8.jpg, 0, 1, 0, 1
000000410574_jpg.rf.3b0972273abccef4076aee714d704a9f.jpg, 0, 1, 0, 1
000000051076_jpg.rf.3af7e2688680f7205bd248b1c6f5a23f.jpg, 0, 0, 0, 1
000000236224_jpg.rf.3af699082d2928f64f66a22f50d64d09.jpg, 1, 1, 0, 0
000000132760_jpg.rf.3af80f6e6ae1ba00a384cf5b837479ef.jpg, 1, 1, 0, 0
000000089329_jpg.rf.3b10da76d6ba4d8dd576bf259d013c1b.jpg, 0, 0, 1, 0
000000026078_jpg.rf.3b1c62548a85c2726c86d81fa3c226eb.jpg, 1, 1, 0, 0
000000308621_jpg.rf.3b169bec7e52ba72027561aa58020023.jpg, 0, 0, 1, 0
000000116656_jpg.rf.3b3356baefcfb11da93a3bec0a7808af.jpg, 0, 1, 0, 0
000000178156_jpg.rf.3b183d69e3bfae5782193d9108168b12.jpg, 0, 1, 0, 1
000000200212_jpg.rf.3b2a7c45998e6e853953e001139fc65a.jpg, 1, 0, 0, 0
000000529840_jpg.rf.3b29bbb797947a48295ffb206342f315.jpg, 0, 1, 0, 0
000000109012_jpg.rf.3b2bcec0adde1e14e5d90322dacabded.jpg, 0, 1, 0, 0
000000155995_jpg.rf.3b25a933c144ecbdef1e18bad9ca2eaf.jpg, 0, 1, 0, 0
000000187095_jpg.rf.3b4e142faca0842347727f5915aadf2f.jpg, 0, 0, 0, 1
000000256672_jpg.rf.3b3d0635ca0c39982bcf46b1e19f1d7c.jpg, 0, 1, 0, 0
000000060182_jpg.rf.3b4514dffcd18221e1180cbe3a1db71d.jpg, 0, 0, 1, 0
000000280710_jpg.rf.3b22ceed4a3612231bafc5c9e5601558.jpg, 1, 0, 0, 0
000000240775_jpg.rf.3b3f46655dd7a11e17cc20536d1ac8d6.jpg, 1, 1, 0, 0
000000231679_jpg.rf.3b527403d4faa74836e7e667ce71d488.jpg, 1, 1, 0, 0
000000420620_jpg.rf.3b5e45cb703b8c9fa6383941a5c56a51.jpg, 0, 0, 1, 0
000000296988_jpg.rf.3b20954146dd6739d643b9494e2c7af7.jpg, 0, 1, 0, 1
000000355947_jpg.rf.3b5e20eeb5c6efffd210cf4b435c520b.jpg, 0, 1, 0, 0
000000520515_jpg.rf.3acf9fb66b5c3e56359ffef7b97b17db.jpg, 0, 0, 1, 0
000000035599_jpg.rf.3b8ea86cbf7d3962486f5ad49e92ef2f.jpg, 0, 1, 0, 0
000000211989_jpg.rf.3b606a2cb73251c55ce9a9b875157f06.jpg, 0, 1, 0, 1
000000156985_jpg.rf.3b808746dcf93a172415b9a98ebcc7a0.jpg, 0, 1, 0, 0
000000510340_jpg.rf.3ba292a0a92c7e5e1438acb7ac5b411c.jpg, 0, 0, 1, 0
000000400431_jpg.rf.3b9690b11b57a86869590333028e013d.jpg, 0, 1, 0, 0
000000290246_jpg.rf.3b7a242bfe5b1e67f7ec50ec7d632153.jpg, 0, 0, 1, 0
000000275532_jpg.rf.3b6e40c12c79d72d24b62b68b5c0f315.jpg, 1, 0, 0, 0
000000168234_jpg.rf.3b5767defabc5385db50beb423e20fa2.jpg, 1, 1, 0, 0
000000100827_jpg.rf.3b52c667b5d1ff484a8e4239206a847b.jpg, 0, 0, 1, 0
000000543911_jpg.rf.3baa23b612128ca2b8b51dafffe9433d.jpg, 1, 1, 0, 0
000000530777_jpg.rf.3af43f58362d66e051801735e6a8fd32.jpg, 0, 1, 0, 0
000000324158_jpg.rf.3b8f2d4e49851da27279a310cf88539f.jpg, 0, 1, 0, 0
000000519319_jpg.rf.3ba23ef814828e8f2e692efa0dbf1e7b.jpg, 1, 1, 0, 0
000000417216_jpg.rf.3b0d28dbe647b5749d3969322f4b6a1b.jpg, 0, 1, 0, 0
000000570539_jpg.rf.3bb599507fc4765340dd8e75e86cdae9.jpg, 1, 0, 0, 0
000000520848_jpg.rf.3b78984eee06e67a4223726670a424b2.jpg, 0, 1, 0, 1
000000280670_jpg.rf.3bb9dbce8940cbabe26cc91e4772393a.jpg, 0, 1, 0, 0
000000060677_jpg.rf.3ba38807ed649c88ab4d63e29e179baa.jpg, 0, 1, 0, 1
000000381619_jpg.rf.3b7b9254674fa5479545e9b198f0aed8.jpg, 0, 1, 0, 0
000000341457_jpg.rf.3b7ed2b462b9dfa62b93b43f458014b9.jpg, 0, 0, 0, 1
000000315462_jpg.rf.3b6fafa6679746c29faf4136ee113c7d.jpg, 0, 0, 1, 0
000000216393_jpg.rf.3ba804bb15cd407b0f812b82b467e920.jpg, 0, 1, 0, 0
000000418288_jpg.rf.3b95c7b03f14427ac01f340d80df7878.jpg, 0, 0, 1, 0
000000146855_jpg.rf.3bc191844f25044365d9e9fcc892aa07.jpg, 0, 1, 0, 0
000000076942_jpg.rf.3bdcb78413b8b4c645b9ff8c39a2663e.jpg, 0, 1, 0, 1
000000026926_jpg.rf.3bd67e3574c4b2686f41b2234eb551d2.jpg, 0, 1, 0, 0
000000434488_jpg.rf.3bd01c550d1f1044ad4929a687c98767.jpg, 0, 1, 0, 0
000000025996_jpg.rf.3bdf1dd807ea89d91273db7e8de4af52.jpg, 0, 1, 0, 0
000000505629_jpg.rf.3bcc594ca82ebbc95a6a943e4df6311f.jpg, 0, 1, 0, 0
000000449768_jpg.rf.3bd6f95d9497f708b69b2a8a4832cf57.jpg, 0, 0, 1, 0
000000503008_jpg.rf.3bda0bb1093d4e75f131aaa1c0c6ac8c.jpg, 0, 1, 0, 0
000000193853_jpg.rf.3befd613377d483136446cffba386b9a.jpg, 0, 1, 0, 0
000000411015_jpg.rf.3bf706dd975d3916ebe4ff8941216d88.jpg, 0, 0, 0, 1
000000133308_jpg.rf.3bed7a0b09083179c822bd98e623529b.jpg, 0, 1, 0, 0
000000155401_jpg.rf.3c3e534aec6322cb3f0631e28e61094b.jpg, 1, 1, 0, 0
000000574037_jpg.rf.3c033b05178133db9da30f32abfd3743.jpg, 1, 1, 0, 1
000000042659_jpg.rf.3c370457d5113811d1f8ec4793e20fc6.jpg, 0, 1, 0, 0
000000358608_jpg.rf.3c1c039f44c8527727bff303884165f9.jpg, 0, 0, 1, 0
000000497351_jpg.rf.3bf4103c68120a63a2e85403ba5d0d6b.jpg, 0, 0, 0, 1
000000472870_jpg.rf.3bf3c49f329d521bb299f8796d7d0bc1.jpg, 0, 1, 0, 0
000000190680_jpg.rf.3c1b95fe171ae5c75e10b7d556ac5c3f.jpg, 0, 1, 0, 0
000000123184_jpg.rf.3bf64bfb7575f2e70edcd931f7e66bca.jpg, 0, 0, 1, 0
000000045222_jpg.rf.3c4e9a4141640db00b36cf085e1195a1.jpg, 0, 1, 1, 0
000000056292_jpg.rf.3c5c0be6da5a97c0a1f66b941fadae9c.jpg, 0, 1, 0, 0
000000159828_jpg.rf.3c3e1c489e76ce18439736a47f4d9580.jpg, 0, 1, 0, 0
000000381608_jpg.rf.3bfee6e92d1155c8aa3485ea6068f5d4.jpg, 0, 1, 0, 1
000000481251_jpg.rf.3c5e08e8236caeefaaae66a0cfb7a84a.jpg, 1, 0, 0, 0
000000448531_jpg.rf.3bf110fb4192352ed8015df36cf744eb.jpg, 0, 1, 0, 0
000000465424_jpg.rf.3c02e6d09fba1837d7b08060bab9156b.jpg, 0, 1, 1, 0
000000434693_jpg.rf.3c06fa7ff7ce0905887a30a0d0c44cc4.jpg, 0, 1, 0, 0
000000046872_jpg.rf.3c6066a73e778aaa05eb5606099f6b0c.jpg, 0, 1, 0, 1
000000276719_jpg.rf.3c053d364af5becd8ea06dec9b524177.jpg, 0, 1, 1, 1
000000456782_jpg.rf.3c60611ae4e2e72a835a24f7b1f61e8f.jpg, 0, 1, 0, 1
000000001366_jpg.rf.3c6bbe9d67cda2f402a32c265793f1c9.jpg, 1, 1, 0, 0
000000087135_jpg.rf.3c6c6e20a2f0e75e2d72fbd67dbf3d8a.jpg, 0, 1, 0, 1
000000378747_jpg.rf.3c7d1c082c28e3ed0537312e92edfdab.jpg, 0, 1, 0, 1
000000542079_jpg.rf.3c7205139dfe65ab99f1fc0384a6ad19.jpg, 1, 0, 0, 0
000000315209_jpg.rf.3c853773390aa51f2d20f18e21f8325a.jpg, 0, 1, 0, 0
000000258559_jpg.rf.3c90c1a56153a0cc6aa4246e3e87e1c2.jpg, 0, 1, 1, 0
000000546264_jpg.rf.3c6c61ffd4d138e8cb3b22c23ca94b08.jpg, 0, 0, 1, 0
000000308276_jpg.rf.3c912685be991578ae5220a2bea8da04.jpg, 0, 1, 1, 1
000000461996_jpg.rf.3c7cd9ec12d26c63174011396ec97b45.jpg, 0, 1, 0, 0
000000227227_jpg.rf.3c6e2bc8db9b9488d8e748bd9e80d44f.jpg, 0, 1, 0, 0
000000017267_jpg.rf.3cafd86829f77da6c2dc59f281fa0232.jpg, 0, 1, 0, 1
000000077854_jpg.rf.3c731f8f16083a4a6fd4342a59c264e4.jpg, 1, 0, 0, 1
000000420825_jpg.rf.3c7e43842cad00dc97d6b1a626e400b4.jpg, 0, 1, 0, 0
000000089999_jpg.rf.3cbdc33e04196aa140b557dffb78a517.jpg, 0, 1, 0, 0
000000186000_jpg.rf.3c6678cc0f5dd94ad79df65c5aafb8ad.jpg, 0, 1, 0, 0
000000182765_jpg.rf.3cd592f875ca634b198c21c489ab2a68.jpg, 0, 0, 0, 1
000000132857_jpg.rf.3ce3168a6cb3be789f2cd8fe9f87cae4.jpg, 1, 0, 0, 0
000000445371_jpg.rf.3cb89c87286d1db56114e9d18c7708ad.jpg, 0, 1, 0, 0
000000128215_jpg.rf.3ce21167f588eeadfa4733e45c8778a0.jpg, 0, 1, 0, 0
000000261999_jpg.rf.3cc30234d44aeea45b160194fa4b095d.jpg, 0, 0, 1, 0
000000112182_jpg.rf.3c8e3d0e1efd821f712a8a751138c494.jpg, 0, 1, 0, 0
000000400305_jpg.rf.3cd3a1a34fae4e41c4842a7b0973a96c.jpg, 0, 1, 0, 0
000000554756_jpg.rf.3cb1fe62fb4c2ff88160f7472d114250.jpg, 0, 0, 0, 1
000000020629_jpg.rf.3cdfad4e0b29eaa9c7dbf50a0bdaa4a0.jpg, 1, 0, 0, 1
000000376668_jpg.rf.3cb582307fdfa4d3170cee7545b58fe8.jpg, 1, 1, 0, 0
000000140630_jpg.rf.3ce46d40f459f5139a4e2c6749619a98.jpg, 0, 1, 0, 0
000000330915_jpg.rf.3cebf56b57740f87b7641aa0f47a0383.jpg, 1, 0, 0, 0
000000577592_jpg.rf.3ce7901982afe3f752f7f72c5fb25944.jpg, 0, 0, 0, 1
000000005620_jpg.rf.3cffd0aed6a51c5f601749969ea3e192.jpg, 1, 1, 0, 1
000000452005_jpg.rf.3ceca48532e18e24b0aa36f6c07dafe1.jpg, 0, 1, 0, 1
000000279451_jpg.rf.3cfdd0675c6ac5f9fa72003c28c0c093.jpg, 0, 0, 0, 1
000000304725_jpg.rf.3cf86b85bc6d8583e0a24e0c210e7f72.jpg, 0, 1, 0, 0
000000512424_jpg.rf.3d1b9a56052b3d4acbf7167bc4a8fb2a.jpg, 0, 1, 0, 0
000000243031_jpg.rf.3d27e99b5fc33ed29747465f4492ed28.jpg, 1, 0, 0, 0
000000120068_jpg.rf.3d33f4370ead5639d3a38e5154ff186a.jpg, 0, 0, 1, 0
000000376492_jpg.rf.3d2c175068b18521ee3ede0502035c21.jpg, 1, 0, 0, 1
000000539242_jpg.rf.3d0f2d76097ffaaed6a3c711febb4fe6.jpg, 0, 1, 0, 1
000000131627_jpg.rf.3cfcac0bd305ebde4832984d07b44dff.jpg, 1, 0, 0, 0
000000369820_jpg.rf.3d27f31a5d2f45cdb64578671158e9fe.jpg, 0, 1, 0, 0
000000160501_jpg.rf.3d40060e1a5a1b51f13e152662af808d.jpg, 0, 1, 0, 1
000000398406_jpg.rf.3d0122a90eb4421e3ef6166b06a1bea6.jpg, 0, 1, 0, 1
000000461998_jpg.rf.3d0ad0d3232911b3c1eee996c8a1f3b0.jpg, 0, 1, 0, 0
000000479938_jpg.rf.3cf242626ed0bdc7b3783255e567bbf1.jpg, 0, 0, 1, 0
000000454978_jpg.rf.3d3dfb4646a2aed8e71fe9bc6afd0af7.jpg, 0, 0, 1, 0
000000136131_jpg.rf.3d14b1324b33d093ed532272e5a4aa49.jpg, 1, 1, 0, 0
000000397117_jpg.rf.3d204afd0a6525f3c1c0cc1c0ebd2d11.jpg, 1, 1, 0, 1
000000518341_jpg.rf.3d2e3e5ff0afbbd88998f15c1275f6d6.jpg, 0, 0, 0, 1
000000358817_jpg.rf.3d2bd826dfff6efb0273e94301f7eac0.jpg, 0, 1, 0, 0
000000153031_jpg.rf.3d1b5ae1164b49023ab443f0f929f650.jpg, 0, 1, 0, 0
000000424927_jpg.rf.3d068613bf108c56cfc17519d5ae814e.jpg, 1, 0, 0, 0
000000442915_jpg.rf.3d0936d69723bbd5f3e45cb2f4d2cedf.jpg, 1, 1, 0, 0
000000555034_jpg.rf.3d473db7d564b22d6fd51fd8020241a4.jpg, 0, 1, 1, 1
000000357984_jpg.rf.3d5f40010b07316d8e4fb6670d2fbd97.jpg, 0, 1, 1, 0
000000281595_jpg.rf.3d44728cadd64c0f4cfe4a184de48a3f.jpg, 0, 1, 0, 0
000000452621_jpg.rf.3d6938e35c68c4279aaf7343667ef0d7.jpg, 1, 1, 0, 0
000000357737_jpg.rf.3d6e5001109013ee0ec0eed9de3c2180.jpg, 0, 1, 1, 1
000000174898_jpg.rf.3d72448cdbcdaed7f565a5e2b3bec510.jpg, 0, 0, 1, 0
000000270004_jpg.rf.3d5e60b5a0c434486a9bfcb3bd04efe0.jpg, 0, 1, 0, 0
000000479836_jpg.rf.3d741ebf011e3f97cbddb82410d39aae.jpg, 0, 1, 0, 0
000000268123_jpg.rf.3d69975d7a0943e91f716db89c30c955.jpg, 0, 1, 0, 0
000000399078_jpg.rf.3d50087d122a1f65c4291a447bd7e501.jpg, 1, 1, 0, 1
000000457780_jpg.rf.3d901bc1e2b8757b8abf3981e4d013c7.jpg, 0, 1, 0, 0
000000086020_jpg.rf.3d6e18db179d13b044cb6045d6a8f49a.jpg, 0, 1, 0, 1
000000072282_jpg.rf.3d8a231abdf12fa605f79df3df63ba70.jpg, 1, 0, 0, 1
000000002209_jpg.rf.3d85d9f85f7ac43ce7d1bdfe5c5f5369.jpg, 0, 1, 0, 1
000000526840_jpg.rf.3d93254fbd087c2d14d6f786e3856b30.jpg, 0, 1, 0, 1
000000137622_jpg.rf.3d85698c55fb64c649249a7915f72f4a.jpg, 0, 0, 0, 1
gettyimages-994281782-640x640_jpg.rf.3d6e0eb66dcedc3eb3aa321240f982da.jpg, 0, 1, 0, 1
000000386973_jpg.rf.3d6398b4b5d6e2ac7e66e3964e218d69.jpg, 0, 1, 0, 0
000000331937_jpg.rf.3d7806c466279c7895b1f5a7e5c0f612.jpg, 0, 1, 0, 0
000000421325_jpg.rf.3da26b27b3908b13e01719adbe43de61.jpg, 0, 0, 0, 1
000000076364_jpg.rf.3db8e406daab4a7c2c6c6d4666dcb42f.jpg, 0, 1, 0, 0
000000354088_jpg.rf.3dc10474693103b6243b485923382065.jpg, 1, 1, 0, 0
000000406168_jpg.rf.3d938321d439f3918abe66e5798e730b.jpg, 0, 0, 0, 1
000000246650_jpg.rf.3d99c4821c09ec84f1d561fd86c17511.jpg, 0, 1, 0, 0
000000366173_jpg.rf.3d6ea78bfe57f8924e8512173a4df2aa.jpg, 0, 1, 1, 0
000000370602_jpg.rf.3d98c5665848d51addfe7ba1686a7504.jpg, 1, 1, 0, 0
000000125286_jpg.rf.3d9916fbd95cf0083101135ff2dd4128.jpg, 0, 1, 0, 0
000000579568_jpg.rf.3def145780ff4f323c9b09c68c87e782.jpg, 1, 0, 0, 0
000000047405_jpg.rf.3dc5ab883e61444c44af8f11d09f9793.jpg, 0, 0, 0, 1
000000048824_jpg.rf.3da10826160bdf18658f39f124e391d7.jpg, 0, 1, 0, 1
000000312452_jpg.rf.3dd0d40cd09821b094493ecf22e54fae.jpg, 1, 0, 0, 0
000000324709_jpg.rf.3dd67298cb2727c44c500c4e1b065222.jpg, 1, 0, 0, 1
000000146389_jpg.rf.3de3baccac42547b8f828cc3db04a873.jpg, 0, 1, 1, 1
000000476701_jpg.rf.3dd5db24207e137c57d3dd705d473f8c.jpg, 1, 1, 0, 1
000000042347_jpg.rf.3dcd75fbca8f8043a6acbe3dc6729e25.jpg, 1, 0, 0, 0
000000049058_jpg.rf.3d8fa4cb030751e6336d46bd51223c38.jpg, 0, 1, 0, 0
000000531474_jpg.rf.3df1863cd4eb471371ab70e2d2abee57.jpg, 0, 1, 0, 1
000000054351_jpg.rf.3d870ac73397db81db99271d32f8069e.jpg, 0, 1, 0, 0
000000030345_jpg.rf.3e05d2e8d8d92f5f81467c7bcf2292bc.jpg, 0, 1, 0, 1
000000037478_jpg.rf.3df668a59601c1e65f8850fa19b13917.jpg, 0, 0, 0, 1
000000239048_jpg.rf.3e063ee65936678bf54c8b1b080fb31f.jpg, 0, 0, 0, 1
000000284950_jpg.rf.3e09161999a56c780be2bd8c8e394ad2.jpg, 0, 1, 1, 0
000000496192_jpg.rf.3dfa6fa0ea8b71a39be7a40a51866ab4.jpg, 0, 1, 0, 0
000000361208_jpg.rf.3e0d557b09a1c01628530a244e908d8f.jpg, 1, 1, 0, 1
000000574332_jpg.rf.3dca23c0646d99e88740da66573c5001.jpg, 0, 0, 0, 1
000000071552_jpg.rf.3dfcfbb2d442257f9d2ce7a3c34becc4.jpg, 1, 1, 0, 0
000000400815_jpg.rf.3e318a7cbed86aea67a8df98a6b91370.jpg, 0, 0, 0, 1
000000578884_jpg.rf.3defffa419db7e3b6e27ce874f72b82b.jpg, 1, 0, 0, 1
000000078361_jpg.rf.3e2b41966b298ce1e1e8169cf3bbb5fa.jpg, 0, 1, 0, 0
000000481464_jpg.rf.3e1129a9f4244e3aad3f454eac17ca68.jpg, 0, 1, 0, 0
000000134007_jpg.rf.3e2760afea555ed2e958a8941969b222.jpg, 0, 1, 0, 0
000000048441_jpg.rf.3e4bbcd4b759dcabe192808e31df134e.jpg, 0, 0, 0, 1
000000401847_jpg.rf.3e398d35a1c50405e801ea5ad5eb6301.jpg, 0, 1, 0, 0
000000499267_jpg.rf.3e161b418b9f51e82b3d7f04358c411f.jpg, 1, 1, 0, 0
000000065485_jpg.rf.3e72520d702bf4a3185e0cfa417e5c2b.jpg, 0, 1, 0, 0
000000523037_jpg.rf.3e72fc326f03be299e3d366f0c834230.jpg, 0, 1, 0, 1
000000395752_jpg.rf.3e402d8477a0f7985a8b737f4b77bc18.jpg, 1, 0, 0, 0
000000245757_jpg.rf.3e2dd2367f5d69ddf45c984fe65a075e.jpg, 0, 0, 1, 0
000000545859_jpg.rf.3e4ef50de2d509b7a957837815649903.jpg, 0, 1, 0, 1
000000502285_jpg.rf.3e7a0d01a4c8f508bdf1dd9cec1588e0.jpg, 0, 1, 0, 0
000000541690_jpg.rf.3e0aa69273a2869cc820ced42f870428.jpg, 0, 0, 0, 1
000000358781_jpg.rf.3e4da8fe2e6d86eacefd72b4560b3635.jpg, 1, 1, 0, 0
000000122973_jpg.rf.3e762f3bc10402e2bfb5445bfbebc28d.jpg, 1, 1, 0, 1
000000528962_jpg.rf.3e38f14eb544b6be6bffe5d971ca13a4.jpg, 0, 0, 1, 1
000000104381_jpg.rf.3e2f2aaef598d9092161167886246c51.jpg, 0, 1, 0, 0
000000368818_jpg.rf.3e793536e055d4a676d0b91b0a969808.jpg, 1, 0, 0, 0
000000224414_jpg.rf.3e7c9a9659231641a32b72c4a7a1d743.jpg, 0, 1, 0, 0
000000384970_jpg.rf.3e9d4ed64d2ffc94deb318dcefe92afb.jpg, 0, 1, 1, 1
000000431997_jpg.rf.3e90bd33baafd802322ea99339c2babd.jpg, 0, 1, 0, 0
000000487655_jpg.rf.3e84e3f8cfc818c8c9c3d72524168a4f.jpg, 0, 1, 0, 1
000000541134_jpg.rf.3eb0ab5593265daca5767c74644832df.jpg, 1, 1, 0, 0
000000050602_jpg.rf.3e84ef36ee3d7fea172b110470d7966d.jpg, 0, 1, 0, 0
000000409120_jpg.rf.3e9357db451393bec7a112fa2e10a8af.jpg, 0, 1, 0, 0
000000107011_jpg.rf.3e81e34a279d8b0c58a1b0b2ad072930.jpg, 0, 1, 0, 1
000000051990_jpg.rf.3e99a929beeee9a00151518e205333c9.jpg, 0, 1, 1, 1
000000402542_jpg.rf.3e9596a02977302510395dc74a13634a.jpg, 0, 1, 0, 0
000000315404_jpg.rf.3eb710cb2387d44fb18c2e15d65983e2.jpg, 0, 1, 0, 1
000000344909_jpg.rf.3ec59d772447dec106af039e4704b66d.jpg, 0, 1, 0, 0
000000524011_jpg.rf.3ed88cec0869c57a9445172d8f85a0ef.jpg, 0, 1, 0, 0
000000067807_jpg.rf.3ec0bf95c11b71080c0c8fd00248c8fb.jpg, 0, 1, 0, 0
000000409963_jpg.rf.3eddec96d08c9dc0600cce1be7ca91bd.jpg, 0, 1, 0, 0
000000326690_jpg.rf.3ea7aae73d54a5761c4d9cd9e3ee712f.jpg, 0, 0, 0, 1
000000030235_jpg.rf.3ebda952945835446167b161d709eaa1.jpg, 0, 1, 0, 1
000000200320_jpg.rf.3e9c6b84d4548b37df58a4e8596ab282.jpg, 0, 0, 1, 0
000000165855_jpg.rf.3ee3d4e59637bd2db0adc85114db6516.jpg, 0, 0, 0, 1
000000171841_jpg.rf.3f168e85ff5e56de1016a1f2659b9139.jpg, 1, 1, 0, 1
000000076009_jpg.rf.3efbca437f3f6147a92b0834a932abac.jpg, 0, 1, 0, 1
000000351369_jpg.rf.3f1c6826e91f22c348fc0668e3eba550.jpg, 0, 1, 0, 0
000000563658_jpg.rf.3f33de57c3b3ea1e4ea63e476f0586d3.jpg, 0, 1, 0, 1
000000559218_jpg.rf.3eade4112ac169f2f108b40430c1f05d.jpg, 0, 1, 0, 0
000000552392_jpg.rf.3f313255a5a9513edae97ad4f5bdb72f.jpg, 1, 0, 0, 0
000000061729_jpg.rf.3f3fa4e0bc608987458e602bd8fc1a6a.jpg, 0, 1, 0, 0
000000065183_jpg.rf.3efe44501839301ca39760fdb0ca3745.jpg, 1, 0, 0, 0
000000545219_jpg.rf.3f25ea020c1d038f0c9e8532097fa566.jpg, 1, 0, 0, 0
000000454329_jpg.rf.3edf83a99fd705f109fc2fe8a4c0f0b9.jpg, 1, 0, 0, 0
000000219144_jpg.rf.3ea0c10dbb75b2ca6445b897c62abc28.jpg, 1, 0, 0, 0
000000110369_jpg.rf.3ee3983502371de1d2409ef8982f9042.jpg, 0, 0, 0, 1
000000558318_jpg.rf.3ef80320abf4bf72ee678b0fd3d43ac2.jpg, 0, 1, 0, 0
000000406560_jpg.rf.3f4f4118dc045f8624710e66f67f6720.jpg, 1, 0, 0, 0
000000271689_jpg.rf.3f099ae52cba0a782267bf9b11aa6f63.jpg, 0, 1, 0, 0
000000116455_jpg.rf.3eccc2e401cc612fe43db37258ede734.jpg, 0, 0, 1, 0
000000476500_jpg.rf.3f3f0f529bdf92574ca4caa4d14da1bb.jpg, 1, 1, 0, 0
000000565771_jpg.rf.3f4b48542c4dcd2d4405abad5c81e3fc.jpg, 0, 1, 0, 0
000000118911_jpg.rf.3f53ab8c2e4925df3c3d2fad6169252e.jpg, 0, 1, 0, 0
000000558602_jpg.rf.3f213c9ae80b7aaefdcfdb7d5717f3fb.jpg, 0, 1, 0, 0
000000501698_jpg.rf.3f6ac8acfb25f50c9a97129375002a67.jpg, 0, 0, 1, 0
000000074466_jpg.rf.3f410cbfbe2fbb36a1c7cef4bf8e9601.jpg, 0, 1, 0, 1
000000351818_jpg.rf.3f573bbf7bbe953a9df5bf751235a99d.jpg, 1, 0, 0, 0
000000098592_jpg.rf.3f65bc07878fd3113f06577c279adfa1.jpg, 0, 0, 1, 0
000000484620_jpg.rf.3f41f4908f071677df0cb102cfd6dc1b.jpg, 1, 1, 0, 0
000000483557_jpg.rf.3f81493ff2151d24ad4e506011e2391b.jpg, 0, 0, 0, 1
000000546976_jpg.rf.3f8a03c381f7489701f0751ebe801aee.jpg, 0, 0, 1, 0
000000209720_jpg.rf.3f84a76e96f931e64b9eaad58f3d84ef.jpg, 1, 1, 0, 0
000000154879_jpg.rf.3f836951aafb22e22741d8ea2dacf6ce.jpg, 1, 1, 0, 0
000000542301_jpg.rf.3fa39560c44bf9f28e2155b376d03369.jpg, 0, 0, 0, 1
000000424429_jpg.rf.3fa42a31a7f9807f47fe0398145869e2.jpg, 1, 1, 0, 0
000000421658_jpg.rf.3fbc7f00fad73a34224e4217ca0314de.jpg, 0, 1, 0, 0
000000369805_jpg.rf.3f9bfe883db2af33326e0226213b1065.jpg, 0, 1, 1, 0
000000078813_jpg.rf.3f98d19a15d2ad228b3ff2d750c52868.jpg, 0, 1, 1, 0
000000057006_jpg.rf.3fba7c45b29f71a7b5057948c19fd606.jpg, 0, 1, 0, 0
000000211246_jpg.rf.3faced840cdd39adf5dfcd9941359e03.jpg, 1, 0, 0, 0
000000326948_jpg.rf.3fe1789d0a3e8ec4c901ccc03604d01f.jpg, 0, 1, 0, 0
000000425925_jpg.rf.3fe6d455549de49eb545d2e7fed31564.jpg, 0, 1, 0, 0
000000384790_jpg.rf.3f9315e77617d78908c3082e6d44611d.jpg, 1, 1, 0, 0
000000015400_jpg.rf.3faff4c8acc0e2cec971e9b412ff9012.jpg, 0, 0, 0, 1
000000013082_jpg.rf.3ff3201a4a2ae9ec4a458b5f4a9bc9a4.jpg, 0, 1, 0, 0
000000229530_jpg.rf.3fceefcbbdb03d875771c616f585255a.jpg, 0, 1, 0, 1
000000416181_jpg.rf.3fd1eb77403874e3bc89decd719e014d.jpg, 0, 1, 0, 0
000000181305_jpg.rf.3fc8f062657c6c2949960ee8f3de32c4.jpg, 0, 1, 0, 0
000000417556_jpg.rf.3fd269939ccec914335bd79bb973d2fe.jpg, 0, 1, 1, 0
000000020039_jpg.rf.3fd75cc03b9e4b273731cc68e6029773.jpg, 0, 1, 0, 1
000000173198_jpg.rf.3fe835fb9e7a5d3e5c9b556d97f2bc28.jpg, 0, 0, 0, 1
000000325666_jpg.rf.3fb044bceccfcac450f0b82110e26bea.jpg, 0, 1, 0, 1
000000433232_jpg.rf.3fec0eb72eeac29dd90fb99b90287350.jpg, 1, 0, 0, 1
000000337796_jpg.rf.3ffc39e1ca8ef2e70bc45c687c70b0f6.jpg, 1, 1, 0, 0
000000532390_jpg.rf.3ff9602e58270d5c3fce8ec6016ab3cf.jpg, 0, 1, 0, 1
000000122051_jpg.rf.40005802d70d09cdb4a0cb6eab2df2ed.jpg, 0, 1, 0, 0
000000018783_jpg.rf.3fe522726ae82ff6169851d3d2b87051.jpg, 0, 1, 0, 0
000000323889_jpg.rf.3fd638c5c36f2b163b1169f9814fc268.jpg, 0, 1, 0, 0
000000493779_jpg.rf.40012189019da5485b3af9b5e967a520.jpg, 0, 1, 0, 0
000000339368_jpg.rf.400444c2e9ea250d7c0a91561a0841b1.jpg, 1, 1, 0, 1
000000217181_jpg.rf.3fd2af2905c8a70c0e3779e9ba3ee54e.jpg, 0, 1, 1, 1
000000256431_jpg.rf.3fe48fbb683e040ceb2e223b4ce16598.jpg, 0, 1, 0, 0
000000337262_jpg.rf.3fb4e737dcaa6f177158d3d13964be22.jpg, 1, 1, 0, 0
000000441695_jpg.rf.4004600c495f7fb1e4c419f6938ee9b5.jpg, 0, 0, 0, 1
000000451202_jpg.rf.40059d58b405eaa0556f38e563fbfea0.jpg, 0, 1, 0, 0
000000413623_jpg.rf.4018db87efb1fd862109ec6f66c9a6eb.jpg, 0, 1, 0, 0
000000122871_jpg.rf.40095f04bd1777052c452d14a7b6af6f.jpg, 1, 0, 0, 1
000000359182_jpg.rf.402941b56e9afdb1858c255087ac0b2c.jpg, 0, 1, 1, 0
000000285195_jpg.rf.406192973773e6134394dffda96c3e2b.jpg, 1, 0, 0, 0
000000323588_jpg.rf.403606949e19485e8b4775b7397508f3.jpg, 0, 1, 0, 0
000000331185_jpg.rf.4015d0b302642b04a06e23b17a62c7b6.jpg, 0, 0, 1, 0
000000003711_jpg.rf.4033a02a06b08b4b2d5f2132db063605.jpg, 0, 1, 0, 0
000000390571_jpg.rf.402aaff149144c32f323d1ca18d1899d.jpg, 0, 1, 0, 0
000000030448_jpg.rf.406c131b7a2eba88851d5ad0acd0c119.jpg, 0, 1, 0, 1
000000307243_jpg.rf.400793e9498378b3679f54f4b405821e.jpg, 0, 1, 0, 0
000000581108_jpg.rf.40206ff6af48dad0b38fbd4ecc2b57b7.jpg, 0, 0, 1, 0
000000029155_jpg.rf.4021f3c8343d29c61b2f12e0e39281f5.jpg, 0, 1, 0, 0
000000576461_jpg.rf.403ca6cb8a119da3943375d768c8ae13.jpg, 0, 1, 0, 0
000000392364_jpg.rf.40681c434133a438560098e4fd93e5d5.jpg, 0, 1, 0, 0
000000459058_jpg.rf.406bd8b91a4f1d8db92624afe881cdb1.jpg, 0, 1, 1, 0
000000141834_jpg.rf.407bf8265dc0ce5128631bb611588e80.jpg, 0, 0, 0, 1
000000262389_jpg.rf.4084b40b38bc1863601d9f6681906cd8.jpg, 0, 0, 1, 0
000000195837_jpg.rf.4068eac46ef3b625ce511f9ffba39cd5.jpg, 0, 0, 0, 1
000000217592_jpg.rf.409d0b11e3deb92e279447cb4e5a0f6e.jpg, 1, 0, 0, 0
000000337760_jpg.rf.408e396989d6024daadacd8ce7d55144.jpg, 0, 0, 0, 1
000000428460_jpg.rf.40ae72334760488288d5b035f628895b.jpg, 0, 0, 0, 1
000000535950_jpg.rf.4093843dbcfc70b6eb07309aa04a085d.jpg, 0, 0, 1, 0
000000322024_jpg.rf.409b9d0a574c6882ad96c31da7869a69.jpg, 1, 0, 0, 0
000000095178_jpg.rf.406c10ffac7902a34fb280422e5abc03.jpg, 0, 0, 0, 1
000000014886_jpg.rf.408f5cd6bcc229b5404249b073f485da.jpg, 1, 1, 0, 0
000000245654_jpg.rf.40a6e8caeb6deac35ef582db409bf0d7.jpg, 0, 1, 0, 0
000000548662_jpg.rf.4074c383f304f2f0c3b05a045d5cad83.jpg, 1, 1, 0, 1
000000406329_jpg.rf.40b422f225ca74211b8032dac585fe86.jpg, 1, 1, 0, 1
000000351384_jpg.rf.40bf467c47d764a941458d6f3530e9f6.jpg, 1, 0, 0, 0
000000458668_jpg.rf.40b1755e133c2853b6f06f2fdd4a8db1.jpg, 0, 0, 0, 1
000000398331_jpg.rf.40b50f8d78dc0f2c92a99685ebeff1a0.jpg, 1, 0, 1, 1
000000462944_jpg.rf.40cb77bd61520a0fb5834d56a93d405c.jpg, 0, 1, 0, 0
000000478240_jpg.rf.40eeac223af65117017e7fbae6133c39.jpg, 1, 0, 1, 0
000000160102_jpg.rf.40ebae005d84bbc64bbbc6e816aa5fa6.jpg, 0, 0, 0, 1
000000331627_jpg.rf.40d8fb716a594f2cbc0c3384eb0c003c.jpg, 0, 1, 0, 0
000000552170_jpg.rf.40e04d05f65af52b58a644f8a1a3ac33.jpg, 0, 0, 1, 0
000000209654_jpg.rf.40b1c89fb14e5729af9decd9efc9fab6.jpg, 0, 1, 1, 0
000000476269_jpg.rf.40efe1253857d033831c0be99f64a030.jpg, 0, 1, 1, 0
000000241113_jpg.rf.40eeb37129ad1657a072ba7f40e54f16.jpg, 0, 0, 1, 0
000000086409_jpg.rf.40f7d1e0aeb2b8a18f73744b7ef47561.jpg, 0, 1, 0, 0
000000301817_jpg.rf.40f1a372692c76604d79fa17db9f02c1.jpg, 0, 1, 0, 0
000000268251_jpg.rf.40ff544f2f13a40943e7abd0a1839be1.jpg, 0, 1, 0, 0
000000003272_jpg.rf.40f341c43965385c46a0e37596d95eba.jpg, 0, 1, 0, 0
000000045580_jpg.rf.4108867eaf315ed523309c00a0465f27.jpg, 0, 0, 1, 0
000000484762_jpg.rf.40fafb106d699e966369cde2dfeb2e8c.jpg, 0, 0, 0, 1
000000554815_jpg.rf.410e931a4c62a38dbe100f6d2a65f516.jpg, 0, 1, 0, 0
000000473070_jpg.rf.4106ac9b943cb68b5f6a9088b8dacfde.jpg, 0, 1, 1, 0
000000410817_jpg.rf.4101ff0eb87411e48730d7317cf817dd.jpg, 0, 1, 0, 0
000000414927_jpg.rf.40f0f35987814a1f69866aa2565bc628.jpg, 1, 1, 0, 1
000000379259_jpg.rf.411d3571b3e7f1566afc77c4f105adf5.jpg, 0, 1, 0, 0
000000436607_jpg.rf.4116a320f48c6d07814dced063201dc4.jpg, 0, 1, 0, 0
000000147972_jpg.rf.413951e3b2ba327becb24d862d6809c9.jpg, 0, 1, 1, 0
000000311007_jpg.rf.40fbed5926bc3721c67d1776786c058b.jpg, 0, 1, 0, 0
000000376284_jpg.rf.40f053aabfb8d67eedc80840aa25f469.jpg, 0, 1, 0, 0
000000397522_jpg.rf.414131e6083c23eccea15c78eb79c1f2.jpg, 0, 1, 0, 1
000000433892_jpg.rf.413088a7b4e492619e12bb7fea60afac.jpg, 0, 1, 0, 0
000000389351_jpg.rf.4138cd2045b3da3d681e806265cb584e.jpg, 1, 1, 1, 0
000000276063_jpg.rf.4184508f2c5c6cbceb261883b8d8b30b.jpg, 0, 1, 0, 1
000000337930_jpg.rf.4143f253688276e11e0084d27556f09f.jpg, 0, 1, 0, 0
000000221430_jpg.rf.416d05223781c128bec50c15a42ce2c3.jpg, 0, 1, 0, 0
000000103272_jpg.rf.415934a39760dac5e6fcfebcc853c90f.jpg, 0, 0, 0, 1
000000024434_jpg.rf.41925d9a529092dec54716199af1d285.jpg, 0, 0, 1, 0
000000151671_jpg.rf.410f6e2a481c1348d9d6a71c1c274221.jpg, 0, 1, 0, 0
000000051089_jpg.rf.410b0c5751c8b7887907bfbd8b270c8b.jpg, 1, 1, 0, 1
000000336166_jpg.rf.41a152ca2dae5447928fd35ff3a0c239.jpg, 0, 1, 0, 0
000000263104_jpg.rf.41434ac601e29f89da4fcf2c8eb151d1.jpg, 1, 1, 0, 0
000000521804_jpg.rf.418cf416f78c87210cdb0bef29695f36.jpg, 0, 0, 0, 1
000000027946_jpg.rf.419f28af4424715f48a0f128ce159e8a.jpg, 1, 1, 0, 0
000000494391_jpg.rf.4113664f89964d99ddd83efbd822142e.jpg, 0, 1, 0, 0
000000090154_jpg.rf.41902d20adecc19d311b89b2ade644ff.jpg, 1, 1, 1, 1
000000171382_jpg.rf.418612319cea967c09fc2b7fdf16665e.jpg, 0, 1, 0, 0
000000012233_jpg.rf.418617e6d50c2d60f1c22200da8b7c1f.jpg, 0, 0, 1, 0
000000524956_jpg.rf.419a5d38e7ff01c40a2556cec1b53da5.jpg, 1, 1, 0, 0
000000163220_jpg.rf.41a62833c037f666f486be9bd444cd5b.jpg, 1, 1, 0, 1
000000014988_jpg.rf.41b63677491d0d16fc8d3bcb05d84f40.jpg, 1, 0, 0, 0
000000320812_jpg.rf.41b7808aa3f678d725175bd499d4aa83.jpg, 0, 1, 0, 0
000000108541_jpg.rf.41bc8273896545841024385e9d2c0cf5.jpg, 0, 1, 0, 1
000000097679_jpg.rf.41b40ff6dbaa730425843741b0b3cc42.jpg, 0, 1, 0, 0
000000053803_jpg.rf.41bf523c66be65db43f47340a3bc2607.jpg, 0, 1, 1, 1
000000429745_jpg.rf.41d43be665e5904bfc5d576f044f5dee.jpg, 0, 1, 0, 0
000000205002_jpg.rf.41f6c7d7fe12e23d48c93a0efbe7c036.jpg, 0, 1, 1, 0
000000425447_jpg.rf.41d810128f06bee776fef006ca2cb985.jpg, 0, 0, 0, 1
000000455808_jpg.rf.41a2492834cdd4cbc856aa54d6a799e0.jpg, 0, 1, 0, 1
000000317730_jpg.rf.41d381c4a700c0153456f816227bd76f.jpg, 0, 0, 0, 1
000000193875_jpg.rf.41c6c11dc62d16020efa1a71edf4eda5.jpg, 0, 1, 0, 1
000000168134_jpg.rf.41e5d5d96197069f77f6bc17e25d7516.jpg, 0, 1, 0, 0
000000158906_jpg.rf.41cc381d1bf16b406fc4c29d4c701c12.jpg, 0, 0, 0, 1
000000547351_jpg.rf.41a24ac2f19a5460a23e4e95b329910d.jpg, 0, 1, 0, 0
000000354753_jpg.rf.41fbce59ed604d5af11cb39ef15ef567.jpg, 0, 1, 0, 0
000000403534_jpg.rf.41d0cb8356409d75058347f21903c6bc.jpg, 1, 0, 1, 0
000000218647_jpg.rf.41dc4edb395034d3127b4a0c527c6ab0.jpg, 0, 1, 0, 1
000000547431_jpg.rf.41f6ed1a6ce5e73a863011efe5771166.jpg, 0, 0, 0, 1
000000193243_jpg.rf.41a5d8d4523d67f80938fd2bdcac9665.jpg, 0, 1, 0, 0
000000428785_jpg.rf.41de907ed22c04b805b53adb8aedcdad.jpg, 0, 1, 1, 0
000000235876_jpg.rf.41e4efc697b450f89c3d631392830892.jpg, 0, 1, 1, 0
000000270505_jpg.rf.41e2706c3634c473881cf8e016fcb2d9.jpg, 0, 1, 1, 0
000000438978_jpg.rf.41fae4ccfa37fca9b9e06f080efa9c7f.jpg, 0, 0, 0, 1
000000518649_jpg.rf.41c8d37e39daea22912c93b07cbf7b5d.jpg, 0, 1, 0, 0
000000400728_jpg.rf.41fb542670b9764769116c007adc46c5.jpg, 0, 0, 1, 0
000000346384_jpg.rf.41fa5aa86848251a57579d98b15d2eea.jpg, 1, 1, 0, 0
000000269099_jpg.rf.420e1f8ded202c32289fe911fde7dc3a.jpg, 1, 0, 0, 0
000000152436_jpg.rf.420ec64611cf5e476e97486ec93cb88e.jpg, 0, 1, 0, 0
000000480872_jpg.rf.420e6993aaa8839ba1438536e11b7fe8.jpg, 1, 1, 0, 1
000000102330_jpg.rf.421cfd668fe26029ace2e3086d653df2.jpg, 0, 1, 0, 1
000000059318_jpg.rf.424f8c411e9ddf3a8237ac35d161355c.jpg, 1, 0, 0, 0
000000141654_jpg.rf.4227a3ed5314b7c246c0c21008e921e2.jpg, 1, 1, 0, 0
000000083464_jpg.rf.425a70ca562e9690971d2fce6e487924.jpg, 0, 1, 0, 0
000000105291_jpg.rf.425ebfc169c3ae6d4a8542d2b6ee4567.jpg, 0, 1, 0, 0
000000091527_jpg.rf.4216508c9544ed2b84ad7b7bf0787f20.jpg, 0, 1, 0, 0
000000534036_jpg.rf.4267a174ee45d53022b8559c2373c32a.jpg, 1, 0, 0, 0
000000375219_jpg.rf.42944d21e43fdabe679956d3092f5590.jpg, 0, 1, 0, 0
000000027756_jpg.rf.427300b3040b7204a4e36ae4a76ec7fc.jpg, 0, 1, 0, 0
000000079975_jpg.rf.42a5ba59756748173dd5cda40a0575f5.jpg, 0, 1, 0, 1
000000081966_jpg.rf.42a07b83d37bb9b8e865d53ca49c31bf.jpg, 0, 0, 1, 0
000000259426_jpg.rf.4223b70b5159c2053e61a95c36bdae3b.jpg, 0, 1, 0, 0
000000250910_jpg.rf.422df580ce02b7d0ef6bd54e3d3c0f2b.jpg, 0, 1, 0, 0
000000163047_jpg.rf.4285c352926a7cd595b1857f89028663.jpg, 0, 1, 0, 0
000000296943_jpg.rf.424394fd6d4fa0e4890dfdab827aadac.jpg, 0, 1, 0, 1
000000146254_jpg.rf.427a54c2b4c4409b47ec36def29a4e60.jpg, 1, 0, 0, 0
000000425864_jpg.rf.4213cd5123e82d2115c0762091725bd5.jpg, 1, 1, 0, 0
000000372620_jpg.rf.42ab6f53004d8cd5fdf279e6c662251c.jpg, 0, 1, 0, 0
000000293324_jpg.rf.429501dc92cf9fa90eacc0f6cf7fbb59.jpg, 1, 0, 0, 1
000000289807_jpg.rf.427ca22ef0b66846e73e53757b56fb82.jpg, 0, 1, 1, 0
000000408830_jpg.rf.427a157bb043b4c4802806d03698b51b.jpg, 0, 0, 1, 0
000000025551_jpg.rf.42ac84b4ab2ed21f90f96f21d7b233ea.jpg, 0, 1, 0, 1
000000074840_jpg.rf.42765e22a03f935768c0400d3b275b9c.jpg, 0, 1, 1, 0
000000211384_jpg.rf.42ae89d2e17ed9b985f750beb24bb315.jpg, 0, 0, 0, 1
000000058413_jpg.rf.42c020a9c7f8253ba9d17407d75a5ac0.jpg, 0, 0, 0, 1
000000336628_jpg.rf.4244efac532c9fc1cefa9d6b262d372b.jpg, 1, 0, 0, 0
000000447074_jpg.rf.42ac75d7311a8fff3160218c730d4438.jpg, 1, 1, 0, 1
000000317489_jpg.rf.42c9ae5850509793267ff518f77dab65.jpg, 0, 1, 0, 0
000000065859_jpg.rf.42b306172bd2dc8472f245e4066ce3e6.jpg, 1, 0, 0, 0
000000217290_jpg.rf.42be784f8920ec8296433f334fce79db.jpg, 1, 1, 0, 0
000000496939_jpg.rf.42027893727288df36ce031d0c168829.jpg, 0, 0, 1, 0
000000530758_jpg.rf.42c66173d717c248b1f632a26b30e369.jpg, 0, 1, 0, 0
000000565635_jpg.rf.42d4b407262cf9c4ed3df4b50602a2e1.jpg, 0, 0, 1, 0
000000190923_jpg.rf.42c4ccebb7c4c94eba5a5b56e34e0307.jpg, 0, 0, 0, 1
000000356387_jpg.rf.424251567334304c198e84b79c73698c.jpg, 0, 0, 1, 0
000000484531_jpg.rf.42daf0445ae75cee3afdcf07f45b5733.jpg, 0, 1, 1, 0
000000284725_jpg.rf.42d0fb5d5268510380238ebfa6b506ca.jpg, 1, 1, 0, 0
000000573284_jpg.rf.42dee79b6d495d0f7438869c9e91aeef.jpg, 0, 1, 1, 0
000000399102_jpg.rf.42f8f4a1c0092c484ea1772236cb0063.jpg, 0, 0, 1, 0
000000399600_jpg.rf.43023ad00d8098bf2ec9257547eec92b.jpg, 0, 1, 0, 0
000000530964_jpg.rf.42f6c40d6c15334af2c011c19a3dbbf1.jpg, 0, 0, 0, 1
000000310185_jpg.rf.42db680c906c64f3808bba6201c46676.jpg, 0, 1, 0, 0
000000060437_jpg.rf.42ec8ff7c60558c0087399c9657e685f.jpg, 0, 1, 0, 0
000000125524_jpg.rf.42dec7266eb23a175233565533603dd8.jpg, 1, 0, 0, 0
000000527830_jpg.rf.42f3518b0d15b0eacfb4c4f0fce17f34.jpg, 0, 1, 0, 0
000000198017_jpg.rf.42f0b4b06be460255771148a4ca8e8c0.jpg, 0, 0, 0, 1
000000385428_jpg.rf.42e6ec0c0dff402c87ba730de4d75bc4.jpg, 0, 0, 1, 0
000000170562_jpg.rf.431c668f1dd0e03cf1ce12643c94a27d.jpg, 0, 0, 1, 0
000000017627_jpg.rf.42d9c8782bc176805468c92dba2e21c3.jpg, 1, 1, 0, 0
000000366414_jpg.rf.4309cd047613424c103ed22e6c4e453d.jpg, 1, 0, 1, 1
000000008564_jpg.rf.4301cee3db04fb14c7b680da7dce7763.jpg, 0, 1, 0, 1
000000404877_jpg.rf.432077bc5f15b41f57aef3bada22820d.jpg, 0, 0, 0, 1
000000289231_jpg.rf.432709364815249163f0ae314d8e7e8c.jpg, 1, 0, 0, 0
000000229352_jpg.rf.432d0e610b980f313c24ea50909dcdec.jpg, 0, 1, 0, 0
000000133923_jpg.rf.4335ca677b0b52045a990472a8ffbb64.jpg, 0, 1, 0, 1
000000266866_jpg.rf.42d928029f718c894ca4c73d53d0f929.jpg, 0, 1, 0, 0
000000350138_jpg.rf.4344493ca89c05115c90ac64fba49f0a.jpg, 0, 1, 0, 1
000000160190_jpg.rf.43477cddca551a876a4e605ae4239bc8.jpg, 0, 0, 1, 0
000000538194_jpg.rf.435723d7830b8d6dc00abdc6bfa6f8ae.jpg, 0, 0, 0, 1
000000020460_jpg.rf.43298a386fd50ddb243818fd06576b64.jpg, 0, 0, 0, 1
000000185760_jpg.rf.43237e7b079b63f58c933d34963e2586.jpg, 0, 1, 1, 1
000000148280_jpg.rf.4352b85624a9537e8c4874b11b5b03ec.jpg, 0, 1, 0, 1
000000403294_jpg.rf.43396df1c0d5da4b91915a0fa4be059b.jpg, 1, 1, 0, 0
000000530099_jpg.rf.43448acdd246666e831234294114fa88.jpg, 0, 1, 0, 0
000000007819_jpg.rf.42dbdad92540421df963114ba8a6ca3e.jpg, 0, 1, 0, 0
000000491090_jpg.rf.4344a86553df9113d5f4b8ab6089248a.jpg, 0, 0, 1, 0
000000000722_jpg.rf.435e3ae21ad5c18577cb56a1ca37b15f.jpg, 0, 1, 0, 0
000000206770_jpg.rf.433932bcd06fe51a10996cb00925dcae.jpg, 0, 1, 0, 0
000000214295_jpg.rf.4362806f51c6609829d1422182dbaf15.jpg, 0, 1, 0, 0
000000171915_jpg.rf.4388ad13d870a887323b739344c27c45.jpg, 1, 1, 0, 0
000000071256_jpg.rf.43812e4d081c6ff663aa61d5bae3c84b.jpg, 0, 1, 0, 0
000000153083_jpg.rf.433981fcbace31929c39bed40c637dc5.jpg, 0, 0, 1, 0
000000580191_jpg.rf.4380ec32e4b85477e6226a227b6e565c.jpg, 0, 0, 1, 0
000000023201_jpg.rf.43502d870b2d3200c875948f3aa15533.jpg, 1, 0, 0, 0
000000448964_jpg.rf.437951fc51a8cc0ea97124203b80bfd9.jpg, 1, 0, 0, 0
000000233660_jpg.rf.4393cd84a0a322b27b69f53a4d6d8b35.jpg, 0, 1, 0, 0
000000470190_jpg.rf.4397935623ffc1559bfd5d7116261255.jpg, 0, 1, 1, 0
000000580562_jpg.rf.4397fa51703f0b922b6db01c7965024f.jpg, 0, 1, 0, 1
000000564933_jpg.rf.43912816e1b91739a3bbb8f9c541da55.jpg, 0, 0, 1, 0
000000547280_jpg.rf.438debca262bdfb80d9e1a0ef675c791.jpg, 0, 1, 0, 0
000000062057_jpg.rf.4381740d54fdb1ac40a2e90bad5a1282.jpg, 1, 1, 0, 0
000000198495_jpg.rf.43c2479c174160fe65861c56376facfd.jpg, 0, 1, 1, 0
000000093314_jpg.rf.43e6bd4d4044eefa5ff2777bef79fbad.jpg, 0, 1, 1, 1
000000520524_jpg.rf.43a6c2814ff80a3790793388a182697a.jpg, 0, 1, 1, 0
000000123766_jpg.rf.43627392993d050229c2eb39b9d5e3b7.jpg, 0, 0, 1, 0
000000517460_jpg.rf.43eebf178e27b0151823d0a435212829.jpg, 0, 1, 0, 1
000000433200_jpg.rf.43e883b14385cb66eb0abfc711f5a782.jpg, 1, 0, 0, 1
000000251210_jpg.rf.440038dafb684dbd65cd7cbb36258170.jpg, 0, 0, 1, 0
000000089743_jpg.rf.43be97d89241cfe114e2dc790d07e8d3.jpg, 0, 1, 0, 1
000000188847_jpg.rf.4369e5caffb7d11821080847575a0329.jpg, 1, 1, 0, 1
000000184211_jpg.rf.43b75e30ddde8302d272175dce5d568a.jpg, 1, 1, 0, 1
000000011494_jpg.rf.440e46501c20df0f271cd17a2df91b19.jpg, 1, 0, 0, 0
000000334006_jpg.rf.43b915b928aeaaf911d075e89504a0c5.jpg, 0, 1, 0, 1
000000406451_jpg.rf.43a97e1ae07592114bdc4471717fdb9c.jpg, 0, 1, 0, 0
000000054204_jpg.rf.43b72fe1552318214f5b7f1c178d91d9.jpg, 1, 1, 0, 1
000000011887_jpg.rf.43fc98b842666b84eea4585d6866fecb.jpg, 0, 1, 1, 1
000000272255_jpg.rf.43ff400a29c8f83bc26973d3051640e2.jpg, 1, 1, 0, 0
000000287974_jpg.rf.44061a65118e801723fac9b6931c74a9.jpg, 1, 0, 0, 0
000000006074_jpg.rf.43aa2e114bf894f73d7ce0748a5bc0d8.jpg, 0, 0, 0, 1
000000321119_jpg.rf.43967af05f2915f40a14bc2c66e2c03b.jpg, 0, 0, 0, 1
000000148526_jpg.rf.43b05f2f5e0f87d2ca582d44117c3bc6.jpg, 1, 0, 1, 1
000000047346_jpg.rf.440374c30722823601e5d5b6cc567d8a.jpg, 0, 1, 1, 0
000000004497_jpg.rf.440e55bbf6baa08879574a3bd02f1d27.jpg, 0, 0, 0, 1
000000274655_jpg.rf.44259f6e40d59809a9a72dc3074fa53c.jpg, 1, 0, 0, 0
000000250801_jpg.rf.440f452e5b0a6a8a358aaa9f9db88c83.jpg, 0, 1, 0, 1
000000540860_jpg.rf.44069f6123f9c6ce967ea8d695461978.jpg, 1, 1, 0, 0
000000531591_jpg.rf.442868552fab5561183ca6431c7db022.jpg, 0, 1, 0, 0
000000208450_jpg.rf.4410bec09cf554e2e8cf668ae4964754.jpg, 0, 1, 0, 0
000000136563_jpg.rf.442af3b2b0eca3a88fb1913da9751997.jpg, 1, 0, 0, 0
000000434707_jpg.rf.4410589139e00b000afbb94379129251.jpg, 1, 0, 0, 0
000000276565_jpg.rf.4364eae9087f8f203eb111e9a53f7270.jpg, 0, 1, 0, 1
000000024169_jpg.rf.4401854ea2a519a78273cab11f41f85c.jpg, 0, 1, 0, 1
000000454745_jpg.rf.44140e7c19873d52a127df80c936c2a4.jpg, 0, 0, 1, 0
000000215586_jpg.rf.4415aaf742c5ee225d14acbccc149ad5.jpg, 0, 1, 0, 0
000000259093_jpg.rf.4418a02dccb5fd6eed213d9414d7f0c3.jpg, 0, 1, 0, 1
000000311925_jpg.rf.442d942a559dcffeaad8a9bca9065fe7.jpg, 0, 1, 0, 0
000000064523_jpg.rf.44521c93e8792c71296cd8ff5a6920e1.jpg, 0, 1, 0, 0
000000037012_jpg.rf.445b3c0717cf540fdae811b7cfd0f8bf.jpg, 0, 0, 0, 1
000000300303_jpg.rf.444392ea33bbb697b6b2929c5b8e659f.jpg, 1, 0, 0, 0
000000358200_jpg.rf.443d7b908ab64148a3cf06c99b6de85f.jpg, 0, 1, 0, 1
000000090208_jpg.rf.446070f68e3ca60985be15fd8f7f4be6.jpg, 1, 0, 0, 0
000000467038_jpg.rf.44415986d163f69e858c7ea383a4f9d5.jpg, 1, 1, 0, 1
000000025433_jpg.rf.446cf39500f59f6291a7ffd399916a42.jpg, 1, 1, 0, 0
000000151599_jpg.rf.442ba3e55f4e327f9dd4c98f0cb0b1fb.jpg, 0, 1, 0, 0
000000460646_jpg.rf.44659aee1c53415b7d51e68e88650d15.jpg, 1, 1, 0, 0
000000184543_jpg.rf.443ee9ee75621a48203ba7b4e3ce6ddc.jpg, 0, 0, 0, 1
000000117674_jpg.rf.444222d0c1a138e878461088425a5e6d.jpg, 0, 1, 0, 0
000000202112_jpg.rf.4475c2eec3a99cf6bc1668a209be9e7b.jpg, 0, 1, 1, 1
000000352228_jpg.rf.443fffa64cf1a926dcc01cc732fe5e6d.jpg, 0, 0, 0, 1
000000235844_jpg.rf.44743ed3c9d13fe68fe57f30cae30f5a.jpg, 1, 0, 0, 0
000000444913_jpg.rf.44787f3d9a16ad618ffa48baa6de1044.jpg, 0, 1, 0, 0
000000464092_jpg.rf.448bcd6dca84a406f3ef77b931675ec6.jpg, 0, 1, 0, 0
000000370152_jpg.rf.4488c0443b6d1c2f2bb95cede7ca0cd3.jpg, 0, 1, 0, 0
000000252292_jpg.rf.44816ca196ae4dd4905145cc7f855bb0.jpg, 0, 1, 0, 1
000000180307_jpg.rf.4481fb250ab2ca7213655c68109ae817.jpg, 0, 0, 1, 0
000000399675_jpg.rf.448de97feac111bc0fe7333d7d025044.jpg, 0, 1, 0, 0
000000137727_jpg.rf.448e5c0e276d3671c304d60f16abceae.jpg, 0, 1, 0, 0
000000052693_jpg.rf.448ee55ce7030c7deed4cc8b305d97d3.jpg, 1, 0, 0, 0
000000302290_jpg.rf.4482f23da481b567203d9fc17ffe3da7.jpg, 0, 1, 0, 0
000000179209_jpg.rf.4492038214e4d8afd6efffb15047ebfe.jpg, 0, 0, 0, 1
000000574299_jpg.rf.4480684cb50495203bad3ff04c45ec3c.jpg, 0, 1, 1, 1
000000382406_jpg.rf.44aa08ad584aeac145a76b9201173a35.jpg, 0, 1, 0, 0
000000380115_jpg.rf.4496ce6f4a476049f0d07558a934c535.jpg, 0, 1, 0, 0
000000325471_jpg.rf.44e5ae85b14515404afec73041d2a099.jpg, 0, 0, 0, 1
000000340082_jpg.rf.44e03136792c96482c4002f72ab1e5d6.jpg, 1, 0, 0, 0
000000266981_jpg.rf.44e988ec6659ca3f955ba5e18aeb487d.jpg, 1, 1, 0, 0
000000102910_jpg.rf.44d0e19575f72ebd5d7303b867a46756.jpg, 0, 1, 0, 0
000000211675_jpg.rf.44fb4520862faf5e1881299e61c75b53.jpg, 0, 1, 0, 1
000000338246_jpg.rf.4509646e8047538d21db61b4cd6a1cf2.jpg, 1, 0, 0, 0
000000401850_jpg.rf.44f689dac2de71c28bb93a727748147d.jpg, 1, 1, 0, 1
000000470189_jpg.rf.44eaf6c7e91bc1c1c5cea9872afaf74a.jpg, 0, 1, 1, 1
000000283037_jpg.rf.4514f32bcc91bfaed6f115506f167414.jpg, 0, 1, 0, 0
000000384909_jpg.rf.44b9a0b29ec0dcdf63d0af1ccfc6e95b.jpg, 1, 0, 0, 1
000000435576_jpg.rf.441b1ed86d4bf237538d0ebea16f8f20.jpg, 0, 1, 0, 0
000000351221_jpg.rf.4511c02de46c22a4fdc1bcf4d6b912bd.jpg, 0, 1, 0, 1
000000137491_jpg.rf.44cf88602127d91a6a4d2714f129fde5.jpg, 0, 0, 1, 0
000000409451_jpg.rf.44bd61c2fa2a840da489374a3d894441.jpg, 0, 0, 1, 0
000000283054_jpg.rf.452e047f0ba70f26cae3883a467fa0ec.jpg, 0, 1, 0, 0
000000539767_jpg.rf.4542559bd9c92d619d82bb7022fd569d.jpg, 0, 0, 1, 0
000000274773_jpg.rf.44f33a3199810e4d5feef08d70748c7c.jpg, 0, 1, 1, 0
000000326336_jpg.rf.44971175f63180d4ae48ac8ae0143153.jpg, 0, 1, 0, 1
000000101656_jpg.rf.4515a38f183f879e649b4d2f7703fed7.jpg, 0, 0, 1, 0
000000248818_jpg.rf.44c70141e0e0a4459d6e1dea2c6afae4.jpg, 0, 1, 0, 1
000000027482_jpg.rf.45327d5b851a6fa1af35ddf9b49e2931.jpg, 0, 1, 0, 0
000000241342_jpg.rf.4529f13eafa76f3b6594be9db348a29b.jpg, 0, 1, 0, 0
000000450182_jpg.rf.455aabc27fb3427b47f0a945cd1fa034.jpg, 0, 1, 1, 0
000000332078_jpg.rf.452260c9e0938bd6e44dcdc1bb34cfb9.jpg, 0, 1, 0, 1
000000485852_jpg.rf.4566eb34ef9659437860afdd67aa652f.jpg, 0, 1, 1, 0
000000171419_jpg.rf.45481e275891299f1bb8398177a7d61b.jpg, 1, 0, 0, 0
000000123552_jpg.rf.4575b9e5c597e517c67b5569f0fa5610.jpg, 1, 0, 1, 0
000000365140_jpg.rf.457ca53c5b774923615ccbcde0b35b55.jpg, 0, 1, 0, 0
000000036273_jpg.rf.456a4526c84c0ed84d2b610afb47771b.jpg, 0, 1, 0, 0
000000449432_jpg.rf.45865a7808d41c9b51597331af7083be.jpg, 1, 0, 0, 0
000000450483_jpg.rf.4556b1814a00f45a920ca383082f913d.jpg, 0, 0, 0, 1
000000480153_jpg.rf.4560d1992b9be680a1682e126e2369c5.jpg, 0, 0, 0, 1
000000398884_jpg.rf.44ef562c525f8502f0c151036477d86e.jpg, 0, 0, 0, 1
000000281196_jpg.rf.458fe827b5ee9b9db1c392507d50596b.jpg, 0, 0, 1, 0
000000129977_jpg.rf.457add5cc3edd052c9d302412c0b8867.jpg, 0, 1, 0, 0
000000462211_jpg.rf.458ca2344ba51b30e5167d510284a87a.jpg, 0, 1, 0, 0
000000237254_jpg.rf.45767ed4cd959f14293a42db765982f9.jpg, 1, 1, 0, 0
000000353180_jpg.rf.45a266469754e7b7065eda4c5589fef2.jpg, 1, 0, 0, 0
000000244720_jpg.rf.45b11dfb53a2f9241a4daa121e2721c1.jpg, 0, 0, 0, 1
000000513447_jpg.rf.459aa5b966ff36dc413f1be882f87e46.jpg, 1, 0, 0, 0
000000399946_jpg.rf.45229151321230e5d26f5e4d3312881d.jpg, 0, 1, 0, 0
000000055868_jpg.rf.45534f75c42fc7fa260f039f3a9f6a4d.jpg, 0, 1, 0, 0
000000135690_jpg.rf.45b31661b4271ae3fdc947cde3ab8792.jpg, 0, 0, 1, 0
000000203372_jpg.rf.4563d33d4b300538bf343a049b1b0357.jpg, 0, 1, 0, 0
000000442480_jpg.rf.45a8f0f415a06f5ff3711c462f973237.jpg, 0, 0, 0, 1
000000401229_jpg.rf.45c4972bbbc1e25aeb5024b0b0984ffa.jpg, 0, 1, 0, 0
000000188817_jpg.rf.45b6d7fea1b6369eaf103fabbce7d5ca.jpg, 1, 0, 0, 0
000000574487_jpg.rf.45c3d7a743a930314af0867646df2f2c.jpg, 1, 0, 0, 0
000000550543_jpg.rf.45a072e38008ff55fc211b82b774095d.jpg, 0, 1, 0, 0
000000057381_jpg.rf.460764de2931c67defa8665bb4918017.jpg, 0, 1, 1, 1
000000297954_jpg.rf.45aeb080e0fe23a98668651e4aa90b38.jpg, 0, 1, 0, 1
000000477846_jpg.rf.45df670213dba61b4caaba9649c75908.jpg, 0, 1, 0, 0
000000505666_jpg.rf.45e2ceb7e274d7583a4b11cc4cd2b701.jpg, 0, 1, 0, 1
000000510899_jpg.rf.45db9b313db92d2cff185d22e0e71fda.jpg, 0, 1, 0, 0
000000478868_jpg.rf.45f092a50615db6f955df34066f19180.jpg, 0, 1, 0, 0
000000264473_jpg.rf.45d05d4c924f604c70d5adc1ee16eff6.jpg, 0, 1, 0, 0
000000485785_jpg.rf.45fa0f635e6587a9c63f253abeb3dc8f.jpg, 0, 1, 0, 0
000000353276_jpg.rf.45d81a78f6df007b6334c2f31357d229.jpg, 1, 1, 0, 0
000000098830_jpg.rf.460fd8be28c29f81108500e552dba64c.jpg, 0, 1, 0, 0
000000122252_jpg.rf.45dbc0a68e1e5bf5c0da2a8e57fb81c2.jpg, 0, 0, 0, 1
000000041054_jpg.rf.45dde1baf5950e7355626d27b6238766.jpg, 0, 1, 0, 1
000000129587_jpg.rf.4625edbe65690bf59d62fb95686296af.jpg, 0, 0, 1, 0
000000306975_jpg.rf.463c14f99bf682e14ce5b22af9475bd7.jpg, 0, 1, 0, 0
000000505347_jpg.rf.462a2f285c49d69096bb3b544f3cfe20.jpg, 0, 0, 0, 1
000000324124_jpg.rf.462a0d7189599c4e46babb58d5d97c20.jpg, 1, 0, 0, 0
000000136846_jpg.rf.4644aeb35ff031e9028e3937e89f1a58.jpg, 0, 1, 0, 1
000000556203_jpg.rf.464825a94822be7775aa9eb8fff7201b.jpg, 1, 0, 0, 0
000000224601_jpg.rf.45cbdefba3b8640057742fe581b7e319.jpg, 1, 1, 0, 1
000000453096_jpg.rf.466e47965b139e8d9e05fc4ffb1dc92e.jpg, 0, 0, 1, 0
000000175461_jpg.rf.4630a20c5b2882e44e6893d39c3b8535.jpg, 1, 0, 0, 0
000000566026_jpg.rf.460c8c56dad0c1e40f37b53abc4e2c5d.jpg, 1, 1, 0, 0
000000228522_jpg.rf.467113a80057604a3023e0b2abd3aa6c.jpg, 1, 0, 0, 0
000000289782_jpg.rf.45e3da7d6f5ce464a8f405cd24f58c30.jpg, 0, 0, 0, 1
000000064884_jpg.rf.464cdc0cdeb4407a4f84d6ae714a4bfa.jpg, 0, 1, 0, 1
000000529314_jpg.rf.462b3f90143cf27b8a6f6d51bae039a8.jpg, 0, 1, 0, 0
000000566876_jpg.rf.466ebea9a4da4997092b69ff5a3fe795.jpg, 0, 1, 0, 0
000000459997_jpg.rf.4672f12d60ab1410077281dec317b9d7.jpg, 1, 0, 0, 0
000000481091_jpg.rf.4675196a7446fc0b3593b8ebd1654202.jpg, 1, 0, 0, 0
000000159320_jpg.rf.46644757cb093c4d74b9e2a92f738605.jpg, 1, 1, 0, 1
000000510842_jpg.rf.465469e044d6932c2d64e4a55c56a532.jpg, 1, 0, 0, 0
000000116650_jpg.rf.467b3b0f7cad6646bc9ec35e2943e8b6.jpg, 1, 1, 0, 0
000000000094_jpg.rf.4679ab58a9ee278da1762a9d03cf103c.jpg, 0, 1, 0, 1
000000137382_jpg.rf.467e5ff8a89e4585f4976280713e97fd.jpg, 1, 0, 0, 0
000000119647_jpg.rf.464e174e860886efa862e837bc6b5c3f.jpg, 0, 1, 0, 0
000000498533_jpg.rf.46716d793b13c991681ffd67a40e07f0.jpg, 0, 1, 0, 0
000000340454_jpg.rf.4653730a4910766d4f744ea8857ee0e9.jpg, 0, 1, 0, 1
000000514006_jpg.rf.4677238deadb7a7bec80da9f5d7288ea.jpg, 1, 0, 0, 0
000000320566_jpg.rf.468aa86f4537b6e31fd7a174ebd19c89.jpg, 1, 0, 1, 1
000000547309_jpg.rf.46aae0a4d6b0142a5bca71a50b5d6f6c.jpg, 0, 1, 0, 1
000000145628_jpg.rf.46a651f2808c1066deab41a9e9d2479f.jpg, 0, 1, 0, 1
000000436323_jpg.rf.46ab2e8f9fd720ad4025cc440e9977f4.jpg, 0, 1, 0, 0
000000279763_jpg.rf.468dff77ab3b2d5a614cc5ee675e935a.jpg, 1, 1, 0, 0
000000094145_jpg.rf.46bb22dec370fc3f4865fd67dbd7a939.jpg, 0, 0, 0, 1
000000153159_jpg.rf.46d5380195f82c156e3992735e11c9a6.jpg, 0, 1, 0, 0
000000304694_jpg.rf.4676174f0afadfe70698d3fef851ae13.jpg, 0, 1, 0, 0
000000488943_jpg.rf.46bb27d35c001382136e6fcbd9a09d8f.jpg, 0, 1, 1, 0
000000201607_jpg.rf.46b03c2e0bf6310a241fc1ffe9647e47.jpg, 1, 1, 0, 1
000000097818_jpg.rf.46d87ca59c14ce6a5071c77d0e033c0e.jpg, 0, 1, 0, 0
000000030471_jpg.rf.46ad540b9fc5ad179521d1b0585fecba.jpg, 0, 1, 0, 1
000000176606_jpg.rf.46d50d491d6e422c79e5ed61bc7142cd.jpg, 0, 1, 0, 0
000000361386_jpg.rf.468605e98ec7c1668bd572ed4c72c010.jpg, 0, 0, 1, 0
000000575702_jpg.rf.46e6a586d4674dc869c47a465087e58f.jpg, 0, 1, 1, 1
000000151277_jpg.rf.46d0917d63d445f613bdacbe470bc36b.jpg, 0, 1, 0, 0
000000214873_jpg.rf.46d929e828a7d41b4ecd643017a1f5f7.jpg, 0, 0, 0, 1
000000234900_jpg.rf.46fce41e85d6e5db2f2e405360c5fdef.jpg, 0, 1, 0, 1
000000129490_jpg.rf.47073513f41ef5bdac28865dabe22720.jpg, 0, 0, 0, 1
000000547435_jpg.rf.46fe66626dae20fe88d708a02b5120f4.jpg, 0, 1, 0, 1
000000448355_jpg.rf.46a2a5c864540bafd09ff2680f1a2887.jpg, 0, 1, 0, 1
000000259153_jpg.rf.470e9a5741727da05239369e144fc03a.jpg, 0, 0, 1, 0
000000524044_jpg.rf.46d2fb158bf3b94c46fde93eea0882bb.jpg, 0, 1, 0, 0
000000336445_jpg.rf.4708cdd43f18531ef11b12c5e061c882.jpg, 0, 1, 0, 1
000000290070_jpg.rf.46fd2367369e3bfed2bcc7b1e4bbcc94.jpg, 0, 0, 1, 0
000000192755_jpg.rf.46dcc430cbc410c510c6a671d2ae50c8.jpg, 1, 0, 0, 0
000000567171_jpg.rf.46d7a6094cfe03d0166f7e5486d129d2.jpg, 0, 1, 1, 0
000000077707_jpg.rf.46859904df60ddd79d310a3551feac3d.jpg, 0, 0, 0, 1
000000355081_jpg.rf.4718396f3c58369404824e9ce4ed9496.jpg, 1, 1, 0, 1
000000135281_jpg.rf.4734b593879cfeed09982ebf41a42ad7.jpg, 0, 1, 0, 0
000000491397_jpg.rf.4739d9dce1697e9d5579bf21d4c1613f.jpg, 1, 1, 0, 0
000000140581_jpg.rf.46d14cce469635ad123257b7c6cd315c.jpg, 1, 1, 0, 0
000000428389_jpg.rf.47250dde916fd8e2a064ce58d3d745e8.jpg, 0, 0, 0, 1
000000011631_jpg.rf.473d87264c6a0623c5152c03ccded63c.jpg, 0, 0, 1, 0
000000269926_jpg.rf.470d50e8f5e120dbb44ccbfd6a392e64.jpg, 1, 0, 0, 0
000000532175_jpg.rf.4733665a3a34f5a2a5da39d5c167fe15.jpg, 0, 1, 0, 0
000000371282_jpg.rf.4732ba88f4dff2d032fad43af1be7080.jpg, 0, 1, 0, 0
000000101140_jpg.rf.471d33ad533ce4e965670906cdd9118a.jpg, 0, 1, 1, 1
000000378293_jpg.rf.4746589657420425a6e5e2731df47456.jpg, 0, 1, 0, 0
000000122605_jpg.rf.475bde0c4608abea25c81dc2e3ab36ba.jpg, 1, 1, 0, 1
000000241305_jpg.rf.4743626f3245a85786ddcf28ea228587.jpg, 0, 0, 0, 1
000000078364_jpg.rf.4755ac6aec730a1839b731c95e0773ce.jpg, 0, 0, 1, 0
000000224753_jpg.rf.4754fdec5967405c4089b82d9286c636.jpg, 0, 1, 1, 1
000000133327_jpg.rf.478ac5ee15e3bc846cd18bbed895f538.jpg, 0, 1, 1, 1
000000113914_jpg.rf.475d02059b6d18249c5c585612dd5436.jpg, 0, 1, 0, 1
000000569729_jpg.rf.47a2aa3a2cf944063cd8a6bf4e05a53b.jpg, 0, 1, 0, 1
000000313787_jpg.rf.4793b218137c24ffad1499426763c5a8.jpg, 0, 1, 0, 1
000000448114_jpg.rf.476826f1315fd20f7c8b0efff6755991.jpg, 0, 0, 0, 1
000000351904_jpg.rf.479d57836dc81d3decdc76d190d6c31f.jpg, 0, 1, 0, 1
000000294892_jpg.rf.476bd9bd92c6d51984101608d460be35.jpg, 1, 1, 0, 0
000000080522_jpg.rf.475d37291b140322fb218062a83a7dd2.jpg, 0, 0, 0, 1
000000419677_jpg.rf.475e6076750707533a3c2c52acc986d9.jpg, 0, 1, 0, 0
000000570719_jpg.rf.479466c7a481ac4a4f093670814cc7a1.jpg, 1, 1, 0, 0
000000340004_jpg.rf.476feced98fa8cc70a9a4e3f46063348.jpg, 0, 0, 1, 0
000000040937_jpg.rf.47b81ad7b4805dcb0ed4b52402aea2b7.jpg, 0, 1, 0, 0
000000224000_jpg.rf.47a7bb4e4b70d287612421bbc18bc0ce.jpg, 0, 1, 1, 0
000000310216_jpg.rf.475977611c4ed7ff5cec4230aa4a1ca1.jpg, 1, 1, 0, 1
000000097861_jpg.rf.47973e8d5d8e5473547c61b6a2ed5b0f.jpg, 0, 1, 0, 1
000000513895_jpg.rf.47a76c2867eb4a080d27863df04bfaa8.jpg, 0, 1, 0, 0
000000505862_jpg.rf.47c10d5e348c459b4d9f8e07726bb459.jpg, 0, 0, 0, 1
000000509483_jpg.rf.47bc0339dc4a395b97468d9ec1e4a931.jpg, 1, 0, 0, 1
000000073450_jpg.rf.480fa3efeaf3c1cd87f034491ab31035.jpg, 0, 0, 0, 1
000000207549_jpg.rf.47deb5675cee6702d031544cdee8b104.jpg, 0, 0, 0, 1
000000377329_jpg.rf.47e301c2390009769e5cdd08f792c6cd.jpg, 0, 1, 0, 0
000000315719_jpg.rf.47d1d8cb41bd6e40e9e12df8ad41f4bd.jpg, 0, 1, 0, 0
000000234239_jpg.rf.4813cf34f235ca9b9be3a348993efd81.jpg, 0, 1, 1, 0
000000486410_jpg.rf.47bf208e7681b73e407c6da33deaf6e9.jpg, 1, 0, 0, 0
000000023361_jpg.rf.48002844027d5582f44d93746586c444.jpg, 0, 1, 0, 1
000000376628_jpg.rf.47c1efef644da4112822c96ae1e47f6f.jpg, 0, 1, 1, 0
000000083277_jpg.rf.47e08e9d2ba24e28c9d20a6aaaacf58c.jpg, 0, 1, 0, 0
000000475576_jpg.rf.480d8b36b06fa9d83f3176bb849e80ef.jpg, 0, 1, 0, 1
000000357613_jpg.rf.47ca18f63216fc334ad9790485f6b69e.jpg, 0, 1, 0, 0
000000015289_jpg.rf.483f4925448695c7bea670ccee00600e.jpg, 1, 1, 0, 0
000000107554_jpg.rf.48596a25ed3fa3eaf3e5e64ca3c1dec3.jpg, 0, 1, 0, 0
000000168932_jpg.rf.4856220ad996e96bd3a2f7affa5132b2.jpg, 1, 1, 0, 0
000000212648_jpg.rf.481b2e739d419b6508258281e47f32bd.jpg, 1, 1, 0, 0
000000153865_jpg.rf.47dc8ccf17626ee4c4674d0d305acc33.jpg, 0, 1, 0, 0
000000345952_jpg.rf.47b3b700f22eccfa9f1afbb373201bf4.jpg, 1, 0, 1, 0
000000534428_jpg.rf.480ca5048a8d2e524e044a8076c79101.jpg, 0, 1, 0, 1
000000495610_jpg.rf.485725885200a1ba57edb96cc99409a1.jpg, 0, 0, 0, 1
000000168714_jpg.rf.487d22407e7aebf259df1fe66ac304c6.jpg, 1, 0, 0, 0
000000022953_jpg.rf.486eb71f16f0f820d967ca4cdd2f3deb.jpg, 0, 1, 0, 0
000000426585_jpg.rf.487c1bda098936b29a5b0388f63da705.jpg, 0, 1, 1, 0
000000507187_jpg.rf.482759b08229aea0a9bb621259fc3713.jpg, 0, 0, 1, 0
000000124859_jpg.rf.4873a8a32975755d19415cf87dbe5486.jpg, 0, 1, 0, 1
000000462383_jpg.rf.4862c90300643c19bc6b6f228812b373.jpg, 0, 1, 0, 0
000000414744_jpg.rf.486594316745822e6a5b9ca0a228add9.jpg, 0, 1, 0, 1
000000033444_jpg.rf.486bb0d5f3ffc5f56543605a158842fd.jpg, 1, 0, 0, 1
000000550666_jpg.rf.4893795ae68dd29f6a297cc4297696b5.jpg, 0, 1, 1, 1
000000463849_jpg.rf.4888096ceafec729ad26c2a80af8ceac.jpg, 0, 1, 1, 0
000000496274_jpg.rf.488031442ed08556223015a863c2eedb.jpg, 0, 1, 1, 0
000000498460_jpg.rf.48af6afc042b57a2f0b8c6eb780c1ad4.jpg, 0, 0, 1, 0
000000064722_jpg.rf.4881403182ce582ed66ba7c6e5b682b0.jpg, 0, 0, 1, 0
000000159220_jpg.rf.489a64968c26f8cfa891baeb3dc77a0b.jpg, 0, 0, 1, 0
000000347359_jpg.rf.488a505c4dea0a7b13fa257ba596f3b4.jpg, 0, 0, 0, 1
000000241214_jpg.rf.48846058c266acc7d0b0d6ee16d4d151.jpg, 0, 1, 0, 0
000000284930_jpg.rf.489f12a525927259471d8e41423365db.jpg, 0, 1, 0, 0
000000236174_jpg.rf.488269e1667d59262e39fa3e6432db90.jpg, 0, 1, 0, 0
000000204279_jpg.rf.48989af530e7679a350989f219232131.jpg, 0, 1, 0, 0
000000218106_jpg.rf.48db8a9699aca0cf59b70dea8f808eee.jpg, 1, 1, 1, 1
000000561151_jpg.rf.48b780790de9935ef0e18ac3a3b47970.jpg, 0, 0, 1, 0
000000002782_jpg.rf.48a708213bb21e1e444ba8fccbe753a8.jpg, 0, 1, 0, 1
000000097080_jpg.rf.48d2653c6f477c1b430745f0498d2d6c.jpg, 0, 1, 0, 0
000000208288_jpg.rf.48affc21b57602354be06badf7870adc.jpg, 0, 1, 0, 0
000000426268_jpg.rf.48ce79b1e24e32066d7317d4ba8afaf3.jpg, 0, 1, 0, 0
000000478474_jpg.rf.48ddc1e6d68bd5bc49a4e2c29db06b7a.jpg, 0, 1, 0, 1
000000145570_jpg.rf.48eb9abba321cb7eec35ad9379677d2f.jpg, 0, 0, 0, 1
000000115370_jpg.rf.48d4c9f450b84edf6a18fae428482d5b.jpg, 0, 0, 1, 0
000000160233_jpg.rf.48d9d6e5f4efa6b5fc66c7c5372c0c40.jpg, 1, 1, 0, 0
000000252844_jpg.rf.4891a4636b47db703b87ce732ce09a17.jpg, 0, 0, 0, 1
000000550482_jpg.rf.48a06c42afd63891a406e2b66043aaa9.jpg, 0, 0, 0, 1
000000015379_jpg.rf.48bf86c41c45e1917df72185cec769ad.jpg, 0, 1, 1, 1
000000174871_jpg.rf.48f9596d6ed8512b9b5822001beced50.jpg, 0, 0, 1, 0
9a3906f03d305bb9fefd9ba2426bdb55_jpg.rf.48dc9e164bb654e4870f7d377aaa7713.jpg, 0, 0, 1, 1
000000208629_jpg.rf.48f03fe890698e69a30dfd80a85c138a.jpg, 0, 1, 1, 0
000000463048_jpg.rf.48d195f8f9794f2ec0b41017b2e4aa4d.jpg, 0, 1, 0, 0
000000003337_jpg.rf.48f51d5d23a2c31ef1dc1db55b25ceba.jpg, 0, 1, 0, 0
000000451574_jpg.rf.48fe2d0c3e94fa92837e594d975cab4c.jpg, 0, 1, 0, 1
000000294002_jpg.rf.48f2498d5d78caa00e1a05a56eddabd3.jpg, 0, 1, 0, 0
000000258382_jpg.rf.4903f82642a20dcc7b6f177e22c11fab.jpg, 0, 1, 0, 0
000000169226_jpg.rf.49001cc0f245616fcfb1eec8448e6908.jpg, 0, 1, 1, 0
000000271565_jpg.rf.49168539332fbb2b95fb66efbdb38428.jpg, 0, 1, 1, 1
000000071345_jpg.rf.49110fbcd40e014404a8c6f7a66e4a3c.jpg, 0, 1, 0, 1
000000401921_jpg.rf.48fcf58172d272f44ec80122b18f44da.jpg, 1, 1, 0, 0
000000185941_jpg.rf.49288d07eb6341c917bedfff84d3212e.jpg, 1, 0, 0, 0
000000412437_jpg.rf.490db4fef8e5e825f0c1114e10fe490d.jpg, 1, 1, 1, 0
000000139285_jpg.rf.4920f21028a831f6161b182543b14bda.jpg, 0, 1, 0, 1
000000313280_jpg.rf.4916b6e3eb5edff54479207ee508337a.jpg, 0, 1, 0, 1
000000469798_jpg.rf.490889f5ece2328b53b3f8d239a79ac1.jpg, 0, 1, 0, 1
000000258505_jpg.rf.49174dddceec5b356a28d6987c834f00.jpg, 0, 1, 0, 1
000000017244_jpg.rf.493a967b1f9eded1899c819578a2c572.jpg, 1, 0, 0, 0
000000278509_jpg.rf.49442c399389c417d12d55c31be5b75c.jpg, 0, 0, 1, 0
000000223755_jpg.rf.494436f812ab504283f2d12878da49c2.jpg, 0, 1, 0, 0
000000072535_jpg.rf.48ab31a8cbbd8f2445060448f42e45ac.jpg, 0, 1, 0, 1
000000421131_jpg.rf.49622635810e5acbb9c1dd15721d376f.jpg, 0, 0, 1, 0
000000406514_jpg.rf.49503394aceed23d6ac653b37d9dcfe9.jpg, 0, 1, 0, 1
000000445113_jpg.rf.492fc17afdb707e25cf908358a06a8a0.jpg, 0, 1, 0, 1
000000401776_jpg.rf.49500cc2c804b6a02ee4f205c97f1a9a.jpg, 1, 1, 0, 0
000000165707_jpg.rf.49582ec0f47bb4ad75e41ca1f2d17d8e.jpg, 1, 1, 0, 0
000000232483_jpg.rf.493dd7c463c3342e22776e188e855e80.jpg, 0, 1, 0, 0
000000309081_jpg.rf.496c5a505c9eecc39acfb93e80c11732.jpg, 0, 1, 0, 0
000000441470_jpg.rf.496af430bfb364554d469c59035fbf75.jpg, 0, 1, 0, 0
000000329989_jpg.rf.4977e6ab82108e35aa27c468965a7f6c.jpg, 0, 1, 0, 1
000000162818_jpg.rf.4950747684817baa124f93ac4b5944ae.jpg, 1, 0, 0, 0
000000543985_jpg.rf.496f881d70db7956438ced82a9ad3f1b.jpg, 0, 0, 0, 1
000000281177_jpg.rf.493f895260193ac346f29e12d8f6d00d.jpg, 0, 1, 0, 0
000000572270_jpg.rf.4940497f31cf875715f4d635df346742.jpg, 0, 0, 1, 0
000000387676_jpg.rf.48f65cf6fce16a6d8a14d5d65290a472.jpg, 0, 1, 0, 0
000000547457_jpg.rf.49a74b96444add492006ea6a0b9e7526.jpg, 0, 1, 0, 0
000000432276_jpg.rf.497ba405eb6d3a884a50a29297a3247d.jpg, 0, 1, 0, 1
000000485473_jpg.rf.497b7a56bb2a7ea12937ae96f9e20f38.jpg, 0, 0, 1, 0
000000448256_jpg.rf.49a27fc0d7265f1f8f3ec012b1447f77.jpg, 0, 0, 0, 1
000000278095_jpg.rf.49a8551e48febb6bb35d0c648513073d.jpg, 0, 1, 0, 0
000000443909_jpg.rf.4954d0ae8f5002d85d10469c124e9d7a.jpg, 0, 0, 0, 1
000000422603_jpg.rf.49af7d5030c315a677ea2738c80bb918.jpg, 0, 1, 0, 0
000000247114_jpg.rf.49aba5d0445ae0ef70e38b6fb0feb06f.jpg, 0, 1, 0, 0
000000222340_jpg.rf.499e712353bf754c13184858fb8e6fde.jpg, 1, 1, 0, 1
000000262686_jpg.rf.49c68cd74cdd2582149f1550c14e270a.jpg, 0, 1, 0, 0
000000280199_jpg.rf.49b358ceb6eff363b40f6d618a88e6f2.jpg, 1, 0, 0, 0
000000443870_jpg.rf.49855d6140b61dad021f455c6f6362f8.jpg, 0, 0, 1, 0
000000376958_jpg.rf.49a8efaa49331a712f21054e2616d403.jpg, 0, 1, 0, 0
000000503378_jpg.rf.49b72899b0dc37de748e31a97d017273.jpg, 0, 1, 0, 0
000000517176_jpg.rf.49a9add6cf32a946f9e76cce57c096c3.jpg, 0, 1, 1, 0
000000077360_jpg.rf.49b74991ed43b47084e2a751905a8372.jpg, 0, 0, 1, 0
000000089787_jpg.rf.49c9d274bc358f455631a5efc3383f9b.jpg, 0, 1, 0, 1
000000560723_jpg.rf.49e2a04ef1ef219f3053d431891b07f9.jpg, 0, 1, 0, 1
000000062216_jpg.rf.49dc0a89f62d629f0bd55d4700ea6232.jpg, 0, 0, 1, 0
000000140247_jpg.rf.49e8a5c46bf32d8a94413a7c0c005716.jpg, 0, 1, 0, 1
000000338428_jpg.rf.49b78bd53264d131ad2694cb1a1d94b2.jpg, 1, 0, 0, 1
000000039484_jpg.rf.49e39d6b1dea245591fef6b88203e0c9.jpg, 0, 1, 0, 0
000000328271_jpg.rf.49f1329ebae8b5a86554ed26b777de92.jpg, 1, 1, 0, 0
000000560123_jpg.rf.49ec29114e42eb986271bddf8fa706e6.jpg, 0, 1, 0, 0
000000498759_jpg.rf.4a0266dca368bb7228250a5a75b6a1c6.jpg, 0, 1, 0, 0
000000034580_jpg.rf.4a2d1134e750ddd49cf3d187ffa630ee.jpg, 0, 1, 0, 1
000000159421_jpg.rf.4a12ae0caf84c2293161e17802ebb121.jpg, 0, 0, 1, 0
000000450674_jpg.rf.4a3c7f8e5e054a0227d70688d7438e4d.jpg, 0, 0, 1, 1
000000239130_jpg.rf.4a42b56fc508a015fdbb670141c4b616.jpg, 0, 1, 0, 0
000000081567_jpg.rf.4a28ccf11e0425872a5a0428653d2fc0.jpg, 0, 0, 1, 0
000000111955_jpg.rf.4a1f35ae11afd457987197e67e3559db.jpg, 0, 1, 0, 0
000000476902_jpg.rf.4a1d0f9ced7af2744a463b43e5853535.jpg, 0, 1, 0, 0
000000102765_jpg.rf.49ee77d92b69e1659fc48284d776dd5f.jpg, 0, 1, 0, 1
000000556500_jpg.rf.4a59ecac71812d41360aa7a350a35aab.jpg, 0, 0, 1, 0
000000104124_jpg.rf.4a55e87f09b4608d91154f8aca0e7ffe.jpg, 0, 1, 1, 0
000000298110_jpg.rf.4a5bc530c9b1ba07accf990197dc958a.jpg, 1, 0, 1, 0
000000144022_jpg.rf.4a44da9b36df3543faf1cbfe31ff418f.jpg, 0, 1, 0, 0
000000086393_jpg.rf.4a30434547fe89e27db5d5c0869e6876.jpg, 1, 1, 0, 0
000000037177_jpg.rf.49bc930cc0123324ec2bb5c8aa07e007.jpg, 0, 1, 0, 0
000000560623_jpg.rf.4a600e1e817f22c6988de46c39587842.jpg, 0, 0, 0, 1
000000011182_jpg.rf.4a09f65be9d13d99781f5228ac2ebac8.jpg, 0, 1, 0, 0
000000252162_jpg.rf.4a5a8b7e8b62aeba70265b77a90d9a37.jpg, 0, 0, 1, 0
000000346653_jpg.rf.49c2de7adcdaf47bff0d36b7ab66e77c.jpg, 0, 1, 1, 0
000000445643_jpg.rf.4a3dc442f6909c3839a95dca752ada37.jpg, 0, 0, 0, 1
000000384146_jpg.rf.4a44fa97b2d2490402805da7fb7c1b5e.jpg, 0, 1, 0, 1
000000259044_jpg.rf.4a298e9e2e9d690d22a2d70119fcad32.jpg, 0, 1, 0, 0
000000265243_jpg.rf.4a71cb26c664d7e8db7a4ea61418779a.jpg, 0, 0, 0, 1
000000094751_jpg.rf.4a48c74cd667ba906793ae1b7aa9dacf.jpg, 0, 1, 0, 0
000000144814_jpg.rf.4a7ae5a5051f09413a0d6861be1bebab.jpg, 1, 1, 0, 1
000000415413_jpg.rf.4a7c8309ec06d1de197cf81e3f9f8b18.jpg, 0, 1, 0, 0
000000432616_jpg.rf.4a85edf45976d2d97b375cef049fe91a.jpg, 0, 1, 0, 0
000000208251_jpg.rf.4a61d1b53ba75b80f77c882cc9a9ba9a.jpg, 0, 0, 0, 1
000000442723_jpg.rf.4a7c05131d80d59e746ec825605feb71.jpg, 0, 1, 0, 1
000000273314_jpg.rf.4a8757b1c1ee53849cab5434d93b0471.jpg, 0, 1, 0, 0
000000414647_jpg.rf.4a8accd28c3bd15b988d3634e9f5116b.jpg, 0, 0, 1, 0
000000105035_jpg.rf.4a7c5b9101aaff192cc288c88b583449.jpg, 0, 0, 1, 0
000000530919_jpg.rf.4ab6b6b9c34c9484a6317594fae83f81.jpg, 0, 1, 0, 0
000000335683_jpg.rf.4a8809a4bba3dd3024a7704dad3ebc64.jpg, 0, 1, 0, 1
000000159963_jpg.rf.4a708e9486938076a2bae55b5ef80c2b.jpg, 0, 0, 0, 1
000000135410_jpg.rf.4a8aafecd083ae3bcbcd336ddb4fb75e.jpg, 0, 1, 1, 0
000000302318_jpg.rf.4aa439303c00bb82464166b1d05f6b7d.jpg, 0, 1, 0, 0
000000210273_jpg.rf.4a881c8f30ea5ccd7ef9048f7dfe825c.jpg, 1, 1, 0, 0
000000432702_jpg.rf.4ac575743f11d78e0f23e226aad4c9a0.jpg, 0, 1, 0, 0
000000391343_jpg.rf.4ab5c79d678f2fc4739e5172b73856cf.jpg, 0, 0, 1, 0
000000155652_jpg.rf.4ab21df587c0af35e69f6b7db4a6f337.jpg, 0, 0, 0, 1
000000199481_jpg.rf.4a60186cae0c9212ce1cc27e8e39b437.jpg, 0, 0, 1, 0
000000454253_jpg.rf.4ad2f15828ff548bd807af7f499308db.jpg, 0, 1, 0, 1
000000067456_jpg.rf.4ace4a0899651af090c232b2bcdaa051.jpg, 0, 1, 0, 0
000000580216_jpg.rf.4ac8106ee1792b0ee7c9662e752f4997.jpg, 1, 0, 0, 0
000000020849_jpg.rf.49dc219f238ce95addc6f3e0acdcfe90.jpg, 0, 1, 0, 0
000000393029_jpg.rf.4a756a0957200f073b04cd1dff49649d.jpg, 0, 0, 1, 0
000000464875_jpg.rf.4ae8b543e1e481983cf216c083dc6eb1.jpg, 1, 1, 0, 0
000000555648_jpg.rf.4abf1dd8ddc36fb396514d5d911675f8.jpg, 0, 1, 1, 0
000000548183_jpg.rf.4ad6ae7a4036cd31a72dcdc54737c982.jpg, 0, 1, 0, 1
000000009572_jpg.rf.4aeea4bb546b0caebd694949fa8c9ec0.jpg, 0, 1, 0, 0
000000011402_jpg.rf.4ab947f20e77eacf77b48776da3514b0.jpg, 1, 1, 0, 1
000000098550_jpg.rf.4ae6305a00e0561552bfc337979426a6.jpg, 0, 1, 0, 0
000000443075_jpg.rf.4abf3ba681ffd94d8322df55e5741700.jpg, 0, 1, 0, 0
GZLxWZPKoRkbMiU-800x450-noPad_jpg.rf.4b0467920eef64603f90af2358bd5180.jpg, 0, 0, 1, 0
000000532085_jpg.rf.4ae7740752d56d0d56d560c206c09f30.jpg, 0, 1, 0, 0
000000469160_jpg.rf.4ac63e0367cef7743bf13de027790dbe.jpg, 0, 0, 0, 1
000000320508_jpg.rf.4b229529879dbd8cf8a5dccfab2253b6.jpg, 0, 1, 0, 0
000000370337_jpg.rf.4afc264833bd66e05024de830fa6a71a.jpg, 1, 1, 0, 0
000000171180_jpg.rf.4b082ee4a437e1f05dfb7d46b9b13b04.jpg, 1, 0, 1, 0
000000319902_jpg.rf.4b0089b6211eec6e3d4d92844efa558c.jpg, 0, 0, 0, 1
000000253260_jpg.rf.4af0b9af71b7a2c6ce0c84f8861444c0.jpg, 0, 1, 1, 1
000000418065_jpg.rf.4adb727e2688f3bfe8ca6a2b54b534eb.jpg, 0, 0, 1, 0
000000214450_jpg.rf.4b13d6bf333041bab63e0f47fc975e83.jpg, 0, 1, 0, 1
000000005601_jpg.rf.4aeed3a7e5b22c7b70771f541a6ba191.jpg, 0, 1, 0, 0
000000368645_jpg.rf.4b24cfd6e29bf1ae2e15a3cc78323ea2.jpg, 0, 0, 1, 0
000000132298_jpg.rf.4b4540e73407db729bfb941c94e75947.jpg, 0, 1, 0, 0
000000466020_jpg.rf.4b3602ee00a378a1dd0dfeee0287610b.jpg, 0, 1, 0, 1
000000276070_jpg.rf.4b0da63866663b5428f76271a2b4441c.jpg, 0, 0, 1, 0
000000336563_jpg.rf.4b6c6839fa7dfe02ee7e9504847644ee.jpg, 0, 1, 1, 0
000000138040_jpg.rf.4b47ac20dd47f14fc62dd663ebbf29b5.jpg, 1, 0, 0, 1
000000459141_jpg.rf.4ac81be6ee91dfd15155c07b59fb51e6.jpg, 0, 0, 1, 0
000000080969_jpg.rf.4b2bdd0edc8461a090065f8bafbfd10f.jpg, 0, 1, 0, 0
000000068003_jpg.rf.4b712f4bad57e3ad6441bf702b9e4944.jpg, 0, 1, 0, 0
000000124734_jpg.rf.4b27facccef658389f3f72875abbd956.jpg, 0, 0, 1, 0
000000313164_jpg.rf.4b5f50006c13bcd83342dcd040ef510a.jpg, 0, 1, 0, 1
000000012567_jpg.rf.4b7572a969461b8ec395ef9e6a0f3781.jpg, 1, 1, 0, 0
000000044977_jpg.rf.4b4f1e1b2879d2db0bc581e1fbe5597d.jpg, 0, 1, 0, 1
000000074299_jpg.rf.4b57c781e62029627ec43e70dc45ad7a.jpg, 0, 1, 0, 0
000000275544_jpg.rf.4b677a6cd44b15538a0ed8e03e49d8f8.jpg, 0, 1, 1, 0
000000560967_jpg.rf.4b78e7c75899654991c0b7b44c658f85.jpg, 0, 1, 0, 0
000000211120_jpg.rf.4b7153ca6f42b53aadca19fff6793e24.jpg, 0, 0, 0, 1
000000048160_jpg.rf.4b6caa6bdc3f1933b52ddec9d51fac51.jpg, 0, 1, 0, 0
000000493805_jpg.rf.4b7bb6ea370d8f00440bbb8fcea4cb58.jpg, 0, 0, 0, 1
000000570516_jpg.rf.4b771d7cd440d334c864efdd05f0ec37.jpg, 0, 0, 0, 1
000000405632_jpg.rf.4b8333af60f2755ecb88ce749c0872a0.jpg, 0, 1, 0, 1
000000159233_jpg.rf.4b8e199a33988fa9f0d3ad942254e5d2.jpg, 0, 0, 1, 0
000000542779_jpg.rf.4b96975969c44ee8e052b455b19a73a3.jpg, 1, 1, 0, 1
000000061938_jpg.rf.4b97a6e87d6b490fd65837bb2bf7c5d2.jpg, 1, 1, 0, 0
000000382659_jpg.rf.4b7f3f076f019c57018815f7ec7202ac.jpg, 1, 1, 0, 0
000000033854_jpg.rf.4b742d33472ce85df73f41f510030368.jpg, 1, 1, 1, 0
000000106799_jpg.rf.4b5473a1f279c682b4a1b33e3a359fcd.jpg, 0, 1, 0, 1
000000306630_jpg.rf.4b79f1b79c1b5ec14b0add8674a0213f.jpg, 0, 1, 0, 0
000000166056_jpg.rf.4b8a297b9230d23345e130c90b12da2a.jpg, 0, 1, 0, 0
000000026668_jpg.rf.4b93596dfbb25424d226d40f86930468.jpg, 0, 0, 1, 0
000000189645_jpg.rf.4b91749d1107210351940e7781c6d8aa.jpg, 0, 0, 1, 1
000000358100_jpg.rf.4b8f7bcbbb73e2ff43c1b208fb6fd258.jpg, 0, 1, 0, 0
000000296884_jpg.rf.4b9a63e2970d6f2098617338bf1609c5.jpg, 0, 1, 0, 1
000000380039_jpg.rf.4ba6513eae164da6255b8fe97697edf1.jpg, 0, 1, 1, 0
000000390515_jpg.rf.4bad3af88b63af6cea99438444b4318f.jpg, 0, 1, 0, 0
000000561433_jpg.rf.4b23b8e24032f183b649870d6a610189.jpg, 0, 0, 1, 0
000000272064_jpg.rf.4ba06a32d364f8b793f067efac78c26d.jpg, 0, 1, 0, 0
000000397129_jpg.rf.4bc02f5c5380d6800fdf7e7a02c328d3.jpg, 1, 1, 0, 0
000000009891_jpg.rf.4bbd8cc0a558b78d118859b94b4a34a0.jpg, 0, 1, 0, 0
000000295956_jpg.rf.4bd09c4be2794f18208873203d5c8bcd.jpg, 0, 1, 0, 0
000000196676_jpg.rf.4baf0d1e364d5f0b041062ad885ebba4.jpg, 0, 0, 1, 0
000000519347_jpg.rf.4bd37a2b14461923d33e992e9dc0f9b9.jpg, 0, 0, 1, 0
000000345880_jpg.rf.4c01c5d48a35e322bf4ea1bf9ece615c.jpg, 0, 1, 0, 1
000000298658_jpg.rf.4bd97ffbdbdcdf5dde8a10d3c1abcff2.jpg, 0, 1, 0, 0
000000132084_jpg.rf.4bd9d152474f0cbc6bb48e04d4471ea1.jpg, 0, 0, 1, 0
000000427232_jpg.rf.4bfccf46c96858503af1472cbf5e6c39.jpg, 0, 1, 0, 1
000000387850_jpg.rf.4bf18f65958b24782ed4d1254dffa011.jpg, 1, 0, 0, 0
000000505845_jpg.rf.4c20156365f9cefca4fabab3a7952def.jpg, 1, 0, 1, 0
000000393900_jpg.rf.4c182f9835e8b14b87f36e173f6c1a0e.jpg, 0, 0, 0, 1
000000045188_jpg.rf.4c0d048a7949bad22b1b25c9c6093c0c.jpg, 0, 1, 0, 0
000000151324_jpg.rf.4c331c70a1d3eeeda7fbac62330a9b1c.jpg, 0, 1, 0, 0
000000386408_jpg.rf.4bf2003f2b38f33f075f6e41b2676337.jpg, 0, 1, 0, 0
000000385141_jpg.rf.4c367d242a30ef9e7ae37351e93cbce8.jpg, 0, 1, 0, 1
000000254198_jpg.rf.4c31f7b8e9c42d90e87c35a220a46c9a.jpg, 0, 0, 0, 1
000000222588_jpg.rf.4c1b0f2fc9697cd08f74e0ccb41cc523.jpg, 0, 0, 1, 0
000000455832_jpg.rf.4c0fdab76daaa8ba85ee4991274e91cb.jpg, 0, 1, 0, 0
000000459618_jpg.rf.4bcd8b390e464c30a78cfb891732a4ab.jpg, 1, 0, 0, 0
000000126030_jpg.rf.4bf051c2348b3c08ca2b32258f317e05.jpg, 0, 0, 0, 1
000000246398_jpg.rf.4bf66ee044b01a28ae2743a44c9be8ea.jpg, 0, 1, 0, 1
000000150129_jpg.rf.4c22c2823561ab53b4513b663eb1b678.jpg, 1, 0, 0, 0
000000440043_jpg.rf.4c2496ac81f89367c627634c1cf29e61.jpg, 1, 0, 0, 0
000000395396_jpg.rf.4c100a6f7cb732c2714eac74a0658001.jpg, 1, 0, 0, 0
000000012744_jpg.rf.4bd892766be43ff27a1dfa6875905254.jpg, 0, 0, 1, 0
000000044590_jpg.rf.4c261aff17529d0acbb12fca426e57e0.jpg, 0, 1, 1, 0
000000113408_jpg.rf.4c189b53d93840d3dfafc9f0747f036c.jpg, 0, 1, 0, 1
000000186518_jpg.rf.4c725edd051f46aca3ed19a8a191f77f.jpg, 0, 0, 0, 1
000000215723_jpg.rf.4c54904d2ef7cc45e30510638bb8005a.jpg, 0, 1, 0, 1
000000447342_jpg.rf.4c58e8b9983e74c39f6dc0ca75f3a08d.jpg, 1, 1, 0, 1
000000153008_jpg.rf.4c69aaf933294672993ee5d0bbe47290.jpg, 0, 1, 0, 0
000000400702_jpg.rf.4c8c306dfdb001c7e7561a848800b94a.jpg, 0, 1, 1, 1
000000468405_jpg.rf.4c5e0da86ebbc75baa1377dc077023aa.jpg, 0, 1, 1, 1
000000358765_jpg.rf.4c4ceee29d1bbe57bbec13c1ac871973.jpg, 0, 0, 1, 0
000000130440_jpg.rf.4c9bddc029e1b64d9ab63207b910c521.jpg, 0, 1, 0, 0
000000015919_jpg.rf.4c6d0ea4f5932a1647af7af819bf5792.jpg, 0, 1, 0, 0
000000560997_jpg.rf.4c81df067dbb8f5cdaa8f4bb95d73365.jpg, 1, 1, 0, 0
000000125662_jpg.rf.4c5335d623b711bec0bf62bcfd36d2c1.jpg, 1, 1, 0, 0
000000157108_jpg.rf.4c8e46563f7e51e33ce45d25e09cace1.jpg, 1, 1, 0, 0
000000180267_jpg.rf.4c994190eda5bc2bb7d70da252239ca7.jpg, 0, 1, 0, 0
000000061959_jpg.rf.4c3fb64efd16d09932f61d5f8cd935d6.jpg, 1, 1, 0, 1
000000571821_jpg.rf.4bc6bc06b492309d2e984fd15d4de71c.jpg, 1, 1, 0, 0
000000360452_jpg.rf.4c8994acf2be0313d01200a3212e938c.jpg, 0, 1, 0, 0
000000489107_jpg.rf.4ca75ba9d09b1d3f7f29b7345fbdb218.jpg, 0, 1, 0, 0
000000095267_jpg.rf.4cac250804c405a39fef78b683b7a9b0.jpg, 0, 1, 1, 0
000000145738_jpg.rf.4c808feb5fdddc2ebcdd0a02516f17bf.jpg, 0, 1, 0, 0
000000182972_jpg.rf.4cb3bc54954804685c45a529283ca606.jpg, 1, 1, 0, 0
000000542931_jpg.rf.4caefcc0bf182104e4282ddd3871215f.jpg, 0, 1, 0, 0
000000282048_jpg.rf.4c42882070126bbc4869475e517c9df7.jpg, 0, 0, 0, 1
000000110142_jpg.rf.4cb0d41b1b5f7727812243837dd051a1.jpg, 0, 1, 0, 0
000000212636_jpg.rf.4ca9615012a38d97176ff096e3a1bf8c.jpg, 0, 0, 1, 0
000000261710_jpg.rf.4cb5dd39b344d3baf1840090edfa9792.jpg, 0, 1, 0, 0
000000081070_jpg.rf.4ca05e5a789a2463323278347bdb5bb6.jpg, 0, 1, 0, 1
000000125735_jpg.rf.4cb5080aabfd3cf673555173198da7ea.jpg, 0, 1, 0, 0
000000475533_jpg.rf.4c9da3059d34b2015aa2b29e9274f228.jpg, 0, 1, 0, 0
000000054086_jpg.rf.4cdf32d83a2f79b7bd4de9cb07ad196f.jpg, 1, 1, 0, 0
000000352601_jpg.rf.4ce186daf3a144d8e76fe31431ea4077.jpg, 0, 1, 0, 0
000000012370_jpg.rf.4cdaf35a59b5929f4c226638c53ff962.jpg, 0, 1, 1, 0
000000360447_jpg.rf.4cec5d49141106db3a26f8eccf3f95ff.jpg, 0, 1, 0, 0
000000467194_jpg.rf.4cca4f2830f79a41bd2365ef1626c442.jpg, 0, 1, 0, 0
000000501790_jpg.rf.4c16d906cb87dfbba1a11ee2f9affc6c.jpg, 0, 1, 0, 0
000000015153_jpg.rf.4cf784ca0b576875b7a8cccabbe841d0.jpg, 0, 1, 0, 0
000000131678_jpg.rf.4cff667741ae374577eb22604aaec333.jpg, 0, 1, 0, 1
000000039632_jpg.rf.4cee2ddebfdab643cb479c6864b99d40.jpg, 0, 1, 0, 0
000000167229_jpg.rf.4cfa49f315db3dd2cb4913708d767dc4.jpg, 0, 1, 0, 0
000000516012_jpg.rf.4d20f26e91ebd538e7d362b2a78cad70.jpg, 1, 1, 0, 0
000000293026_jpg.rf.4cc950f72f922697928ed0ad82920f9b.jpg, 0, 1, 0, 0
000000011818_jpg.rf.4d290b54c36ff1708c10522f84db1fe0.jpg, 0, 0, 0, 1
000000236267_jpg.rf.4d32a39da18377d818af409154433981.jpg, 1, 0, 0, 1
000000038449_jpg.rf.4d2b40292bc9f60257507c776a85832b.jpg, 0, 1, 0, 0
000000313733_jpg.rf.4d487f221d4a5db4aaab422ced059f67.jpg, 0, 0, 1, 0
000000269160_jpg.rf.4d2e1def15036d72fcdb2dedfff94f9c.jpg, 0, 1, 0, 0
000000093332_jpg.rf.4d44a2e2d3f994636bf753c8503b28ca.jpg, 0, 1, 0, 0
000000395101_jpg.rf.4d7b33f6f198cf7cbb345a9b08654223.jpg, 1, 0, 0, 0
000000129371_jpg.rf.4d76812ce508a5a3bb80adff0df4bd4f.jpg, 0, 1, 1, 0
000000096640_jpg.rf.4d4aa58e8556c9f25ab5608464f760fa.jpg, 1, 1, 1, 0
000000369470_jpg.rf.4da2027b6c26145adc0dda929246b09c.jpg, 0, 1, 0, 0
000000496870_jpg.rf.4d81ffedf6892d1aeb0b078cc7fa7ac1.jpg, 0, 1, 0, 0
000000294284_jpg.rf.4d5c502f43c157b8f888e2cdf9748956.jpg, 0, 1, 0, 0
000000288813_jpg.rf.4d4260d4f028eefa635738d06cdde0cb.jpg, 0, 1, 0, 0
000000292833_jpg.rf.4d8acc00ba52f472b775bbe210232c7d.jpg, 1, 1, 0, 0
000000435047_jpg.rf.4d889fb3a3630a6f013d72a2b4e7c67c.jpg, 0, 0, 0, 1
000000551100_jpg.rf.4d9d0d84683d04597094675b63ae02a6.jpg, 0, 1, 0, 0
000000304292_jpg.rf.4d8ebe8868b925f5ec4439784a9f8dc2.jpg, 0, 1, 1, 0
000000324981_jpg.rf.4d54cb788521dc1136e8d5b721cec05f.jpg, 0, 0, 0, 1
000000028560_jpg.rf.4d83dd8181aa9fe18a3db20557f369f9.jpg, 0, 1, 1, 1
000000347313_jpg.rf.4da28713c50dc00bfb77f52ffecf2bda.jpg, 0, 1, 0, 1
000000226053_jpg.rf.4d847b1c1792e2b43ffb791103e1f90d.jpg, 0, 0, 0, 1
000000542307_jpg.rf.4d9308681cc1609753a0774aebc5b2e1.jpg, 1, 0, 0, 0
000000290248_jpg.rf.4da920b2a71e603d1f3ec25f652a6619.jpg, 0, 0, 0, 1
000000429769_jpg.rf.4db576e7ffaec97c0005e52448a3546a.jpg, 0, 0, 0, 1
000000331695_jpg.rf.4db0ce2ccc587a583abd0999045f058b.jpg, 0, 0, 0, 1
000000044463_jpg.rf.4d96f16c25a4b76e3a9584031746c438.jpg, 0, 1, 0, 0
000000221257_jpg.rf.4d85e9b55f22cb48f5f105b97bf0fcd8.jpg, 0, 1, 0, 0
000000101031_jpg.rf.4d5f4b7386e8f1f3538d902b15a73531.jpg, 1, 1, 0, 0
000000013296_jpg.rf.4dc2293adfd2b3c208dba4f8630e4112.jpg, 1, 1, 0, 0
000000360068_jpg.rf.4dc7c97e1e4eca1339f1d4bfc630fade.jpg, 0, 0, 1, 0
000000411617_jpg.rf.4dd4203093a0ec7f9ea859e62154086f.jpg, 0, 1, 0, 0
000000560615_jpg.rf.4dccb748525b62ac1479b9ddecdb9cb2.jpg, 0, 0, 1, 0
000000200777_jpg.rf.4dd73b73a835dda4d3323fdb0414bd79.jpg, 1, 0, 0, 0
000000369920_jpg.rf.4dd40dd5fa29b750ad8903b2344d8cc1.jpg, 1, 0, 0, 0
000000514454_jpg.rf.4dda138c91989de0855a172c61245ae1.jpg, 0, 0, 0, 1
000000043998_jpg.rf.4db8e1b058dcfc145f0730c5cc6de175.jpg, 0, 1, 1, 0
000000405777_jpg.rf.4d81645737f466eaf8b22416d8faf02a.jpg, 0, 1, 0, 0
000000285132_jpg.rf.4debfa23a8f2be3434648962cdee8740.jpg, 0, 1, 0, 1
000000563514_jpg.rf.4dccf3eb11b93dd3b426c4e21edb4f7b.jpg, 1, 1, 0, 1
000000357895_jpg.rf.4ddbefef2a2386beddd984989da38c23.jpg, 0, 1, 0, 0
000000029913_jpg.rf.4e06a3748deaba68524ae5f33fc35051.jpg, 0, 1, 0, 0
000000271359_jpg.rf.4dde989905572b65f06a731845c05b35.jpg, 0, 0, 1, 0
000000465369_jpg.rf.4e02bf85d351449c025603a99e1c78ae.jpg, 0, 1, 0, 0
000000071407_jpg.rf.4dea512f40b4aaeba36f81e5aa11d867.jpg, 0, 0, 1, 0
000000528720_jpg.rf.4e1e412fafecab0c3515c9ef8010dc9e.jpg, 0, 1, 0, 0
000000151101_jpg.rf.4e0953afa4a31c02d98cd00633d67751.jpg, 0, 1, 0, 0
000000379605_jpg.rf.4df5a46fbd1d93ab5cbf063236558178.jpg, 0, 1, 0, 1
000000082338_jpg.rf.4e1ef5c6ae568b8069f98fdca6f089e6.jpg, 0, 1, 1, 0
000000228989_jpg.rf.4e1ddd0cd8a5394ba13366c4cae1c8fb.jpg, 0, 1, 1, 0
000000048786_jpg.rf.4e27b43e1112645a2df967d590ca442b.jpg, 0, 1, 1, 0
000000508252_jpg.rf.4deaa425e3998943c4c583477ac27be3.jpg, 1, 1, 0, 1
000000225574_jpg.rf.4dde1413f2c78ea4d6c76cc40d2d343d.jpg, 0, 1, 0, 0
000000008180_jpg.rf.4e1cac42e5c4796d2b51c2dc35f8311f.jpg, 0, 0, 0, 1
000000555254_jpg.rf.4ddb18699dc3193453a541c63387765c.jpg, 0, 0, 1, 0
000000373585_jpg.rf.4de96878e65f33fbad99cda05f8cdc54.jpg, 0, 1, 0, 0
000000216524_jpg.rf.4e194d593265bde09c3938e8b8eed42e.jpg, 0, 1, 0, 1
000000134460_jpg.rf.4e1c23170fef899e19e363810561d3ba.jpg, 0, 1, 0, 0
000000260925_jpg.rf.4e2941b4d0874b1db72e0ed272afbb90.jpg, 0, 1, 0, 0
000000227915_jpg.rf.4e05ed6862d519b669561859f568c9ac.jpg, 1, 0, 0, 0
000000337384_jpg.rf.4e02ac0f0dc6be78e4b4c3b4c72f94a1.jpg, 0, 0, 1, 0
000000481571_jpg.rf.4e250a8635d724d3ced935737c37e30b.jpg, 0, 1, 0, 1
000000269462_jpg.rf.4e44bf0425a738fe1a25d8cad6d134c3.jpg, 0, 1, 0, 0
000000033820_jpg.rf.4e5289bbda2ce0a6c43a3684f19a0c06.jpg, 1, 0, 0, 0
000000415613_jpg.rf.4e50133175f648a971d04352d737ff0b.jpg, 0, 1, 0, 0
000000380797_jpg.rf.4e64e9b49412a6454a380cf8c90ad9f6.jpg, 1, 0, 0, 1
000000260050_jpg.rf.4e4007f1ad7169e37efc9c3160e16f1f.jpg, 1, 0, 0, 1
000000340734_jpg.rf.4e4152039dd056908f00beaad32ec5fe.jpg, 0, 0, 0, 1
000000258472_jpg.rf.4e58155a0f2957ddf2eaf9b3f8506d84.jpg, 0, 1, 0, 0
000000555983_jpg.rf.4e80fbc91889c9f923c4cf995367e752.jpg, 0, 0, 1, 0
000000132621_jpg.rf.4e665be977b660e6e140c987a7397112.jpg, 0, 1, 0, 0
000000296699_jpg.rf.4e66dad50210ad6d7fae6798883c1364.jpg, 0, 1, 0, 0
000000232344_jpg.rf.4e4352ff23a03e761ba9a43ba2602866.jpg, 0, 1, 0, 0
000000125266_jpg.rf.4e7715f1c4af4c79ef15aea7ec07704d.jpg, 0, 1, 0, 1
000000159175_jpg.rf.4e8861b159518c6d8b288c42742d8245.jpg, 1, 1, 1, 1
000000316914_jpg.rf.4e436be1a550d33946f44ec0491ccb39.jpg, 0, 1, 0, 0
000000448176_jpg.rf.4e7d8e23c447663b11a0cab15ea44758.jpg, 0, 1, 0, 1
000000545381_jpg.rf.4e42a14768d2f18274d602a22bab481b.jpg, 0, 1, 0, 0
000000395801_jpg.rf.4e5ee1581e2a190c8ea7e4435e3f892c.jpg, 0, 1, 0, 0
000000561066_jpg.rf.4e3102dd847e0f515e94a8885a0c56a3.jpg, 0, 1, 0, 1
000000017305_jpg.rf.4dea2fad43f626aaae95a03239324c2e.jpg, 0, 1, 0, 0
000000263454_jpg.rf.4e5ad57b8a563413afaa01fd9b4dd6ae.jpg, 0, 0, 0, 1
000000021240_jpg.rf.4e8db464327d3a489d8abdc84015f7ba.jpg, 0, 1, 0, 0
000000538420_jpg.rf.4e962ef5711dd852db5abc0f831a67dc.jpg, 0, 1, 0, 1
000000483956_jpg.rf.4e7b6c8055f3f9aa21facb5b28aee4ce.jpg, 0, 1, 0, 0
000000259265_jpg.rf.4e8e8007a26bee7f488e2a1f34126868.jpg, 0, 1, 0, 1
000000194756_jpg.rf.4e6f83f1f35de95290e491bb2138bb4c.jpg, 0, 1, 0, 0
000000512156_jpg.rf.4e92c5f84c1d2285b3d08e9768e5b4e5.jpg, 0, 1, 0, 1
000000286688_jpg.rf.4e90152847ee79dbdf122536d5a1ba5a.jpg, 0, 1, 0, 1
000000042570_jpg.rf.4ea66f6e4e3723f175cfdc064884085d.jpg, 1, 0, 0, 0
000000322285_jpg.rf.4e990c4a621285f8d7434eadc082b7f4.jpg, 1, 1, 0, 0
000000058737_jpg.rf.4e2a0872482fc1adebc4aadb47b73bf7.jpg, 0, 0, 0, 1
000000367763_jpg.rf.4e8f4b65ece8c71bd4b82191e5663d65.jpg, 0, 0, 0, 1
000000412373_jpg.rf.4eac2ff4ac68397f15361e27c5367ff1.jpg, 0, 0, 0, 1
000000533827_jpg.rf.4eb707a71470ba6df9a18f1b4ce968da.jpg, 0, 1, 0, 0
000000240119_jpg.rf.4eceaacd2891cdf2c8a0e43b6a0abf1a.jpg, 0, 0, 0, 1
000000425874_jpg.rf.4eaabcb1e9370a5814b386f6fbfc52dc.jpg, 1, 1, 0, 0
000000197997_jpg.rf.4ea0de7d76d060f9dbc11cd70744900e.jpg, 1, 0, 0, 0
000000291868_jpg.rf.4ebc62639e428eb78539a18f782ed067.jpg, 0, 1, 0, 0
000000272241_jpg.rf.4ea846cd1de30fd581aaa73a66e899de.jpg, 0, 0, 1, 0
000000431675_jpg.rf.4eeebd3709625b35dd66f0c27886c602.jpg, 1, 1, 0, 0
000000073235_jpg.rf.4eb651fa0b0dc5c5e29cdee224945ea4.jpg, 0, 1, 0, 1
000000190845_jpg.rf.4ee8818930c4097543a64f8a71027a3f.jpg, 0, 0, 0, 1
000000073192_jpg.rf.4efaac77ff8d569e09a68ec8dba8ae69.jpg, 1, 1, 0, 0
000000288170_jpg.rf.4ea486db480013fa677abee24c364861.jpg, 0, 1, 0, 0
000000366485_jpg.rf.4ed70220c43fdb3458947cb44d1259af.jpg, 0, 1, 0, 0
000000187280_jpg.rf.4f0e5c0234728e620b101f6ad22575c6.jpg, 1, 1, 0, 0
000000190393_jpg.rf.4ede1e3c3891bcfc97e55a5d002e3001.jpg, 0, 1, 0, 0
000000528903_jpg.rf.4f23ac2dfed812d34699af5cb0790fbe.jpg, 0, 1, 0, 0
000000508055_jpg.rf.4f07c03b471789ae0e3214cce27c31a6.jpg, 0, 1, 0, 1
000000282766_jpg.rf.4f0b2a852a86ab2da6b45511a79da0b2.jpg, 1, 1, 0, 0
000000265818_jpg.rf.4ed071abee8a310f1bc139c60dd41268.jpg, 0, 1, 0, 0
000000069827_jpg.rf.4f27287ef7dfaf98a77afa2b4dc9b87d.jpg, 0, 0, 0, 1
000000563435_jpg.rf.4f02ad8eaa197b93a1754457a6d975b9.jpg, 0, 1, 0, 0
000000335914_jpg.rf.4f37f808c398149eb4024c153859c8d2.jpg, 0, 1, 0, 0
000000061730_jpg.rf.4eedd078a2fb1b1ad39a1a5c5c10e2c3.jpg, 0, 0, 1, 0
000000095018_jpg.rf.4f50ea60325d180f88ccc56250dad4d1.jpg, 0, 0, 0, 1
Tuguegarao-tricycle_jpg.rf.4f37f92d02363f59801179de52190fe7.jpg, 0, 0, 1, 1
000000034680_jpg.rf.4f4115b5da7b22edeeb4d0da6c02464a.jpg, 0, 1, 0, 1
000000306433_jpg.rf.4f3a980deb9cbba77431d4f94e7ca2f6.jpg, 0, 0, 1, 0
000000344726_jpg.rf.4f0c45f72c3773e43233b83048c438ea.jpg, 0, 1, 0, 0
000000203478_jpg.rf.4f37c2d5a65b5440df92bdbb8d424d6a.jpg, 1, 0, 0, 0
000000139496_jpg.rf.4f1be47db0912c0da38ad3256c633566.jpg, 0, 1, 0, 0
000000558291_jpg.rf.4f67aff634d4bf06d602263a0a8990de.jpg, 0, 1, 0, 0
000000181509_jpg.rf.4f6d965a685dc36c0f26f73a552af290.jpg, 0, 1, 1, 0
000000017675_jpg.rf.4f75f49f7294f5951b307549823792a7.jpg, 0, 0, 0, 1
000000386888_jpg.rf.4ee13a5d651202b27657cab38dde38ac.jpg, 0, 1, 0, 0
000000132394_jpg.rf.4f7dc8761b16f3f2548f13ed7dd9b3eb.jpg, 0, 1, 0, 0
000000527897_jpg.rf.4f7dd313ad5cc977377200903eae5407.jpg, 0, 0, 0, 1
000000455261_jpg.rf.4f93c9c5b9a8bdca72954b894ed34df4.jpg, 0, 0, 1, 0
000000339715_jpg.rf.4f74441e29cfd794edfb09bde4855929.jpg, 1, 0, 0, 1
000000454762_jpg.rf.4f95f39d18cf2a90f2d4451c0b9e0a18.jpg, 0, 1, 0, 1
000000365314_jpg.rf.4fa1543b791097537c5d32c46f069d22.jpg, 0, 1, 1, 1
000000320643_jpg.rf.4f6fd8fa0b79869b44303978f6eb7a88.jpg, 0, 1, 0, 1
000000340577_jpg.rf.4fabad39440211f2125e4b12e75bcc97.jpg, 0, 0, 0, 1
000000295683_jpg.rf.4f90cb2195ea68222b3bce3a90edf354.jpg, 0, 1, 0, 0
000000133208_jpg.rf.4f6d7a3b8faf7af245e0bc7b29931388.jpg, 0, 1, 0, 0
000000513657_jpg.rf.4f77c2ba0d0b1d05c41a8720208c1cbd.jpg, 1, 1, 1, 0
000000445893_jpg.rf.4fa63ff3e094c4a0dc840d36ed679b3f.jpg, 0, 0, 0, 1
000000383525_jpg.rf.4fb115713945ada765e6939d0c24e37f.jpg, 0, 0, 1, 0
000000110026_jpg.rf.4fa7b3c8de1412081346629682f56a66.jpg, 0, 1, 0, 0
000000048304_jpg.rf.4f83ab0058ea09f5e96dbbbff64461ba.jpg, 0, 1, 0, 0
000000340491_jpg.rf.4fd690973e848977ca5c4975661c8a54.jpg, 1, 0, 0, 0
000000170545_jpg.rf.4fba48b3ef79f7e09dd2f470a4fe13a3.jpg, 0, 1, 0, 0
000000011838_jpg.rf.4fb518d4fdd4c07319f8799d817c956d.jpg, 0, 1, 1, 0
000000185447_jpg.rf.4fc2cea13699a10ca2032b97c3b2f41c.jpg, 0, 1, 1, 0
000000222006_jpg.rf.4fd4bf7e5f4af5d0e452a75c650d0070.jpg, 0, 1, 0, 0
000000386838_jpg.rf.4fbb334062772952798a9156cd649c77.jpg, 0, 1, 1, 1
000000575904_jpg.rf.4fbb75360529e9065ffdc29cbd625b42.jpg, 0, 1, 1, 0
000000039871_jpg.rf.4fc18b73be4b37bf5de0fe23ab8fd8e6.jpg, 1, 0, 0, 0
000000073665_jpg.rf.4fcba2b5d88be6f9b9685b4bcef235e8.jpg, 0, 1, 0, 0
000000280898_jpg.rf.4fe02839f557e5742675506410c79486.jpg, 1, 0, 0, 0
000000483952_jpg.rf.4fc9366093ae676728cb9907da5f1e48.jpg, 0, 1, 0, 1
000000393384_jpg.rf.4fde2416def8aef03438b013ee96135e.jpg, 0, 1, 0, 0
000000057213_jpg.rf.4fcd60036102eeddc09064cccd3357fc.jpg, 0, 1, 1, 0
000000216502_jpg.rf.4ff45bca5e1a3105a54fc36efdc14ab1.jpg, 0, 1, 0, 0
000000357578_jpg.rf.4f8d0333e6b8f5a7ffd933fab6f2826e.jpg, 0, 1, 0, 1
000000389016_jpg.rf.4fedd141f1027203ef9133870e017e07.jpg, 0, 1, 0, 0
000000073527_jpg.rf.4fdef2fcc31e09c76e46f71acbcc945a.jpg, 0, 1, 0, 0
000000178754_jpg.rf.4ff554f1b9a479d837fd74148ba287c3.jpg, 0, 1, 0, 0
000000353561_jpg.rf.4fee9a802f9d142ee588ba1fcfe22db5.jpg, 0, 1, 1, 0
000000210932_jpg.rf.4fef8c7d68d5a24a23fc42395f46e3da.jpg, 0, 1, 0, 0
000000126686_jpg.rf.502e678476eac37be20b28bebbe7a489.jpg, 0, 0, 1, 0
000000428326_jpg.rf.501a630d88be418b9c3619fa65cf59b4.jpg, 1, 1, 0, 0
000000064170_jpg.rf.5010e978fb20db856e96386b293b325d.jpg, 0, 1, 1, 0
000000232280_jpg.rf.5035bda5c5c2de5e2d3a96fa7f2b2d50.jpg, 0, 1, 0, 0
000000296797_jpg.rf.4ff8d67e9b4071e69280d680e87e7fb9.jpg, 1, 1, 0, 0
000000195079_jpg.rf.5049633d6b59a4c811d89c32e4d7b927.jpg, 0, 1, 0, 0
000000090006_jpg.rf.501161e1d5e9829e9b6ed393029decba.jpg, 0, 0, 1, 0
000000322922_jpg.rf.502f4ffa5f873aa080c04ef637f9fbf8.jpg, 1, 0, 0, 0
000000233164_jpg.rf.5045eea25886292bcf9131b9b82ec7b9.jpg, 0, 1, 0, 1
000000358033_jpg.rf.50370169343c1ebc0f6be76a21526ab3.jpg, 1, 0, 0, 0
000000373439_jpg.rf.5045f2bf1541a0d918018eb969283da6.jpg, 0, 1, 0, 0
000000333436_jpg.rf.4ffa59494721df36f2e4501be3ca61b5.jpg, 0, 1, 0, 0
000000164081_jpg.rf.4ffe48447686b6f566f7e67d85e371dc.jpg, 0, 0, 0, 1
000000512258_jpg.rf.503c0f29e6160ee6d2335b8f2f39f1d5.jpg, 1, 0, 0, 0
000000042079_jpg.rf.4fd70940056f4cf5631029e178086d5a.jpg, 0, 0, 0, 1
000000566395_jpg.rf.50476341937fc685e3e5321153936399.jpg, 0, 1, 0, 0
000000438196_jpg.rf.506f70fe9791ce848245e78dd7f224b0.jpg, 1, 1, 0, 1
000000107247_jpg.rf.5066436bcd74d32909bce37d823cb4c8.jpg, 1, 1, 0, 1
000000102116_jpg.rf.4fdc67f1d1c46229fe7266f06e8b59c3.jpg, 0, 1, 0, 1
000000317428_jpg.rf.4fd993ad6c589e8827ecba52b5ce10df.jpg, 0, 1, 0, 1
000000035891_jpg.rf.5072d8add1c66dbf6a43cb18e08fe889.jpg, 0, 1, 0, 0
000000490670_jpg.rf.50708abd6e1ffd6714453798afc786aa.jpg, 0, 1, 0, 0
000000492974_jpg.rf.507cb4e4236f9ca1bcb5767ab8769a29.jpg, 1, 1, 0, 0
000000540449_jpg.rf.50829d1cfaa224c3e97d1a07a090b5e3.jpg, 0, 1, 0, 0
000000193456_jpg.rf.508848c9663e8deb33e15c72aa350378.jpg, 0, 1, 0, 0
000000312184_jpg.rf.504f9b81a4afe841324dcec2c10d2f6f.jpg, 0, 1, 0, 0
000000199743_jpg.rf.506ff6bef73f711e783b3f3ae6d20bfe.jpg, 1, 1, 0, 1
000000116229_jpg.rf.508850be8c8d4b7d103c1b2bdc958848.jpg, 1, 1, 1, 0
000000217133_jpg.rf.50a47536b19063b996fb99c07788d82e.jpg, 0, 1, 0, 1
000000175530_jpg.rf.50a92279cb768a317d2ffda61f17e206.jpg, 0, 1, 0, 0
000000171678_jpg.rf.50908c80318b11189df665848fece8e5.jpg, 0, 1, 0, 1
000000568895_jpg.rf.50b12da905189e912dc8ac07da8bf480.jpg, 0, 1, 0, 0
000000370657_jpg.rf.5089ca5429d9224d640bc8f15c1a50d8.jpg, 0, 0, 1, 0
000000235093_jpg.rf.509c0444b09031c30c3856db41d9049e.jpg, 0, 0, 0, 1
000000458827_jpg.rf.509c7a5b0509481c0715f79b658841ab.jpg, 0, 1, 0, 0
000000097958_jpg.rf.508d3720d86d54f30b14970f8bd0c7fe.jpg, 0, 1, 0, 0
000000279804_jpg.rf.508cb3293b6d0407b0ad2df32e7b040d.jpg, 0, 1, 1, 0
000000185881_jpg.rf.50a4e52bcfa934adbfa622456a975796.jpg, 1, 1, 0, 0
000000460704_jpg.rf.5072cd9a47acfefd25a678377bd3d8a6.jpg, 0, 0, 0, 1
000000292243_jpg.rf.50b7bb3b5b7bfd5eceee2a3e44fd0bda.jpg, 1, 0, 0, 0
000000145061_jpg.rf.50ad32b37f21dd92298afd5339b1e03b.jpg, 1, 1, 0, 0
000000562817_jpg.rf.505763738614a10e2a0e087f9ce1b037.jpg, 0, 1, 1, 0
000000418811_jpg.rf.50a8c5cbe8ae8c3dedfacf1fda613130.jpg, 0, 1, 0, 0
000000325955_jpg.rf.507ee4714e3628cd67019db9574f6e4e.jpg, 0, 0, 1, 0
000000569827_jpg.rf.50b8f031142880f5b9258219eec71a90.jpg, 0, 0, 0, 1
000000071182_jpg.rf.5088822078ea2be9b2726ed08159daec.jpg, 0, 1, 0, 1
000000111157_jpg.rf.508cb149f75b6bfbd2a44141311141e7.jpg, 1, 0, 0, 0
000000110251_jpg.rf.50c6a88a8ef747e02373c620b062f124.jpg, 0, 1, 0, 0
000000078412_jpg.rf.50b7e4f9a7d791022410c01ba0ae8141.jpg, 1, 1, 0, 0
000000447533_jpg.rf.50c93115c7bc53d340d8539c5ae5dbda.jpg, 0, 0, 1, 0
000000099584_jpg.rf.50c6dce52ccb788c7505d27261da5b12.jpg, 1, 1, 0, 0
000000303946_jpg.rf.50d69acd28894ebf37014c95ad076a35.jpg, 0, 0, 1, 0
000000418099_jpg.rf.50ec47774d96c5da1f91bf045e9b79e8.jpg, 0, 1, 0, 0
000000092153_jpg.rf.50ddadf484edc28425ec5d5cc8ea9cdb.jpg, 0, 0, 0, 1
000000429726_jpg.rf.50fa93cc076091c2327577c38f28438b.jpg, 1, 1, 0, 0
000000559113_jpg.rf.5095f9fbe31948639b324b60d66755cb.jpg, 1, 1, 0, 0
000000555118_jpg.rf.51072e0bae8dfbe831dd34c8ad0e2871.jpg, 0, 0, 1, 0
000000407602_jpg.rf.50fd554ea06a79781d482988f843ecdd.jpg, 0, 0, 1, 0
000000505464_jpg.rf.50e5992aacdff92ca9b866e0a7a3c5c9.jpg, 1, 0, 0, 0
000000290600_jpg.rf.51089c64b4e26626d650cf93adce41c9.jpg, 0, 1, 0, 1
000000375130_jpg.rf.510876b225a1ebe554b323b82d607438.jpg, 0, 1, 0, 0
000000168317_jpg.rf.5097947b53bbd823ff5c7669feba94a6.jpg, 0, 1, 1, 1
000000316140_jpg.rf.50d6e311dca752efbdbaad7f227d7ca8.jpg, 0, 1, 0, 1
000000572469_jpg.rf.51078dc1ee2f3730ab7698db3db4b93a.jpg, 0, 1, 0, 1
000000534849_jpg.rf.510bf28c73169429475c9d668c3e952c.jpg, 1, 1, 0, 1
000000207455_jpg.rf.50fdae4e3dd85a820dd5269bceb7135b.jpg, 0, 1, 0, 1
000000287187_jpg.rf.5114797e6c52afd76e858d06271c4841.jpg, 0, 0, 1, 0
000000359364_jpg.rf.51183c1f97241cbf654ba11010c1fce7.jpg, 0, 1, 0, 0
000000553511_jpg.rf.511118aa421eb8a889eb0b91f4744c5d.jpg, 0, 1, 0, 0
000000531096_jpg.rf.511b519ca006581ff10102ff4121e1f6.jpg, 0, 1, 1, 1
000000017392_jpg.rf.51197452f83b7c0e850f8cb2658fcda4.jpg, 1, 1, 0, 0
000000392352_jpg.rf.5130adeedffec9313cc5e5307ec2fb9d.jpg, 0, 0, 0, 1
000000457085_jpg.rf.50c7a3375d42b342831456663534c234.jpg, 0, 1, 0, 0
000000286671_jpg.rf.513a953191026deb1fa0621916aa4668.jpg, 0, 1, 0, 1
000000147793_jpg.rf.513b72aecee24f890806d11ab8cee95e.jpg, 0, 1, 1, 0
000000403489_jpg.rf.5140536e032e2a43e0c74d8191bd33d8.jpg, 0, 1, 0, 1
000000529457_jpg.rf.5139871815fe711d03257b55dd437874.jpg, 0, 1, 0, 0
000000108224_jpg.rf.5132075e45715addb4b51719fef17f7b.jpg, 1, 0, 0, 0
000000133722_jpg.rf.51567a8c022a22562759a86beeb85802.jpg, 0, 1, 0, 0
000000042008_jpg.rf.517a0b29e2c66664108781f6cf284880.jpg, 1, 1, 0, 1
000000058684_jpg.rf.512c1d809fe8455c8bcd85f1d66d4115.jpg, 1, 1, 0, 0
000000423850_jpg.rf.5122dd84f692af0d3a204a6346d42625.jpg, 1, 0, 0, 0
000000544516_jpg.rf.514582192326a4a167c04deb33c6c282.jpg, 0, 1, 0, 1
000000348087_jpg.rf.5159593c9619f62f75a2b1e446556bd5.jpg, 0, 1, 0, 0
000000210991_jpg.rf.5119459f96afb316d48a3c2c7ccc2201.jpg, 0, 1, 0, 0
000000337342_jpg.rf.514369c14a67bb68cf098ef9328ce269.jpg, 0, 0, 0, 1
000000505962_jpg.rf.516757f703aabb614537cf7375607cb1.jpg, 0, 1, 0, 0
000000147979_jpg.rf.5141005ff7f27dc8284639ee063ccf14.jpg, 0, 0, 1, 0
000000313182_jpg.rf.517afc0a0274b2fc32e47e9b1080672c.jpg, 1, 1, 0, 0
000000569079_jpg.rf.516e40d765a8f97bb7e8a66a0096badd.jpg, 0, 0, 0, 1
000000525619_jpg.rf.512120d4900c457bb5f8102301418a46.jpg, 0, 1, 0, 0
000000337226_jpg.rf.51426a2184778bda5829992a53ac79e4.jpg, 0, 1, 0, 0
000000152385_jpg.rf.515a7068729b1ba3458c8973b40bbe39.jpg, 0, 1, 1, 1
000000304134_jpg.rf.5169d47040d2b55aa6438d40e374d832.jpg, 0, 0, 1, 0
000000052020_jpg.rf.517be01affedc7d06bad8cf9f846b9ee.jpg, 0, 1, 0, 0
000000027917_jpg.rf.517e6d8b1e50ed6812075ed74bcf74a7.jpg, 0, 1, 0, 0
000000239656_jpg.rf.513ad3851be2c47f612b063d8bcd2037.jpg, 0, 1, 0, 1
000000326698_jpg.rf.517d90b447869e047b808b142e15e535.jpg, 0, 1, 0, 0
000000110740_jpg.rf.51715bba2d869f51c1a8adeeb2dfcbb5.jpg, 1, 0, 0, 0
000000267463_jpg.rf.518dbdd5dd30f2e18a89cc8c60381c72.jpg, 1, 1, 0, 0
000000403065_jpg.rf.5169b4fb1b435b62f3337f69a28e87a7.jpg, 0, 0, 0, 1
000000142088_jpg.rf.5196a70b4ebceac06ca85b50e1997f75.jpg, 0, 0, 1, 0
000000126356_jpg.rf.518c2a3dc93b1fc35bbe2e7a39eb0fe6.jpg, 1, 1, 0, 0
000000489995_jpg.rf.5199f2a1018101481d094c4ec2ccaf71.jpg, 0, 1, 0, 1
000000562296_jpg.rf.518ba6781776133a520fbdf776c04673.jpg, 0, 1, 1, 0
000000145039_jpg.rf.51a03a0e7acca3b091f6a411718d3d36.jpg, 0, 1, 0, 0
000000043737_jpg.rf.519cff53f3332551edc196bbbf154f5e.jpg, 0, 1, 0, 0
000000455667_jpg.rf.519a166330b876284941a5402235cfe0.jpg, 0, 0, 1, 0
000000504415_jpg.rf.51c930dc80a042d96e240a7e0c9db0b8.jpg, 0, 1, 0, 0
000000097023_jpg.rf.51b9dbee544fcce7e4bd5cf17b46f16a.jpg, 0, 1, 0, 1
000000527220_jpg.rf.51cd641a5ed8cb22389cfbe18d30b277.jpg, 0, 1, 1, 0
000000129925_jpg.rf.519aa13c7219525e87bdf9676cccdd04.jpg, 0, 1, 0, 1
000000146498_jpg.rf.51aa6afdf09763b6dbe84d330ac341a5.jpg, 0, 1, 0, 0
000000040211_jpg.rf.51d32883687eaf42a928574800932bc2.jpg, 0, 1, 0, 0
000000476145_jpg.rf.51c5129d01d42fcccb03d4ec5ec053c6.jpg, 0, 1, 0, 0
000000226541_jpg.rf.518fb8bd928f831a35a9a48ffdef0c7d.jpg, 0, 0, 1, 0
000000084447_jpg.rf.51f78579194d9a329d5cd1571217a119.jpg, 0, 0, 1, 0
000000546078_jpg.rf.51d566fe56b0f8fe8e903f07495f13dc.jpg, 1, 0, 0, 0
000000348860_jpg.rf.51c25dd1a622143ddf41a709604ea952.jpg, 1, 0, 0, 0
000000244353_jpg.rf.5190dd93fa4be5e367e7646154a8d818.jpg, 0, 1, 0, 0
000000083407_jpg.rf.51dded916ffbd07c92b41a2a38561f6c.jpg, 0, 1, 0, 1
000000208189_jpg.rf.51d2e4456dd8d52d6587824beb2679c2.jpg, 0, 1, 0, 0
000000160549_jpg.rf.51d0c6496ea27b874f60785f2026da43.jpg, 1, 0, 0, 1
000000340368_jpg.rf.51fe79715b32b7a74cb5a67b26fa35e1.jpg, 0, 1, 0, 0
000000321841_jpg.rf.51fc601e19cdc4db56fa0ebff35f687a.jpg, 1, 0, 0, 0
000000092402_jpg.rf.51c370849ed838199de2971e56f32d65.jpg, 0, 0, 0, 1
000000320693_jpg.rf.52202f62df043f17cb841ed3d8c33369.jpg, 0, 1, 0, 0
000000499760_jpg.rf.52207c4fcf51ada97b07fd5566114288.jpg, 0, 1, 0, 0
000000287437_jpg.rf.520bac72223a22b2466a0f0aae79be44.jpg, 0, 0, 1, 0
000000354132_jpg.rf.52100145b476e53ca563cd08afb43cde.jpg, 0, 0, 1, 0
000000290276_jpg.rf.51e2b029cd461f831ad062660e389138.jpg, 1, 0, 0, 0
000000150372_jpg.rf.52261710b54c575907404579510870f9.jpg, 0, 0, 1, 0
000000191616_jpg.rf.5226ed67e15e6baa50e64fd719fc833a.jpg, 0, 1, 0, 0
000000580829_jpg.rf.52243f777a7f972cffb4c51bba9ea029.jpg, 0, 1, 0, 0
000000499932_jpg.rf.523b6760cdd99dce507b4f1d65f7a9a6.jpg, 0, 1, 0, 1
000000300476_jpg.rf.523444c22f798f5d8eb6a4986143ec6d.jpg, 0, 1, 0, 1
000000345786_jpg.rf.5231d3b0986fc1be25991f797b546786.jpg, 0, 1, 0, 1
000000392726_jpg.rf.523357080460d9bebbb8efe8f565f1a4.jpg, 0, 1, 0, 0
000000259316_jpg.rf.52004a2f954f56e82dc5747784598327.jpg, 0, 0, 1, 0
000000332654_jpg.rf.524bc89fb49f98c5de132736d2acc4a8.jpg, 0, 1, 0, 0
000000454053_jpg.rf.5266675def3f19eec0eba5dc0732b471.jpg, 0, 1, 0, 0
000000503059_jpg.rf.521cf27c296ab3ba9176f0b965fee373.jpg, 0, 0, 0, 1
000000329568_jpg.rf.528a4775611cee80980cac6ad307c7cf.jpg, 0, 0, 0, 1
000000413941_jpg.rf.52627c896b5127904b09a2b874893f8f.jpg, 0, 0, 1, 0
000000487353_jpg.rf.5270efb34f133c552069d8913e15416f.jpg, 0, 1, 0, 1
000000243810_jpg.rf.52603a48790728a691ede92a397a888a.jpg, 0, 1, 0, 0
000000432328_jpg.rf.5242e16c2b084cc2e670b0d0a1d4fe7a.jpg, 0, 1, 0, 0
000000160524_jpg.rf.5290800b22b6bcc416464ff6475cc25c.jpg, 0, 1, 1, 1
000000225183_jpg.rf.51a14ace2c031d71e36da0a8b61e1b7c.jpg, 0, 1, 0, 0
000000510997_jpg.rf.525a63e8d1033a2b26d42f2b368d5278.jpg, 0, 1, 0, 0
000000122639_jpg.rf.528e06bccba3460fa6f5998bddc3a701.jpg, 1, 0, 0, 0
000000363827_jpg.rf.528291a72e0139cb29a90d5e062521c7.jpg, 0, 1, 0, 1
000000282329_jpg.rf.520ff74cd4221d7df68a12918e1740c5.jpg, 0, 0, 0, 1
000000157756_jpg.rf.5297c3e223f74098f34b23f20f885021.jpg, 0, 1, 0, 1
000000081127_jpg.rf.52a71e9302f864077adc775b81845865.jpg, 0, 1, 0, 0
000000438017_jpg.rf.52ab21ad7dea2144973a6b190b4edafb.jpg, 0, 1, 0, 0
000000535183_jpg.rf.5293224fd48a88d97d8b855baa42bca7.jpg, 1, 0, 0, 1
000000263826_jpg.rf.52a7763b88ea7d863b586764e5b22477.jpg, 1, 1, 0, 0
000000243717_jpg.rf.52b1860ce3019192aaa6da8ccce2d396.jpg, 1, 0, 0, 0
000000205573_jpg.rf.526a36f25ef37cfb798cbc5411b51059.jpg, 0, 0, 1, 0
000000221932_jpg.rf.52bb7ac3cca6fbfbfc366ebdf7068767.jpg, 0, 1, 1, 0
000000097213_jpg.rf.52b8a322913414816e9a9db98ee5e1bb.jpg, 1, 1, 0, 0
000000318468_jpg.rf.52d5d00c1d95b4c5424ea2a3f7ebd3d6.jpg, 0, 1, 0, 0
000000028655_jpg.rf.52d20349e5ed56fae97462874ac46bc0.jpg, 0, 1, 0, 1
000000494968_jpg.rf.52c144e23b1cbb1d4e66059755194fe5.jpg, 0, 1, 1, 0
000000334371_jpg.rf.52c3def1f9c2febe535cb7376399c71c.jpg, 1, 1, 0, 0
000000384416_jpg.rf.52e60c8e3924d21cfa17713c59e31e2b.jpg, 0, 1, 0, 0
000000064116_jpg.rf.52f603369ac89fa4f7858e68b051d91c.jpg, 0, 1, 0, 0
000000147094_jpg.rf.52e7524396a011f9278025fe6e9c37d9.jpg, 0, 1, 0, 0
000000276763_jpg.rf.52c9a6f3969080d3cc8d329a41003b57.jpg, 1, 1, 0, 0
000000019523_jpg.rf.53092d0e30f0be73f1e59e9b2ec48363.jpg, 1, 0, 0, 0
000000237111_jpg.rf.530e9cbc93b198dd6c6c29099682482b.jpg, 0, 1, 1, 0
000000116663_jpg.rf.531856983d53128c57f79fea705b34dd.jpg, 0, 1, 0, 0
000000434526_jpg.rf.530964f7e0f3007d1f9c4f7b046ea740.jpg, 0, 1, 0, 1
000000065566_jpg.rf.52f40d904f5cf1a2b8ff7573e56da0f4.jpg, 0, 0, 1, 0
000000503277_jpg.rf.5325bc1e6d88406303002ed7e226b8ee.jpg, 0, 1, 0, 1
000000544732_jpg.rf.52dea07b745bc684e234e30a09a3fe92.jpg, 1, 1, 0, 1
000000501867_jpg.rf.52e487c95410104df74bbc91d19112f8.jpg, 1, 0, 1, 1
000000501549_jpg.rf.52a7d58d5d2e65e38b372332826b5f1b.jpg, 0, 1, 0, 0
000000065632_jpg.rf.531667cc1cad68a7f575284666ee2a81.jpg, 0, 1, 0, 0
000000302236_jpg.rf.52e93d02bff900e4911dd32411c69202.jpg, 0, 0, 1, 0
000000151211_jpg.rf.530261f37fc817be92b6e7e9b4133c4c.jpg, 1, 1, 0, 0
000000299409_jpg.rf.532d556f23520a8733fc36658049f4d3.jpg, 0, 1, 0, 1
000000401778_jpg.rf.531799c89c539c7c93d0287ef3b29dea.jpg, 1, 0, 0, 0
000000347019_jpg.rf.5316d3acaa5dd88e4d5a579583ca9db5.jpg, 0, 0, 1, 0
000000065098_jpg.rf.52e9f7ff6b08e72cf7fd78fced22de27.jpg, 0, 1, 1, 1
000000067502_jpg.rf.5333a487400bef0c7be0625be8df5605.jpg, 0, 1, 0, 0
000000393277_jpg.rf.534e048c51d17cb60c889f8cb3f38239.jpg, 0, 1, 0, 0
000000280883_jpg.rf.53262d395e098f1ca90047f4bf1efa18.jpg, 1, 1, 0, 0
000000172151_jpg.rf.53462cdee874bd7cb9fd7fc3b7794e6a.jpg, 0, 1, 0, 0
000000381759_jpg.rf.5351f7d6a1f01e9b41109340aa052de8.jpg, 0, 1, 0, 1
000000323828_jpg.rf.536cb7fa45f075c6e32d4d1958f50aae.jpg, 0, 1, 0, 0
000000262148_jpg.rf.534af92e24675565056556e8db16a9e0.jpg, 0, 0, 0, 1
000000261471_jpg.rf.53353b05381ca87e745d9b091b135da3.jpg, 1, 1, 1, 0
000000577343_jpg.rf.534173a0fbc8b3a2ad680447ea9b1fbd.jpg, 1, 1, 0, 0
000000124291_jpg.rf.53304ddb9cdff66f92d322d2cdc0c938.jpg, 0, 0, 1, 0
000000161974_jpg.rf.533fa63354df0fe7df3704640a40e09a.jpg, 0, 0, 0, 1
000000380756_jpg.rf.5347633774b5347ba1dac972c8bdc853.jpg, 1, 0, 0, 1
000000497568_jpg.rf.5346eac649f56d07a12919222a810b10.jpg, 0, 0, 0, 1
000000094202_jpg.rf.535620436b9c135ee49235ec6e7cc286.jpg, 0, 1, 0, 0
000000529842_jpg.rf.53688e09fd075376e16aaa64d3d861a8.jpg, 0, 1, 0, 0
000000540989_jpg.rf.53474e38f6b465a809030ff203b4cbff.jpg, 0, 0, 1, 0
000000164461_jpg.rf.537d115f643d210b8af8d268f74aa84a.jpg, 0, 0, 0, 1
000000247234_jpg.rf.5378b6014836b1ecb407b01bc2a8d1d5.jpg, 0, 1, 0, 0
000000262617_jpg.rf.534fea13d07a80ff215a017a643b9fd9.jpg, 0, 1, 0, 0
000000394681_jpg.rf.53937d0d1c77dbe4147f066328f336df.jpg, 1, 0, 0, 0
000000491290_jpg.rf.532e1a9f58c0f77ffac8c9fcf55289ce.jpg, 0, 1, 0, 1
000000518083_jpg.rf.53b24d941c8b79bec9a182d8ba4f173d.jpg, 0, 1, 0, 0
000000369776_jpg.rf.53a14be33937e5fb303d67abee9d8c49.jpg, 0, 1, 0, 1
000000455085_jpg.rf.539bd534d6078660821578bd7ca8382f.jpg, 1, 0, 0, 0
000000570512_jpg.rf.53a9524bb00a62ba186a30888a532f21.jpg, 0, 1, 0, 1
000000246746_jpg.rf.53781c1b8e3cb6b8789d79312fccfae2.jpg, 0, 1, 0, 0
000000254706_jpg.rf.53b8324baa85f6644eef86e5d8f5136b.jpg, 0, 1, 0, 0
000000031979_jpg.rf.539278174d9bd4b68fae25373f96d820.jpg, 0, 1, 0, 0
000000241010_jpg.rf.5385d0ca07a6a60bd8ac4a5936fc92f0.jpg, 0, 0, 0, 1
000000510549_jpg.rf.539e6d162c48bd0bc515599b8bac0ce2.jpg, 0, 1, 0, 0
000000109939_jpg.rf.53caada21475bf107fea9fa2186d186e.jpg, 1, 1, 0, 0
000000347167_jpg.rf.5376d8907dcfe3f72772e8ab56ad080e.jpg, 0, 1, 0, 0
000000381433_jpg.rf.53d7a626b86bd3d310fcd328ea364dc4.jpg, 1, 1, 0, 0
000000062193_jpg.rf.53ee08a7251bbbf14b477021f152445f.jpg, 0, 0, 0, 1
000000492694_jpg.rf.53caa1e35e838ba186f333e5913f5e11.jpg, 1, 1, 0, 0
000000383112_jpg.rf.53ce82175ffbff9d63c0004a137d94ea.jpg, 1, 1, 0, 1
000000027163_jpg.rf.53673c9edb3608b374a89f898864bb74.jpg, 0, 1, 0, 1
000000288607_jpg.rf.53d9e801f40645ee065ddab13076ce68.jpg, 1, 0, 0, 0
000000396115_jpg.rf.53e65187dfc2eff4c8b3aeb102acdaf1.jpg, 0, 0, 1, 0
000000400456_jpg.rf.53f66b6010f9b85294a0db27ecc2863d.jpg, 0, 1, 0, 0
000000432363_jpg.rf.53b648c8c77d5b6acedbcbb7fbe233ad.jpg, 0, 1, 0, 0
000000487059_jpg.rf.53d9ff765db3e83aa9da2f83f7ae73dc.jpg, 0, 1, 1, 1
000000470799_jpg.rf.53ea83eed8ec4d18516e17d67f52b8a9.jpg, 0, 1, 0, 0
000000344067_jpg.rf.5414350c77717380a7e273a71af23a68.jpg, 0, 1, 1, 1
000000531844_jpg.rf.542038ce3fa9bdade71628fa637f00db.jpg, 1, 1, 1, 1
000000100244_jpg.rf.541baeb80d4d2316a3cdbd1803863c36.jpg, 0, 0, 0, 1
000000554296_jpg.rf.53c7b76a2e82ab43c2c12c07db4125ad.jpg, 0, 1, 0, 0
000000177338_jpg.rf.5407e2ed0a5fd6600cfd120b0ffbcc45.jpg, 0, 0, 1, 0
000000139518_jpg.rf.53fb66e0661d693c1ef7ca2337317cf1.jpg, 0, 1, 0, 0
000000237202_jpg.rf.541257e17f353a3a781442f62e26e336.jpg, 0, 0, 1, 0
000000267875_jpg.rf.53dd331a5a6b5b8da5f7cd4c51015973.jpg, 0, 0, 1, 0
000000038097_jpg.rf.53e7a93b28a4f7798ab6b2d19498af78.jpg, 0, 1, 0, 0
000000556472_jpg.rf.543141e4d2c8937dabb942179c4724eb.jpg, 0, 0, 0, 1
000000526301_jpg.rf.54387a087b71fd295e723dd7a7efa3b0.jpg, 0, 1, 0, 0
000000090278_jpg.rf.54019e87e07c7144796dbe55814419ef.jpg, 1, 1, 0, 0
000000429971_jpg.rf.5437fbb3f9c81cc3e9cd4960ee2b84c5.jpg, 0, 0, 0, 1
000000408303_jpg.rf.542d70ba0ec13bcb6b3bcd8fb31a10a8.jpg, 0, 1, 0, 0
000000365202_jpg.rf.5426e06e49c4e312a946d619cb5fba4a.jpg, 0, 0, 1, 0
000000290798_jpg.rf.53f72d4bf8b704b1fb6d7af62a349b2e.jpg, 0, 0, 0, 1
000000024706_jpg.rf.541ed058b1a0545c1f7133bf2b0c3393.jpg, 0, 1, 0, 0
000000271464_jpg.rf.53f385706e5683f5471b065b53a79f72.jpg, 1, 1, 0, 0
000000490268_jpg.rf.543b7496888a93bc66d67b1430ec7e6a.jpg, 0, 1, 0, 0
000000419056_jpg.rf.543a8dc1560d7090270e9f3bfd070758.jpg, 0, 1, 0, 0
000000417693_jpg.rf.543be4f925e33001955a5e6b2d65d49f.jpg, 0, 1, 0, 0
000000204906_jpg.rf.5447eb838e76e5fdc85d50e6647b2070.jpg, 0, 0, 1, 0
000000294718_jpg.rf.543ac838aebbe769274cb2f92a017048.jpg, 0, 0, 0, 1
000000381821_jpg.rf.543b72b2823b3797f7a6220a33da9f3d.jpg, 0, 0, 1, 0
000000481894_jpg.rf.54366f8938f113f480a4e08ea4bee7c8.jpg, 0, 0, 1, 0
000000425131_jpg.rf.542aab130d9a27a52649b0f6da055c18.jpg, 0, 1, 1, 1
000000338025_jpg.rf.544d4caf840fb87dcdf4b2d7cb1ae86d.jpg, 0, 1, 0, 0
000000236925_jpg.rf.5463a93de264f1bbb97f2b34b6e3c1dd.jpg, 0, 1, 0, 0
000000414881_jpg.rf.544ab3394787c47d2ca49dd431120906.jpg, 0, 0, 0, 1
000000145791_jpg.rf.548890c91cc9df5a8a8bbf3b53ec5d19.jpg, 0, 0, 0, 1
000000366517_jpg.rf.546bfb1143ef2580e203061075a84f74.jpg, 0, 1, 0, 0
000000506372_jpg.rf.54d06015bea037e86f03631adca9c6da.jpg, 1, 0, 0, 1
000000231945_jpg.rf.54c125207fcccd3c84915c598f305df1.jpg, 0, 0, 0, 1
000000342490_jpg.rf.548c5a7c50c2edbf673587694962fd18.jpg, 0, 1, 0, 1
000000026233_jpg.rf.5491404e4ad043ad9719e4a7ddec9a51.jpg, 1, 0, 0, 0
000000230141_jpg.rf.54770cb3703f7cd6e4b38d9915f5530d.jpg, 0, 1, 0, 0
000000141923_jpg.rf.54690d7758b65132d1ecaa920f9fe4c5.jpg, 0, 0, 0, 1
000000276845_jpg.rf.549432842bcde8a97a6c62d83ada6a8a.jpg, 0, 0, 1, 0
000000501534_jpg.rf.54ae705253de463a18c0c475ef1eb144.jpg, 0, 1, 0, 0
000000389760_jpg.rf.54783a245ac20ff2ec9a12cffc5f396d.jpg, 0, 0, 0, 1
000000107183_jpg.rf.5481bafadceeaf722503cd3f14fe71fe.jpg, 0, 1, 1, 0
000000375063_jpg.rf.54acbfc73a590a2e2f8f7e7a066b7c89.jpg, 0, 1, 0, 0
000000400950_jpg.rf.54760915a3c9a1b6ac579548ab7429e9.jpg, 0, 1, 0, 0
000000489385_jpg.rf.548a47a0296fcd621ac955db4eaf5232.jpg, 0, 1, 0, 0
000000239395_jpg.rf.54535de1432a716421bc19035d13bcc7.jpg, 0, 0, 1, 1
000000525695_jpg.rf.54cb943c91e24ef6593318a55741ed81.jpg, 0, 1, 0, 0
000000032147_jpg.rf.5494768bdf0c1b383ceb557d46e86c22.jpg, 0, 1, 1, 0
000000337663_jpg.rf.54a1b0f288e295d9e575c143810d9c77.jpg, 0, 1, 0, 0
000000015517_jpg.rf.54cbc8c58ac739a53617a82d9f5e7b5a.jpg, 1, 0, 0, 0
000000437518_jpg.rf.54d5ef3246249930b00d779375181d7b.jpg, 0, 1, 0, 1
000000384021_jpg.rf.54497e8bb4a0965a422edb5fa4e4066c.jpg, 0, 1, 0, 0
000000146324_jpg.rf.54dc0fe88438d167cad219c09fef83c0.jpg, 1, 1, 1, 1
000000136042_jpg.rf.54e451a0588b674d836807fd0d734226.jpg, 1, 1, 0, 0
000000192516_jpg.rf.54db6c90d06f45c55e993bd1881679d9.jpg, 0, 1, 0, 1
000000474399_jpg.rf.54ffb9fcd6ec60bf63823c6431444921.jpg, 0, 1, 0, 0
000000369878_jpg.rf.54f24859151bdb3d5cbdccf4c57aaa43.jpg, 1, 1, 0, 0
000000058174_jpg.rf.54d92c9d173be2e9f48170a0ae2a2c2c.jpg, 1, 0, 0, 0
000000481454_jpg.rf.54e7f61ebbbec1dfc4a9428e76070035.jpg, 0, 1, 0, 0
000000471799_jpg.rf.55159e123cd99634124e2c221b0d429a.jpg, 0, 1, 0, 0
000000145518_jpg.rf.54ed6f92bacb90f8382cb1a0e9c8ff2e.jpg, 1, 1, 0, 1
000000464980_jpg.rf.553c73eb06cbbf7f7ef90a094aa8c486.jpg, 0, 1, 0, 0
000000067768_jpg.rf.553ba73ffb4fa4d3a152d2c1fb427936.jpg, 0, 1, 0, 0
000000145311_jpg.rf.550a0d7479d50a0c6ee4fb05074d37d2.jpg, 0, 1, 0, 1
000000423643_jpg.rf.54fd928429cfb56cf4cbe0fbc5344729.jpg, 0, 1, 0, 0
000000343728_jpg.rf.55345c63b148c90e91c7aeaf6ca92267.jpg, 0, 1, 0, 0
000000083990_jpg.rf.551bc3deda50debcf2d4a050a3c66b50.jpg, 0, 1, 0, 0
000000502248_jpg.rf.5503299aab9fe244117103c43e84be23.jpg, 1, 1, 0, 0
000000304008_jpg.rf.54c57627e0600530666001ef1ec603b3.jpg, 0, 1, 0, 0
000000167634_jpg.rf.5508253d06d9106d9cd3a823af596c25.jpg, 0, 0, 1, 0
000000088377_jpg.rf.54e00d9a370c7fc755225fd8671f1275.jpg, 0, 0, 1, 0
000000166693_jpg.rf.54ec94ce261a2a021bb723759a2c3d35.jpg, 0, 1, 1, 0
000000503068_jpg.rf.55194a45a7165d4c66e7c1b7bc1d971d.jpg, 0, 0, 1, 0
000000095409_jpg.rf.55554e36770857d754320d838908d6a4.jpg, 0, 0, 0, 1
000000477858_jpg.rf.55035111ee532b931649f6fdec1210d8.jpg, 0, 0, 1, 0
000000013815_jpg.rf.55508fcb1bf99a1dbb8015706cad4b02.jpg, 0, 1, 0, 1
000000109900_jpg.rf.5559455cea6f052b444af9cac806a4be.jpg, 0, 0, 0, 1
000000170293_jpg.rf.5566f53e763c7f6f93621391ea7ebb1d.jpg, 0, 1, 0, 0
000000413128_jpg.rf.557d490179b7a59753ed7b20f8ca349f.jpg, 0, 0, 1, 0
000000386189_jpg.rf.5584bfdd85d0817bc747d25f7ca9d204.jpg, 0, 1, 0, 0
000000086715_jpg.rf.555f291df46bba3bd1f290066d53084f.jpg, 0, 1, 0, 0
000000389772_jpg.rf.55748536dcb9303390e9f020b60c086e.jpg, 0, 1, 0, 0
000000317509_jpg.rf.556cac9e00f11c3c7a1b21a9cdc5dc84.jpg, 0, 1, 0, 0
000000305803_jpg.rf.5580fce8e0039992b4aae170b451ae54.jpg, 0, 0, 1, 0
000000098943_jpg.rf.558fc4973fab077ed95df077b0ae57c8.jpg, 1, 0, 0, 0
000000343818_jpg.rf.5561b39bf288a5e2c89097e434752158.jpg, 0, 0, 0, 1
000000432307_jpg.rf.5572fbb007190b71b5beef45a579cb42.jpg, 0, 1, 0, 1
000000345980_jpg.rf.559467cafa1d145e767bd3fb62ecef9d.jpg, 1, 0, 0, 0
000000480657_jpg.rf.559403b4d31b3e732579742ae142eaed.jpg, 1, 0, 0, 0
000000163485_jpg.rf.558ce5bc133e935ef8cff1b3c3585a56.jpg, 0, 0, 1, 0
000000069138_jpg.rf.555eb9f25b98c58a4ff17d3a1b1432d8.jpg, 0, 0, 0, 1
000000095953_jpg.rf.5562b5a7c0dfbc9869fb980576cf9c3b.jpg, 0, 0, 1, 0
000000242673_jpg.rf.5578d842680a1652d685c7cf03f69f32.jpg, 1, 1, 1, 1
000000389921_jpg.rf.55c0bb13286db2ebb40c5a02f9d64c12.jpg, 0, 1, 0, 0
000000283530_jpg.rf.55a8baf5e54597ad5714989f187f3c65.jpg, 0, 0, 0, 1
000000090218_jpg.rf.5591fb1ba3a7e270631492a4c70d96ab.jpg, 0, 1, 1, 1
000000437738_jpg.rf.559d86adbaad8e733ce87b6a68c937db.jpg, 0, 1, 0, 0
000000000810_jpg.rf.5599d765858a4b632fa95b5890b33461.jpg, 0, 1, 0, 0
000000500712_jpg.rf.559307992a8353ee99cfb27d5eebc9e1.jpg, 0, 1, 0, 1
000000509218_jpg.rf.55b6dbcf373dfcf47d41a26e4f84ba7d.jpg, 1, 0, 0, 1
000000267224_jpg.rf.559b6eba14c16c6769dee1149f2b0b76.jpg, 0, 0, 0, 1
000000538809_jpg.rf.55a5efcdcdcef285e9083bcea4dcfd90.jpg, 1, 0, 0, 0
000000277172_jpg.rf.55920d63848ba3abd66903e0488094e3.jpg, 0, 1, 0, 1
000000509766_jpg.rf.55b03631ed33b6b50db130285d4f7cd8.jpg, 0, 0, 0, 1
000000563604_jpg.rf.55b059d07859aacde7c66319bb0890a0.jpg, 1, 0, 0, 0
000000315195_jpg.rf.55dda5f13a29fbc961c3a821dae9dc00.jpg, 0, 1, 0, 0
000000026027_jpg.rf.55883d27e0692ee148c0a6dfff5fe823.jpg, 0, 0, 1, 0
000000097899_jpg.rf.55e5f0fccd22ecffcd4b62a1543e64d1.jpg, 1, 0, 0, 0
000000094416_jpg.rf.55f295cfa4a683260071f4a8a2be1f62.jpg, 0, 0, 1, 1
000000367332_jpg.rf.5589697c70bd0758783f2bf5eaaf6886.jpg, 0, 1, 0, 0
000000064635_jpg.rf.55d4cf57a6daf266698293d0ad2f08d6.jpg, 0, 1, 0, 0
000000264241_jpg.rf.560a6962cf42d1c5bfdad39847c94e62.jpg, 1, 1, 0, 0
000000566757_jpg.rf.559e306456f6c288d1ca6923f42a2b6b.jpg, 1, 0, 0, 0
000000447379_jpg.rf.55e65667d980df2ea414f49e585237e2.jpg, 0, 0, 1, 0
000000466395_jpg.rf.561b8cda1caca05015925b04d9029a87.jpg, 0, 1, 0, 0
000000506707_jpg.rf.55e3a62c0aa1340d464ad35cb01dc91d.jpg, 0, 1, 0, 0
000000312218_jpg.rf.55d9c49c3516a12b3206e3bc60947836.jpg, 0, 0, 0, 1
000000533682_jpg.rf.561d6b9a763719e4c1ad8142220ed593.jpg, 0, 1, 0, 0
000000471654_jpg.rf.560a7bee3bb24e59e72dca7a904b3933.jpg, 0, 1, 0, 1
000000325935_jpg.rf.564700b54a73344761a10b8078ed07d5.jpg, 0, 1, 0, 1
000000141304_jpg.rf.56356d705857b88ae5d19e94cd3b1398.jpg, 0, 1, 0, 1
000000159135_jpg.rf.5638f430aee0caf68e302c774db209b4.jpg, 0, 1, 0, 1
000000121555_jpg.rf.5662befd27e3c269cef4d156cc88e7a3.jpg, 1, 0, 0, 0
000000461494_jpg.rf.564104b7671678d6cc61a405a03df533.jpg, 1, 1, 0, 1
000000282406_jpg.rf.565a85216e15057fb483d66b62d2f870.jpg, 0, 1, 0, 0
000000121778_jpg.rf.5689d0c2390a4193f89d939beeceb14d.jpg, 1, 1, 0, 0
000000099389_jpg.rf.5611e062dac09fa3b725161f9c8db7c1.jpg, 0, 0, 1, 0
000000076417_jpg.rf.56838ffc58cb7078eda8c0aec076594f.jpg, 0, 1, 0, 1
000000466263_jpg.rf.5690001536721f3e244af22aac5752c5.jpg, 0, 1, 0, 0
000000108303_jpg.rf.5688d4d42fe2d7c24300be1c43da2bda.jpg, 0, 1, 0, 0
000000073814_jpg.rf.562d76f2169894472318e92f4831fbc2.jpg, 0, 1, 0, 0
000000483699_jpg.rf.568d3345af1faf9f6841330146f3c465.jpg, 0, 1, 0, 0
000000120375_jpg.rf.5625830c5613011b9cebdccca397651d.jpg, 0, 1, 0, 0
000000335747_jpg.rf.5682319ff641892e80277615030736eb.jpg, 0, 0, 1, 0
000000270330_jpg.rf.5670e692f161a9dbc40a87a78ee9dc2f.jpg, 0, 0, 1, 0
000000275492_jpg.rf.56339966421c137595ebf0227945c6f4.jpg, 0, 0, 0, 1
000000027041_jpg.rf.567ece804f8acd48cb3afc80c64f5957.jpg, 0, 1, 0, 0
000000114147_jpg.rf.5694a03ebabc6ff25c5f1aa834e7fbe2.jpg, 0, 0, 1, 0
000000018426_jpg.rf.56837c030e3787604e600b7bd606fc54.jpg, 0, 0, 1, 0
000000119535_jpg.rf.5693cf59f17edf076e3976c860b573c8.jpg, 0, 1, 0, 1
000000135671_jpg.rf.5674adc4acd3c5acb2637bb12df88c42.jpg, 0, 0, 1, 0
000000383048_jpg.rf.56c6013d9b411ab374fe4bcfce06371e.jpg, 0, 1, 0, 0
000000218578_jpg.rf.5697798f29dafe5471a0080c7d77f7df.jpg, 0, 1, 0, 0
000000399275_jpg.rf.56931540ad72ab805c4096402dc1b503.jpg, 1, 1, 0, 1
000000571462_jpg.rf.56c58dbb303f4701b3fa30c4c6346555.jpg, 0, 1, 0, 0
000000482049_jpg.rf.56bf9682972253512730068e950ff6e3.jpg, 1, 0, 0, 0
000000068176_jpg.rf.569fa8290833c57b12685350d390c960.jpg, 0, 1, 0, 1
000000532426_jpg.rf.56c6b4817c96e2408a50cf5406df2aed.jpg, 0, 1, 1, 0
000000164042_jpg.rf.56b70cf2281f11d5c56b8191832c8ffd.jpg, 0, 1, 0, 0
000000034437_jpg.rf.56c61153f7a8918bf15bb3803b9f4b4e.jpg, 0, 1, 0, 0
000000127115_jpg.rf.568ee7f21bf502710076203a154dd792.jpg, 0, 1, 0, 0
000000382320_jpg.rf.56cc5acac02a85bc750ef464c5cd5d02.jpg, 1, 1, 0, 1
000000320314_jpg.rf.56a4db6e9c972448f7015146a3f2b55d.jpg, 0, 0, 0, 1
000000173448_jpg.rf.56d2a2367ea3aee840b0e2768dea44a2.jpg, 1, 1, 1, 1
000000135250_jpg.rf.5659cc1855770ba73866f674076b8314.jpg, 1, 1, 1, 1
000000443764_jpg.rf.56caf8345336d0d68b0b5276551b3f0c.jpg, 1, 0, 0, 0
000000231338_jpg.rf.56cdad0f7e4efe15a4c0d6e1c2240e08.jpg, 1, 1, 0, 1
000000456863_jpg.rf.56fa1a92f85d9a8a167e7aa977ee117c.jpg, 0, 1, 0, 0
000000406909_jpg.rf.56dabd50bf0a8ab6fbbec4341926cba6.jpg, 0, 1, 0, 1
000000500106_jpg.rf.5708370be56238ace141929bf57fe17c.jpg, 0, 0, 0, 1
000000031829_jpg.rf.56e1ec647824444d358c1e3f4599c0a2.jpg, 0, 1, 0, 0
000000474653_jpg.rf.56dab6de2fb837a9ab19e5c0bfd80196.jpg, 0, 0, 0, 1
000000359043_jpg.rf.570548290fb0d8bc26d897bc8d580104.jpg, 0, 0, 0, 1
000000068125_jpg.rf.56fccc3e26aacaff0095780b79de07b3.jpg, 0, 1, 0, 1
000000157486_jpg.rf.57125d93623a05bb2fe113d9339f0f80.jpg, 0, 1, 0, 0
000000375769_jpg.rf.5718c0d2323eb672acaf9e1db5d1312b.jpg, 0, 1, 0, 0
000000172160_jpg.rf.57268a06a4c743c5370cb325d8be8df7.jpg, 1, 0, 0, 0
000000442456_jpg.rf.5729032abbe11cd337a05e133d520397.jpg, 0, 1, 0, 1
000000288336_jpg.rf.5704283c5bbb7dcaff4e6904f499e863.jpg, 0, 1, 0, 0
000000096105_jpg.rf.56e6e240ae6b668c687a83b49fec1412.jpg, 0, 1, 0, 1
000000085744_jpg.rf.572d811e27fb93db9f66d58f624b3a5c.jpg, 1, 0, 0, 0
000000445087_jpg.rf.56f42634ac513c7c7a0cf237caf69cf6.jpg, 1, 0, 0, 0
000000250108_jpg.rf.570838e671bec8b94a1184777a3052db.jpg, 0, 1, 0, 0
000000297200_jpg.rf.572f9fc7139c122cbeff0df50d117144.jpg, 0, 1, 0, 1
000000235984_jpg.rf.5703bdaf696eb65290a9d95c85ca5543.jpg, 0, 1, 0, 0
000000577073_jpg.rf.573cf147326c88a789ae32b1c4e95e72.jpg, 0, 1, 0, 1
000000300631_jpg.rf.57349cfd84c52a374397c54bdc24b843.jpg, 0, 0, 1, 0
000000235189_jpg.rf.56e89a08d812cf4c9de8998e27925c33.jpg, 0, 1, 0, 0
000000394139_jpg.rf.573b47abaa89c1c3a32a7debc994ee73.jpg, 1, 1, 0, 0
000000321642_jpg.rf.5745fdb9d7fbc6271ff28ebbab027997.jpg, 1, 0, 0, 0
000000360500_jpg.rf.5772176c35d9b97f30d28989dc4ba361.jpg, 1, 1, 0, 0
000000144497_jpg.rf.575192a02e4d61b4d8757d360fef98f2.jpg, 0, 1, 0, 1
000000083931_jpg.rf.57172366441da76e75a4a99bdf5ab190.jpg, 0, 1, 0, 1
000000388824_jpg.rf.57501c1a1ea7fb9a4fceedb7b3ef2c90.jpg, 0, 1, 0, 1
000000543060_jpg.rf.5768da32b68510ed9d983dabb1089a8f.jpg, 1, 0, 0, 0
000000465272_jpg.rf.5750fefad92861ca758006153e177d15.jpg, 0, 0, 0, 1
000000116652_jpg.rf.57450e2cf559a9f56ea6192c3c2508a5.jpg, 0, 0, 0, 1
000000255418_jpg.rf.575491b3afac811336623bd03ff6a05f.jpg, 1, 1, 1, 0
000000490087_jpg.rf.577d228c8ee1b242c8039c5cafa2728b.jpg, 0, 0, 0, 1
000000511844_jpg.rf.5755bfa12a0decdf1b4f68579af305e8.jpg, 0, 0, 0, 1
000000257670_jpg.rf.5772a1abc2b2092a3ac3413c6e4f0a27.jpg, 0, 0, 1, 0
000000216790_jpg.rf.57778ae3a7062ac09f084da848353a3a.jpg, 0, 1, 0, 1
000000045481_jpg.rf.577303b2bd7905a82ca10f99fb467825.jpg, 0, 1, 0, 1
000000230844_jpg.rf.575b2e445687061030d3b91460f3401a.jpg, 0, 1, 0, 0
000000358345_jpg.rf.5755d1d610f2666e86cf149977f59057.jpg, 0, 1, 0, 0
000000511200_jpg.rf.577b2db788844acf42b7a38d91c7aa53.jpg, 1, 1, 0, 0
000000024368_jpg.rf.575b74b901ed5c0060402a76b03de442.jpg, 1, 1, 0, 0
000000465675_jpg.rf.573b1b3e4bd0f319dffb6ff5cda07458.jpg, 0, 0, 0, 1
000000107678_jpg.rf.578f264e4d5fff3898cf03ac972afa83.jpg, 0, 1, 0, 1
000000425540_jpg.rf.57853809be3a9814e2bbd3b4df0e2067.jpg, 0, 1, 1, 1
000000122403_jpg.rf.575d5c488107940239efb9040bdcd0db.jpg, 1, 0, 0, 0
000000260266_jpg.rf.5793321a33dac78be54ee3e75abf9cd9.jpg, 0, 1, 0, 0
000000140556_jpg.rf.577f3a97f84715972af802d1c8c7cc1f.jpg, 0, 0, 0, 1
000000243421_jpg.rf.57b4fc11e79dc161823eeb647dad5bde.jpg, 0, 1, 0, 0
000000118870_jpg.rf.578717394c02d41abeba598a50a7bd72.jpg, 0, 0, 1, 0
000000088344_jpg.rf.579f443ac86110746a498334384505cd.jpg, 0, 1, 1, 1
000000238568_jpg.rf.5779f15125e199d341400460b669d3c3.jpg, 0, 1, 0, 0
000000235446_jpg.rf.57b96a6e5c893a55c7e43efa86b10059.jpg, 0, 1, 0, 0
000000030643_jpg.rf.57c61b363de553da75641a2f7b5ab145.jpg, 0, 0, 1, 0
000000508913_jpg.rf.579e129f7fd8fe8209e45c8739d3033a.jpg, 0, 0, 0, 1
000000321307_jpg.rf.57d912ea3f02d101732c7b508e506d53.jpg, 1, 0, 0, 0
000000311776_jpg.rf.57ba961b0f280b9aefb512d4d2bcb51c.jpg, 0, 0, 0, 1
000000547044_jpg.rf.57df91b871b36a815668a8785210405e.jpg, 0, 0, 0, 1
000000349689_jpg.rf.57f3a7c8949b4a6e3c21e5ce90be7de6.jpg, 1, 0, 0, 0
000000153909_jpg.rf.57c08b0cc95c384edfd4ddb17c4294a6.jpg, 0, 1, 0, 0
000000149767_jpg.rf.57e2fc46469baa0259cfcefd510798cf.jpg, 0, 0, 0, 1
000000172545_jpg.rf.57e254a56b25c34e8f6c0eb8cf1ac251.jpg, 0, 0, 1, 0
000000561578_jpg.rf.57c736865ba362771319483b7098d02d.jpg, 0, 1, 0, 0
000000182104_jpg.rf.580a3f5542006fd031b82e3cd5b58977.jpg, 1, 1, 1, 0
000000471708_jpg.rf.57f84a41885ea6e75647a49424e102e4.jpg, 0, 1, 1, 0
000000109136_jpg.rf.57bfc5c0ec8e06510dc9607559f9567a.jpg, 1, 1, 0, 0
000000125188_jpg.rf.57bb7bfef17f536f4c532a2d19489976.jpg, 0, 1, 0, 0
000000150546_jpg.rf.58145d2b763feca0e7a2b0a98bc04f51.jpg, 1, 1, 0, 0
000000570721_jpg.rf.581eb31bbcaebbdedb40bf50d8c4c2a3.jpg, 1, 1, 0, 1
000000431357_jpg.rf.57f3bef43ed651a42e99c6e90ae10fe8.jpg, 0, 1, 0, 0
000000567013_jpg.rf.57e2d082ff095eef2c23c04432d0333c.jpg, 1, 1, 0, 1
000000501785_jpg.rf.5838eb833408c688ac7afd7a81f45927.jpg, 1, 1, 0, 0
000000137369_jpg.rf.575fbf737a38e1a1793e5a94cd4eda09.jpg, 0, 0, 1, 0
000000066691_jpg.rf.581ea17d6041409f100d66e259d8ca56.jpg, 0, 1, 0, 0
000000273653_jpg.rf.57fc9aab1e09d18bad4b6258f913aa4d.jpg, 1, 0, 1, 0
000000021711_jpg.rf.57fa23f8af2b44f60c23dee2b7b9c2d5.jpg, 0, 1, 1, 0
000000445216_jpg.rf.581f2796e972db24061f6de60e784f07.jpg, 0, 1, 0, 0
000000081622_jpg.rf.582e8861db4d73b057227da37850cd26.jpg, 0, 1, 0, 1
000000084341_jpg.rf.582a3a93add5b37a7e582eebd3ae9f33.jpg, 0, 1, 0, 0
000000538523_jpg.rf.57f021d517360ce15417b26ff5581519.jpg, 0, 1, 0, 0
000000064010_jpg.rf.5843fc0eedc4485f44a5c0adf9ab5176.jpg, 0, 1, 0, 0
000000089092_jpg.rf.5841df4cdabdabd715368a9cf0f964cc.jpg, 0, 0, 0, 1
000000347177_jpg.rf.57c10a766534bbc320fb39833adf6fed.jpg, 0, 1, 0, 0
000000284297_jpg.rf.584b9ec360bf363819e7b6cf2c967c5c.jpg, 0, 1, 0, 1
000000108841_jpg.rf.582b6c070b99baa3388b641d1041e67b.jpg, 0, 1, 1, 0
000000025134_jpg.rf.583d2159498cf18a96a7a6a550a22484.jpg, 1, 0, 0, 0
000000099341_jpg.rf.57a8271a9b9c62d7c3fc28faa79a8ecd.jpg, 0, 1, 0, 0
000000565002_jpg.rf.5816cada2a004e0c082e8dad01b8ae25.jpg, 0, 1, 0, 0
000000531349_jpg.rf.585ba7096c0593ce7d22ac67e6167646.jpg, 1, 0, 0, 0
000000327271_jpg.rf.5873fe046484f87c41583fd9756e567f.jpg, 0, 1, 1, 1
000000282015_jpg.rf.5855f006a3b3f889a985b757f03e6050.jpg, 0, 0, 1, 0
000000184263_jpg.rf.58889aaaca5ef703dfd088eb2d5afbf0.jpg, 1, 1, 0, 0
000000576158_jpg.rf.5877dc4ae53f8435b33f5633bff21850.jpg, 1, 1, 0, 1
000000021417_jpg.rf.58a5eab532db0234856aa993c292d1e6.jpg, 0, 1, 0, 1
000000314572_jpg.rf.583d3fcbff4761104bc6c9fe6a4063fb.jpg, 0, 1, 0, 0
000000125848_jpg.rf.589554ddafdce1bf9cbc3a4eed34013f.jpg, 1, 1, 0, 0
000000469658_jpg.rf.584c6f8edda4b6d09f5615667a58e244.jpg, 0, 1, 0, 1
000000027989_jpg.rf.589337c6fc379543de15983644fe671c.jpg, 0, 0, 0, 1
000000040103_jpg.rf.58af1f94cf25309c95593349344799b9.jpg, 0, 0, 0, 1
000000443272_jpg.rf.58882019c8a7d5bc71844ccd09af9fd2.jpg, 1, 1, 0, 1
000000301691_jpg.rf.58aea063684ee88437a14d6d773101bb.jpg, 1, 0, 0, 0
000000496081_jpg.rf.58ca3fb3171224a092f961f67722cbce.jpg, 0, 0, 0, 1
000000180919_jpg.rf.58b80d96528718109848694f99ab0543.jpg, 0, 0, 1, 0
000000403263_jpg.rf.58b8825d8e5992e309e7a5820385c18a.jpg, 0, 0, 0, 1
000000487953_jpg.rf.58d6f3c3e8c5113972e78a8a0fd4d331.jpg, 0, 1, 0, 0
000000447479_jpg.rf.586f42419630ce4668bef5bf085822d9.jpg, 0, 1, 0, 0
000000424162_jpg.rf.58cae5c894b9daa22837a0f77231f962.jpg, 0, 1, 0, 1
000000012034_jpg.rf.58b2937fdf36fae7c8b293abdac2893e.jpg, 0, 1, 0, 0
000000349931_jpg.rf.58b8c741e0b75a95d4c9f9853cefb53c.jpg, 1, 1, 0, 1
000000572439_jpg.rf.58d1279d06d6d9b8aed08f6c12891f9b.jpg, 0, 1, 0, 0
000000297227_jpg.rf.58f4357b0595980e12abb075b778ee21.jpg, 0, 1, 0, 1
000000262594_jpg.rf.58e1a1b95713582f0e05d31c23c322e2.jpg, 0, 0, 1, 0
000000418107_jpg.rf.5910c9ea763c9563e3583534588ba430.jpg, 0, 1, 0, 0
000000207219_jpg.rf.58dab7d4194c52249c2f962ffb8e6f43.jpg, 0, 1, 0, 0
000000542499_jpg.rf.590f029760cceb1ade909f36c3a561bb.jpg, 0, 1, 0, 0
000000211351_jpg.rf.590872a05936ad0e522637b46fe09d62.jpg, 1, 1, 0, 0
000000461226_jpg.rf.5914c759c39415b3ac5a18200c8ad9e5.jpg, 0, 1, 0, 1
000000267548_jpg.rf.58dd16816e665b3c7e74da1b65a141cd.jpg, 0, 1, 1, 0
000000414106_jpg.rf.58e5814cb675bbc2240e6c29e2b2879c.jpg, 0, 1, 0, 1
000000159262_jpg.rf.58e1f475a2decd927a877901eb92032c.jpg, 0, 0, 0, 1
000000483362_jpg.rf.593306a7d2dd26ec547e8fc720a9feda.jpg, 0, 1, 0, 0
000000057088_jpg.rf.593279f25db46a2f78b3376f307a2d6c.jpg, 1, 1, 0, 0
000000537620_jpg.rf.593829eb5f997ba8c7d0b5c363ba1411.jpg, 0, 0, 1, 0
000000023569_jpg.rf.59151ce39d2941474411c86d457f0662.jpg, 1, 1, 0, 0
000000464237_jpg.rf.5954e260ead740c8361a6ce06bfae7ed.jpg, 0, 1, 0, 1
000000408846_jpg.rf.5958e1110707576ddc2d90be1cd88d41.jpg, 0, 1, 0, 1
000000569158_jpg.rf.59485e85b328fd695ff51eeec05af8ab.jpg, 0, 0, 0, 1
000000283648_jpg.rf.5916c555da4b79a8a7bdb5f6a70f03d7.jpg, 0, 0, 0, 1
000000266363_jpg.rf.5956012194ab359ee9e0e23f94e295d8.jpg, 0, 1, 0, 0
000000317532_jpg.rf.595342eab1d52f58c5c0ef77f8b56eb4.jpg, 0, 1, 0, 0
000000068261_jpg.rf.5915a5266ae57c86a1daf4afd6085ea5.jpg, 0, 1, 0, 0
000000154168_jpg.rf.59331c96da9f4e8378df8eec5bf530e9.jpg, 1, 1, 0, 1
000000228714_jpg.rf.5943d6376fcd97ca744d48a9c9381be6.jpg, 1, 1, 0, 0
000000100319_jpg.rf.58ea3929e393617bb5b7f8fa6afd0dba.jpg, 0, 1, 0, 0
000000047451_jpg.rf.58b3d0a2ad250ec4e13195b81897194a.jpg, 0, 1, 0, 0
000000412676_jpg.rf.592738cbbe869f7b6ce05050ce796597.jpg, 0, 1, 0, 0
000000063888_jpg.rf.5977a91c9026036e59848ee9a26f5a75.jpg, 1, 0, 0, 1
000000103817_jpg.rf.595d0bf1efcade8539d46810abfd661f.jpg, 0, 1, 0, 0
000000274160_jpg.rf.5967b5614ddc6198e16c0e35c69dbd7b.jpg, 0, 0, 1, 0
000000501289_jpg.rf.597944fb00e6b994f471933e30166acb.jpg, 0, 1, 0, 0
000000284680_jpg.rf.5989c07c09f2aff190ff224a0133974c.jpg, 0, 0, 1, 0
000000152771_jpg.rf.59615a68c0e687d935a1d01844ddad4b.jpg, 0, 1, 0, 0
000000360114_jpg.rf.598f1a4beb66ec58ae631f0c961c5743.jpg, 0, 1, 0, 0
000000350825_jpg.rf.5998c15017c6cb5f88352f1374f19b9f.jpg, 0, 1, 0, 0
000000027522_jpg.rf.59870e0f4042185cc9b9f26f4a6f668f.jpg, 0, 0, 1, 0
000000500147_jpg.rf.5965399b63b29fb64621f4d3adbbe9ce.jpg, 0, 0, 0, 1
000000357739_jpg.rf.59970b86a9237d99e63108849c439704.jpg, 1, 1, 0, 0
000000314069_jpg.rf.59c750b762b645ecf2d52070d7b4d5c5.jpg, 0, 1, 0, 0
000000075308_jpg.rf.599d7de296a135ea58f80a78d56d3d38.jpg, 0, 1, 0, 0
000000539436_jpg.rf.597913c80a201dd94e75ac28db9b0698.jpg, 0, 1, 0, 1
000000122029_jpg.rf.5903d2eff20feec80b8e97cf85337c55.jpg, 0, 1, 0, 0
000000282574_jpg.rf.599c5c2ac26f6ce5f767ef5e6ced62e7.jpg, 1, 1, 0, 1
000000171464_jpg.rf.597052c9b2fc496a38584ac5db382ef7.jpg, 1, 1, 0, 1
000000103404_jpg.rf.59a1d1fbb55ea1c4f4319b686a09c9cb.jpg, 0, 1, 0, 0
000000435709_jpg.rf.5998caf746a55005b4636ad815165e19.jpg, 0, 1, 0, 0
000000090712_jpg.rf.597f3b993553c2b8d02714fe186b0229.jpg, 0, 0, 1, 0
000000411253_jpg.rf.59b57ef0480117231d8035e22d77c7c3.jpg, 0, 1, 0, 0
000000110616_jpg.rf.59a0ecb2009bd7b674069b4bb7cb1fdb.jpg, 0, 1, 0, 0
000000021528_jpg.rf.59c8c781327448ee4510ab352e9dbc5f.jpg, 0, 1, 0, 0
000000517758_jpg.rf.597a0f5d069b690c0bed8744155f0eb0.jpg, 1, 0, 0, 0
000000129462_jpg.rf.59a73143d4d30b0db48777798fe5b3d5.jpg, 1, 1, 0, 0
000000291048_jpg.rf.598b8fe3aa6dab05c48c6c4d0209e282.jpg, 0, 1, 0, 1
000000539434_jpg.rf.59e0fb28a0cc01fcb355898598ac3021.jpg, 0, 0, 1, 0
000000518249_jpg.rf.59cc90f662c4bca1af6e9a81784ab6a3.jpg, 0, 1, 0, 0
000000202099_jpg.rf.59d915164b2754a1007e401eacc18d6e.jpg, 0, 1, 0, 0
000000278715_jpg.rf.59e881501c9ecd6e85793eb2236de922.jpg, 0, 1, 0, 0
000000004275_jpg.rf.59ed511dcdea3ebe5451150bdd222612.jpg, 0, 1, 0, 0
000000046743_jpg.rf.59e432206e9139ec986d790586138f74.jpg, 0, 1, 0, 1
000000457383_jpg.rf.59ebcf1181857f1f8e9b5500d58b640f.jpg, 0, 1, 0, 0
000000025759_jpg.rf.59d3a6565db2066d158e5802e065bdbc.jpg, 0, 1, 0, 1
000000392606_jpg.rf.59e40ecc5b5f0cb51fb0e4c5f7f001c2.jpg, 1, 1, 0, 0
000000107840_jpg.rf.59f36747aab22d98520724f67327314a.jpg, 1, 0, 0, 0
000000226567_jpg.rf.5a027c9d24a001ebe72e743e158a4621.jpg, 0, 1, 0, 1
000000348314_jpg.rf.59f53e46a17b69ddf07e3b5514794790.jpg, 0, 1, 0, 0
000000359825_jpg.rf.5a257e7b3fb13d8fe699866e57d7f659.jpg, 0, 1, 0, 0
000000496342_jpg.rf.59fcce45f6548078ac069de94920c31c.jpg, 0, 0, 0, 1
000000125184_jpg.rf.59ffe0909478a3fb10e0a7ed028989a0.jpg, 0, 0, 0, 1
000000349559_jpg.rf.5a0390d543f1e253fd016cde3fd9ebd0.jpg, 0, 1, 0, 0
000000573085_jpg.rf.5a25d1e54ae042039088b0097e969e47.jpg, 0, 0, 0, 1
000000137681_jpg.rf.5a172de8e0b38ce0f0235a160fc6fe64.jpg, 0, 0, 1, 1
000000128503_jpg.rf.5a403f9cbf71af5b1434ea003f6e7896.jpg, 0, 1, 0, 0
000000330204_jpg.rf.5a2fe6a253668bf40942306e7c1eae3e.jpg, 1, 0, 0, 0
000000373482_jpg.rf.5a059c92727cd015756d377e83f110ec.jpg, 0, 0, 0, 1
000000083364_jpg.rf.5a33d75ef1306a09fd9c729cde18f35e.jpg, 0, 1, 0, 1
000000553851_jpg.rf.5a3ce7d57a10f9e2a8001a98600c3d93.jpg, 0, 1, 0, 0
000000365206_jpg.rf.5a46a09e972392ee7da65880e54b1662.jpg, 0, 1, 0, 0
000000260101_jpg.rf.5a1aa3242d0e4ce8b3dcf4847b3db18e.jpg, 0, 0, 0, 1
000000057284_jpg.rf.5a3ccee48a11ca913bb7e3433bb90e27.jpg, 0, 0, 0, 1
000000434746_jpg.rf.5a4a9ef29e63147111c3548277fdc5cb.jpg, 0, 1, 0, 1
000000128351_jpg.rf.5a1e5d1cc9b6c4f0adf948e479d25dd8.jpg, 1, 1, 0, 1
000000059063_jpg.rf.5a4834229960a9440870fae7f3e04993.jpg, 0, 0, 0, 1
000000450970_jpg.rf.5a4f1377ecda548e1ec4ae54bedd371b.jpg, 0, 1, 0, 1
000000121903_jpg.rf.59f8106bf66ab691237be43d4c02a2ef.jpg, 0, 1, 0, 1
000000471591_jpg.rf.5a607062c351a8a9c40af04acd804407.jpg, 0, 1, 0, 0
000000507667_jpg.rf.5a1c0ccce709b94547f24723b589f266.jpg, 0, 1, 1, 0
000000092269_jpg.rf.5a4c7a5241fb18d41d795e68b86b6a17.jpg, 0, 1, 0, 0
000000330109_jpg.rf.5a51addcc8ef6b306459ee8c803d6629.jpg, 0, 0, 1, 0
000000249993_jpg.rf.5a7204ef454ac67f423927caa1955cf0.jpg, 0, 1, 0, 0
000000334309_jpg.rf.5a5703df09317cf68a5485a8926a1779.jpg, 0, 1, 0, 0
000000412687_jpg.rf.5a77240db7787c29aad24d8f0a7f8f3c.jpg, 0, 1, 0, 0
000000415672_jpg.rf.5a7a48c226b8d12495bafb3dcfd7023c.jpg, 0, 0, 1, 0
000000488151_jpg.rf.5a60847cb2680d97baa5f4f721f60006.jpg, 0, 1, 0, 0
000000115222_jpg.rf.5a78e7064d4b1516d38701a951e195c6.jpg, 0, 1, 0, 1
000000286583_jpg.rf.5a93a3d585d9ca2e1d784ac673aeb727.jpg, 0, 0, 0, 1
000000252786_jpg.rf.5a6ddab8073a7fcd27184eafc0f20eaa.jpg, 0, 1, 0, 0
000000102357_jpg.rf.5a6649da6e27b35a6834a237dc456b63.jpg, 0, 0, 0, 1
000000542423_jpg.rf.5a5d6c956f7da243fe79500540ef7a7d.jpg, 0, 1, 0, 0
000000156747_jpg.rf.5a73f49872cfdbb8c004f318876e205c.jpg, 0, 1, 0, 0
000000391187_jpg.rf.5a963c2fc1fb9e10536c000e261674ce.jpg, 1, 0, 0, 0
000000522198_jpg.rf.5a78de967d37ef3e54525fc202cd782a.jpg, 0, 0, 1, 0
000000062387_jpg.rf.5a88d66f117cd903eec62e9a4d3de3ad.jpg, 0, 1, 0, 0
000000124277_jpg.rf.5a735dfd74510f0a74d782a7fff30c87.jpg, 0, 1, 0, 1
000000558211_jpg.rf.5a96e4e1cea76e00ea6b5b1a9d1ad335.jpg, 0, 1, 0, 0
000000130093_jpg.rf.5a83109a1fa6a9183b57e9b791999133.jpg, 0, 1, 0, 0
000000440062_jpg.rf.5a91d03ce3446e41927b76dbf579166b.jpg, 0, 1, 0, 0
000000100848_jpg.rf.5a8785387da97af93e1fd005b195976f.jpg, 0, 0, 0, 1
000000389932_jpg.rf.5a8cf233de9a85d29a70cef0e14832d1.jpg, 0, 0, 0, 1
000000014257_jpg.rf.5aa075c17f5976bc0da12d2b68d2e457.jpg, 0, 1, 0, 0
000000183327_jpg.rf.5abe9bfcad20b160ed33740c340e85c5.jpg, 0, 1, 0, 1
000000374897_jpg.rf.5ac5420b3b92849d496117111ce5158b.jpg, 0, 0, 0, 1
000000393707_jpg.rf.5aa98bb7969f0eb4576634e2fe176628.jpg, 0, 0, 1, 0
000000161367_jpg.rf.5ac0e936cee665ae0324d359aa008024.jpg, 0, 1, 0, 0
000000248771_jpg.rf.5abc4fdce5c4353841ae5066616f47b2.jpg, 0, 1, 0, 0
000000106335_jpg.rf.5abb68d702c2db5e77e161e30a7474e5.jpg, 0, 1, 0, 1
000000127681_jpg.rf.5a971ef674552844bef604b803b759df.jpg, 0, 1, 0, 0
000000145921_jpg.rf.5abd7c4e3de2b4f2a313d8d2f93588ce.jpg, 0, 1, 0, 1
000000488424_jpg.rf.5acf20dc352b737cbf8fe2c5ae521ce0.jpg, 1, 0, 0, 0
000000111492_jpg.rf.5ac763de2bb625681583e411d507ccc5.jpg, 0, 0, 1, 1
000000425148_jpg.rf.5acb2c973f5a84bb92a0c9fcff2e9e4f.jpg, 0, 1, 1, 0
000000099893_jpg.rf.5ae4aceebace8c24b0c73e3f6092840e.jpg, 0, 1, 0, 0
000000335481_jpg.rf.5af5a66d3b35c6758c85be92b78d11c9.jpg, 0, 1, 0, 0
000000470454_jpg.rf.5a448ac469ad616fdc75135caeb5c0b5.jpg, 1, 1, 0, 0
000000397668_jpg.rf.5ac8a7351681cb4221e7e46a39245655.jpg, 0, 1, 0, 0
000000382154_jpg.rf.5ac704a26fcb624ce89dc60de5d15738.jpg, 0, 1, 0, 0
000000089181_jpg.rf.5b0b53b0a58fe014e35aa491726e0cf0.jpg, 0, 1, 0, 0
000000417273_jpg.rf.5adfa4b2e116e8af1d1b88c7c2b2dbf2.jpg, 1, 1, 0, 0
000000016977_jpg.rf.5a9701c9a36774974260d8e964e593c8.jpg, 0, 1, 1, 0
000000503834_jpg.rf.5ae0b223c27ed5932ba028ed804b0930.jpg, 1, 1, 0, 1
000000286785_jpg.rf.5b0fba3f103ff028d1a9e2258b726231.jpg, 0, 1, 0, 0
000000295398_jpg.rf.5ad3dd97c7baa35cc45af00a0ebc6964.jpg, 0, 0, 0, 1
000000095417_jpg.rf.5b0d4472329dd128fa0ebf637d326452.jpg, 0, 1, 0, 0
000000550147_jpg.rf.5aee506b59b70eb7be4a2620c3993c7a.jpg, 0, 1, 0, 0
000000440461_jpg.rf.5b2229f7c597c21f5cafbb2cfd5500c4.jpg, 1, 0, 0, 1
000000385971_jpg.rf.5aed7f9c5322b3ce09aa4f396cc8d718.jpg, 0, 1, 0, 0
000000350148_jpg.rf.5b154c134bb646e606bced1cc7d4a5f2.jpg, 0, 1, 0, 0
000000155763_jpg.rf.5b2641ebb7cce23dfaa89ce644e29c85.jpg, 1, 0, 0, 0
000000361265_jpg.rf.5adf0446c90ebdb19c7fa175d47b0833.jpg, 0, 1, 0, 0
000000479815_jpg.rf.5b54921d2822e5a9545c0d58d7000d86.jpg, 0, 1, 0, 0
000000006197_jpg.rf.5b18a8d64169d4875fcfd9fabcdfdfa5.jpg, 0, 0, 0, 1
000000034810_jpg.rf.5b5260014b7ff3861f4c5e15ffbe8da6.jpg, 0, 1, 0, 0
000000255714_jpg.rf.5afae1a3c076661dfdf71b7819064cec.jpg, 1, 0, 0, 0
000000022218_jpg.rf.5b8eead3a4bbe8ac2bbd10786f00db43.jpg, 0, 0, 0, 1
000000073647_jpg.rf.5ba0a82a8387b4eca7be57dc479ee916.jpg, 0, 1, 0, 0
000000319118_jpg.rf.5b9334afe00f6052c866c9eff7dba749.jpg, 0, 1, 0, 0
000000360540_jpg.rf.5bd97378c79e380dfb4e26f92e21eaf5.jpg, 0, 0, 1, 0
000000178411_jpg.rf.5bb5206758d3c613d59c684f2bcc223e.jpg, 0, 1, 0, 1
000000379064_jpg.rf.5bad8c1d1d5255f4bee3d5000e8ff25a.jpg, 0, 1, 1, 1
000000027484_jpg.rf.5bc466d21da1fd62656ad3413ebdbcb7.jpg, 0, 1, 0, 1
000000067490_jpg.rf.5b6ddaadb7077f9dd37c92706f642176.jpg, 0, 1, 0, 0
000000470988_jpg.rf.5baacdd78eee45fbc9af0021088daccf.jpg, 1, 1, 0, 1
000000028518_jpg.rf.5bb42df4242d1fc84294dfa31c20c3f7.jpg, 0, 1, 0, 0
000000351359_jpg.rf.5b93900f09470a709d700eae6ae6cddb.jpg, 0, 1, 0, 0
000000183395_jpg.rf.5bacee893ffa4b2a32a6f4381dca2947.jpg, 0, 0, 1, 0
000000282835_jpg.rf.5bcb8a226fee6ce42da1e416d047e515.jpg, 0, 1, 0, 0
000000350449_jpg.rf.5bb4ce6d453b743ae6e7d46c091dbee6.jpg, 0, 1, 0, 0
000000185922_jpg.rf.5bc243ee6a6798f4b86c2f91979bfc15.jpg, 0, 0, 1, 0
000000173759_jpg.rf.5bbaae58299d5190e0382625fd677316.jpg, 0, 1, 1, 0
000000332227_jpg.rf.5bd3d834fa09c12dbce8816de3b79627.jpg, 1, 0, 0, 0
000000113252_jpg.rf.5ba17c1767d4e39383a91c6e4d04e926.jpg, 0, 0, 1, 0
000000383639_jpg.rf.5bb5e32181faf58340054fe2f893d1d3.jpg, 0, 0, 0, 1
000000578795_jpg.rf.5bc6d3a27bb875abe0e89c5606845b7d.jpg, 0, 1, 0, 0
000000383131_jpg.rf.5be596ff65af613effe3ed2339ff1533.jpg, 1, 0, 0, 0
000000228681_jpg.rf.5bb25036b42fc108e0d0bda19d129559.jpg, 0, 1, 0, 0
000000232675_jpg.rf.5b1c2b7a18b97f3c3649e75e3f83d433.jpg, 0, 1, 0, 0
000000445639_jpg.rf.5bf6199a7e9b5ae06133209c51a152ef.jpg, 1, 0, 0, 0
000000571920_jpg.rf.5bebb8cc252a97ef6bb7e9bae1b4a02f.jpg, 0, 1, 0, 0
000000111000_jpg.rf.5c06b24e3fd332d932416d5400771b05.jpg, 0, 1, 0, 0
000000106508_jpg.rf.5bfc221d4a5c931ec24f2ae975ae1241.jpg, 1, 1, 0, 0
000000111369_jpg.rf.5bca58cf8929f45cd4ea34055444d5a2.jpg, 0, 1, 0, 1
000000258344_jpg.rf.5c109871c27406d8772effb638397b97.jpg, 0, 1, 0, 0
000000504617_jpg.rf.5bf86ba002ed401ddb21d00b3bdcd8a3.jpg, 0, 0, 1, 0
000000228519_jpg.rf.5bed91fc64c088fa28fe61e4f9356da7.jpg, 0, 1, 0, 1
000000191013_jpg.rf.5c1e89399e88cbf87306da2feac9f0e5.jpg, 0, 1, 0, 1
000000292459_jpg.rf.5bf658de9fee107df0d3299874ce027c.jpg, 0, 0, 1, 0
000000069583_jpg.rf.5c2f7f71b999d8e827477155ef5812df.jpg, 0, 1, 0, 1
000000348092_jpg.rf.5bfd8093fa57bd6c9e15a78f06f8438c.jpg, 0, 0, 1, 0
000000207225_jpg.rf.5c065757055f69122fcdbf40b9d61012.jpg, 0, 1, 0, 0
000000038929_jpg.rf.5bf3ae251342e5ba483bb146c90082b9.jpg, 0, 0, 0, 1
000000085827_jpg.rf.5c248ae6de3f408b24dc2fd296180f34.jpg, 0, 1, 0, 0
000000446861_jpg.rf.5c0558305252587a6b7e379f480b486e.jpg, 0, 1, 1, 1
000000467113_jpg.rf.5c2f69ea2b38a15cb71e667cb723c752.jpg, 0, 0, 1, 0
000000418711_jpg.rf.5c041e9e0114f6a9cd230a9e724447d2.jpg, 0, 1, 0, 1
000000476065_jpg.rf.5be7458aeee36fcae786c0aec781547b.jpg, 0, 1, 0, 0
000000450728_jpg.rf.5c06e5d8e291a9c7b7ee8e5dae821cfa.jpg, 1, 1, 0, 1
000000482158_jpg.rf.5c383b3f9e96fd3a7b5565d895c22d91.jpg, 0, 0, 0, 1
000000513361_jpg.rf.5c45b1125ab835fed9808bf2e1722b29.jpg, 0, 1, 0, 0
000000573195_jpg.rf.5c40badb79eb1491c72f0f97853269c9.jpg, 0, 1, 0, 0
000000052425_jpg.rf.5c431e8e2ed680999382fba94b634a29.jpg, 0, 1, 0, 1
000000010434_jpg.rf.5c4538ca76a5718d851abd9da1c8400a.jpg, 0, 1, 0, 0
000000347728_jpg.rf.5c4212ebe151fdb5f6bce5c31b14ab77.jpg, 0, 1, 0, 0
000000209405_jpg.rf.5c47a73810ba2700a132cf479d084023.jpg, 0, 1, 0, 0
000000318476_jpg.rf.5c3ccba40af5f15206097bb6c15021d6.jpg, 0, 0, 0, 1
000000171685_jpg.rf.5c48c7d9393f52358a3e3b3ccb1ffe33.jpg, 0, 0, 1, 0
000000403249_jpg.rf.5c2370ce9b3fc9bc4cd457f359232c00.jpg, 0, 1, 0, 1
000000065705_jpg.rf.5c0cd22765b04bdc435213c3f739b014.jpg, 1, 0, 0, 0
000000076844_jpg.rf.5c8a766b70f36e98900bb7bcd144a574.jpg, 0, 1, 0, 0
000000475893_jpg.rf.5c6e0d4c7c860e0b167a455fca4f3894.jpg, 0, 1, 0, 1
000000199243_jpg.rf.5c4be66624b1a81d11d12626c43e3fc3.jpg, 0, 0, 0, 1
000000472160_jpg.rf.5c89b2996d0dbdd686d56aeccd346d0d.jpg, 0, 0, 1, 0
000000288553_jpg.rf.5c9b919ad657d4f6972949f197d37548.jpg, 0, 1, 0, 0
000000455916_jpg.rf.5c028bd80dea658d5c46dcb8b06c161d.jpg, 0, 0, 0, 1
000000047181_jpg.rf.5cb5571e37a1f8c5e029991192880d23.jpg, 0, 1, 0, 0
000000405848_jpg.rf.5cb5a3a58e10251246b303482cb3e386.jpg, 0, 0, 1, 0
000000079355_jpg.rf.5cb01003d6e8274da0f24b9435c30fd5.jpg, 0, 0, 0, 1
000000122857_jpg.rf.5cd9998308ae7831c6eb552a31fedec6.jpg, 0, 0, 1, 0
000000397980_jpg.rf.5cb299cb514e7810d56d94fe39fac528.jpg, 0, 1, 0, 0
000000096303_jpg.rf.5cd9bf5df9667739c930c8bfd04d6e6b.jpg, 0, 1, 0, 0
000000463414_jpg.rf.5cee6c008ba7883402a58f946cfb3854.jpg, 0, 1, 0, 0
000000523357_jpg.rf.5cc26155191790f88242bf02d97f2cdd.jpg, 0, 1, 0, 0
000000340532_jpg.rf.5cef19a86e2cbc81cebc28713b96f84f.jpg, 0, 1, 0, 1
000000368024_jpg.rf.5cebb7c30a0a605117fac928138c4d56.jpg, 0, 1, 0, 1
000000143379_jpg.rf.5cc64dadae6507d4b8cbc3c75f492b5c.jpg, 1, 0, 0, 0
000000242979_jpg.rf.5cda8e1c07d51035ed17138614a022d9.jpg, 0, 0, 0, 1
000000463406_jpg.rf.5cd9f01613f012ae192ca965bcbd7636.jpg, 0, 1, 0, 1
000000054974_jpg.rf.5caf4a00f65c1954733d710afea76d7d.jpg, 0, 1, 0, 0
000000166747_jpg.rf.5ce75f21710363e64ddee988461e3a4e.jpg, 0, 0, 0, 1
000000354819_jpg.rf.5d0a5ecb8f0004b64e088d6ddf038698.jpg, 0, 1, 0, 0
000000445825_jpg.rf.5cfff34182ffe1d484d9ff335720f89f.jpg, 0, 1, 0, 0
000000228992_jpg.rf.5d07f6a3744a5514b958cb54c129f3df.jpg, 0, 1, 0, 0
000000032190_jpg.rf.5c77457355a616b6329953c08b4d3bbe.jpg, 0, 1, 0, 0
000000484019_jpg.rf.5d0bd86f74e57004ac21be9462e048ae.jpg, 0, 1, 1, 0
000000390539_jpg.rf.5d0ad2821633d53a709bd5911585eb6d.jpg, 0, 0, 1, 0
000000271017_jpg.rf.5cd6e8099a1694ba30707b4ae2bdacb3.jpg, 1, 0, 0, 0
000000093971_jpg.rf.5d1f82e24f11f2c06bd09f480ef8f5bc.jpg, 0, 1, 0, 1
000000542625_jpg.rf.5d23c24ffd3afc6eba0b195ad2fd6f52.jpg, 0, 1, 0, 1
000000435303_jpg.rf.5cbbda3501894cee9805bd59831df57b.jpg, 0, 1, 0, 0
000000578945_jpg.rf.5d1ab7b7f8b9e8d8a0df34f47c8d02d3.jpg, 0, 1, 0, 1
000000326702_jpg.rf.5d1c5216cb6bf7b433865f4505dbb435.jpg, 0, 0, 0, 1
000000249273_jpg.rf.5d1d4eb8d178a16b226cacf2d2c96d62.jpg, 0, 0, 0, 1
000000119404_jpg.rf.5d2fd0f2f8921026f371d82c2e612088.jpg, 0, 1, 0, 0
000000385305_jpg.rf.5d34a8a7b6ae9805c6e16d90e3169672.jpg, 1, 0, 0, 0
000000047792_jpg.rf.5d1fe5e4578d18407bdc58d12252613d.jpg, 1, 0, 0, 0
000000346924_jpg.rf.5d41cb668076a62cec86bdee6bc003dd.jpg, 1, 1, 0, 0
000000267699_jpg.rf.5d07cdaaedacf750b55f0df6185866b8.jpg, 1, 1, 0, 0
000000490626_jpg.rf.5d427ffeab24373fd2651f5b4abb845c.jpg, 0, 1, 0, 0
000000302710_jpg.rf.5d73bc6ccd4db0879f2cb49f8550ae13.jpg, 0, 0, 1, 0
000000183113_jpg.rf.5d64f7cb2323128b2552451694c9de5b.jpg, 0, 0, 1, 0
000000258552_jpg.rf.5d2ee6a3e4b023eea9dcd66d19fe0b1b.jpg, 0, 1, 0, 1
000000039911_jpg.rf.5d79b957d4d39c670f3489f70c4c3dec.jpg, 1, 1, 0, 0
000000184123_jpg.rf.5da29c6eaf80e8692503883b3ff0f3dc.jpg, 1, 0, 0, 0
000000305573_jpg.rf.5d41f4bf715baeb46086110f3b8fd654.jpg, 0, 1, 1, 0
000000377703_jpg.rf.5d7c9bb6e3932255739995cf4b58081e.jpg, 0, 0, 1, 0
000000429353_jpg.rf.5d5cdcaa137366362f0dd58282459f13.jpg, 1, 1, 0, 0
000000449031_jpg.rf.5da558270a074d10b8f040df9d0bac9d.jpg, 1, 1, 0, 0
000000298008_jpg.rf.5d7435642b6b30683bec9874b9ab08f3.jpg, 0, 1, 1, 0
000000151364_jpg.rf.5d4dbe95795072bc15085857714feacf.jpg, 0, 0, 1, 0
000000361521_jpg.rf.5dbec8cbad6973698f4103234833c9d6.jpg, 0, 0, 0, 1
000000514934_jpg.rf.5d7fe791cae828a011a11544bc4884d6.jpg, 0, 1, 0, 0
000000114535_jpg.rf.5d25e962e4fbf63802120c8335557804.jpg, 0, 1, 0, 0
000000568611_jpg.rf.5db984b278cf0cca6ad5cc6e55275f8d.jpg, 0, 1, 1, 0
000000580856_jpg.rf.5d724a76f20525a43ed40ad766db4622.jpg, 0, 1, 0, 0
000000245377_jpg.rf.5d8690c702a4c75c27ab0490bc357d66.jpg, 0, 1, 0, 1
000000295540_jpg.rf.5dbf90b62b40a89289536fce69686f58.jpg, 0, 1, 0, 1
000000551952_jpg.rf.5d891dff614823046f64402aea0a2d28.jpg, 0, 1, 0, 1
000000096043_jpg.rf.5dca2caf117bd159200872231717014d.jpg, 0, 1, 0, 0
000000244951_jpg.rf.5da5fd110f72889981562fc1567a88c8.jpg, 1, 0, 0, 0
000000396907_jpg.rf.5d7462c03f3bebf14eed2e016d952829.jpg, 0, 1, 0, 0
000000533601_jpg.rf.5dedc8257db6b54be466e491ef842252.jpg, 0, 1, 1, 0
000000522015_jpg.rf.5dd5cecb56e9494e316fc0c15fd2b158.jpg, 0, 1, 0, 1
000000109323_jpg.rf.5df0f2aadd3f822b9f2039ec1edbdf04.jpg, 0, 0, 1, 0
000000397648_jpg.rf.5dfea89155efb5012b3d263b946e9ccd.jpg, 0, 1, 0, 1
000000345883_jpg.rf.5df82ce77e41afdcfb6dadc94018b55a.jpg, 0, 0, 0, 1
000000501110_jpg.rf.5e02fed330a28a1e33268418d3f72faf.jpg, 0, 0, 0, 1
000000018006_jpg.rf.5e0d4446bddf6c550c4289ea1935a1aa.jpg, 1, 0, 0, 0
000000431899_jpg.rf.5e13e9427f7d8e458436f4d4e940d42d.jpg, 1, 0, 0, 0
000000537879_jpg.rf.5e2abef1e3fa4bd5a3953ed32e415d25.jpg, 1, 1, 0, 1
000000504498_jpg.rf.5e1fe520d22ae685b9a7a388569c49d0.jpg, 0, 0, 1, 0
000000102704_jpg.rf.5d647bd1db2e65b931d025409827cfc8.jpg, 1, 1, 1, 1
000000262161_jpg.rf.5def7d693072dfff8a9f29c523abd4e6.jpg, 0, 1, 1, 0
000000537617_jpg.rf.5e045f874a0e31cb59c15ac968b3bdcc.jpg, 0, 0, 1, 0
000000000257_jpg.rf.5e134b2e1f76347bc6f02da4b2f200a8.jpg, 0, 0, 0, 1
000000428788_jpg.rf.5e2cd5fd1911fabae8a6349f2630fbf6.jpg, 1, 1, 0, 1
000000460962_jpg.rf.5dbcdc2462b6c92360bb8b78c63b642c.jpg, 0, 1, 0, 1
000000471154_jpg.rf.5e2599d0721f18aa2b542e856dc9b009.jpg, 0, 1, 0, 1
000000545138_jpg.rf.5e24355a89f1727fa85fc8ac75f5f367.jpg, 0, 1, 1, 0
000000335670_jpg.rf.5e2e769348fe5e9b896138d96b1acd73.jpg, 0, 1, 1, 1
000000263270_jpg.rf.5e26f5b777ff3ea088ef25259fcc0340.jpg, 0, 0, 1, 0
000000480951_jpg.rf.5e5f77cad5d8bef31593b4bb1f628334.jpg, 0, 1, 0, 0
000000502397_jpg.rf.5e0c704f156b332d43655ac168c64466.jpg, 0, 1, 0, 1
000000300987_jpg.rf.5e29aa1a547ca06ce448280299771372.jpg, 0, 0, 1, 0
000000109441_jpg.rf.5e6e65067ce1c8c87c6161446fe72d4c.jpg, 0, 1, 0, 0
000000547796_jpg.rf.5e7d4e27914830aed988534f3ae81e5b.jpg, 0, 0, 0, 1
000000387379_jpg.rf.5e66c315083b03d222f51bba03c875fc.jpg, 0, 1, 0, 0
000000136833_jpg.rf.5e2d8233b24ddfef048f9eaf0679b7d6.jpg, 0, 0, 1, 0
000000073339_jpg.rf.5e627e59a2ce6c200e7b85c77ca051c6.jpg, 1, 0, 0, 0
000000571572_jpg.rf.5e89d57f4ffdc66568d595c694592916.jpg, 1, 1, 0, 0
000000226151_jpg.rf.5e1f550bc5b5c6f28dfd2a091fff849b.jpg, 0, 0, 0, 1
000000004020_jpg.rf.5e3a63c76c7d9c58a1481a68c75635f4.jpg, 0, 1, 0, 1
000000253417_jpg.rf.5e81fddc6f4e37acbf8a35b56e3690e8.jpg, 0, 0, 0, 1
000000147610_jpg.rf.5e9e753f3890b964e1368f0032e8c9d8.jpg, 0, 0, 1, 0
000000397701_jpg.rf.5ead2bfd60b5ae08a203ff70125eb184.jpg, 0, 1, 1, 0
000000042479_jpg.rf.5ea854337724105e50cccb7632747e7c.jpg, 0, 0, 1, 0
000000016616_jpg.rf.5eda67a0b0913b3e62d925f0826ba630.jpg, 0, 1, 0, 1
000000354218_jpg.rf.5ed14515260dddefbcd00fc5f9187d9c.jpg, 0, 1, 0, 0
000000448425_jpg.rf.5ec9d8ef6ca274c15dbd59770d21fb63.jpg, 1, 1, 0, 0
000000120718_jpg.rf.5ead9d2fabcaf6559bb1ff2fc0dccaa1.jpg, 1, 1, 0, 0
000000497873_jpg.rf.5ebebc3d0763f38608dd48c7e460f6e8.jpg, 0, 1, 0, 1
000000024566_jpg.rf.5e56067d7568d1500c9a0c76be5082b2.jpg, 1, 0, 0, 0
000000109509_jpg.rf.5e9cafcea6fbf53c941f8487663440ad.jpg, 1, 1, 0, 0
000000004404_jpg.rf.5ee4180dae3c20d7e24b5c02fce78dfb.jpg, 0, 1, 0, 0
000000581887_jpg.rf.5ee26571c00f284cb2ef8f92f7745421.jpg, 0, 1, 0, 1
000000305973_jpg.rf.5eff0f8ad6a12c82e0ab69349d26dc76.jpg, 0, 1, 0, 0
000000063934_jpg.rf.5edaa60a5ae0dcaa94e7d4bb9e5561c3.jpg, 0, 1, 0, 1
000000358391_jpg.rf.5e9f347334b96cb766e0c744dcf4850f.jpg, 1, 1, 0, 1
000000512152_jpg.rf.5f1b6085bb602d48610e72b50e740c5e.jpg, 1, 0, 0, 0
000000068738_jpg.rf.5ef5fee2f8b25da3ea44990349e3cd6c.jpg, 0, 0, 0, 1
000000457035_jpg.rf.5ee57f851e2624eb05b5f5afbd3a1da4.jpg, 1, 0, 0, 1
000000041742_jpg.rf.5ec552c34cfaabbcf7988c0c9ef24576.jpg, 1, 1, 1, 1
000000172265_jpg.rf.5ef8fda7c7e6018501212c5af760c871.jpg, 0, 1, 0, 0
000000076994_jpg.rf.5f146f5cc9eac15f2efeeefa121dee6c.jpg, 0, 1, 0, 0
000000077615_jpg.rf.5f33a597cac26d563cef75081cb2f037.jpg, 0, 1, 0, 1
000000551679_jpg.rf.5eb86b54c7808f41967a90d08c2f9bd8.jpg, 1, 0, 0, 0
000000337552_jpg.rf.5f347a3da23a16410648fb62b919b4d4.jpg, 1, 0, 0, 0
000000153749_jpg.rf.5ee147ada7c24e53270d7d2a6849a05f.jpg, 0, 1, 0, 0
000000203655_jpg.rf.5f340e97ef7a79225572fa1f58a2c27c.jpg, 0, 0, 1, 0
000000487644_jpg.rf.5f43d873623d518ccf55eafc2e6c631a.jpg, 0, 1, 0, 0
000000007414_jpg.rf.5ee7f7bbe61b98c1ffee14d31455511a.jpg, 0, 1, 0, 0
000000277797_jpg.rf.5f5810b0ea58b43c0d3be74390489365.jpg, 1, 1, 0, 0
000000498350_jpg.rf.5f3aab69d4d2ed4f0e18fd705feea481.jpg, 0, 0, 1, 0
000000060483_jpg.rf.5f0d1a6b88e773c855f47ae2d57a0c4d.jpg, 0, 1, 0, 0
000000187286_jpg.rf.5f5c08871900793a9b3067ca1dbdd356.jpg, 0, 0, 1, 0
000000384167_jpg.rf.5f3658ebcb6493ce2da20913f680a58e.jpg, 0, 0, 1, 0
000000481257_jpg.rf.5f79baf2471c5b6a7d3487c2073cfc6e.jpg, 1, 1, 0, 1
000000340903_jpg.rf.5f5ad5be061ae6acf0571d185856b66b.jpg, 1, 1, 0, 0
000000374987_jpg.rf.5f54838d00a0652630d53e6291345336.jpg, 0, 1, 1, 1
000000497567_jpg.rf.5f788a7fec271dd273777d453dc81674.jpg, 0, 1, 0, 0
000000533807_jpg.rf.5f8f3aa9e9825132bf37f07eb8157600.jpg, 0, 1, 0, 0
000000052747_jpg.rf.5f761ab8f6222e802ec68fb6712fea47.jpg, 0, 1, 0, 0
000000507776_jpg.rf.5f947ec85b46b2a4896671a57bddac4a.jpg, 0, 1, 0, 1
000000191850_jpg.rf.5f723b4615e7f328f3f4f259c51947d8.jpg, 0, 1, 0, 0
000000395013_jpg.rf.5eb2a29a7f3bd36b2c3cc04c201f4545.jpg, 0, 1, 1, 1
000000419375_jpg.rf.5f70fa8001ed6c8d7c766e69b3baca75.jpg, 1, 1, 0, 0
000000007740_jpg.rf.5f6fb40160448375345cb9b8da9428ee.jpg, 0, 1, 0, 0
000000533520_jpg.rf.5fab79c9dfa40c11753c7d8167f8c9e1.jpg, 0, 0, 1, 0
000000378448_jpg.rf.5f460894f9e128676c6a6fb2aae068c5.jpg, 0, 0, 0, 1
000000310851_jpg.rf.5f60b97145e45c81a5fa32046dab3f81.jpg, 1, 1, 0, 0
000000011258_jpg.rf.5f8866b6cb6d699b5c14ea1ba91f7cfe.jpg, 0, 1, 1, 0
000000171766_jpg.rf.5f9bb22f92e754b99be52dd0274640bd.jpg, 0, 1, 0, 0
000000130892_jpg.rf.5f92ba7d3ec30541ef472a2461691332.jpg, 0, 1, 0, 0
000000141809_jpg.rf.5f875ce389201483f3d2fec705d12835.jpg, 0, 1, 0, 0
000000399905_jpg.rf.5fa2f99a7efde3b46aa44ab5b93dd6ce.jpg, 1, 1, 0, 1
000000269873_jpg.rf.5faceb76a5924f85048cdd03c0421707.jpg, 1, 0, 0, 0
000000065962_jpg.rf.5fae515d9c782831bb4f644e4e0099cb.jpg, 1, 1, 0, 1
000000515206_jpg.rf.5f9e4ef0cdaf3de05f40ce669c212f35.jpg, 0, 0, 0, 1
000000518163_jpg.rf.5fe0d56449f304465a9c4d262e1124bf.jpg, 0, 1, 0, 0
000000422333_jpg.rf.5fa896a4ba6e7e9a27533a9065ae018c.jpg, 0, 0, 1, 0
000000540378_jpg.rf.5fb67057628f104daa10dda72d252a37.jpg, 0, 1, 0, 0
000000394071_jpg.rf.5fd7dbd3b9bc7f8abeb4fc14edbd332c.jpg, 0, 1, 0, 0
000000463347_jpg.rf.5f8536d447b7eecc8b308c2fbc0bbba1.jpg, 0, 1, 0, 0
000000396851_jpg.rf.5fcf67b2d8bf13f38b09a3a0ab5f6c70.jpg, 0, 0, 0, 1
000000207072_jpg.rf.5fee4671fae95b8774c649a8e1c4e8c1.jpg, 0, 1, 0, 0
000000373648_jpg.rf.5fd2b9bfff980ae718ed9d4220461f5c.jpg, 0, 1, 1, 1
000000233453_jpg.rf.5fe3b9468ecf54602418a07ff31a4221.jpg, 0, 1, 0, 0
000000058713_jpg.rf.5fec200ecbfd040635a7ad88caadb40c.jpg, 0, 0, 1, 0
000000493020_jpg.rf.5fbdc323a09a8bafde6f5abd7d43a00e.jpg, 0, 1, 0, 0
000000246625_jpg.rf.5ffd8637563d01342a48feb177864f5f.jpg, 1, 1, 0, 0
000000056699_jpg.rf.5ff27a4fe077be1edda627da8d6bfe1f.jpg, 1, 1, 1, 0
000000238070_jpg.rf.601a753a010e76073ff57bae59202e40.jpg, 1, 0, 0, 0
000000505595_jpg.rf.60066cae55c9ffdd704cbe3e82bf2f05.jpg, 0, 1, 0, 0
000000051829_jpg.rf.5fb9d7ff39751abb7e3f0ba716ea3061.jpg, 1, 1, 0, 0
000000566261_jpg.rf.6034cc2e8b3a474952cd0087ea792287.jpg, 0, 1, 1, 0
000000491526_jpg.rf.60180eb777dacb92c71e8c5e1f7bfc9f.jpg, 1, 1, 0, 0
000000396404_jpg.rf.602f912c9ec95223487a4522500f2512.jpg, 0, 1, 0, 0
000000498666_jpg.rf.602063df16665c2fce54645d81c874d8.jpg, 0, 1, 0, 1
000000354205_jpg.rf.5ff8f6f461f5816242833c2b9a12b327.jpg, 0, 1, 1, 0
000000390001_jpg.rf.6040db5b6bb149079a80fc5f93c1b494.jpg, 1, 1, 0, 0
000000166750_jpg.rf.6023fb468a83838538b52572dd8133e1.jpg, 0, 1, 1, 1
000000142570_jpg.rf.6046853e2ab7ea69ce6655a6c16b08dc.jpg, 0, 1, 0, 1
000000092323_jpg.rf.603eb9aef95ae283940ea52ecb3336be.jpg, 0, 1, 0, 0
000000461281_jpg.rf.5ffefded3c1159dc2bc08f7eff6acf38.jpg, 0, 0, 0, 1
000000042156_jpg.rf.60359a45ad81c74afeb76a2b8e372a3f.jpg, 0, 1, 0, 0
000000183412_jpg.rf.6052ec01b5a315ae1b0e8c46fe21a80a.jpg, 0, 0, 0, 1
000000367706_jpg.rf.601ec64468218009a4488c5af44f5fd2.jpg, 0, 1, 0, 0
000000036349_jpg.rf.6048f757201044ff705e5d738334f76f.jpg, 0, 1, 0, 1
000000495756_jpg.rf.603b53bcda3ea9021296ff75d6f409ec.jpg, 0, 0, 0, 1
000000413459_jpg.rf.60482c0c72f150d679f7feae3721dbc4.jpg, 1, 0, 0, 1
000000412248_jpg.rf.60640037cf30672ed68f2fdea75357e8.jpg, 1, 0, 0, 0
000000357930_jpg.rf.60658b557e1b38b77049af0dbe8837dc.jpg, 0, 1, 0, 0
000000316968_jpg.rf.601262ae3d1dca55efd79f388d32f406.jpg, 0, 1, 0, 0
000000180853_jpg.rf.6058f5a80b121f7a1bc146bd36dbcdbd.jpg, 1, 1, 0, 0
000000068532_jpg.rf.604a13ec544687bac2f0530bf27dcd3f.jpg, 0, 0, 1, 1
000000310693_jpg.rf.6049ea998beb82ab0e278fb1542240ad.jpg, 0, 0, 0, 1
000000418109_jpg.rf.60545387743697523322363c833315f8.jpg, 0, 1, 0, 0
000000120412_jpg.rf.606f6dd8d27eda12b393836bd5d8ebbc.jpg, 1, 1, 0, 1
000000351191_jpg.rf.60820f61cace921be57390f0f213d766.jpg, 0, 1, 1, 0
000000136026_jpg.rf.60a63179d02e66031e0ecc57d9919c51.jpg, 0, 1, 0, 1
000000198169_jpg.rf.60dc4bdfb3fb00734919e0bb255dc0be.jpg, 1, 1, 0, 1
000000268512_jpg.rf.60901f454be90f0ae1fa0a47ded52b5a.jpg, 0, 1, 0, 1
000000078977_jpg.rf.60e773710d18cfb7d2ca9f134ac64c15.jpg, 0, 1, 0, 0
000000139739_jpg.rf.607c48ef4c7c0cbeb70eb932770860bd.jpg, 0, 1, 0, 0
000000294005_jpg.rf.60ab19699cfa7a9df41713677cad4403.jpg, 1, 0, 0, 0
000000274986_jpg.rf.60879dbbf54c8f568317447e44778ca0.jpg, 0, 0, 1, 0
000000377626_jpg.rf.607f9b63c7e4e88e8186edba1208e61a.jpg, 0, 1, 0, 1
000000099952_jpg.rf.60c0dea3e7462fa5541a6e960cf41ada.jpg, 0, 1, 0, 0
000000402941_jpg.rf.60d6681c9975b6a1ceb82bdf582e1e4b.jpg, 0, 1, 0, 1
000000472666_jpg.rf.60824cb59b9a6168cc7f7d94a945a4e4.jpg, 0, 1, 0, 1
000000111777_jpg.rf.60d6614e312f08df394befba90c7f7b3.jpg, 0, 0, 1, 1
000000211807_jpg.rf.60d4ec3de878b9e7e3710be42503c74c.jpg, 0, 0, 0, 1
000000129800_jpg.rf.60efb41c57756479c61c7dd0951e8e8b.jpg, 0, 1, 0, 1
000000507928_jpg.rf.60bf7fbf5c89d4c1f4aba5ebf393a480.jpg, 0, 0, 1, 0
000000276975_jpg.rf.60be7009bce9befb0ef1e50761d1ca70.jpg, 0, 0, 0, 1
000000286411_jpg.rf.60b81c89f7232c9f051697be91239cae.jpg, 1, 1, 0, 0
000000569841_jpg.rf.60b5da2a0afcd35a002b2535d2ed13c4.jpg, 0, 1, 0, 0
000000184703_jpg.rf.60b3bec91e9688a7a5930c9c7577ed9b.jpg, 0, 1, 0, 0
000000122606_jpg.rf.60ff995bd9b239171e5698699c5c4095.jpg, 1, 0, 0, 0
000000070265_jpg.rf.61010d33d0ae682f1f8694f7c23ab1bd.jpg, 0, 1, 0, 0
000000074434_jpg.rf.60ae3688339120bba9f942ae57874baf.jpg, 0, 0, 0, 1
000000231206_jpg.rf.60af3c8811561f965fb993e80acdc62b.jpg, 0, 1, 0, 0
000000097871_jpg.rf.60f73620dd031122fff73a03267960f3.jpg, 0, 1, 0, 0
000000067463_jpg.rf.6102a36d51506fe3bf9a2a80396ec814.jpg, 0, 1, 0, 1
000000269829_jpg.rf.611badb2a586a3c08a6314e5f596676f.jpg, 0, 1, 1, 1
000000269022_jpg.rf.612ded2222679088480bbba833995fb7.jpg, 0, 1, 0, 0
000000243153_jpg.rf.6100194110e317cdb8c2521e0ff64b94.jpg, 0, 1, 0, 1
000000293906_jpg.rf.60f9ab548ed49a2ece702ef3c3a2b543.jpg, 0, 1, 0, 0
000000161434_jpg.rf.61408f9d261bbc407326e3e586183397.jpg, 1, 1, 0, 0
000000378968_jpg.rf.61046868045c4bd33bc8e2690b8e9eca.jpg, 0, 0, 0, 1
000000176029_jpg.rf.6147c5803e180d401757780b7c072c93.jpg, 1, 1, 1, 0
000000333135_jpg.rf.613b1ed07b9dda8b99e1b31dc71fc6fa.jpg, 1, 1, 0, 0
000000150623_jpg.rf.6126bbea70507144c9dc53a1955e3c15.jpg, 1, 1, 0, 0
000000224034_jpg.rf.6126ca793cca0f55f979c82140130c96.jpg, 0, 1, 0, 1
000000416544_jpg.rf.614d1261112a6cc1d4757fd3a7d13463.jpg, 0, 1, 0, 0
000000301158_jpg.rf.61446e3d445a969cc04cdc65cc6c084a.jpg, 1, 0, 0, 0
000000024497_jpg.rf.6190ba37462cf97adcf69e226a517c7b.jpg, 0, 0, 0, 1
000000373153_jpg.rf.6102ebeacc407b65d02b160b25523589.jpg, 0, 1, 0, 0
000000474419_jpg.rf.61812c65a86ae5320be4326736038410.jpg, 1, 0, 0, 0
000000013944_jpg.rf.6169da6f9c0ccb5cdc100e214d7d30a7.jpg, 0, 1, 0, 1
000000346266_jpg.rf.616e19b61ea015c1d063009ae8ff4937.jpg, 0, 1, 0, 0
000000237611_jpg.rf.6158dee7f9068aad76a15f1e6ead9b7f.jpg, 1, 0, 0, 0
000000257557_jpg.rf.61694a53425b62ea1d323d560d599c49.jpg, 0, 0, 0, 1
000000030340_jpg.rf.61835f44528e1ce22036a9326f03424f.jpg, 0, 1, 0, 0
000000019385_jpg.rf.616057984e1be20589d170d9415db0f7.jpg, 0, 1, 0, 0
000000259811_jpg.rf.6161c498fcb58606947ce367757b6bcb.jpg, 0, 1, 0, 0
000000373765_jpg.rf.618eaf57890927e001018bf573879e03.jpg, 0, 0, 1, 0
000000255536_jpg.rf.619f5d409b60e989a13cd3690fd3c86f.jpg, 0, 0, 1, 0
000000174595_jpg.rf.6192b2249346f86e59cf7a349a4e58d9.jpg, 0, 0, 1, 0
000000415475_jpg.rf.61712328d2f901c459c8825527ad8420.jpg, 0, 1, 0, 0
000000119551_jpg.rf.6194fec95e0e16b0d971c1b7b141bdd1.jpg, 0, 0, 0, 1
000000426031_jpg.rf.61af4b4531602b74c7c47e8db9ef044a.jpg, 0, 1, 0, 0
000000012650_jpg.rf.619249ae08113ef38e0d432295dcdae0.jpg, 0, 0, 1, 0
000000087489_jpg.rf.61aa518b4cf44bbb936876c41fe28801.jpg, 1, 1, 0, 0
000000326063_jpg.rf.61a575b7f70b3c332edf6ff95b84ffef.jpg, 0, 1, 0, 0
000000049913_jpg.rf.619f0a7e6902deef81b347e9b1e21d6b.jpg, 0, 1, 0, 0
000000241281_jpg.rf.61df441715fad2792e0aa1fc323c06cc.jpg, 1, 1, 0, 0
000000075621_jpg.rf.615618e8832ccfb452f2bb1a9ec25d18.jpg, 1, 0, 0, 0
000000568089_jpg.rf.61b1b0b1ebbdc6306d1839fdf4a5a0ef.jpg, 0, 1, 0, 0
000000240241_jpg.rf.61a7ae86c0c01b8c60f4637c3f6fac6b.jpg, 0, 0, 1, 0
000000205634_jpg.rf.61cb8cee4346e1c15bf9891c1a083a47.jpg, 1, 0, 0, 0
000000555654_jpg.rf.617cbffcad8a400d581c7194f66a217e.jpg, 0, 0, 1, 0
000000159634_jpg.rf.61edf83bd82ade8614bd0ac17c139bea.jpg, 0, 1, 0, 1
000000153987_jpg.rf.617c82c9484a2daa21152dafa928da41.jpg, 0, 0, 0, 1
000000535552_jpg.rf.61d4a0f60eaae0a90a147ca594ae3466.jpg, 0, 1, 0, 0
000000269538_jpg.rf.61e1b03f552c9885184da075bd1914c5.jpg, 0, 1, 0, 1
000000139296_jpg.rf.61efe66a89e3aebf110d3da2faf46cc5.jpg, 0, 1, 0, 1
000000387948_jpg.rf.61d87021ee2ba3bc8b75b2edc0b1e619.jpg, 0, 0, 1, 0
000000366430_jpg.rf.61876c3d830ee7b3e4350ac7ac1a2b8c.jpg, 0, 1, 1, 1
000000423161_jpg.rf.620b6d58e2a8c0f22c32e0b613c47fad.jpg, 0, 1, 0, 0
000000068457_jpg.rf.621f0581607ff442ef2c63d85d6138f7.jpg, 0, 0, 0, 1
000000057149_jpg.rf.620fc0f662719ed9e61834d65262871b.jpg, 1, 1, 0, 0
000000502554_jpg.rf.61a5597325750e7bbb18acb2f778cb5e.jpg, 0, 1, 0, 0
000000295961_jpg.rf.61730903116569140ef6dc9c4b6ff611.jpg, 0, 1, 0, 0
000000311088_jpg.rf.6223f8ceb38a61fca54d60eaab05575f.jpg, 0, 1, 0, 1
000000006497_jpg.rf.623b423f8f3af7b2889a69b20fa0fb04.jpg, 0, 0, 1, 0
000000499388_jpg.rf.62328e0eba41de6747f28856a5652bf5.jpg, 0, 1, 0, 0
000000534016_jpg.rf.625851d71a0c460ac06b38bf51fc5c6b.jpg, 0, 1, 0, 0
000000101884_jpg.rf.625b209689ca89dfe56ac9b0d7b184bc.jpg, 0, 0, 0, 1
000000202747_jpg.rf.624fb969e4541c7055c111d2a082c078.jpg, 0, 0, 1, 1
000000085036_jpg.rf.626a629bfb8d84e4329a807602fadc28.jpg, 0, 0, 1, 0
000000073510_jpg.rf.62643d39b4d684f7cd0cf3be55e51d73.jpg, 0, 1, 0, 1
000000475076_jpg.rf.622f2006034e171a1d9660b0da740374.jpg, 0, 0, 1, 0
000000478182_jpg.rf.6251ca16ce6196c8d88c5f3eab226c7d.jpg, 1, 0, 0, 0
000000228611_jpg.rf.6206f8d9f38881c21900b69a9a51a340.jpg, 0, 1, 0, 0
000000279476_jpg.rf.623f2e0d792307580f48dd63a591366f.jpg, 0, 1, 0, 0
000000449403_jpg.rf.628eeac1f258878acd2cea65860c6d45.jpg, 1, 1, 0, 0
000000423005_jpg.rf.6253da6b6446c711f5b215cb451b3ae8.jpg, 0, 1, 0, 0
000000218397_jpg.rf.6285885e6bf2a842b87fcb74c07e01e8.jpg, 1, 1, 0, 1
000000399942_jpg.rf.6280f41c4179e6bb9efbf34e9aee56ef.jpg, 0, 0, 1, 0
000000268036_jpg.rf.6296f63adac7c43402593948ccb16d00.jpg, 0, 0, 0, 1
000000543622_jpg.rf.61bb6c31452232c3c43e769f8f8e9a0d.jpg, 0, 1, 0, 1
000000171272_jpg.rf.62a1041eaa4ae1a9ff903ad9f919ba2b.jpg, 0, 0, 1, 0
000000413248_jpg.rf.625860cab7cd6404e0997a13d87fa5e9.jpg, 0, 0, 1, 0
000000276696_jpg.rf.6277f8d73c2d73e422b338a775e47b30.jpg, 0, 1, 0, 0
000000455639_jpg.rf.62a0823f5ecc212c510df7d89656e5f7.jpg, 0, 1, 0, 0
000000192620_jpg.rf.625e361a13c2a64482680cd271ac782a.jpg, 0, 0, 0, 1
000000343158_jpg.rf.62a2a78e4aa7c80a304952ff6f85cfcf.jpg, 0, 0, 1, 0
000000026097_jpg.rf.62ea166b7e4aef9fc4723670d6408023.jpg, 0, 1, 0, 0
000000042705_jpg.rf.62975615bb233995d0baeddea40be3d7.jpg, 1, 0, 0, 1
000000414852_jpg.rf.62bbfda55f094650394390a47201abb3.jpg, 0, 1, 0, 0
000000287519_jpg.rf.62e5d2287a5ade662b1164a1dc486046.jpg, 0, 1, 0, 1
000000182502_jpg.rf.62ba46ebdb3eac487933c9aa16dc2b6f.jpg, 0, 1, 0, 0
000000081930_jpg.rf.62dd588bd7088acd527037ab439bb7fe.jpg, 1, 0, 0, 0
000000536201_jpg.rf.62bdff62bddbcd557ff048464d493c9a.jpg, 0, 1, 0, 0
000000296782_jpg.rf.629022ef0b076952da414be7ea2e6bb2.jpg, 0, 1, 0, 0
000000056615_jpg.rf.62db77c2c85d94466cabb4be54cae651.jpg, 1, 1, 0, 0
000000224462_jpg.rf.630daf8f2e0cc62782e9c29b6b787151.jpg, 1, 1, 0, 0
000000573962_jpg.rf.62b7f8dfa24952a04c95452d94bb7323.jpg, 1, 1, 1, 0
000000344264_jpg.rf.631899a3114d438421c44b2a9ed6e635.jpg, 0, 1, 0, 0
000000212226_jpg.rf.6315260d80a741efce6f033e9cce9a93.jpg, 0, 0, 0, 1
000000132521_jpg.rf.62f125d6e707a35c584cfdf49a8a9ba7.jpg, 0, 1, 1, 0
000000187902_jpg.rf.63166aa92cc5c23e79d8f0ef23b6bc51.jpg, 0, 1, 0, 0
000000307930_jpg.rf.6331a1edc3415295a53bb2567e8a6c30.jpg, 0, 1, 0, 0
000000033429_jpg.rf.6318f86cc11805f88f524542eb4900d1.jpg, 0, 1, 0, 0
000000316377_jpg.rf.631f729eb6028afa359f1939599ce9f9.jpg, 0, 1, 0, 0
000000270852_jpg.rf.6328c06751b18cf93f3b76b40332149b.jpg, 0, 1, 0, 0
000000137824_jpg.rf.632fd440fb8fab25ae27780078eccee4.jpg, 0, 1, 0, 1
000000314515_jpg.rf.63370d1b2355bb9acbd3255f1c0597bf.jpg, 0, 1, 0, 0
000000514801_jpg.rf.633855cb0f2e3fd020330477c5fb67e8.jpg, 0, 1, 0, 1
000000435460_jpg.rf.632e30ce82bb64627a59aaa187eb8c47.jpg, 1, 0, 0, 0
000000188589_jpg.rf.63291f52814ec592393515470395dd70.jpg, 0, 0, 0, 1
000000294608_jpg.rf.633d7f5017cf443e1ddd42f8afcc82ee.jpg, 1, 0, 0, 0
000000218703_jpg.rf.633d7ea0a342b5cd5acb6cbde8ce5604.jpg, 0, 1, 1, 1
000000494583_jpg.rf.633f606645554e38031c805fb475f207.jpg, 0, 1, 0, 0
000000066239_jpg.rf.6373c4d3978da3b3811afc5285737d64.jpg, 0, 1, 0, 0
000000057264_jpg.rf.63547b6626c0d8bf642b6fe284e44a42.jpg, 0, 1, 0, 0
000000052161_jpg.rf.636fbca312b37f8b20ecb4fc1554570f.jpg, 0, 0, 1, 0
000000237372_jpg.rf.63845c71768eeb9ea55ae0a09d04bc51.jpg, 0, 1, 0, 1
000000137075_jpg.rf.637dc310985aa274ab5cb565b886cd03.jpg, 0, 1, 0, 1
000000554689_jpg.rf.635d1b26803c83e2d713e782d7e77350.jpg, 0, 1, 0, 0
000000183495_jpg.rf.63d29e11005b57ca309a34f37e02a95e.jpg, 0, 1, 0, 0
000000050868_jpg.rf.63a3be3facf2fa18fc603de65f6213ac.jpg, 0, 0, 1, 0
000000345634_jpg.rf.63d645b256c61cd96dcc13dfeae365c5.jpg, 0, 1, 0, 1
000000235237_jpg.rf.635fd4d6b92fa86fa4b9b6a58472ece8.jpg, 1, 1, 0, 1
000000425484_jpg.rf.635d74490a82064c09fe346da1d3791b.jpg, 0, 1, 0, 0
000000203462_jpg.rf.639ec2d8f1bf19868ee52b70fba6b2cb.jpg, 0, 0, 1, 0
000000269949_jpg.rf.63afb35a76d71987cdbd9febfedca06e.jpg, 0, 1, 0, 0
000000289400_jpg.rf.63e9736f550bd03a1459184d4cefb4a2.jpg, 0, 1, 0, 1
000000458613_jpg.rf.63e27ad53f85564e010bfd636d620d74.jpg, 1, 1, 0, 0
000000547387_jpg.rf.63e95c7f50986b96fe93f8b8b4eb3270.jpg, 0, 0, 0, 1
000000436605_jpg.rf.63dabec091ef1c86332780f849a584ba.jpg, 0, 1, 0, 1
000000338941_jpg.rf.63ebbad188fedc39770b4a5ca8217f71.jpg, 0, 1, 0, 0
000000421915_jpg.rf.63cf9749deda72f2a74b6b1033c6ad1a.jpg, 0, 1, 0, 0
000000517069_jpg.rf.639ba38c460b67da69319f5ca698c33a.jpg, 0, 1, 0, 1
000000186227_jpg.rf.6405312041796364fa088ca691fe5128.jpg, 1, 1, 0, 1
000000225225_jpg.rf.63b937581cd906a9d13c5ee804fd568e.jpg, 0, 1, 0, 0
000000213382_jpg.rf.63f9476bf34e0c86e5f2287ac38b16d6.jpg, 0, 1, 0, 0
000000277594_jpg.rf.633cef28a5ca1b02fb876c2d1a4d0e75.jpg, 0, 1, 0, 1
000000077806_jpg.rf.6427b56bf76408f68f9c5ef2bd9c1745.jpg, 0, 1, 1, 0
000000040359_jpg.rf.6420d0f077c66ff1a7130debc95e8d5b.jpg, 0, 1, 0, 0
000000490008_jpg.rf.63850dd22196bcbb221d938ec9ae1123.jpg, 1, 0, 0, 0
000000155981_jpg.rf.63901f5fb9ba21119d569010ff2b06d0.jpg, 0, 1, 0, 0
000000318299_jpg.rf.6451d71a2d068c7973ef27a5b1b1e204.jpg, 0, 0, 0, 1
000000293792_jpg.rf.6436fc72ae3c568631764a4ba1905229.jpg, 0, 1, 0, 0
000000419294_jpg.rf.6446714d8a5677f89bb16232d7dda855.jpg, 0, 1, 0, 0
000000095061_jpg.rf.64338d7327a8fef90f0d3b93353ac5a7.jpg, 1, 1, 0, 0
000000026025_jpg.rf.64285aa75c7fdaebc0820ad50210f579.jpg, 0, 1, 0, 0
000000204871_jpg.rf.645f64974a7e9c4873d77f1b0b42119b.jpg, 1, 1, 0, 0
000000265454_jpg.rf.6465c38e3187f7decd474d265292b607.jpg, 1, 1, 0, 0
000000408016_jpg.rf.63bf8480100288c4e83b919c122cb639.jpg, 0, 0, 1, 0
000000514676_jpg.rf.6452c036ebbab47eb9b2a60ac2b0bf1e.jpg, 1, 1, 0, 0
000000419387_jpg.rf.64159df0b0911275ee3f12e9ed2ea443.jpg, 0, 1, 0, 0
000000355956_jpg.rf.640fbdee818e8e4ad33e5ef743f837e6.jpg, 0, 1, 0, 0
000000309369_jpg.rf.645c8cdac68f1406b1c5b4e9a0ae4032.jpg, 0, 1, 0, 0
000000052624_jpg.rf.645c145097ab736963304c775c7c7ddd.jpg, 0, 0, 1, 0
000000535526_jpg.rf.64293a2b67ca6f79d3029fa76a4de541.jpg, 0, 0, 0, 1
000000526874_jpg.rf.646fa1ca99824e61392382ec6693052b.jpg, 0, 1, 0, 1
000000239457_jpg.rf.63200ae447ada035f3edc72469f42341.jpg, 0, 1, 0, 0
000000228306_jpg.rf.6478991be6a9040e6075f48bbccb5802.jpg, 1, 1, 0, 0
000000238729_jpg.rf.646d5f70b7747c8824066dce30a28e97.jpg, 0, 1, 1, 1
000000298978_jpg.rf.64688690704f351201afb9693bb6ed3d.jpg, 0, 1, 0, 0
000000456755_jpg.rf.64694e7dbb66c065bb973ae6d505ba56.jpg, 0, 1, 0, 1
000000459922_jpg.rf.648e6625ef472223c3bdf9b808f02f87.jpg, 0, 1, 0, 0
000000089390_jpg.rf.6484c6ec6ed6cb86aeb8ec2673f4a700.jpg, 0, 1, 0, 0
000000221754_jpg.rf.646a761dfc78e78ae65aa3df31e1a1cd.jpg, 0, 1, 0, 1
000000127750_jpg.rf.6472b3c74984dd1a978f7b853cfa4d74.jpg, 0, 0, 1, 0
000000077689_jpg.rf.646f683ae817c8fa98ee76a2b15a060d.jpg, 0, 1, 1, 0
000000453529_jpg.rf.64857eaeeb63a31f126a1284a3592b36.jpg, 0, 1, 0, 1
000000360778_jpg.rf.648bd48d18f170a8f0758377abca5e0f.jpg, 0, 0, 1, 0
000000064089_jpg.rf.6478aa09f49f7d1415f3eadd7974e5a3.jpg, 0, 1, 0, 1
000000227969_jpg.rf.6498e4ec9b4cc4f80f75115e82ab49d5.jpg, 0, 1, 1, 0
000000194159_jpg.rf.64998991780a930e171833a07c3f01cf.jpg, 0, 1, 0, 0
000000212856_jpg.rf.64a8e9ab19669ec0543a24fb25e82206.jpg, 1, 0, 1, 1
000000477688_jpg.rf.64b67cdb75861faf1efd3c12de6f2a80.jpg, 0, 0, 1, 0
000000370426_jpg.rf.64cb48e627f8587dec18f7dd536e3e62.jpg, 1, 1, 0, 0
000000575577_jpg.rf.64d096f4123d3b4dfb7b8847a2f372be.jpg, 0, 1, 0, 0
000000281285_jpg.rf.64d176527cb70128c2610af8a8e1e27b.jpg, 1, 0, 0, 0
000000181769_jpg.rf.64d633404a9f6cf399b99c5d91182a7a.jpg, 0, 1, 0, 0
000000318247_jpg.rf.64d6e435380187c92afa8c51e4c0d2ea.jpg, 0, 1, 0, 0
000000456699_jpg.rf.64d71d78698b50a9b8560671c730a1bc.jpg, 0, 1, 0, 0
000000529303_jpg.rf.64d8d514de7324d9551dba4e56a27ea5.jpg, 0, 0, 0, 1
000000455333_jpg.rf.64e2823a1245ea64c027b23795add4da.jpg, 1, 1, 0, 1
000000198424_jpg.rf.64ecc01021baa7a9c022d88cbbd50af6.jpg, 0, 0, 1, 0
000000424975_jpg.rf.64f98ed1f89ce2cd4feaad9b57713db1.jpg, 0, 1, 0, 0
000000278747_jpg.rf.65060ac499a529d04d4e0a6ca963b18a.jpg, 0, 1, 0, 1
000000282618_jpg.rf.6513908427bc43677c32909ea20aeb10.jpg, 0, 1, 0, 0
000000420710_jpg.rf.6520c7182c96328c7c47fba60d9edc2d.jpg, 0, 1, 0, 0
000000246181_jpg.rf.651a77887b2f5f5dc58272681d903b17.jpg, 0, 0, 0, 1
000000465235_jpg.rf.6522c6523cd7c9c923727591062deb3b.jpg, 0, 0, 1, 0
000000495454_jpg.rf.653ce82d0316125d37a5505c695615ea.jpg, 0, 1, 0, 0
000000111067_jpg.rf.653293e87516506a7fc924944e2e50ec.jpg, 0, 1, 0, 0
000000368905_jpg.rf.653ae489f61e46913de657519409701d.jpg, 0, 1, 0, 0
000000277331_jpg.rf.6542e2e27fa4f3fc63def582b5b38503.jpg, 0, 0, 0, 1
000000539259_jpg.rf.6570e03d3cc3186141278c55c429c0bf.jpg, 0, 1, 0, 0
000000438535_jpg.rf.656533c9ce9a24c7a51b9f48064f00bb.jpg, 0, 1, 0, 0
000000228330_jpg.rf.655960a3e6e489895d27b0a7b859d17d.jpg, 0, 1, 0, 0
000000372127_jpg.rf.654f21342716bdcf23f3a7717ca87a5f.jpg, 1, 0, 0, 0
000000057879_jpg.rf.657928d2cc34bc0be017f3d3249f2a72.jpg, 0, 1, 0, 0
000000471097_jpg.rf.6574a2f9b0d215b7abbf7ab4a6944a7b.jpg, 0, 1, 0, 0
000000011265_jpg.rf.657d0ed8c84ccdf5f440a59c5edfc76a.jpg, 0, 1, 0, 0
000000182642_jpg.rf.658a0a9b04456860ff62487df1135809.jpg, 0, 0, 1, 0
000000354427_jpg.rf.657229248d632beafdef643b99e6f411.jpg, 0, 0, 1, 0
000000225177_jpg.rf.658ccc69408f0b54fa6523a16c5f2245.jpg, 1, 1, 0, 0
000000075927_jpg.rf.654b4cf79a11f7f6461319f9edd9e15e.jpg, 0, 1, 0, 0
000000194752_jpg.rf.6554306881a047be348d92cfb32bf1fc.jpg, 1, 1, 0, 1
000000295576_jpg.rf.654c3b371cb03a4d99be999157a1cc70.jpg, 0, 1, 0, 0
000000400000_jpg.rf.6591141b4df2f44ce7c6c3b206430995.jpg, 0, 1, 0, 1
000000519605_jpg.rf.657b241b2e5472e63a0696b0819c436d.jpg, 0, 0, 0, 1
000000286137_jpg.rf.65b0176737a1271a7baec75493d45084.jpg, 0, 0, 0, 1
000000135966_jpg.rf.65bf3b4ea4518bd100ce4dbd2befc58c.jpg, 0, 1, 0, 0
000000445834_jpg.rf.659bc6ecdbeee9f7d5870c024a894862.jpg, 1, 0, 0, 0
000000144907_jpg.rf.6583f9e7cf465a81459db4028d824bf9.jpg, 1, 1, 0, 1
000000438331_jpg.rf.658e60799138093953449726d754dc30.jpg, 0, 0, 1, 0
000000282229_jpg.rf.655dd1c97cf93984299e473397ba47fb.jpg, 0, 0, 0, 1
000000045343_jpg.rf.65a77ff4c870c7b58ae3e88bc697dece.jpg, 1, 1, 0, 1
000000522868_jpg.rf.659e262202a8cf714abf90e978b85581.jpg, 0, 1, 0, 0
000000081317_jpg.rf.65a41d564c186aabf4ca28fcf0f64619.jpg, 0, 1, 0, 0
000000301397_jpg.rf.65a15bccb9940553c61120292e466125.jpg, 1, 0, 0, 0
000000072011_jpg.rf.65c2fe6c1d9e90480ba4ef7c1657ed88.jpg, 1, 1, 0, 0
000000130228_jpg.rf.65caaacfc9ed5f24b51129e935183383.jpg, 1, 1, 0, 0
000000010393_jpg.rf.65c9cfbbd4ab0f3dd1a12832e49679d9.jpg, 0, 1, 0, 1
000000528980_jpg.rf.65ecfe58d3f95259027076f8e473108f.jpg, 0, 1, 0, 0
000000047516_jpg.rf.65e4efce202fcbdbaa234ce2b3d091bb.jpg, 1, 0, 0, 0
000000014757_jpg.rf.65c5c0e908db779f4ebba4b845383333.jpg, 0, 1, 0, 0
000000378662_jpg.rf.65e72c9ec1ee35558ce121c8babe4586.jpg, 0, 1, 0, 0
000000298182_jpg.rf.65f2b5af176761e6eba4194a6d9fad8d.jpg, 0, 0, 1, 0
000000482561_jpg.rf.65cedb4e11940dd9d3841aa5e58bad82.jpg, 0, 1, 0, 1
000000573125_jpg.rf.65d82e6612ecd36caa3e04ff850e8c7f.jpg, 0, 1, 1, 1
000000038582_jpg.rf.65f1000cd0405969efa332233cb53da7.jpg, 0, 1, 0, 0
000000198164_jpg.rf.65d08fe3fa9420ebdbc1274a9d05103e.jpg, 0, 1, 0, 0
000000131911_jpg.rf.65ff08bc50afeebc983f836148e0291f.jpg, 0, 1, 1, 1
000000187857_jpg.rf.660be2344cac0bafb881f8e4c6f896e9.jpg, 0, 0, 1, 0
000000308631_jpg.rf.66103776dfd6e6c756b2fbe9253a5d3b.jpg, 0, 0, 1, 0
000000019542_jpg.rf.65f9252ab92671bd502f23c85478dcde.jpg, 0, 1, 0, 0
000000514864_jpg.rf.65f0201c84f625476f2df596dbe44744.jpg, 1, 0, 1, 0
000000084170_jpg.rf.66347aaa885cc04f3bd043f15b610649.jpg, 1, 1, 0, 0
000000525409_jpg.rf.66160e215e412e6189329e274722c172.jpg, 0, 1, 0, 0
000000393809_jpg.rf.66316c078837faa174ffad2870d5e526.jpg, 0, 1, 0, 1
000000164657_jpg.rf.65f5e471e20461908db57baaf6e9b39e.jpg, 0, 0, 1, 0
000000121663_jpg.rf.660f4e7c1785eec7e15fbcf2191a05db.jpg, 1, 0, 0, 0
000000312748_jpg.rf.65ee6a2330c6cda09f674b063fec87be.jpg, 1, 0, 0, 0
000000147526_jpg.rf.6636c16dc01346a8e89789f73b49403d.jpg, 0, 1, 0, 0
000000538018_jpg.rf.6638b81503c79e879bf8178e743ebe82.jpg, 0, 1, 0, 0
000000127100_jpg.rf.66212dacf3a6a68f4523c056f18c87cb.jpg, 0, 1, 1, 1
000000446769_jpg.rf.664e736508f1d99cac4670098836ab16.jpg, 0, 1, 0, 0
000000438620_jpg.rf.6630140aaef683d70dc919b6ddd23f1c.jpg, 0, 1, 1, 0
000000480641_jpg.rf.6603f615ed816b0d028c45110752207c.jpg, 0, 1, 0, 0
000000292375_jpg.rf.6658ff67744243e560eb31512710bfa8.jpg, 0, 0, 0, 1
000000324537_jpg.rf.665dddc524eaeade5ccb43e1773b037f.jpg, 1, 1, 0, 0
000000472854_jpg.rf.665d152c43384e57a107c87cb9dfc693.jpg, 0, 1, 0, 0
000000242034_jpg.rf.664a077a8f1699d3628e7192d27ee634.jpg, 1, 1, 0, 0
000000119047_jpg.rf.6681e0759f245b35cf0fa37c7c4e620b.jpg, 0, 1, 0, 0
000000354537_jpg.rf.668153756e283450934b27006ccb4c79.jpg, 0, 1, 0, 0
000000093964_jpg.rf.6662330e7a92450affbfcece199b6c19.jpg, 1, 1, 0, 0
000000330993_jpg.rf.66831bbd3f1b1534897ffa27224cd42e.jpg, 0, 1, 0, 0
000000401917_jpg.rf.66938cbc5220d1098bbf96e43179cf8b.jpg, 0, 1, 0, 0
000000193479_jpg.rf.66a0c433618cad72f128a1bce2d2bff0.jpg, 1, 1, 0, 1
000000071752_jpg.rf.66c482ef9e728ad34cbd919b53bdaa53.jpg, 1, 0, 0, 0
000000231315_jpg.rf.66a245c0eb1e0ff3fb8d148141ca08d1.jpg, 0, 1, 1, 0
000000188696_jpg.rf.669bf05ec4ab0ad5a576fd546fa3eefe.jpg, 0, 0, 0, 1
000000389182_jpg.rf.66e603d182bcd4411892201e11ad6a6b.jpg, 1, 0, 0, 0
000000123770_jpg.rf.66bde93dd1067d4356b7d26ebf2eda11.jpg, 1, 1, 0, 1
000000227231_jpg.rf.66ad45789ad6422d0340ecf543fc0979.jpg, 1, 0, 0, 0
000000075990_jpg.rf.6680b405134b4637536b6d83571dc6b2.jpg, 0, 1, 0, 1
000000507975_jpg.rf.66f08212541fca72d831fb241d3d3236.jpg, 0, 1, 0, 0
000000547136_jpg.rf.668c113dc31cc40e8a50005d22b9d847.jpg, 0, 0, 0, 1
000000485485_jpg.rf.66db35acab3e4f663da88ebc12779fd6.jpg, 0, 1, 0, 0
000000372479_jpg.rf.66a32e9f09a3182476f22ed1cb4342a7.jpg, 0, 1, 0, 1
000000399205_jpg.rf.66e63a1d1af77e39195f6c23c360dc20.jpg, 0, 0, 1, 0
000000544272_jpg.rf.67039e1f5d384ad993a743ec93db1011.jpg, 0, 0, 1, 0
000000185945_jpg.rf.66eb642725bb7956a2e0b6fa6333a530.jpg, 0, 0, 0, 1
000000111831_jpg.rf.66e8e824ab54076fb9b65638b71c34ac.jpg, 1, 1, 0, 0
000000500717_jpg.rf.66aba44687569cbccc66f4b174d54949.jpg, 0, 1, 0, 0
000000510078_jpg.rf.66f2ce7e3ee035ba3d233d5c6ce02b6b.jpg, 0, 1, 0, 0
000000129254_jpg.rf.66d583fe583f557587eeb127e2185f3b.jpg, 0, 1, 0, 0
000000573286_jpg.rf.6718b9ca550a128102730d63b5a1caea.jpg, 0, 1, 1, 0
000000438946_jpg.rf.66d8fcf533402b2024829776dd01869d.jpg, 1, 1, 0, 1
000000127588_jpg.rf.67281ccf88093d8cfe3fa3dc9775ecf6.jpg, 0, 1, 0, 0
000000470300_jpg.rf.673960df16231f448c3bfa10bc0bcce8.jpg, 0, 0, 1, 0
000000243207_jpg.rf.672055d22dbd2d333053cb8becebaa24.jpg, 0, 0, 0, 1
000000507889_jpg.rf.674c5b564c90d3ce1b7d7c6a49dcf891.jpg, 0, 1, 0, 0
000000082800_jpg.rf.67200861426ed99d1d010d5c895010b4.jpg, 0, 0, 1, 0
000000028114_jpg.rf.674fbde7e4d00b795a153105be967b51.jpg, 1, 0, 0, 0
000000262207_jpg.rf.673044c06dbeda267a0f4278f20b50ac.jpg, 0, 1, 0, 0
000000360573_jpg.rf.67531789ea080a747bbce318cdcac32b.jpg, 0, 0, 1, 0
000000424445_jpg.rf.675f91df1bdfc0bc5be231d71176db72.jpg, 0, 1, 0, 1
000000284340_jpg.rf.676017e334a4e0758b46d875913af01b.jpg, 1, 1, 0, 0
000000555119_jpg.rf.6767bb4589f262e78e7691b3e71ad4de.jpg, 0, 1, 0, 1
000000332205_jpg.rf.676e53782e1dd7cefb4973198922b486.jpg, 0, 0, 0, 1
000000190756_jpg.rf.676ffc968c50a17fb8b44a983957f541.jpg, 0, 0, 1, 0
000000565444_jpg.rf.676f3a424654788f610754c860ad77f0.jpg, 0, 0, 1, 0
000000233545_jpg.rf.674e7f03ffbadfeea1d688ad35543415.jpg, 0, 0, 1, 0
000000046537_jpg.rf.67806d43a60a8165eb7ca2528adaa93d.jpg, 1, 0, 1, 0
000000194510_jpg.rf.67a43af0ad7ce8248cfe945c605f0cb4.jpg, 1, 1, 0, 0
000000026730_jpg.rf.67a6d5cb1268d59c36336319d36fe77d.jpg, 0, 1, 1, 0
000000510527_jpg.rf.6778eb87731b2461540d78ae80b7365f.jpg, 0, 1, 0, 0
000000157696_jpg.rf.6776f73337c2a79b734226fba0066247.jpg, 0, 1, 0, 0
000000366688_jpg.rf.676e88fa4981da60e436e1cd39db5a33.jpg, 0, 1, 0, 0
000000355987_jpg.rf.67a55c7594a380fedc8afe726c59f65b.jpg, 0, 1, 0, 1
000000522708_jpg.rf.6772222b4f951f9c11081b835c242c66.jpg, 0, 1, 1, 0
000000250870_jpg.rf.67a202e9983a00b8ffa019e075d46897.jpg, 1, 1, 0, 1
000000410165_jpg.rf.67d18a656d374f2142f26a4b4898e953.jpg, 0, 0, 0, 1
000000494794_jpg.rf.67b46db37b90e269b79deaedbf3147be.jpg, 0, 1, 0, 1
000000232181_jpg.rf.67b8f84900c77bd5898d367c626f1a1f.jpg, 0, 1, 0, 0
000000311562_jpg.rf.67b93002827ff1c88463741b69acf72c.jpg, 0, 0, 1, 0
000000535432_jpg.rf.678a621c2740c79834a8f306dfbb0a02.jpg, 0, 1, 0, 0
000000198352_jpg.rf.67c730c464def3be001eb541ea5c4f96.jpg, 0, 1, 1, 0
000000087617_jpg.rf.674d1e763537ca60a061c643a2213bb3.jpg, 0, 1, 0, 0
000000010484_jpg.rf.67d40ab29850e2441ec13dfea42ecb5a.jpg, 0, 1, 0, 0
000000538249_jpg.rf.67d492693dd4c65b05623788361788a0.jpg, 0, 1, 1, 0
000000577929_jpg.rf.67acf92700c33ed6a7e2dcb7e3a62d05.jpg, 0, 1, 0, 0
000000242744_jpg.rf.67d129000efc5e4f93742ece7bc64156.jpg, 1, 1, 0, 0
000000266400_jpg.rf.67e274ecbfedaf4e167ee3559862186a.jpg, 0, 0, 1, 0
000000074166_jpg.rf.67c7609b6ab04afcda10877bdc77a5fa.jpg, 0, 1, 0, 0
000000012661_jpg.rf.67bd74b921769395b26f9225901410ae.jpg, 0, 0, 0, 1
000000285679_jpg.rf.67ae62d5f07a8e7f535faad0d6ab99dd.jpg, 0, 1, 0, 1
000000335975_jpg.rf.67c69987b2812857667767b6f2af77d5.jpg, 0, 1, 0, 0
000000578331_jpg.rf.67e2b6f390c5b219e72f060dcb87694f.jpg, 0, 0, 0, 1
000000458857_jpg.rf.67ea1aceef6e079216a839099314d585.jpg, 0, 0, 1, 1
000000059971_jpg.rf.67e49f2610d10281a662da695055c496.jpg, 0, 0, 0, 1
000000573058_jpg.rf.6801b00715acd2efbe4e88f5c7f980a6.jpg, 0, 1, 0, 0
000000280778_jpg.rf.68176f3bf0a991b254948ebfc9407434.jpg, 1, 0, 0, 0
000000204380_jpg.rf.681559f9ea5a796e094fa7f95393f064.jpg, 0, 1, 0, 0
000000271043_jpg.rf.680250938e578df2ce43d3d246b519a4.jpg, 0, 1, 0, 0
000000074739_jpg.rf.680c7c85959b06f9b2082e97fe20955a.jpg, 0, 1, 0, 0
000000049092_jpg.rf.681177e73441eb35a0bdc1f6957dc79d.jpg, 1, 1, 0, 0
000000040930_jpg.rf.681a0ff2175cda1cbd91091db1faaf31.jpg, 0, 1, 0, 1
000000454642_jpg.rf.6851c7122ec9e986faa6c371f2937eb0.jpg, 0, 1, 1, 1
000000574541_jpg.rf.684fb27226156e5086c125a68f12054d.jpg, 0, 1, 1, 0
000000472740_jpg.rf.680ad37349be28c4cf6e4ffbb4111d4d.jpg, 0, 1, 0, 0
000000550084_jpg.rf.68619afe4bed4b43987505619eace961.jpg, 0, 0, 0, 1
000000562679_jpg.rf.68197b4fd0a4b571e3e010f8df3ff5e3.jpg, 1, 0, 0, 1
000000470305_jpg.rf.687ab2e276b49a68f9d1167bbe660d06.jpg, 0, 1, 0, 1
000000507243_jpg.rf.683688db3f91dc10e3b91ef8541ea2cd.jpg, 0, 0, 0, 1
000000022298_jpg.rf.68603042de98acaeb2378b8f4ef2e494.jpg, 1, 0, 0, 0
000000462813_jpg.rf.68887ad9845e6c1c5e5dc50f54d1fb3e.jpg, 0, 1, 1, 0
000000242721_jpg.rf.68726b15f71cf74222bd76668c3cbf40.jpg, 0, 1, 0, 0
000000521619_jpg.rf.68084297aaa4d1a6fc8a93768e126967.jpg, 0, 1, 0, 0
000000002774_jpg.rf.6837dc78f2d3addfd0774e8ae2c21cf8.jpg, 0, 1, 0, 0
000000549639_jpg.rf.6880bd69adb22afdf25696c13d1765c8.jpg, 0, 1, 0, 0
000000295840_jpg.rf.6834eb4baac5b81d84f80da78857f034.jpg, 0, 1, 0, 0
000000441433_jpg.rf.68377b3bc60e7226da1689789400b377.jpg, 0, 1, 0, 1
000000562045_jpg.rf.6873c992532a38fd345606d4d6b5fb99.jpg, 0, 1, 0, 0
000000375812_jpg.rf.6896527e1b5a30b9183203e1e696bdb4.jpg, 0, 1, 0, 0
000000544278_jpg.rf.689d8ea1ec36d2d66f92a58060bd8e1a.jpg, 0, 1, 0, 0
000000469139_jpg.rf.686c87923efe8a934532e19c2d078eba.jpg, 1, 1, 1, 1
000000466519_jpg.rf.684f5b2ee7e0f0eb4a3650fe1403ddd3.jpg, 0, 1, 0, 1
000000252839_jpg.rf.68a029b32c8680d7fa5662380ee95ced.jpg, 0, 1, 0, 1
000000259186_jpg.rf.68a105c7ef4ab54accd753624f771ab1.jpg, 0, 1, 0, 0
000000352065_jpg.rf.68801bc5bbda8ec62d2c752fb676f560.jpg, 0, 1, 0, 1
000000374922_jpg.rf.68a52c3ff8003004d0be53fa1e9df6fb.jpg, 0, 1, 0, 0
000000328487_jpg.rf.68a860f2de98e39d759286c6486f772d.jpg, 1, 1, 0, 0
000000062726_jpg.rf.689bf4d1394a13e361556d7fc0aa8bc4.jpg, 1, 0, 0, 0
000000480408_jpg.rf.68a2a8b5d7b97da25d1852e8837ea443.jpg, 0, 1, 0, 1
000000399330_jpg.rf.68bd63c5ebe336df680cfbeea52691dd.jpg, 0, 1, 0, 1
000000082770_jpg.rf.68c0146d131b6750019927a0e22c3a17.jpg, 0, 1, 0, 0
000000054305_jpg.rf.68982401710ecc1b150576ec1d6efed9.jpg, 0, 1, 0, 0
000000405840_jpg.rf.68d2eac6b382cd05d86be37947deea52.jpg, 0, 1, 0, 1
000000365600_jpg.rf.68a85cf8cbdf8ea0c1e664ef1e78c61d.jpg, 0, 0, 0, 1
000000468493_jpg.rf.68dae3fe6fdc3bec1fa45212a9d1d42f.jpg, 0, 0, 1, 0
000000385346_jpg.rf.68ac570c6ea8ef15eb809641e53d269d.jpg, 1, 1, 0, 1
000000149974_jpg.rf.68ac6d9c9f2ef12a7addd542ba35e649.jpg, 0, 1, 0, 1
000000155739_jpg.rf.68d40c8608fc6662aa0037ca910b3672.jpg, 0, 1, 0, 1
000000135566_jpg.rf.68c775cbb39e9c4a904137149f80eb7e.jpg, 0, 1, 0, 0
000000142472_jpg.rf.68f059427b0b6df0cefe570f761cebf8.jpg, 1, 1, 0, 1
000000262531_jpg.rf.68d8367f72519b975b9644645a9b4da3.jpg, 0, 1, 0, 0
000000051278_jpg.rf.68f5ab053daf549d9ab7791e1742362e.jpg, 0, 0, 0, 1
000000127751_jpg.rf.68fa8b5333b1ac45f6bfc4d2c814b382.jpg, 1, 1, 0, 0
000000283679_jpg.rf.69113c43e1bb13de5ae6d8eaefee8ee3.jpg, 1, 1, 0, 0
000000328158_jpg.rf.68cd93408402dfbcbaaef402e8bc2b96.jpg, 0, 0, 1, 0
000000057969_jpg.rf.6926ba084f585fe9c37d7f6cc1758294.jpg, 0, 0, 0, 1
000000185844_jpg.rf.68eae9ae836dd336900b7da022240ee3.jpg, 1, 1, 0, 1
000000093853_jpg.rf.693529238607344f4e97b6631dbd075c.jpg, 0, 1, 0, 0
000000099425_jpg.rf.68d7407111bacef89f8892fa904acbc7.jpg, 0, 1, 1, 0
000000069117_jpg.rf.68e36ea7b5e0477fd02eeeacc9c517c2.jpg, 0, 1, 0, 0
000000427055_jpg.rf.69146b61737c5c47da9258a8159b8e28.jpg, 0, 1, 0, 0
000000302137_jpg.rf.69084bb47d57e4e9d082bc60a92b7032.jpg, 1, 1, 0, 0
000000265330_jpg.rf.692b8e3672d3ef992bcb53d644643041.jpg, 0, 0, 1, 0
000000070104_jpg.rf.693335292b76e80fd78fe61c45f7c212.jpg, 1, 1, 0, 0
000000075557_jpg.rf.68f35fdaa6f7d47f3f9a235fcaab6757.jpg, 1, 0, 0, 0
000000181296_jpg.rf.692e92fa11241626de698f32f01e4ea2.jpg, 0, 1, 1, 0
000000271248_jpg.rf.68d8894fb9c31bcb9802e9176904323c.jpg, 1, 0, 0, 1
000000262670_jpg.rf.6930260dbee73a2d118eec590e3e786c.jpg, 1, 1, 1, 0
000000091541_jpg.rf.69324ff11223909a2ba59cb3bbda732f.jpg, 0, 0, 0, 1
000000083600_jpg.rf.692f34d4acaa4914c522e5a0da577ec9.jpg, 1, 1, 0, 0
000000001584_jpg.rf.693fd9b8d80e9af4cb238cd99746d5e8.jpg, 1, 0, 0, 0
000000064070_jpg.rf.69519809c9761e0d87dd22027077ef15.jpg, 0, 0, 0, 1
000000144795_jpg.rf.68dc466ca7ecbbacd3d437ff34de7b73.jpg, 0, 0, 1, 0
000000343325_jpg.rf.6950870f34d24c419ac73a0d9e277b77.jpg, 1, 0, 0, 0
000000573072_jpg.rf.6949276aa681c077117017aba7c40d16.jpg, 0, 0, 1, 0
000000028293_jpg.rf.6948fd9a57a52547eb2f7af63e2425cb.jpg, 0, 0, 0, 1
000000226802_jpg.rf.68550146c89860069435799b93580ea9.jpg, 1, 1, 1, 0
000000191546_jpg.rf.69603cf1d0b88b5ab6965ecf61f758f6.jpg, 0, 1, 0, 0
000000454452_jpg.rf.694f1e7d29cf0f9b9cdea04ae1724e2a.jpg, 0, 0, 0, 1
000000088229_jpg.rf.69570ab32be9ec771c82c2ed58119ae3.jpg, 0, 1, 0, 1
000000239803_jpg.rf.68ec28b63127d1b3541072f615f6eefa.jpg, 0, 1, 0, 0
000000430073_jpg.rf.693e3eb96dac5aed4f7d0e7c93bc7c8d.jpg, 0, 0, 1, 0
000000300690_jpg.rf.69886bdfbb486462a6b23cb545f32397.jpg, 1, 1, 0, 0
000000491274_jpg.rf.6977ae239f8978b9edddc624aa07830a.jpg, 0, 1, 0, 1
000000447471_jpg.rf.696b85abf0a618937b8c0260324f69d0.jpg, 0, 1, 1, 0
000000222782_jpg.rf.69734ad0f25a0188e34f23a18fbdcb2b.jpg, 0, 1, 0, 1
000000205851_jpg.rf.6953b2263a526e59639b410ad9144e19.jpg, 0, 1, 0, 0
000000089147_jpg.rf.6968a7258efc7fc861ba33a2e3fded5f.jpg, 0, 1, 0, 1
000000165160_jpg.rf.695f16cf2ef895078a417e453d84de1b.jpg, 0, 1, 0, 0
000000039961_jpg.rf.6963449f828df46697f96efddd734f54.jpg, 0, 1, 1, 1
000000424585_jpg.rf.696e3e3e030d4b27c23a4b6d747b5693.jpg, 0, 1, 0, 1
000000016775_jpg.rf.695611de89b0ffcafd7323b57364313b.jpg, 0, 0, 0, 1
000000067131_jpg.rf.6979873bf6a906911ba170f1f9522182.jpg, 0, 1, 1, 1
000000231907_jpg.rf.69673656ec62f9b632acc1fa8accf173.jpg, 0, 1, 0, 1
000000476679_jpg.rf.698f58387c60d7647de9747678dd453d.jpg, 0, 1, 0, 0
000000272859_jpg.rf.6992f4ea87e5ed0ab30982537d49917a.jpg, 1, 0, 0, 0
000000557335_jpg.rf.69a3951434c80acab6d4a9240af7f446.jpg, 0, 1, 0, 0
000000475042_jpg.rf.698dd21ef0dd5b1546f993a33c9c8c49.jpg, 0, 0, 0, 1
000000217131_jpg.rf.6978e428f7374a2188051ca199dd7286.jpg, 0, 0, 0, 1
000000564993_jpg.rf.69b81dfdc1a704fc8fcaebb92794239e.jpg, 1, 1, 0, 1
000000272218_jpg.rf.69b9a6179a9a94084721e52969c6c15e.jpg, 1, 0, 0, 0
000000094526_jpg.rf.699d0ac612f7fd948c2410aef4c006bf.jpg, 0, 0, 0, 1
000000031335_jpg.rf.69ba8df9f092f7600305045500dee4e7.jpg, 0, 1, 0, 0
000000414477_jpg.rf.699700643f5e58969452f1261053ae07.jpg, 1, 0, 0, 0
000000431837_jpg.rf.69fd5ff14a9e75b9ea6ede98083d7ff1.jpg, 0, 1, 0, 0
000000377632_jpg.rf.69c0d18c33fbd204ffed0f4365ad03b4.jpg, 0, 0, 1, 1
000000128264_jpg.rf.69d974416fec3516274eac0501a906f8.jpg, 1, 1, 0, 0
000000446324_jpg.rf.69e2113ba8a09ae3ff6560956af0c8bb.jpg, 0, 0, 0, 1
000000058597_jpg.rf.69c374c3f29e0a24cef022885d5b9075.jpg, 0, 1, 0, 0
000000511642_jpg.rf.69c78167d286020a4e2f96baebea552d.jpg, 0, 1, 0, 0
000000432317_jpg.rf.69f05fd8585f0dea2a62cd32d0c5bf4a.jpg, 1, 0, 0, 0
000000044609_jpg.rf.69e9c8ca143776d1f891bbfd8cf44def.jpg, 0, 0, 0, 1
000000006810_jpg.rf.69f4d161a3a9f7326b9959db2dea42f4.jpg, 0, 1, 0, 0
000000430898_jpg.rf.69a78e583f2deb0b01af9927f791c242.jpg, 0, 1, 0, 0
000000002822_jpg.rf.6a0aaad4694a8c9acf1a15be09b705b4.jpg, 1, 1, 0, 0
000000362240_jpg.rf.69ee7d5d4e24f59261153858ece096fb.jpg, 0, 0, 1, 0
000000431691_jpg.rf.69ca3d48dca4957af5ff8f4c05a3db2f.jpg, 0, 1, 0, 0
000000357301_jpg.rf.69c8b3382f40e448fb750509f02c0a2d.jpg, 0, 1, 0, 0
000000167851_jpg.rf.69eff4959cd45e195b4477ca052fb4f1.jpg, 1, 1, 0, 0
000000076416_jpg.rf.6a18cd82478d835889557d74f4b52d01.jpg, 1, 0, 0, 0
000000067164_jpg.rf.69ea98f3d98ce846396a210a03ed9cca.jpg, 0, 1, 0, 0
000000061822_jpg.rf.69f86cbdd927150ab279cbc568e0a5bd.jpg, 0, 1, 0, 0
000000230008_jpg.rf.6a0316c1c82b08844d2b17d199a051a0.jpg, 0, 1, 1, 0
000000294849_jpg.rf.6a200fe8d96e052d8161c0928e5aba6b.jpg, 1, 1, 0, 0
000000477780_jpg.rf.6a1d3100080bd0c2e664200cb6b9c0be.jpg, 0, 1, 0, 0
000000312760_jpg.rf.6a0b3ad18c6ff747b08f63140ac1bb86.jpg, 0, 1, 0, 0
000000401509_jpg.rf.6a36d2dadf089dda57aef2addb8dd1f5.jpg, 0, 1, 0, 1
000000360869_jpg.rf.6a3250e8f3c99d33268d40062084c2fa.jpg, 0, 1, 0, 1
000000265115_jpg.rf.6a2361c3b6662a36811e9d5a0fee0d65.jpg, 1, 0, 0, 0
000000065360_jpg.rf.6a297b7f688c3a39e67a1cc125976292.jpg, 1, 1, 0, 0
000000191117_jpg.rf.6a217f51cbfc55a32b03de10b320e224.jpg, 0, 0, 1, 0
000000433993_jpg.rf.6a275900c1e38078a8be08b122d6e0dc.jpg, 0, 1, 0, 0
000000122317_jpg.rf.6a2e270565cc8ae192824b89ed70e91f.jpg, 0, 1, 0, 1
000000513298_jpg.rf.6a2d0e2d5bc6fbcea6b7c928c0bd4068.jpg, 0, 1, 0, 1
000000142034_jpg.rf.6a39da233e2dafce76fcd3115b9df8c8.jpg, 0, 1, 0, 0
000000125494_jpg.rf.6a3d1414253c59e9fa4c48751496aeee.jpg, 0, 1, 0, 0
000000121884_jpg.rf.6a432f94422cd4ad11f211430d467880.jpg, 0, 0, 1, 1
000000406142_jpg.rf.6a444dc003d83b2fffd591be2b8cdb14.jpg, 0, 1, 0, 0
000000068777_jpg.rf.6a5e50dfe462738a247c7982efd6c4ab.jpg, 0, 1, 0, 1
000000219921_jpg.rf.6a39090aae0c162d4ed7a023a4258eb9.jpg, 0, 0, 1, 0
000000099065_jpg.rf.6a289c12dfcd0011bc53e25f00492ddc.jpg, 0, 1, 0, 0
000000123975_jpg.rf.6a58617a038f338fb2ba478d1f76d4b3.jpg, 0, 1, 1, 1
000000410114_jpg.rf.6a485f328fea8593fd2995bb41fbdf9a.jpg, 0, 0, 0, 1
000000004739_jpg.rf.6a5e58c1ca49bfa3eca6238f0e7e2f4a.jpg, 0, 0, 1, 0
000000150126_jpg.rf.6a613bbbdb58f300b7abdf22012125e5.jpg, 0, 1, 0, 0
000000269888_jpg.rf.6a46459ea085a171fb5fc92bd3aa9fd9.jpg, 1, 1, 0, 1
000000549773_jpg.rf.6a6e396760b3b58962c4b655cbfdf751.jpg, 0, 1, 0, 1
000000244421_jpg.rf.6a3d08b6f794d7475ab57b3bf69f9275.jpg, 1, 1, 0, 0
000000331229_jpg.rf.6a1308030c76395aaaf7cec3faade10d.jpg, 0, 1, 0, 1
000000143876_jpg.rf.6a63f860c69b4bd4348f008d575aabdd.jpg, 0, 1, 0, 0
000000047554_jpg.rf.6a9460544b584c8f7f2885d1ce8f1044.jpg, 0, 1, 1, 0
000000198004_jpg.rf.6a6dc18fab0f78c9db4b429b42e01712.jpg, 0, 1, 0, 0
000000086763_jpg.rf.6a6a54b65e8565cd1ae662d410c3d7ee.jpg, 0, 1, 1, 1
000000307272_jpg.rf.6a714ecf6c8b9a5bf9ce1c57b167897e.jpg, 0, 1, 0, 0
000000090373_jpg.rf.6a815d6491bdf756707e1cf8e4060c12.jpg, 1, 1, 0, 0
000000232263_jpg.rf.6a98dc0498023090e4bdd5fc9373fe3d.jpg, 0, 1, 0, 1
000000105349_jpg.rf.6ab7c2e422438f0faf9cb322673bc528.jpg, 0, 1, 0, 0
000000178998_jpg.rf.6aa3871fff345b096e576ee46ce1817e.jpg, 0, 0, 1, 0
000000233430_jpg.rf.6a89659d1bed42873b0e314a7c3a0068.jpg, 0, 1, 0, 0
000000508488_jpg.rf.6a9ba4bce8b42cd46c82989f19182687.jpg, 0, 1, 0, 0
000000078465_jpg.rf.6aa8d59847a276a88f22c79ce60f6c25.jpg, 1, 0, 0, 0
000000394510_jpg.rf.6aa210305258c7f773ad5b2b135b10a7.jpg, 0, 1, 0, 0
000000163219_jpg.rf.6aa4e9675e9c41e66013b361b87e1a08.jpg, 1, 0, 0, 0
000000476913_jpg.rf.6a98f059589b55326887bef568c113b8.jpg, 0, 1, 0, 0
000000362340_jpg.rf.6a9efa61143c031368caa3b2b95a7dc3.jpg, 0, 1, 0, 1
000000251181_jpg.rf.6a98da38c71f6f62bd2887ced9726b06.jpg, 0, 1, 0, 0
000000562862_jpg.rf.6abcb15a056884c3cde3faa76e0c4bec.jpg, 0, 1, 0, 0
000000490546_jpg.rf.6ac7c75444d542232aed3930e689de28.jpg, 0, 0, 1, 0
000000338549_jpg.rf.6ab011a0749999cdb6e8812dda3993c5.jpg, 1, 1, 0, 0
000000141652_jpg.rf.6aa2a8b077910fbe0f4d925bb03f2b24.jpg, 0, 1, 0, 0
000000508725_jpg.rf.6ac11f3dac61c0e6020ba21c7108d29b.jpg, 1, 0, 0, 0
000000336167_jpg.rf.6ad79e3ec43960477b671c3b4d9f2d38.jpg, 0, 0, 1, 0
000000487131_jpg.rf.6ad87c66ebd7ee2d59280494393bb53d.jpg, 0, 1, 0, 1
000000089407_jpg.rf.6ab5480d1ad290ea05e0868f851dc0c9.jpg, 0, 0, 1, 0
000000453899_jpg.rf.6addd6e9fdc8570b767f6c2c6466af2e.jpg, 1, 0, 0, 1
000000135372_jpg.rf.6af0444c81a4212e5e12e4a367cc6806.jpg, 0, 0, 0, 1
000000312003_jpg.rf.6ae32a22f734509e7b936ff1cced7c81.jpg, 0, 1, 0, 1
000000174282_jpg.rf.6af07a0c2e8b1ece29afc97b69cb8745.jpg, 0, 1, 0, 0
000000033146_jpg.rf.6affb0678540fadd303b6945e80f0f92.jpg, 0, 0, 0, 1
000000516581_jpg.rf.6af4c804aa77774d715e82fa7d874d95.jpg, 0, 0, 1, 0
000000183835_jpg.rf.6ad5af9866c0969c9e0373e945fba77e.jpg, 0, 0, 1, 0
000000576700_jpg.rf.6ae1d85ec020a2ba414cd800aa59027b.jpg, 0, 1, 0, 1
000000374171_jpg.rf.6b1919ff2a1a4169d5eb24eecec96a2a.jpg, 0, 1, 0, 0
000000223466_jpg.rf.6af81e554f83516325086eaf0c361938.jpg, 1, 0, 0, 0
000000086439_jpg.rf.6b09da0c55bba0f9a67dc62fe301ac36.jpg, 0, 1, 0, 1
000000097998_jpg.rf.6b17797d283f87dacd579745bb6aee28.jpg, 0, 1, 0, 0
000000080117_jpg.rf.6b13f54d624d9d21cd1273ffe7930aaa.jpg, 0, 1, 0, 0
000000146751_jpg.rf.6b114ef8d69b17840f2159d49c823c3c.jpg, 0, 1, 0, 1
000000561126_jpg.rf.6acb2d32d5250538db9cc7bcef5c427e.jpg, 0, 1, 0, 1
000000262848_jpg.rf.6ad0bc14955bcebb5ff18b68e72c2392.jpg, 0, 1, 0, 1
000000171378_jpg.rf.6b4cb00c580769fe7bc61e6317d92466.jpg, 1, 1, 0, 0
000000423837_jpg.rf.6acc39590f7e49315504fb4aa51ab313.jpg, 0, 1, 0, 1
000000200315_jpg.rf.6b44c0e191eb98777cbc6e7db55416b4.jpg, 1, 1, 0, 0
000000059046_jpg.rf.6b3682bf18aaa3e424267d8e6a28c9df.jpg, 0, 1, 0, 0
000000150137_jpg.rf.6b1b93b43f662d0d581f431c16b39ea5.jpg, 0, 1, 0, 0
000000360611_jpg.rf.6b5162d1a4c9e06c8e8e10d49b0a208c.jpg, 0, 0, 0, 1
000000101183_jpg.rf.6b206e052ddc341f8deb7b834ea6b95b.jpg, 0, 1, 0, 1
000000505579_jpg.rf.6b70ac16f2f0b31604dcfc023274e552.jpg, 0, 0, 1, 0
000000031904_jpg.rf.6b6c9d155e3dd630199e2ae37baaed04.jpg, 0, 1, 0, 0
000000387515_jpg.rf.6b5d02c3cfbbfb733fc1762158442181.jpg, 1, 1, 0, 1
000000029153_jpg.rf.6b62d431de4efcd0970ada044b90ecc8.jpg, 0, 0, 0, 1
000000204137_jpg.rf.6b9eb95dec89efdbd2017bb69999c007.jpg, 0, 1, 0, 0
000000331790_jpg.rf.6b6d4aa39919f3988a63b72ef0fbcf91.jpg, 0, 0, 1, 0
000000117283_jpg.rf.6bb34e7dacbee7b94140b6fa343efb1f.jpg, 0, 0, 1, 0
000000027969_jpg.rf.6bb5abb1a53907c5f1ba39f802f2c762.jpg, 0, 1, 0, 1
000000017451_jpg.rf.6b5f629a66a18d2122024a87f087b157.jpg, 0, 1, 0, 0
000000343963_jpg.rf.6b6928ebd28b7c4eb3a3081be44b3469.jpg, 0, 1, 0, 0
000000120645_jpg.rf.6bc53e2fd582dbbbfbcdd6db4489c1c3.jpg, 1, 0, 0, 0
000000380979_jpg.rf.6b7e86f990483063fedf8f7293d2f0a0.jpg, 0, 0, 0, 1
000000431921_jpg.rf.6b8b02856120ec1e5d881bc7c59ca931.jpg, 1, 1, 0, 1
000000338978_jpg.rf.6bd2720e48ec88fc036fea0997e692a8.jpg, 0, 1, 0, 1
000000565395_jpg.rf.6b7ebe149af3dfba69bffb94d31ce5e6.jpg, 0, 0, 0, 1
000000579029_jpg.rf.6bc1e35e58eb720a660ca20524834964.jpg, 0, 0, 0, 1
000000497664_jpg.rf.6b878c4e9b08012980efebee6911c991.jpg, 1, 0, 0, 0
000000396736_jpg.rf.6bb5fdee4746e86d993da4ae03b8728f.jpg, 0, 1, 0, 0
000000314194_jpg.rf.6bb518437b549d14e8596ee71aabede7.jpg, 0, 1, 1, 0
000000367754_jpg.rf.6bbe7f12a11393d8f76265d07bcdb1a9.jpg, 0, 1, 0, 0
000000567124_jpg.rf.6bd7c949f4fb9e35efa2a966c656bea4.jpg, 1, 0, 1, 0
000000203711_jpg.rf.6ae0786c925d4548153a682d4a332010.jpg, 0, 1, 0, 0
000000470720_jpg.rf.6bdae0674ef5c3a930884d8c410046bf.jpg, 0, 1, 0, 0
000000530408_jpg.rf.6bdb1658db470e311ff6205e1c924203.jpg, 0, 0, 1, 0
000000337111_jpg.rf.6bd2839dcef69bccdebcdcf75115265d.jpg, 0, 1, 0, 0
000000531796_jpg.rf.6be4d832a416b53a9c244a1e493532bb.jpg, 1, 1, 0, 0
000000013576_jpg.rf.6bcff1dbc23dbc333f4f8a0571b93e14.jpg, 0, 1, 1, 0
000000057005_jpg.rf.6be65f5614badf3f4e426688b3ffe6b0.jpg, 0, 0, 1, 0
000000438575_jpg.rf.6be25f37693f65140b381ee3ca981c94.jpg, 0, 1, 0, 1
000000116074_jpg.rf.6c000a7bb13853a5fee1793d208d88a7.jpg, 0, 1, 1, 1
000000284886_jpg.rf.6bfdef34d172ea8f43e598989c984b1d.jpg, 0, 0, 1, 0
000000239509_jpg.rf.6c1e5b4fd953eeaa6490e491fa9c2990.jpg, 0, 0, 1, 0
000000357552_jpg.rf.6c2307090a712528afa50f8b99abd36a.jpg, 1, 1, 0, 0
000000257232_jpg.rf.6c1e759f2eefd1fe3af244ff64c3c801.jpg, 1, 0, 0, 0
000000317320_jpg.rf.6bea5bc67d910941b91fce9b951fec7e.jpg, 0, 0, 1, 0
000000420612_jpg.rf.6b756cbbb37278faa0d305d3891f580b.jpg, 0, 1, 0, 0
000000160535_jpg.rf.6bf7736163727284319d543f68ac44fc.jpg, 0, 1, 0, 0
000000363607_jpg.rf.6c2c4e75e7ef60982e07235f2af62073.jpg, 0, 1, 0, 0
000000415611_jpg.rf.6c117af5bc03fc73458b83253301c46f.jpg, 0, 1, 0, 0
000000036557_jpg.rf.6c4113299f27896bb7ae9ff7c44c2cd4.jpg, 0, 1, 0, 1
000000092462_jpg.rf.6bf67eda6ebd873a265c922895ba5f55.jpg, 0, 1, 0, 0
000000562330_jpg.rf.6b81ed9ea2b5b9e6e6893a8c75a9c160.jpg, 1, 1, 0, 1
000000042683_jpg.rf.6c1030538220473dcd726e06c1e4e722.jpg, 1, 1, 0, 0
000000372260_jpg.rf.6c0cea36545a8f308f21a71d9f14bc25.jpg, 0, 1, 0, 0
000000152668_jpg.rf.6c36e0793292bff12fa6b08476a8658a.jpg, 0, 0, 1, 0
000000084479_jpg.rf.6c44a79439425e90b03550c7605a7c26.jpg, 0, 0, 1, 0
000000258112_jpg.rf.6c4113021ecc70fce84d4489fd26fcd6.jpg, 1, 1, 0, 0
000000042225_jpg.rf.6c3a6cb87ee585a39325d550959421ce.jpg, 0, 1, 0, 0
000000121503_jpg.rf.6c5e1b87c13528ca168c3bccabd3977c.jpg, 1, 0, 0, 0
000000012283_jpg.rf.6c25f22c5fd8df4949d4e28fc87d60e2.jpg, 0, 1, 0, 0
000000237825_jpg.rf.6c289bfb66353e47134c9beb5aa57dac.jpg, 0, 1, 0, 0
000000397527_jpg.rf.6c498a9c19eddd1d34777e86e402478d.jpg, 0, 1, 0, 0
000000104494_jpg.rf.6c6093d916f6d492324fe43159086da9.jpg, 0, 1, 0, 0
000000374490_jpg.rf.6c5998bd3d25870fbe7df10b922ffe33.jpg, 0, 1, 1, 1
000000321494_jpg.rf.6c710ab0bbe1ffb2f88cc88697ad2ebc.jpg, 0, 1, 0, 0
000000131434_jpg.rf.6c7a90256b7897c974474bd920fc5a3e.jpg, 0, 1, 0, 0
000000210782_jpg.rf.6c5ae01308ecc28b45c50d22961142c1.jpg, 0, 1, 0, 0
000000101863_jpg.rf.6c9834ed3d06420ef0d4e63c0a700395.jpg, 0, 1, 0, 0
000000178835_jpg.rf.6c64685f82da13e21f59877ffd79c27c.jpg, 0, 1, 0, 1
000000408840_jpg.rf.6c66335783cbe8d9d735f87997988a8c.jpg, 1, 1, 0, 0
000000401780_jpg.rf.6c9325f074edfa5c283c6c209247e300.jpg, 0, 1, 1, 0
000000359320_jpg.rf.6c9f8cccb2c4892cb4da10e029aea4b4.jpg, 0, 1, 0, 0
000000032997_jpg.rf.6c93e87765b7d0f3959cbf4c14f8e7fb.jpg, 0, 0, 1, 0
000000431113_jpg.rf.6c7aa319c64d63bf013bcacc05025998.jpg, 0, 1, 0, 0
000000238352_jpg.rf.6c90f160729b538a6428b01ea05785a5.jpg, 0, 0, 1, 0
000000350040_jpg.rf.6c71ad8f67ff6d9a34246f151eba027a.jpg, 0, 1, 0, 0
000000231460_jpg.rf.6ca97633e5000fd66af58a22257c7cd8.jpg, 0, 1, 0, 1
000000534687_jpg.rf.6ca7688fd92fa73adeb370c30c83f373.jpg, 0, 1, 0, 0
000000048130_jpg.rf.6cd5f207790e13d301b1bed6958849f9.jpg, 0, 1, 0, 0
000000533799_jpg.rf.6cc01c2baa7d9042fa4b2659793b8b98.jpg, 0, 1, 0, 1
000000290106_jpg.rf.6cac6fde60ad9149e088518655410f48.jpg, 0, 0, 0, 1
000000124028_jpg.rf.6cd9fde5a94e1a7a56fb0f72b760f46e.jpg, 0, 1, 0, 0
000000368280_jpg.rf.6cb6bd7a27396681eca8e273a1e99f15.jpg, 0, 1, 0, 0
000000395007_jpg.rf.6cfed023411ea31c27007fff954a9ed6.jpg, 0, 1, 0, 0
000000125407_jpg.rf.6cd8f69b8f560cc26104dafd18d1c529.jpg, 0, 0, 1, 0
000000501026_jpg.rf.6c990e037816e0373af07f01e4038899.jpg, 0, 0, 1, 0
000000322106_jpg.rf.6d0125de79c1dd1d318f41bbcb9a3fd3.jpg, 0, 1, 0, 0
000000137238_jpg.rf.6d02e4824ad1499cedd24f1d05ab5f27.jpg, 0, 1, 0, 0
000000340386_jpg.rf.6ce098dda52de19fc12389ccb57b8412.jpg, 1, 0, 0, 0
000000505057_jpg.rf.6cdcdb5f6a6cf482219e815d28fd3ee2.jpg, 1, 1, 0, 0
000000431712_jpg.rf.6cecaea664c095d48cf9cf044ec837e7.jpg, 0, 1, 0, 0
000000481254_jpg.rf.6d1d83688acec3265a316dbf02a68099.jpg, 0, 0, 0, 1
000000032809_jpg.rf.6cf65ef50f7824e8558f0d797e955eff.jpg, 1, 1, 0, 0
000000069946_jpg.rf.6d04fea93068de6604fc22326d5717e1.jpg, 0, 1, 0, 0
000000191613_jpg.rf.6cef4f2e1971ffa82ba5946ade6c4043.jpg, 1, 1, 0, 0
000000258478_jpg.rf.6d40d193de03090f0733ad2aab13c417.jpg, 0, 1, 0, 0
000000419439_jpg.rf.6cf104c609e767e512561bb1da8649b4.jpg, 1, 0, 0, 0
000000319322_jpg.rf.6d0fec4a935343f169b9f420a88d3e96.jpg, 0, 1, 0, 0
000000477470_jpg.rf.6d41e952894eac668320a8faa53715a4.jpg, 0, 1, 0, 0
000000220732_jpg.rf.6d18b574bd2969eebd87b2445ab56045.jpg, 1, 1, 0, 1
000000005359_jpg.rf.6d392d79ba9e9926fd533a303aa68095.jpg, 0, 1, 0, 0
000000136732_jpg.rf.6d4553d6f29808c16c07d5eb638a0341.jpg, 0, 0, 1, 0
000000347570_jpg.rf.6d26ee9f2bc49707e6183a9a21ec291b.jpg, 0, 1, 1, 0
000000163599_jpg.rf.6cc113361cb6760d048729fad84356e7.jpg, 0, 1, 0, 0
000000573105_jpg.rf.6d4c3e3207d227f7a9e15bed6b62f493.jpg, 0, 1, 0, 0
000000138217_jpg.rf.6d6686e6a710b13b363b9d31fff0ff15.jpg, 0, 1, 0, 0
000000283277_jpg.rf.6d742a0718838b08c4a176155846923e.jpg, 0, 1, 0, 0
000000278203_jpg.rf.6d68ec4fc31bba85af47379c3bdc3b7b.jpg, 0, 1, 0, 1
000000465638_jpg.rf.6d6f3cccf8c649d2f570b3109ecafbc4.jpg, 0, 1, 1, 1
000000040497_jpg.rf.6d4dd92c7973b130e694f4d4d1fec72d.jpg, 0, 1, 1, 1
000000488789_jpg.rf.6cf3e6966358bc205567f73e8d29ecad.jpg, 1, 1, 0, 1
000000014458_jpg.rf.6d6b24a80d866844c93c6cc570dd3141.jpg, 0, 1, 0, 0
000000536607_jpg.rf.6d7affee82368405e06af3bc083110fe.jpg, 0, 1, 0, 0
000000263762_jpg.rf.6d42dbb4098820aa0ed8d626d81f88c3.jpg, 1, 0, 0, 0
000000461510_jpg.rf.6d776416e6cba8401f2341dadc1f36ae.jpg, 1, 0, 0, 0
000000291370_jpg.rf.6d5fb9847cdeff6406865f9814d807d6.jpg, 0, 1, 0, 1
000000415629_jpg.rf.6d7e93beb593eb24ed4e9b5adfc411ad.jpg, 0, 0, 0, 1
000000237445_jpg.rf.6d81fb5895a33b226675ea6a23a4be76.jpg, 1, 1, 0, 0
000000574087_jpg.rf.6d9c5f2bf32439707e9b26a2a2e9b9fc.jpg, 0, 1, 0, 0
000000387082_jpg.rf.6d4a75fcda05df661f0613e94ca4e21a.jpg, 1, 1, 0, 0
000000485632_jpg.rf.6d894f59f353f2e2486dd8d7381fad38.jpg, 0, 1, 0, 1
000000002014_jpg.rf.6d7cdc4811f6535876905ea0485d7a3f.jpg, 0, 1, 0, 0
000000126483_jpg.rf.6d8bd8eee15c26f77ace6cfa93574bde.jpg, 0, 0, 1, 0
000000373060_jpg.rf.6d8d1386c0a6cd7533e2408349a0a4d6.jpg, 1, 1, 1, 1
000000270175_jpg.rf.6da74b062d0424186e5e78c32babbc4b.jpg, 0, 1, 1, 0
000000324332_jpg.rf.6dc58f4ff9ab8dfb476b16c588351b65.jpg, 1, 0, 0, 0
000000294545_jpg.rf.6d95b2150a9cd507715642ddda4b0d9f.jpg, 1, 0, 0, 1
000000543642_jpg.rf.6da8a9fdf1a437bb3a2481859111aa5b.jpg, 0, 1, 0, 0
000000111819_jpg.rf.6db5c0923214bca5f65ee8b40ea2c7b2.jpg, 1, 0, 0, 0
000000460373_jpg.rf.6dbd84b270bf9a5f35cf40a409e17cde.jpg, 1, 1, 0, 1
000000067407_jpg.rf.6d94afed15c36a9f234949c5118bd584.jpg, 0, 1, 1, 0
000000315434_jpg.rf.6daef2c3d120995f5c03b25854dc83d3.jpg, 0, 1, 0, 1
000000347168_jpg.rf.6dd855c59de93f2253cc41bfb7ac0c25.jpg, 0, 1, 0, 0
000000429485_jpg.rf.6dc8ee4637a60dd08e341a5583c200bb.jpg, 0, 1, 0, 1
000000135135_jpg.rf.6da148402599088034555096d60b84bb.jpg, 0, 0, 0, 1
000000139390_jpg.rf.6dcf25d2ac8e6daeac038ce53489ba65.jpg, 1, 0, 0, 0
000000490338_jpg.rf.6db8869a796dbaedcf63549cffdf690c.jpg, 0, 1, 0, 0
000000257628_jpg.rf.6dc2b29b56892a9b4d7507d4fca6a4b3.jpg, 1, 1, 0, 0
000000353981_jpg.rf.6dd9fa8d7821ffd74f231a831129f179.jpg, 0, 0, 0, 1
000000037771_jpg.rf.6d7ef66d111f13f58732ca829fe9fd95.jpg, 1, 1, 0, 0
000000446661_jpg.rf.6e08f097b55f0fb4e576e7d452d4e144.jpg, 0, 0, 0, 1
000000196766_jpg.rf.6e041ed22c8fe3118656eeaaefbea8bc.jpg, 0, 1, 0, 0
000000442136_jpg.rf.6ddd33a96d9ae872e7b9babf8606ccba.jpg, 0, 0, 1, 0
000000064800_jpg.rf.6e1cf13f873d126898507b378bcd8bb8.jpg, 1, 1, 0, 1
manila_jpg.rf.6dc159d05e6d305405753af8c5cacfe7.jpg, 0, 1, 1, 1
000000442154_jpg.rf.6e1210872f1e95cf014e579b3d34a704.jpg, 1, 0, 0, 0
000000553339_jpg.rf.6dddd641140d9e5d0e3c862b5f91e4d6.jpg, 0, 1, 0, 0
000000257311_jpg.rf.6e3514d5c91d891ff4ed2c34af91dc9e.jpg, 0, 1, 0, 0
000000373341_jpg.rf.6e2c5004396455a6d7e3e590023c945d.jpg, 0, 1, 1, 1
000000042849_jpg.rf.6e39e8d98ec2ca0acf43b1939a4715b4.jpg, 0, 1, 0, 1
000000493806_jpg.rf.6e3037c701f516d393dd495374db3fce.jpg, 1, 1, 0, 1
000000400178_jpg.rf.6e6910cc86e02d91bc74911786df2023.jpg, 0, 1, 0, 0
000000338086_jpg.rf.6e2d171e39e5bb05f57d4ba4d367fff4.jpg, 1, 1, 0, 0
000000149878_jpg.rf.6daef73978f37c57ef715c8b995001b4.jpg, 1, 1, 0, 1
000000155386_jpg.rf.6df7490e0bd91248b856e696a987c87f.jpg, 1, 0, 0, 0
000000331959_jpg.rf.6e575dfcacc309f190b954c072f20b5c.jpg, 0, 1, 0, 0
000000370103_jpg.rf.6e60ad930e55970c34527641b97d51b1.jpg, 1, 0, 0, 0
000000394889_jpg.rf.6e54c402dd0ff23ece4ebd47e53af317.jpg, 1, 0, 0, 1
000000329337_jpg.rf.6e443d87ca26018c6c13d22d147b71bf.jpg, 0, 1, 0, 0
000000092904_jpg.rf.6e69bf435b4b3beee5197499e9696146.jpg, 0, 1, 1, 1
000000426209_jpg.rf.6e6c472188bf6c22b633e6a860080cb3.jpg, 1, 1, 0, 0
000000561177_jpg.rf.6e5274ccce6598c46123fc5c62f509fc.jpg, 0, 1, 0, 0
000000543043_jpg.rf.6e6cf4d10097cf6657be088e3223e49f.jpg, 1, 1, 0, 0
000000160211_jpg.rf.6e6459ae6ab114acffe9449c3ea5a7ca.jpg, 0, 1, 0, 0
000000030508_jpg.rf.6e715f9f0d9817fd5f6b0a5b1e4b92c1.jpg, 1, 1, 0, 1
000000574790_jpg.rf.6e8bc4f7b9c0d85120947c3588944cef.jpg, 0, 1, 0, 1
000000338880_jpg.rf.6e812c39f30f72b916184e19e9ebe9f2.jpg, 1, 1, 0, 0
000000270893_jpg.rf.6e91a15397216182513bb52550fbd299.jpg, 1, 0, 0, 0
000000350703_jpg.rf.6e91400ae1e6ffa0c8c7fd5e504b5598.jpg, 0, 1, 0, 1
000000509582_jpg.rf.6e724ba450da5a5ace5c8dfa97bae44b.jpg, 0, 1, 0, 0
000000126447_jpg.rf.6e9d0a1e2d8d6acbc1f353874f911047.jpg, 0, 0, 0, 1
000000246246_jpg.rf.6eb60515edfb0eb02ed8eb3f442176d9.jpg, 0, 1, 0, 0
000000027987_jpg.rf.6ea1a62ce17fe63a675bdc49aa9eba4d.jpg, 0, 1, 0, 1
000000391410_jpg.rf.6eb301dd71a9fcb587f64a82db7b0f0a.jpg, 0, 1, 0, 0
000000072740_jpg.rf.6ea9cbc8b8a9ee3984c1c7d796fffff4.jpg, 1, 1, 0, 1
000000056668_jpg.rf.6e656d547e1ebecde86533a6e61850b8.jpg, 0, 1, 0, 0
000000302383_jpg.rf.6eac436f0fb3c6b12016095691706e0b.jpg, 1, 0, 0, 1
000000484814_jpg.rf.6ea73828997ee3c42aa7d244d9852dd6.jpg, 0, 0, 0, 1
000000312074_jpg.rf.6ebc3151f72a095f076143bd574e6339.jpg, 0, 1, 0, 0
000000352761_jpg.rf.6edb4303e3a20827c38a0ef1ddb804a2.jpg, 0, 1, 0, 0
000000348826_jpg.rf.6e140ec182d59a1cd978eb0eec574f96.jpg, 0, 0, 0, 1
000000023253_jpg.rf.6edcb5be2a5e2be26ff8754b01b69c01.jpg, 0, 0, 1, 0
000000186944_jpg.rf.6eef6a1fb802d7ee592f1045959aab8e.jpg, 0, 0, 1, 0
000000027777_jpg.rf.6ebbb5a048c8f9ea6b4afbd99899d20e.jpg, 1, 1, 0, 0
000000360737_jpg.rf.6ecd61f746b233d9e3f959f05d4f9725.jpg, 0, 1, 0, 0
000000567396_jpg.rf.6f14046130284e900d03db84360b8a9d.jpg, 0, 0, 1, 1
000000477500_jpg.rf.6efa2fb944129d5eb4ef881171c8d95e.jpg, 0, 1, 1, 0
000000241534_jpg.rf.6ebae1bd8df73ee5ddbb3ab3d78e4b6c.jpg, 1, 0, 0, 0
000000445500_jpg.rf.6ef44ad257551006477a26dfbbac8eeb.jpg, 1, 0, 0, 0
000000527090_jpg.rf.6ed48a212860730f80043afa521f6e75.jpg, 1, 0, 0, 0
000000242677_jpg.rf.6ee873d85545ffbb15430f57123aa510.jpg, 0, 1, 0, 0
000000470028_jpg.rf.6f129088920acb61831ebf050f83d9e4.jpg, 1, 0, 0, 0
000000269109_jpg.rf.6ee76135284cc3d4f6ce24b750f95d74.jpg, 0, 1, 0, 0
000000373988_jpg.rf.6f0a31bda820c8b9bc0ae95aa9f698e2.jpg, 0, 1, 0, 0
000000225402_jpg.rf.6f19de55ea362350fb1760f736d72f6e.jpg, 0, 1, 0, 0
000000396303_jpg.rf.6ea8ccc31eff766275c7d82f4c333436.jpg, 0, 1, 0, 0
000000021202_jpg.rf.6ef1a50c1ed2df78deae46993b6cf0eb.jpg, 0, 1, 0, 1
000000494678_jpg.rf.6f0eebbcbdf7021e57ae85382e9240dc.jpg, 0, 1, 0, 0
000000151570_jpg.rf.6efb91e97af52390e906a0694ff37dfa.jpg, 0, 1, 1, 0
000000250677_jpg.rf.6f27398b1fc2c77318caea55be73309e.jpg, 1, 1, 1, 0
000000156506_jpg.rf.6f2213a58bdf0105f6e7394a1398879c.jpg, 0, 0, 1, 0
000000160313_jpg.rf.6ee65a899cca6d0db3d65ff6f31f72dd.jpg, 0, 1, 0, 0
000000279708_jpg.rf.6ed399a448c6b3a915effcb213e26081.jpg, 0, 1, 0, 0
000000392924_jpg.rf.6f19a46f95039d761acee914b11953cd.jpg, 0, 1, 0, 1
000000036006_jpg.rf.6f296710cdfe7280a71609c240e3b372.jpg, 0, 1, 0, 0
000000198162_jpg.rf.6f2ec2058cda14362ef870c0be2b2b41.jpg, 0, 1, 0, 0
000000201899_jpg.rf.6f4e4ecfafd4a92e442c258f7fd2e5c3.jpg, 0, 1, 0, 0
000000219756_jpg.rf.6f4abad38ac71fb0467e5b61a1129e3d.jpg, 0, 1, 0, 0
000000350023_jpg.rf.6f62ba06fd77e6a5c09a1c681ac27294.jpg, 1, 1, 1, 0
000000518937_jpg.rf.6f334e982b77456c664c6fa3f9e2dda0.jpg, 1, 0, 0, 0
000000521351_jpg.rf.6f29b51e4f53d9de198a94fe42dd31ec.jpg, 0, 0, 0, 1
000000252132_jpg.rf.6f29e0f54fdcbe3eb1e65e8393263a43.jpg, 0, 0, 0, 1
000000430928_jpg.rf.6f56a4da8a9122e0c265cb16040638c5.jpg, 0, 1, 0, 1
000000077061_jpg.rf.6f5a073e51a63aad50b9fb69f0263931.jpg, 0, 1, 0, 0
000000322725_jpg.rf.6f4ec541cd5b6a896351ed566794bff5.jpg, 0, 1, 0, 1
000000329380_jpg.rf.6f5ca66e9c05e6368dc543d51e16fe7c.jpg, 0, 1, 0, 0
000000461496_jpg.rf.6f57c23c0b38dc9812411a8721e802b6.jpg, 1, 0, 0, 0
000000373712_jpg.rf.6f62f8a82758b5e7513eb2cfdad01f90.jpg, 0, 0, 1, 0
000000129347_jpg.rf.6f3c83822a132c5e53b9adc0a56da033.jpg, 1, 0, 0, 0
000000206255_jpg.rf.6f69356818e7d65df9e5bb124af91235.jpg, 0, 1, 0, 0
000000436146_jpg.rf.6f7137f7305b705f517dab05f1335a0d.jpg, 0, 1, 0, 0
000000333746_jpg.rf.6f54ed2d2c74d81008b0645552961662.jpg, 0, 1, 0, 0
000000190612_jpg.rf.6f6f72a83222eb1fdfc50a6fec7a92f5.jpg, 0, 1, 0, 0
000000571657_jpg.rf.6f847b37190659adc3651deac9e6207c.jpg, 0, 1, 0, 0
000000538250_jpg.rf.6f9438fe9a0a564f41668c0c89aa540f.jpg, 1, 0, 0, 0
000000003125_jpg.rf.6f800ee130642bee9f1ab1be98a89a32.jpg, 0, 0, 0, 1
000000174838_jpg.rf.6f7a2f21eeae64ac0630edd5202b2595.jpg, 0, 1, 0, 0
000000559974_jpg.rf.6f7aefa74f11084ecd2fdca1f9ade18d.jpg, 1, 1, 0, 1
000000495814_jpg.rf.6f66551c1b4331bff970ec32903e7e36.jpg, 0, 1, 0, 1
000000511625_jpg.rf.6fac4657ec6270a3e2ffc7b1bc8c5b46.jpg, 0, 1, 0, 1
000000415904_jpg.rf.6fa857af2ef21660e7578eae4fb59dd1.jpg, 0, 1, 1, 0
000000268592_jpg.rf.6fb23bc4715dfb3e33d60cab7d18a339.jpg, 0, 0, 1, 0
000000412220_jpg.rf.6fa6dca3ad6b0ee1a92fcdcfa57b0ef8.jpg, 1, 0, 0, 1
000000283618_jpg.rf.6fb022bb6632787e582718a9b407f5c9.jpg, 0, 1, 0, 0
000000061159_jpg.rf.6fa8f2c081c1cf748cad58239aca17dd.jpg, 0, 1, 0, 0
000000481874_jpg.rf.6fd90c776c9508f9e80b1404c3081d3a.jpg, 0, 1, 0, 0
000000568311_jpg.rf.6fada1533141f1272c86028999790fab.jpg, 1, 1, 0, 0
000000106048_jpg.rf.6fbbcc0772595668c8ae59908351e982.jpg, 1, 0, 0, 0
000000571575_jpg.rf.6feb6105073dbed73e7ff1ae9f4f3a4d.jpg, 0, 1, 0, 1
000000203517_jpg.rf.6fb4f46143e71c4cc59e4e1740b0fbb5.jpg, 0, 1, 0, 0
000000186709_jpg.rf.6fb3764bfac054c0e8937a058dff32d9.jpg, 0, 1, 0, 1
000000043513_jpg.rf.6fd02aa543159407cb5f29e12edfc3aa.jpg, 0, 0, 1, 0
000000365469_jpg.rf.6fe1b624ace47d2ee123cd53a8153a31.jpg, 0, 1, 0, 0
000000272925_jpg.rf.6fc9425ed88792f1513d4fe38c0c3666.jpg, 0, 1, 0, 0
000000336695_jpg.rf.7009746c17bf3ee23e447ac2e7435c08.jpg, 0, 0, 1, 0
000000387529_jpg.rf.6fdd89a9fedb8eaf0a947845f2dbede8.jpg, 0, 0, 1, 0
000000344998_jpg.rf.6fc4d527f5e35403aafc2717348511f5.jpg, 0, 1, 0, 1
000000337802_jpg.rf.6fd1102fa109b1991adfe49a6fa064cc.jpg, 0, 1, 0, 0
000000195848_jpg.rf.6fec345f808f0d518f492a68dc9a9611.jpg, 0, 0, 1, 0
000000036492_jpg.rf.701af7e2dcf69d9ef99cbbbda0be1932.jpg, 0, 0, 0, 1
000000181595_jpg.rf.6fdf334b7359e4c1695cfb1dad3fbf2f.jpg, 0, 0, 1, 0
000000188017_jpg.rf.6f93ff7d8339557b2efec0219676ed3c.jpg, 0, 1, 0, 0
000000365177_jpg.rf.6fff99fcf35825fef5f2d3d9de6e5b35.jpg, 1, 0, 0, 0
000000371260_jpg.rf.7000faf4038b8783a9cc5ccf5ba40043.jpg, 0, 1, 0, 1
000000035148_jpg.rf.702df4addb1eb030b2530a04bb5dca29.jpg, 0, 1, 0, 0
000000405507_jpg.rf.702475a8062d95b3f98ac9bb8314474d.jpg, 1, 0, 0, 0
000000093735_jpg.rf.7026e8d53515816cb7770c9e12696943.jpg, 0, 1, 0, 0
000000396188_jpg.rf.702040ff6450acd9e3daf77b856ce9b3.jpg, 1, 1, 1, 0
000000357663_jpg.rf.7025c87747f9c8fdd4bb59f66015437a.jpg, 0, 1, 0, 0
000000514245_jpg.rf.702a511f51e32aa447b15d2f96f9c547.jpg, 0, 0, 0, 1
000000494089_jpg.rf.702a563d5c8f63c61e8334f541298f94.jpg, 0, 1, 0, 0
000000101826_jpg.rf.6ffa5e9102185ab653bf507be9fbb89c.jpg, 1, 1, 0, 1
000000136043_jpg.rf.7023daee01317161667724cbd080ffae.jpg, 1, 1, 0, 1
000000405630_jpg.rf.702f855749ad70cb9f9b4e078b72a262.jpg, 0, 1, 0, 0
000000536947_jpg.rf.7041ab40c080911cf6918e4df3cf1342.jpg, 0, 0, 0, 1
000000345719_jpg.rf.7028a5f3e221a5b7c07b1fe34d3d2225.jpg, 0, 0, 1, 0
000000508414_jpg.rf.70554d5e14141ae676d99503111790a8.jpg, 0, 1, 0, 0
000000399349_jpg.rf.70552bc5707a68bf7d82323d12b28fab.jpg, 0, 1, 0, 1
000000258460_jpg.rf.703f7b69ebb6698c3ab6403832828562.jpg, 0, 0, 0, 1
000000204650_jpg.rf.70686fb2d059740b5e0e330fec1b5a0f.jpg, 0, 0, 0, 1
000000220686_jpg.rf.704b6f15d7cefb462e0f148ed7ef41a8.jpg, 1, 1, 0, 1
000000297956_jpg.rf.703477f0112689bef165a9213070bcce.jpg, 0, 0, 1, 0
000000268274_jpg.rf.7073b1e7fd4de5468ecd8bfd75cbca65.jpg, 0, 1, 0, 0
000000077745_jpg.rf.7064c6157c85e9ce930c81eecb6998c0.jpg, 0, 1, 0, 1
000000460863_jpg.rf.70462bf3eceba67459b4f621d5635c27.jpg, 0, 1, 0, 0
000000498730_jpg.rf.7080f7c481365af4a4fd7d5753ef3753.jpg, 0, 1, 0, 0
000000404385_jpg.rf.70573060f5629a60b9e80a7328d57c84.jpg, 0, 1, 0, 1
000000399378_jpg.rf.7047f8101710e67d5a4d591bc837c014.jpg, 0, 1, 0, 0
000000172000_jpg.rf.708baaa572881baca1b2d358df100e0e.jpg, 0, 1, 1, 1
000000525438_jpg.rf.707218c522601948a4e2a46b1f9a1359.jpg, 0, 1, 0, 0
000000456656_jpg.rf.70923831e027c756313eb1b5eff4ad6c.jpg, 0, 1, 0, 0
000000408120_jpg.rf.70865b07067de7e059106d8a78932b5c.jpg, 0, 1, 0, 0
000000271949_jpg.rf.70791aae44320016f4283a805b8b5710.jpg, 0, 1, 0, 0
000000351036_jpg.rf.708623a00125f795d6dbac239d2c4f1b.jpg, 0, 1, 0, 0
000000279850_jpg.rf.704d5d030d3265dc8fe0e262c3e7fec9.jpg, 1, 1, 1, 0
000000505745_jpg.rf.709bce1f1d99cf368271d18ff8c52515.jpg, 0, 1, 0, 0
000000426598_jpg.rf.70a18b1f0ad69ae9eaf4481f645a5f4f.jpg, 1, 0, 0, 0
000000379498_jpg.rf.70820a20377f7dd7452551dc07ac93cd.jpg, 0, 1, 0, 1
000000213687_jpg.rf.707c9e21e345a9a6492d4dd36567c18d.jpg, 0, 1, 1, 0
000000155097_jpg.rf.7094c8efc2f7b5f26ffa13656508314a.jpg, 0, 1, 0, 1
000000249158_jpg.rf.70a893733e38ce492602a36f8592c4e8.jpg, 0, 1, 0, 0
000000567118_jpg.rf.70c7a1aecf38e3e4e929ca6e0b5ee02c.jpg, 0, 1, 0, 1
000000506489_jpg.rf.70fc405d992a6a22a316b0028a415ad4.jpg, 0, 1, 0, 1
000000345027_jpg.rf.70c64f830bd414188a1ac4ee0a2b3153.jpg, 0, 0, 1, 1
000000344661_jpg.rf.70af1604cda04ed231c5aea7bcefa46f.jpg, 0, 1, 1, 0
000000358707_jpg.rf.70c2b2166bf94119ad1f14a187032c6f.jpg, 0, 0, 0, 1
000000357814_jpg.rf.70c7c3d6fbe01f429878439ef463c739.jpg, 0, 1, 0, 0
000000029915_jpg.rf.70de0f8eff117fc3e06df29c4f8d8ad2.jpg, 0, 0, 1, 0
000000280971_jpg.rf.70a06a6e37f3c4f4e839ba306a4d67ec.jpg, 0, 1, 0, 0
000000443525_jpg.rf.70b307c32c7bc36cfa4d652a9e35e9a3.jpg, 0, 1, 0, 0
000000054804_jpg.rf.7105c7fd785c3dd668999c6d2da92671.jpg, 1, 0, 0, 1
000000276151_jpg.rf.71042731af7baa3d032a0648d3cead19.jpg, 0, 1, 0, 0
000000208163_jpg.rf.70fd9bb8bce48f936fd1a880e2bae9bc.jpg, 0, 1, 0, 1
000000450471_jpg.rf.70f8a1b06f0f18964f4c38d80f92d2f3.jpg, 0, 1, 1, 1
000000341838_jpg.rf.70eb4137bb117ed6ff2b0e803f9bd072.jpg, 0, 1, 0, 0
000000234914_jpg.rf.710bc58bb9bcf907e9eaab74db4256c8.jpg, 0, 0, 0, 1
000000572303_jpg.rf.70db6419213bde685957c3f1c08169e4.jpg, 0, 1, 0, 0
000000421952_jpg.rf.710933f44df18c8dcd8dec184f727cbe.jpg, 0, 0, 1, 0
000000207360_jpg.rf.711db1792e16990617c8451b2af5997e.jpg, 0, 1, 0, 0
000000361382_jpg.rf.71094aced2aaa6d24a38155c9fb196c7.jpg, 0, 0, 1, 0
000000250639_jpg.rf.70ebdb9157327796f20edfc25cb4a154.jpg, 0, 0, 1, 0
000000182624_jpg.rf.71093a99fae3b4a6c713e28d18796cff.jpg, 0, 0, 1, 0
000000434415_jpg.rf.710f0d0cb220e1c58e02522194d40d56.jpg, 0, 1, 0, 0
000000195685_jpg.rf.7130510d0f79c2cc9e83c35a5c1a31a6.jpg, 0, 1, 0, 1
000000219750_jpg.rf.712faf13187edd90be0134c868fe425d.jpg, 1, 1, 0, 0
000000523034_jpg.rf.712f9a4ea77083bf3ee5da4c39687278.jpg, 0, 1, 0, 0
000000178651_jpg.rf.713523898063daad1ba1ed1079e84599.jpg, 0, 1, 0, 0
000000495059_jpg.rf.7138b20a33c72b153017f1f114fa08bf.jpg, 0, 1, 0, 1
000000093262_jpg.rf.711f0db9ae61f3f52ee1011ea83ddf56.jpg, 1, 1, 0, 0
000000005325_jpg.rf.7136ce780739b9a6b88965f52413b421.jpg, 0, 1, 0, 0
000000086032_jpg.rf.70f6187fd7e7836b413def836efa56b7.jpg, 0, 1, 1, 0
000000112737_jpg.rf.7135708cb96017d48321d82b43ed38a7.jpg, 0, 1, 0, 0
000000480812_jpg.rf.7142b4bcaf6b59b2c99f44d8ce490bfc.jpg, 0, 1, 0, 0
000000326229_jpg.rf.713713b469911bf75906013c37eacee4.jpg, 0, 1, 0, 0
000000311300_jpg.rf.7155ab76984773b2bd9123b2014b7eb0.jpg, 0, 1, 0, 0
000000192701_jpg.rf.7149d2601bc25d963175bbd0b782719e.jpg, 0, 0, 1, 0
000000008836_jpg.rf.7124d069320f350562120d395b498a19.jpg, 1, 0, 0, 0
000000143277_jpg.rf.713fd1ff9cbdd78a4c577dd90e2c9aa5.jpg, 1, 1, 0, 1
000000023066_jpg.rf.7106cfbd27d0b2848f4069c26ca61ccd.jpg, 0, 1, 0, 1
000000161121_jpg.rf.71437bccc52ff82b013473f32299b477.jpg, 0, 0, 0, 1
000000186109_jpg.rf.716d97a527e42674b3b931288d877387.jpg, 0, 1, 0, 1
000000462988_jpg.rf.717803f9d910e6d4429ce6ec8dc3deca.jpg, 0, 0, 0, 1
000000368060_jpg.rf.716e6e14b24805b562e9f4db55f6e360.jpg, 0, 1, 1, 0
000000293311_jpg.rf.713f8a3f2607f2c345670005e7257e21.jpg, 0, 1, 0, 0
000000570430_jpg.rf.714a47cb64124e6df10416e9e1a3d462.jpg, 0, 1, 0, 0
000000002154_jpg.rf.718788a8c5d9a1645857c8846e5d8346.jpg, 0, 1, 0, 0
000000229327_jpg.rf.71600de66f826c4de0bbf6b0f709bbc4.jpg, 0, 0, 1, 0
000000176282_jpg.rf.7187692cb63f0fba922bb096b6a7d05c.jpg, 1, 0, 0, 0
000000388311_jpg.rf.7146259b38b6b90c3e2aa41c92da591e.jpg, 1, 1, 0, 1
000000318066_jpg.rf.71a09e053a6ab6aee0e0f8691b83a6d9.jpg, 0, 1, 0, 0
000000533494_jpg.rf.718bb43180da38de87c05e4dd4c1dfd8.jpg, 0, 1, 0, 1
000000315873_jpg.rf.713b5fd9c2585e6b32572f23054640dc.jpg, 1, 0, 0, 0
000000080341_jpg.rf.71745d54232e5392b7503d03ca123d74.jpg, 1, 0, 1, 0
000000027389_jpg.rf.718bd00445ba1c0f82c181c7521fa69a.jpg, 0, 1, 0, 0
000000222716_jpg.rf.71a220b7efc15b786bbaf34473b894d6.jpg, 0, 0, 1, 0
000000104556_jpg.rf.718dc5ecfd46cb2630848f62d35473ce.jpg, 0, 1, 0, 0
000000262987_jpg.rf.71424483a29388a3c3dea91dc1c61fa0.jpg, 0, 1, 0, 0
000000490496_jpg.rf.717847520595bc842230f403432a07fd.jpg, 0, 1, 0, 1
000000268428_jpg.rf.71b7c94e422f0b822bba349b5c582def.jpg, 0, 0, 1, 0
000000499618_jpg.rf.71a928e40583aefdc5a9bcecbb3860d7.jpg, 1, 0, 0, 1
000000071322_jpg.rf.719a31709aacec406c16247cf7769fb2.jpg, 1, 1, 0, 1
000000238087_jpg.rf.71a788f932a65c4b361b2ae2aee72a35.jpg, 0, 1, 0, 0
000000435855_jpg.rf.71aa505f89034ee0d206b79192e9d0d0.jpg, 0, 1, 0, 1
000000553760_jpg.rf.71b01cc22b00bae2246d4b88ae7ebbcf.jpg, 0, 1, 0, 0
000000222608_jpg.rf.71adedef290cef9ae17945a0c34c0ebb.jpg, 0, 1, 1, 0
000000571848_jpg.rf.71e081e2f5b8d141aa47c418b0ea5f6c.jpg, 0, 1, 1, 1
000000351841_jpg.rf.718758da41ba1f21033728312e2df4ef.jpg, 0, 0, 1, 1
000000563058_jpg.rf.71d264ee20e45c501759c15448bba99e.jpg, 0, 1, 0, 0
000000094323_jpg.rf.71e5cc46046527d2a6f81696e067b77d.jpg, 0, 0, 0, 1
000000438619_jpg.rf.71e3bce840e33af0861cb0f3f6930e9f.jpg, 1, 1, 0, 1
000000001762_jpg.rf.71ee72f896612042b35f182fcd8603ee.jpg, 1, 0, 0, 0
000000481893_jpg.rf.71b9f6788fa146c397eb70bef3bcf7bf.jpg, 1, 0, 0, 0
000000218446_jpg.rf.71c216e2a135e3c4802a83ada4677d3a.jpg, 1, 0, 0, 0
000000372902_jpg.rf.71c0e9f016f2c92042c97a4496304557.jpg, 0, 1, 1, 0
000000398214_jpg.rf.71ef57c551e94503f5c24a29f2270135.jpg, 0, 1, 0, 0
000000151483_jpg.rf.71e31611d068a27a116d419c8e553139.jpg, 1, 0, 0, 0
000000079392_jpg.rf.71bd24933694ea9cd6d5c21f01ed94b6.jpg, 0, 1, 0, 1
000000190885_jpg.rf.71d585de3e894fb059a6d70ae4ae5586.jpg, 0, 0, 0, 1
000000038540_jpg.rf.72010f2244119a20d4c457810d883b34.jpg, 1, 0, 0, 0
000000231617_jpg.rf.7208f0d1a93491ab555118a7f4c79e55.jpg, 1, 0, 0, 1
000000141501_jpg.rf.71cd6cab78deeb2a971efc19a61e61ac.jpg, 0, 1, 0, 1
000000397782_jpg.rf.71f9217460f7ee82769363c47cc69dbb.jpg, 0, 1, 0, 0
000000433014_jpg.rf.72126c6d623c91d9275131f171ea0567.jpg, 0, 1, 0, 1
000000447150_jpg.rf.72233a983cc152b650e996f5959f90f6.jpg, 0, 1, 0, 0
000000289740_jpg.rf.71e179a37e3c1f9d5cc49a856dd3cb1c.jpg, 0, 1, 0, 0
000000400398_jpg.rf.7226f040334a099e68afa45ce0d829e0.jpg, 0, 1, 0, 0
000000473014_jpg.rf.71f431df065bea3a47153812ca41aa15.jpg, 0, 0, 1, 0
000000441338_jpg.rf.7225ce0bfd1b8720f01592bb0b9565af.jpg, 0, 1, 0, 0
000000529041_jpg.rf.720f0b5f737b49d749fa8f75409ccf18.jpg, 0, 0, 0, 1
000000146837_jpg.rf.71fb87a556c6c26ec0fefe620f37e5fd.jpg, 0, 0, 1, 0
000000228942_jpg.rf.7209d7e40b17aa3e65b16f5451ff52f2.jpg, 0, 1, 0, 0
000000090307_jpg.rf.722ec16bdd3a4b0281e80294b1692285.jpg, 0, 1, 1, 1
000000071385_jpg.rf.720172df4c2f3eb17c4f2fedc6555439.jpg, 0, 1, 0, 0
000000228539_jpg.rf.7237e3adef6c76edb2b9f841a2ef3b0e.jpg, 0, 0, 1, 0
000000325389_jpg.rf.723d0fd74806f528d31255198660d107.jpg, 0, 0, 0, 1
000000240804_jpg.rf.71fbbd186db266086246cdebb3c0b3da.jpg, 1, 0, 0, 1
000000209643_jpg.rf.72731d28ca2510fd6bbf6a7f372927da.jpg, 0, 1, 0, 1
000000561624_jpg.rf.725022c2f29f1394007967724eacd006.jpg, 0, 1, 0, 0
000000208350_jpg.rf.72540fdd3ec92b4e3e95fa4d06d45e26.jpg, 0, 1, 0, 0
000000048196_jpg.rf.725d7f2c161d647aeaa3bbfc7174cce2.jpg, 1, 0, 0, 0
000000463470_jpg.rf.728d980bb7d8951675773b3d42c36269.jpg, 0, 1, 0, 0
000000457474_jpg.rf.7261edfb007261a2ba2b60bbef064bc2.jpg, 0, 1, 0, 1
000000274605_jpg.rf.723a5a651b5110d91a05e3b4dbc22988.jpg, 0, 1, 0, 0
000000409970_jpg.rf.722eb769b4a62b051d94ae2296c52bf2.jpg, 0, 0, 1, 0
000000066348_jpg.rf.726c0f94a35ebc073ffc269088aeec86.jpg, 0, 0, 0, 1
000000099349_jpg.rf.7276d9578472a7aa89a25dd9c9f895e1.jpg, 0, 0, 0, 1
000000531146_jpg.rf.728e6427ea853ba2061c002b4cad2f84.jpg, 1, 1, 0, 1
000000109908_jpg.rf.728c04b0b7a7a2e2613e3a041be6e0c2.jpg, 0, 0, 1, 0
000000021751_jpg.rf.72b10d1a2bb7bdb194ed677d13997b9c.jpg, 0, 0, 1, 0
000000419860_jpg.rf.729243b2f758bd24fbde98b3291c4a70.jpg, 0, 1, 0, 0
000000419089_jpg.rf.7222ff3447407fad2afaa1575574c01e.jpg, 1, 1, 0, 0
000000080185_jpg.rf.7292c277fb4428c57d37d623834db8d1.jpg, 0, 1, 1, 0
000000532568_jpg.rf.72bbb2f323faba079051b54d4bf191ae.jpg, 0, 1, 0, 1
000000240210_jpg.rf.726c6099470d746ffaab1aa0d33f32e4.jpg, 1, 0, 0, 0
000000448243_jpg.rf.724416952cb75ade217551d80ddd986b.jpg, 0, 1, 0, 0
000000526759_jpg.rf.722783c7826e256961909710b88de665.jpg, 0, 1, 0, 0
000000329515_jpg.rf.72b01c95cb34aeb5c9b4d5cfdc2f025c.jpg, 0, 1, 0, 0
000000373898_jpg.rf.728f71a6cb94d5c4870419f248a30b76.jpg, 0, 1, 0, 0
000000554114_jpg.rf.725b5752ef16113b27277e41395a4b65.jpg, 0, 1, 0, 0
000000140100_jpg.rf.72ced2b0d17cb8a675c052047edcf183.jpg, 1, 1, 0, 0
000000024769_jpg.rf.72bf1f30f7706e0299758717dbbd042e.jpg, 0, 1, 0, 1
000000010540_jpg.rf.72bdd4b4275f471c33548bb34d53e96f.jpg, 0, 1, 0, 1
000000307238_jpg.rf.727f6d7dbe5dc0797e5ad1a02f270fad.jpg, 0, 1, 0, 0
000000303436_jpg.rf.72cccb2a87be0851d09985a9a461cd64.jpg, 1, 1, 0, 0
000000331405_jpg.rf.72cb64f6f927091b7cc32bcf2e0d289c.jpg, 0, 0, 0, 1
000000532481_jpg.rf.72b96cbc3061435666411c975cbc5cac.jpg, 0, 1, 0, 0
000000200961_jpg.rf.72e423c5ae8964bdc914b7b540e818c8.jpg, 0, 1, 0, 1
000000559270_jpg.rf.72eccc197a4d3f02874f0d9333df37a6.jpg, 0, 1, 0, 0
000000459184_jpg.rf.72d25e6c55cdd40f232cf24a2c04ca6b.jpg, 0, 1, 0, 0
000000161246_jpg.rf.72d6d07289b05e9f84b7d6e0b938898f.jpg, 0, 1, 0, 0
000000089696_jpg.rf.72cda101490691117698f15ed2c38595.jpg, 0, 0, 0, 1
000000052686_jpg.rf.72e81974260ce8b619c600b9ad7b019d.jpg, 0, 1, 0, 0
000000180563_jpg.rf.72bf643977e7d43624d8c8dfba8cf57b.jpg, 0, 1, 0, 0
000000523224_jpg.rf.72f390507c4e04c11d726fbce3c3997e.jpg, 1, 1, 0, 0
000000006811_jpg.rf.72f4b7b27276c34f38144ae4dfa00ef0.jpg, 1, 1, 0, 0
000000115502_jpg.rf.730acfb3c759dece8a95e9a7b1c34d32.jpg, 1, 1, 0, 0
000000561442_jpg.rf.72f45bac5cf80b43b5b42d2852d44379.jpg, 0, 1, 0, 1
000000529580_jpg.rf.731161b1e4f3393b2b65f627bd2e9a9b.jpg, 0, 1, 0, 0
000000367788_jpg.rf.7314112dba7f2fb926ec5e104a75896c.jpg, 0, 0, 0, 1
000000378179_jpg.rf.72f860f5924a95abf14217525987081b.jpg, 0, 1, 0, 0
000000359620_jpg.rf.72fb12f9539372da3b081e6cf9df18f8.jpg, 1, 1, 0, 1
000000325720_jpg.rf.7307e10a25e7217f2134e17361221d80.jpg, 0, 1, 0, 1
000000517881_jpg.rf.73267fce21d333509667908e4db97e62.jpg, 0, 1, 0, 0
000000400887_jpg.rf.732c0e2fcbe7ddf3e1d5b8934d300638.jpg, 0, 1, 0, 1
000000446937_jpg.rf.72fc38d96c1a258f22b8cdf6e1bf71b4.jpg, 0, 1, 0, 0
000000115314_jpg.rf.732f7c4a16ae899ecb1bac88eb268849.jpg, 0, 0, 1, 0
000000413172_jpg.rf.732e452cdd0bb912790a89df913dfc6c.jpg, 0, 1, 0, 0
000000478380_jpg.rf.731cb35e5ebac2cf39f5f42a00b32cc2.jpg, 0, 1, 0, 0
000000325042_jpg.rf.73355c251f3fbd62eab0a141061cf920.jpg, 0, 0, 0, 1
000000415190_jpg.rf.730d6bedaf5d93998e34c887322b57aa.jpg, 0, 0, 0, 1
000000155341_jpg.rf.732f6c9127fa7c2a18b317bbee01ac6f.jpg, 0, 1, 0, 1
000000193943_jpg.rf.731659ecbae2417461deeb4ba20b6cb5.jpg, 0, 1, 0, 1
000000020255_jpg.rf.7335b3f0360c013cd60a2fb819dfda9b.jpg, 0, 1, 0, 0
000000053748_jpg.rf.733bfd736f7e7f0f43b128b675f62f02.jpg, 0, 0, 0, 1
000000565946_jpg.rf.733e5211f311be6b44a90d60c80a8777.jpg, 0, 1, 0, 1
000000481550_jpg.rf.73150dda1c872e4fcada4d5f8dbd167a.jpg, 1, 0, 0, 0
000000314440_jpg.rf.731a012b07690bd0ed75bf3eb5e2f950.jpg, 0, 0, 0, 1
000000046737_jpg.rf.7349bb9c35da81cf34be849f2075ceb3.jpg, 0, 1, 0, 1
000000127809_jpg.rf.735d18cab91e9314a0f1ddb70a683a0c.jpg, 0, 1, 0, 0
000000106635_jpg.rf.733fc23ff6a84a4388a69b641a62c92d.jpg, 0, 1, 0, 0
000000319695_jpg.rf.7345e07ba0ed11e1ac0abcd51375eb9f.jpg, 1, 0, 0, 0
000000275835_jpg.rf.7327c6b3c0e159217879f937ec66a7bc.jpg, 0, 1, 0, 1
000000439390_jpg.rf.7368f1b8a3d67ac99a862ae50c522915.jpg, 0, 0, 0, 1
000000144453_jpg.rf.736dac4c8e865994253b2d79366ee5f0.jpg, 1, 1, 0, 1
000000096557_jpg.rf.73538f655ece56d0d55bcdd8ad11602c.jpg, 0, 1, 1, 0
000000053580_jpg.rf.736698a44929310c2f97e8efcf26b8b3.jpg, 1, 0, 0, 0
000000440928_jpg.rf.736111d47b52cca7b1a5acdf1fc54b75.jpg, 0, 1, 0, 0
000000345560_jpg.rf.7384ab187b240bb05f1a9d3c938045a9.jpg, 0, 0, 1, 0
000000447983_jpg.rf.7388653980a17c45ad6bc12832ac47ce.jpg, 0, 1, 0, 0
000000484289_jpg.rf.735ec731b04f2f963da4fdab00d9cecb.jpg, 0, 1, 0, 0
000000251453_jpg.rf.73874f3756d9d866bba2696f60f35c5e.jpg, 0, 0, 1, 0
000000352959_jpg.rf.73638c95da6b25c2f6fd69af3dfee003.jpg, 0, 0, 0, 1
000000168417_jpg.rf.7384113cfeb520cc2037c39ce48dcfd5.jpg, 0, 1, 0, 0
000000247052_jpg.rf.739a9738d45be74cf0f4a8294e007730.jpg, 1, 1, 0, 0
000000114408_jpg.rf.7384e048e7226dc837d4d4479265a748.jpg, 0, 1, 0, 1
000000338132_jpg.rf.739a7b7eb7804c94f748b290de0c8bf0.jpg, 0, 1, 0, 0
000000441165_jpg.rf.732d2e79f08042641d41102898483c6a.jpg, 0, 1, 0, 0
000000277094_jpg.rf.736c4bb99f13715ab104f765d8372b70.jpg, 1, 1, 0, 0
000000443556_jpg.rf.7392411792aa4f2472e824ad28a98793.jpg, 0, 1, 0, 0
000000522491_jpg.rf.7393fd964d2666c75076067d5e3ab765.jpg, 0, 0, 1, 1
000000441952_jpg.rf.7350a0b25aa7102e2400bd341157f1d0.jpg, 0, 1, 0, 0
000000176621_jpg.rf.73980da9d99433da6d43aa751307e6d0.jpg, 0, 1, 0, 0
000000494957_jpg.rf.735670202d76fbecf45cf06f45b44dbe.jpg, 1, 0, 0, 0
000000038031_jpg.rf.738b5cf09fd24bcf5a6c7146bdc8bfb7.jpg, 0, 1, 0, 1
000000225392_jpg.rf.736939c0de22255cb951c182135b5e49.jpg, 0, 1, 0, 0
000000522946_jpg.rf.73b31115d1757144a536cedc619312f8.jpg, 1, 0, 0, 0
000000175703_jpg.rf.73b582f476f16bd391bd7df9e09040f1.jpg, 0, 0, 0, 1
000000095243_jpg.rf.73c52c1f12a89c91c4f1a05ae52d9920.jpg, 0, 1, 0, 1
000000514693_jpg.rf.73a2d7299ae5b50de836527115a743c2.jpg, 0, 1, 0, 0
000000487058_jpg.rf.73c8ee2a6e008325528d06556bc31ba3.jpg, 0, 1, 1, 0
000000319259_jpg.rf.73e12d58b0fa0ddf5a5274bc63326898.jpg, 0, 0, 1, 0
000000440359_jpg.rf.742fdb71b16fdaa05235421e1a8c33db.jpg, 0, 1, 0, 0
000000050995_jpg.rf.73ff34d57c4f551d9dde9c91b9e3cf39.jpg, 0, 1, 0, 1
000000543551_jpg.rf.73ea3810599df4ae44ba9d5a1ed0e35d.jpg, 1, 1, 0, 0
000000341205_jpg.rf.73f717d582c5c6d33ad539634bee8b6d.jpg, 0, 1, 0, 0
000000524420_jpg.rf.7435e3eb2a8182fa54fad924ca13362d.jpg, 0, 1, 0, 0
000000503957_jpg.rf.73b055e98b8f564c276f4f0b3ec69d63.jpg, 0, 1, 1, 0
000000045840_jpg.rf.74389277b321f62e6f015fa2c1caa148.jpg, 0, 0, 1, 0
000000376921_jpg.rf.73df1b232722dd0918720654494f8fe9.jpg, 0, 1, 0, 1
000000108156_jpg.rf.73a53fbcc49f1ca3ab6e73476b993a95.jpg, 0, 1, 0, 1
000000567065_jpg.rf.7423aa6382303675acdb66184f17caba.jpg, 0, 0, 0, 1
000000008644_jpg.rf.73cf91e3b170e3d554b4a4be5c19907e.jpg, 0, 1, 0, 0
000000408874_jpg.rf.73d225c66fad795357e3229e63745f8a.jpg, 0, 1, 0, 0
000000507239_jpg.rf.74584c02a77e90606ac9cbec3c3dc1e7.jpg, 0, 1, 0, 0
000000371382_jpg.rf.7403529ddd7ff849a4dd4865910af0e5.jpg, 1, 1, 1, 0
000000378204_jpg.rf.7477b62915a935be357a6b8df846f9ff.jpg, 0, 1, 0, 0
000000380304_jpg.rf.746e3c745dd47e08c9bb806b7a7018ec.jpg, 0, 1, 0, 0
000000217517_jpg.rf.74194cadb0fc6fe6b0cb2e47f5f9e009.jpg, 0, 1, 0, 1
000000038357_jpg.rf.747225027ffda9982a34dab2a4cc482d.jpg, 1, 1, 0, 0
000000281160_jpg.rf.74aaea3753687f60cfb91df7ab55ed5d.jpg, 0, 1, 0, 0
000000382182_jpg.rf.748d2a1d0b8cbeb9fad2301632084c96.jpg, 1, 0, 0, 0
000000154140_jpg.rf.7459977ff95a9dc49cc1de11e5f5d9f4.jpg, 0, 0, 0, 1
000000057770_jpg.rf.748fc5b2bf618177a21125717d576136.jpg, 0, 0, 0, 1
000000036990_jpg.rf.74a999e9146669fbcc8dcd1f9b29d8a5.jpg, 1, 0, 0, 0
000000393724_jpg.rf.7452f63202a66f9eaba08fab64015fe9.jpg, 0, 0, 0, 1
000000502317_jpg.rf.745552278060f4b14456c3ce74450fbf.jpg, 0, 1, 0, 1
000000509657_jpg.rf.74b2f6af4206f14600f9fcab07b4bff0.jpg, 0, 0, 0, 1
000000088875_jpg.rf.74724642e40e5417d61d6d84efa1abf7.jpg, 1, 0, 0, 0
000000195561_jpg.rf.74ac12042162954e5f39eb78ca032932.jpg, 1, 1, 0, 0
000000534267_jpg.rf.744dc49633d44f4caffb5d6fda6a8085.jpg, 0, 1, 0, 0
000000458325_jpg.rf.74bdc475c32fff9917506fd2b23ff113.jpg, 0, 1, 0, 0
000000154816_jpg.rf.74cb9ca484312de0f804afcc72d2a7a7.jpg, 0, 1, 0, 0
000000308900_jpg.rf.74920f91836751bc669ddfd3a8e4ff39.jpg, 1, 1, 0, 0
000000175942_jpg.rf.74c6db58614bedf12f054eb3a01bb035.jpg, 0, 1, 0, 0
000000496401_jpg.rf.74aef727b29717a955dfbca7359b0191.jpg, 1, 1, 0, 1
000000003160_jpg.rf.74f4ff68a880cb189423cbd6e96b7951.jpg, 0, 1, 0, 0
000000173652_jpg.rf.74dee49d0182629332948bdfc05d0a02.jpg, 0, 1, 0, 0
000000580586_jpg.rf.74fb71953bfb985e708dfa304135ba88.jpg, 0, 1, 0, 1
000000543407_jpg.rf.74fda5455c0f1823b6c3ff814a381119.jpg, 0, 1, 1, 0
000000281317_jpg.rf.74e421e851c74ad5b7c9e987ca44ecdf.jpg, 1, 1, 0, 0
000000409921_jpg.rf.74a7539398f3a757175e9abd947780a5.jpg, 1, 1, 0, 0
000000496673_jpg.rf.74f2c49bd01692b270327766446a9082.jpg, 1, 1, 0, 0
000000549044_jpg.rf.7463a487d07a6ae33950d9c0d222190d.jpg, 0, 1, 0, 0
000000090393_jpg.rf.74e7f8aa795a8b098a79b48ee278d95f.jpg, 0, 1, 0, 0
000000315769_jpg.rf.74dbea17d17ef1b7760da7caee497c2d.jpg, 1, 1, 0, 1
000000561917_jpg.rf.74d325380fe01aeaf4aa67ccab0cb258.jpg, 0, 1, 0, 0
000000424705_jpg.rf.74f81722fa79bf3e8ecd8a75660181c5.jpg, 0, 1, 0, 0
000000442506_jpg.rf.74c84dfb52f104e712dc07df4c3e57d9.jpg, 0, 1, 1, 0
000000115355_jpg.rf.75065384f739650aa717f28ac0ecba85.jpg, 0, 0, 1, 0
000000344918_jpg.rf.75165f97bd996f89d432377bc6403b05.jpg, 0, 0, 0, 1
000000165169_jpg.rf.7523309064ad5e77f71a6d2dc495705c.jpg, 0, 1, 0, 0
000000542832_jpg.rf.74947c1b0866faa87d35c92e0a24b7f7.jpg, 0, 1, 1, 0
000000450993_jpg.rf.74e22b174133173b3123e833ffa22249.jpg, 0, 1, 0, 0
000000414068_jpg.rf.7506e4572a490b9d668c363af7762f6a.jpg, 0, 1, 0, 0
000000238535_jpg.rf.75048c94e0ce84a3f677fed0e5b9aeb7.jpg, 0, 1, 0, 1
000000241457_jpg.rf.74fef95d92d40df395fecd84910d50d8.jpg, 0, 1, 0, 0
000000386623_jpg.rf.75299f0fb05bf249a7564c93d4f66f7e.jpg, 0, 1, 0, 0
000000435444_jpg.rf.752e9ff8586eb04c692022d7fcc8a860.jpg, 0, 1, 0, 0
000000063588_jpg.rf.7523b7a78e31e1eb857a615a115b56f4.jpg, 0, 1, 0, 0
000000130718_jpg.rf.7525ba9273047108088ab792903867d8.jpg, 0, 1, 0, 0
000000554377_jpg.rf.7538fbdbfdc9016771f177d69c96086b.jpg, 0, 1, 0, 0
000000185327_jpg.rf.7551752e4406b365ea54e4de0a8c3f8d.jpg, 1, 1, 0, 0
000000084551_jpg.rf.751ef18c5b286b0744a66d6f01ff092a.jpg, 0, 1, 0, 1
000000067623_jpg.rf.754a41c1b88ed655a66c550addffea33.jpg, 0, 1, 0, 0
000000399147_jpg.rf.74e45aa53cf2f407fdb01a8b54e11672.jpg, 0, 1, 0, 1
000000201123_jpg.rf.754de5644a3f87448f2459e252658c88.jpg, 0, 1, 0, 1
000000409725_jpg.rf.75600f06b8968ac0530563c7cab0ce1d.jpg, 0, 1, 0, 0
000000157365_jpg.rf.75382bd6bf054c122f2979247abb4427.jpg, 0, 1, 0, 0
000000302481_jpg.rf.75501f03599e47e9469a932ec1f6ad30.jpg, 0, 0, 0, 1
000000024343_jpg.rf.754b19f3ead33ffb45d5559c125f3e87.jpg, 0, 1, 1, 0
000000474452_jpg.rf.75407eb1de329fccd20feef120ee24cf.jpg, 1, 1, 0, 0
000000317479_jpg.rf.7571965889fc7fd7abd8471d93f39d5c.jpg, 0, 0, 0, 1
000000105853_jpg.rf.7549dee259a564f4aff4f29a06923183.jpg, 0, 1, 0, 1
000000254129_jpg.rf.7526e01c812d344e75c1e7fb02c3347f.jpg, 0, 1, 0, 0
000000121619_jpg.rf.758017a0c8f8bc3d6897a804b647edf4.jpg, 0, 1, 0, 0
000000555953_jpg.rf.7501c106b3184c94a024967b158f593c.jpg, 0, 1, 0, 1
000000212780_jpg.rf.7576430078ab2fa71a7a0931cbc8b43d.jpg, 0, 1, 0, 0
000000307943_jpg.rf.754a502b6500b69d57db6b5d6b594442.jpg, 0, 1, 0, 0
000000456845_jpg.rf.7568d29e553f3a8aedcecd392962b9c8.jpg, 0, 1, 0, 0
000000008333_jpg.rf.7564b834513de4c4c9b76d7479b0d102.jpg, 1, 1, 0, 0
000000198557_jpg.rf.753fd3fb5db60e413bf13ed972d439f5.jpg, 1, 0, 0, 0
000000436406_jpg.rf.755de638c9b7662b5e91892e5569c7ef.jpg, 1, 1, 0, 1
000000531036_jpg.rf.75789fc7365f3ee8f9524cc6f6ae593b.jpg, 1, 0, 0, 0
000000165518_jpg.rf.7583acb64ec0a96d90516ecc1bb11789.jpg, 0, 0, 1, 0
000000061803_jpg.rf.7594024ad6f7c95d4454bcb4a24cc287.jpg, 0, 1, 0, 0
000000105184_jpg.rf.7596c8e186f0fbd82ada986ea21f8707.jpg, 0, 1, 0, 0
000000537548_jpg.rf.75a47a0c0957dbaa4ce1f5c1bb6e3dff.jpg, 0, 1, 1, 0
000000455716_jpg.rf.75998c1534d9088c115977a8636a3444.jpg, 0, 0, 1, 0
000000087998_jpg.rf.758b88203a83ba64444e5b94ab917c0d.jpg, 0, 1, 1, 0
000000268468_jpg.rf.75cf37c6337c18be413a96ebd3a0f130.jpg, 1, 1, 0, 0
000000490199_jpg.rf.75b2270be90c4c3a97b23bfe58f57320.jpg, 0, 0, 0, 1
000000493251_jpg.rf.7590dd97f4f52df4d37a444595aac4b7.jpg, 0, 0, 0, 1
000000216840_jpg.rf.75b30cf4c3ea96ae8d072c640d95d415.jpg, 0, 0, 1, 0
000000052305_jpg.rf.759695aa1b8b586cb145069437b2d305.jpg, 0, 0, 0, 1
000000563297_jpg.rf.75d6f7f4fd0781fea2b8092bb39f10e1.jpg, 1, 1, 0, 1
000000087743_jpg.rf.75b5d0bff2d448e2957456f574cccfb7.jpg, 0, 1, 0, 1
000000346759_jpg.rf.75ed3ac1962e5871178e7454202c8828.jpg, 0, 0, 0, 1
000000563711_jpg.rf.75de8a61242f6d949eef1bbf1877179b.jpg, 0, 1, 0, 1
000000372003_jpg.rf.75bdeb13f98ccc7c8d3a26cb286caaf7.jpg, 0, 1, 0, 1
000000261779_jpg.rf.75f8623c3d2d04bb4c412c757bf2be86.jpg, 0, 1, 0, 0
000000288683_jpg.rf.75d66f9b1187cc55a8ff981bf6ae24fa.jpg, 0, 1, 0, 1
000000174718_jpg.rf.75b865832747f301de7dcc2153a715e6.jpg, 0, 1, 0, 0
000000027530_jpg.rf.7607b01269213a1a7f3a00f2f0388663.jpg, 0, 1, 0, 0
000000031965_jpg.rf.758e2bbaa03db532477a08faf94a3606.jpg, 0, 0, 1, 0
000000217376_jpg.rf.75f9b056223998c83f2ace122ed6c6b4.jpg, 0, 0, 0, 1
000000477069_jpg.rf.75bc40d68779cafaffcfb3571fdaabc9.jpg, 0, 1, 1, 1
000000074863_jpg.rf.75fe4a7b3a2a44e3f10886816279afc2.jpg, 0, 1, 0, 0
000000442600_jpg.rf.75ea6aaf640bc69d29ef3f857072f220.jpg, 0, 1, 0, 1
000000221475_jpg.rf.75ea652c62f8b500a66c9aea263cc8b0.jpg, 1, 0, 0, 0
000000326593_jpg.rf.75fa50b54e1038b89cb3ace1dfd71fde.jpg, 0, 0, 0, 1
000000144597_jpg.rf.761787c40f4890e55a25e5b103596572.jpg, 0, 1, 1, 0
000000437513_jpg.rf.75d083ae580ca816e928b7f769b2914d.jpg, 0, 1, 0, 0
000000188207_jpg.rf.761d93d9a5a4a0b663b61abf401ed8e4.jpg, 0, 1, 0, 0
000000212507_jpg.rf.75c2b98f38822a653c7eac3f7b885e46.jpg, 1, 0, 0, 0
000000430739_jpg.rf.760eb60b34a378492a7a53883f44e9b1.jpg, 0, 0, 1, 0
000000141181_jpg.rf.761ffdcae7ae7b510e06ce082aff397c.jpg, 0, 1, 0, 0
000000556246_jpg.rf.7622ac7ef396d59e5b04ac52aaf83b02.jpg, 0, 1, 0, 0
000000514732_jpg.rf.7613d1516813ef1e4bda83aacf3cb170.jpg, 0, 0, 0, 1
000000117639_jpg.rf.763b4f6fa08c08de83949ce1383fb8df.jpg, 0, 1, 1, 1
000000282431_jpg.rf.76465ed6800f123b5691c6e484868eb8.jpg, 0, 0, 0, 1
000000218546_jpg.rf.76217c8949829d26e29feadd3dd6897f.jpg, 0, 0, 1, 1
000000413947_jpg.rf.760b572ac0991fbc6c0b98834ed1ce38.jpg, 1, 0, 0, 0
000000548168_jpg.rf.763974b47aa98b530a21e7b39691c823.jpg, 0, 1, 0, 0
000000035473_jpg.rf.761ab1b08745ebf59fce07965137616a.jpg, 1, 0, 0, 0
000000565680_jpg.rf.76405add6ed250547e9ee5546a13de39.jpg, 0, 1, 0, 0
000000077837_jpg.rf.76682061aa64f55b20599bc99ca4f95e.jpg, 1, 0, 0, 0
000000210789_jpg.rf.76466a8c1317d33ae51f045900c3cfee.jpg, 0, 0, 0, 1
000000456416_jpg.rf.767ca2dc26a25c52f548a220b1a7a1c8.jpg, 1, 0, 0, 0
000000270583_jpg.rf.765f3441b1ac32a9edba3c7b600d2898.jpg, 0, 1, 0, 0
000000550349_jpg.rf.7662d8600339a6e6ecaf676d9c2f1d61.jpg, 1, 0, 0, 0
000000036012_jpg.rf.76517595c2c092b72d9721b891f4de05.jpg, 1, 0, 0, 1
000000173722_jpg.rf.761b7fba368d96ec5bd081dc4406bb74.jpg, 1, 1, 0, 0
000000363548_jpg.rf.768127d6d88f4f907006fd1436c25ee4.jpg, 1, 0, 0, 0
000000557191_jpg.rf.76846ead2b82197dcf6fac93b092bf38.jpg, 1, 1, 0, 0
000000355651_jpg.rf.766fd4a9e2b64ed271075b9b1947433c.jpg, 0, 1, 0, 1
000000505831_jpg.rf.761ac65126cd85c221521c7cb2f334e5.jpg, 1, 0, 1, 1
000000233637_jpg.rf.76429796c8c462a0215cc396316f7c38.jpg, 0, 1, 0, 0
000000327713_jpg.rf.7689c5b43973fb0b963fe1fd6f3a905e.jpg, 0, 1, 0, 0
000000183379_jpg.rf.768c6f71e295b87d21e9f0c1f9e602b2.jpg, 1, 1, 0, 1
000000038274_jpg.rf.7689a6a8282e5773421d1ace797ae4b3.jpg, 0, 1, 0, 0
000000050679_jpg.rf.7698985c5fe9c90eaea83692d94c711f.jpg, 0, 1, 0, 0
000000558677_jpg.rf.76992083dc790730785de68f4b12a008.jpg, 0, 0, 0, 1
000000224420_jpg.rf.7688f90426efade94867ab5d6c487eba.jpg, 0, 1, 0, 0
000000251026_jpg.rf.768dab521cc3696d95aab8981dbbf28b.jpg, 0, 1, 0, 0
000000115151_jpg.rf.76aa97de8fed005663df3c96a1b079d5.jpg, 0, 1, 1, 1
000000330426_jpg.rf.7686fc4357c41b18f8088649f6298bcd.jpg, 0, 1, 0, 1
000000472452_jpg.rf.76abb6ef6afe1c1b4d5e5d78dfc41614.jpg, 0, 1, 0, 1
000000239000_jpg.rf.76ac539c7b0aa8ee74a437098323ac22.jpg, 0, 0, 1, 0
000000283318_jpg.rf.76a98133bb488c3a2e19f6d2703f3ff0.jpg, 0, 1, 0, 0
000000323149_jpg.rf.7694f49c65f77c95072bf9a05ff25b05.jpg, 0, 1, 0, 1
000000395171_jpg.rf.76b456122f49706089ccf8e89072bad6.jpg, 0, 1, 0, 0
000000542042_jpg.rf.76c6eb47a5f2dd93f10eefb2432c75ab.jpg, 0, 1, 0, 0
000000467187_jpg.rf.768abf2aa8a60f914ee6d90c5dc9ca77.jpg, 0, 1, 0, 1
000000128978_jpg.rf.76a95ebafbc6b409498180c5d77dc57c.jpg, 0, 0, 1, 0
000000359277_jpg.rf.76dd376b423c8fa8945572c6963703ea.jpg, 0, 0, 1, 0
000000288021_jpg.rf.76c533c920ddf9605dd6c5fee694db86.jpg, 1, 1, 0, 0
000000406208_jpg.rf.7651936a4ba94708ddd7aee627436864.jpg, 0, 0, 1, 0
000000144580_jpg.rf.76cb064760aaf617b1d25431950eb8c7.jpg, 1, 0, 0, 0
000000400449_jpg.rf.76aae31b496d39421e841f50f2789d84.jpg, 0, 1, 0, 0
000000143655_jpg.rf.76d1f4c7c48148873817160715f3f90b.jpg, 1, 1, 0, 0
000000198805_jpg.rf.76cacc05847e861add3c3d6000c5a86d.jpg, 0, 1, 0, 1
000000432932_jpg.rf.7668003ba6587e20332442209fb09f82.jpg, 1, 1, 0, 0
000000428769_jpg.rf.768e446fb6821c72b164de58616abdcd.jpg, 0, 1, 0, 0
000000575331_jpg.rf.76dd72d058bcec40dc13fb75077994c9.jpg, 0, 1, 0, 0
000000149366_jpg.rf.76c5acacaee62e86cbc3f547eace4aa2.jpg, 0, 1, 1, 0
000000135626_jpg.rf.76d935646c285fc543fa806cf85b2753.jpg, 0, 0, 0, 1
000000479361_jpg.rf.76f7f2d245b15481440b0db22f70764a.jpg, 1, 0, 0, 0
000000487502_jpg.rf.76f71859b96ec346f9d48f61f70be2cf.jpg, 0, 1, 0, 1
000000008341_jpg.rf.77044d82a2132f1919ad64355a1fb1c9.jpg, 0, 0, 1, 0
000000442312_jpg.rf.76e391b0371dcc3b9313ff7018873b19.jpg, 0, 0, 1, 0
000000485740_jpg.rf.7700965e675d9651ff44bd47ce8d998c.jpg, 0, 0, 0, 1
000000071409_jpg.rf.76fabd316b8511508ec5ae90aac1733f.jpg, 0, 0, 0, 1
000000442043_jpg.rf.76e4efdda708a83d50f5dd2d12349afe.jpg, 0, 1, 0, 0
000000364135_jpg.rf.771d867b89d26a013046f03ab3d74d54.jpg, 0, 1, 0, 0
000000541385_jpg.rf.76d7f213e801c7fdd08dd7b9df6b1887.jpg, 0, 1, 0, 0
000000203061_jpg.rf.7704f25d11f5c9911ad82e06280987ac.jpg, 0, 0, 0, 1
000000404322_jpg.rf.76e58a155adfb83a25872ce1be99479f.jpg, 0, 1, 0, 1
000000056664_jpg.rf.770c76d85aa7795c082a4ab87cf2a971.jpg, 0, 1, 0, 1
000000478857_jpg.rf.7729ab806959a414c32e869e28fb8b4c.jpg, 0, 1, 0, 0
000000013414_jpg.rf.772b259b7c9bc999b33794385bfe3589.jpg, 0, 1, 0, 0
000000019624_jpg.rf.77326d40a78a37e7d424bbe38dab732d.jpg, 0, 1, 1, 0
000000436127_jpg.rf.773a4e006c2a8680eb8b43c605498898.jpg, 1, 1, 0, 0
000000388100_jpg.rf.7769947331066bdce9d0854a95c858bb.jpg, 0, 0, 0, 1
000000347876_jpg.rf.773c1114bdfbcc455af5b1bdfff233d3.jpg, 0, 0, 0, 1
000000178849_jpg.rf.7705ffde2aa1bf9869730d5355199147.jpg, 0, 1, 0, 0
000000079798_jpg.rf.7752082c90a1b0b341aaa24b1e60f9c4.jpg, 0, 1, 0, 0
000000449721_jpg.rf.7793008275b2f4ac2e412b446dd1401a.jpg, 0, 0, 0, 1
000000114673_jpg.rf.7760526f86b0d57ec703f5d4cf60eb5d.jpg, 1, 1, 0, 0
000000210057_jpg.rf.775071802f1317ca45fe19ac3216b384.jpg, 0, 1, 0, 0
000000518774_jpg.rf.778991479cf0b4ae900dd75cc5908f49.jpg, 0, 1, 0, 0
000000560343_jpg.rf.7792b528904a7096c1dd5a54dfcb7e88.jpg, 0, 1, 0, 0
000000136928_jpg.rf.77a8bffdbb3c359a770fc2ca5e2d210e.jpg, 1, 0, 0, 0
000000326517_jpg.rf.7780a2896a953cd8e3439d14f3bd7870.jpg, 0, 0, 0, 1
000000005599_jpg.rf.773d891fcb6369423b67079af02b8a77.jpg, 0, 0, 0, 1
000000489838_jpg.rf.773b4bbd43a0bee3eef7da5e66bd9603.jpg, 1, 1, 0, 1
000000115864_jpg.rf.77a13b3de22de2fea6b89d6aa3b3a8e8.jpg, 1, 1, 1, 0
000000443713_jpg.rf.7748b64f857e0e984dd270f331596586.jpg, 0, 1, 0, 0
000000550007_jpg.rf.771e13452251da7cb6492d5fae589830.jpg, 0, 0, 1, 0
000000428629_jpg.rf.7767a815960a7b64b43b254e33b478cd.jpg, 0, 0, 1, 0
000000302361_jpg.rf.7785d11ee16ff9af04827ccf0d3bac12.jpg, 0, 1, 0, 1
000000564781_jpg.rf.77ace3a59c12de44c402b36605b7b3ad.jpg, 0, 1, 1, 0
000000012020_jpg.rf.77b065cbcabf0bd271e219e383f399d9.jpg, 1, 1, 0, 0
000000493815_jpg.rf.77a12e4de42d7cfa14d596cc433f08e9.jpg, 1, 0, 0, 0
000000465537_jpg.rf.7779a61a452e9c31abf1ae1996243c6c.jpg, 0, 1, 0, 0
000000198704_jpg.rf.7794321fe864910a8a4bf1a193ef33f5.jpg, 0, 1, 1, 0
000000281634_jpg.rf.77b3b5756edda13a8b2d4fa016ba6f91.jpg, 0, 0, 0, 1
000000009379_jpg.rf.777c2d385423d0fb711a4d2d954d58e9.jpg, 0, 1, 0, 0
000000061660_jpg.rf.77aed50f1e836cf8431c6cf7eae17302.jpg, 0, 1, 0, 1
000000248280_jpg.rf.77c12bd386297ea4949fc5fc3dcaa1dd.jpg, 0, 0, 1, 0
000000252280_jpg.rf.7733758fe536ab88d5cf70f423834081.jpg, 1, 0, 0, 0
000000176536_jpg.rf.77b7f220a5335fdcdbdc6a0902b8069b.jpg, 0, 1, 0, 0
000000241955_jpg.rf.77a2fdbdd214ce8e3511ee08de0016ee.jpg, 0, 1, 0, 1
000000262980_jpg.rf.77d64f7f0ae13123a727e7a69a9786e6.jpg, 0, 1, 0, 0
000000344989_jpg.rf.77c0aee9778b78bc8d26aad9c2fb6fd5.jpg, 0, 1, 0, 0
000000125870_jpg.rf.77cc93c5ee0b6957960ba4da23672c6b.jpg, 1, 1, 0, 1
000000018564_jpg.rf.77c04997b644eb0ede70e8c25e2d3191.jpg, 0, 0, 0, 1
000000380588_jpg.rf.77e13cdb7f21bd99c515e8c96668ab67.jpg, 0, 0, 1, 1
000000028480_jpg.rf.77e977d1d01781effeb36b3205fdf9a2.jpg, 0, 0, 1, 0
000000221241_jpg.rf.775d5d81d47cd2cbd195ed3edb87ada1.jpg, 1, 1, 0, 0
000000190664_jpg.rf.77f0a70358e3358eb2304a2bfaec1a73.jpg, 0, 1, 0, 0
000000002281_jpg.rf.77e61d98177e47a8fc3590fc133a2085.jpg, 0, 1, 0, 0
000000373053_jpg.rf.77e37d0361f875ff1e45d0a74b941e20.jpg, 0, 1, 0, 1
000000269088_jpg.rf.77e244bc2237d8a31ffa1c2d97d46871.jpg, 1, 0, 0, 1
000000525248_jpg.rf.77da52bfb6545c786b02e23d4770d9bb.jpg, 0, 1, 0, 1
000000091715_jpg.rf.77e183fdab187bdafd76c250e8f474ea.jpg, 0, 0, 0, 1
000000339589_jpg.rf.77c7ffd5c211e803f83db6ac96ad0ed4.jpg, 0, 1, 0, 0
000000077517_jpg.rf.77df0de3bfc4b340d37ac032b3421621.jpg, 0, 1, 0, 0
000000078468_jpg.rf.77b9355b92ed3959f2a5218c0e0db92c.jpg, 0, 0, 0, 1
000000382342_jpg.rf.78097fc699de402d59e7c188535bb18a.jpg, 0, 1, 0, 0
000000504265_jpg.rf.78097496b5426aa5cbfb652fbfd1c6b5.jpg, 0, 0, 0, 1
000000060093_jpg.rf.7816d83ff902582e284f5c8a046c39b3.jpg, 0, 1, 0, 1
000000061904_jpg.rf.7804abb4537dbc4ca26a8bab06d67875.jpg, 0, 1, 1, 0
000000507797_jpg.rf.78071e49e49410876da216eae0b128f2.jpg, 1, 1, 0, 0
000000043305_jpg.rf.78209260841b6ccf974628b6241de0ec.jpg, 0, 1, 0, 0
000000380729_jpg.rf.78235384979b990fd839383d510d243a.jpg, 0, 1, 0, 0
000000194184_jpg.rf.781b12ef7a158b8c0cd5fa0257b0b38f.jpg, 0, 1, 0, 1
000000404983_jpg.rf.7804dd9d55ac3400bc3c867b4d0285de.jpg, 0, 1, 0, 0
000000581797_jpg.rf.77b3773ba6e682297ed12315a20a61db.jpg, 0, 1, 0, 1
000000162043_jpg.rf.782e694575e7b76bc08d9d0b37b79975.jpg, 1, 0, 0, 0
000000052826_jpg.rf.78362d120d37586de0426e2f8cd56034.jpg, 0, 1, 0, 0
000000288578_jpg.rf.781fe2d5be1fa8ea2d011046d7a36cc9.jpg, 0, 1, 0, 0
000000103163_jpg.rf.780bb6a8977d01493933d20d299b3c42.jpg, 0, 0, 1, 0
000000332653_jpg.rf.7844351df9c100d9380eb011a48b216f.jpg, 0, 1, 1, 0
000000578792_jpg.rf.78401e9752c8bee2baa6ebb4597fac16.jpg, 0, 0, 1, 0
000000121452_jpg.rf.7826c10aef2039221f5c372cbc7aa87e.jpg, 0, 1, 0, 0
000000014312_jpg.rf.7844e6b5ee6dc33025ae33fd41adb4f8.jpg, 0, 1, 0, 0
000000060814_jpg.rf.783b21be8f19fda0e724993493cb44f2.jpg, 0, 1, 0, 1
000000174185_jpg.rf.78477299349728ee790ff1137a5dc2d4.jpg, 0, 1, 0, 0
000000040620_jpg.rf.7841b900e04262a980ed813073563058.jpg, 1, 1, 0, 0
000000023272_jpg.rf.784795b5e56495b1d35e472363ff7bfd.jpg, 0, 1, 0, 0
000000423630_jpg.rf.784a06a9df573efcae8b1b55537e358b.jpg, 0, 1, 0, 1
000000239915_jpg.rf.7825cf0665f32ff3153c1e24498da6f1.jpg, 0, 0, 1, 0
000000281910_jpg.rf.784e0e4842ae5566a09ae1f1c2992212.jpg, 0, 1, 0, 0
000000468263_jpg.rf.787bf8775365adc2afcbc637efd73ae8.jpg, 0, 0, 1, 0
000000099186_jpg.rf.7846282ba991a9d098bc7f892ea58381.jpg, 0, 1, 0, 0
000000014128_jpg.rf.786918dd1451dfd4f3b3519035e98e95.jpg, 0, 1, 0, 0
000000123008_jpg.rf.78554e743232ee5d997108c6311f0e87.jpg, 0, 1, 0, 0
000000315065_jpg.rf.78736b83473cca8ed2a4413622d2841b.jpg, 0, 1, 0, 0
000000271383_jpg.rf.7850cc00f90ce71523fa6077e63aec82.jpg, 0, 1, 0, 0
000000244246_jpg.rf.789ea0e64a023d8d2193b5641bcf4891.jpg, 0, 1, 0, 1
000000524314_jpg.rf.7892600889ffa280e0b12a6f6b2ef6bf.jpg, 0, 1, 0, 0
000000349410_jpg.rf.7861de655071e2eaa7bfeed39328b069.jpg, 1, 1, 0, 0
000000485193_jpg.rf.787ff1f17155b87a79f8d5fffa7bac3a.jpg, 0, 1, 0, 0
000000072895_jpg.rf.7883ff38b899d6f9cb5cee045279b810.jpg, 0, 1, 0, 0
000000468013_jpg.rf.787e65e375c637a4a21e91e9af735cca.jpg, 0, 0, 1, 0
000000075144_jpg.rf.7868b1e429a137c84a85397b49e3dc47.jpg, 0, 1, 0, 0
000000565128_jpg.rf.785f95bc695905c30273a1660bb27340.jpg, 0, 1, 0, 1
000000208357_jpg.rf.78b15213e4c413defc42f0c3081ebd71.jpg, 0, 0, 0, 1
000000520941_jpg.rf.78a702b1d858ddcc5ee38a6b17390847.jpg, 0, 0, 1, 0
000000167074_jpg.rf.78ab2f8cc9f218a1e2dd762258f3eccf.jpg, 0, 1, 0, 1
000000160740_jpg.rf.78af734b5bf0a4e2555294ffc4100b3f.jpg, 0, 1, 0, 1
000000277472_jpg.rf.78b1ea7c26e7bfc5acb3b8f044365497.jpg, 0, 1, 0, 0
000000178666_jpg.rf.78a2cef60ef26d914feea78668cdc6da.jpg, 1, 1, 0, 0
000000368249_jpg.rf.7887955e91807c483f70e2bc0752b081.jpg, 0, 1, 0, 0
000000120441_jpg.rf.78dac9ff2ef3ed85563c3df71b54042d.jpg, 0, 1, 0, 1
000000225641_jpg.rf.78d44262b992bfe6e3d4eeb27d837acf.jpg, 0, 0, 1, 0
000000558044_jpg.rf.78dec9305914dcd39dc7e6de2c362152.jpg, 0, 0, 0, 1
000000465174_jpg.rf.78a1c3690b95ef5e8f5d2ae13380762f.jpg, 1, 0, 0, 0
000000051487_jpg.rf.78a661c25326d30f12c0a797ecc7289c.jpg, 1, 1, 1, 0
000000206369_jpg.rf.78b5f6ad32e2ea1ed33eb6a3d2e8e870.jpg, 0, 0, 0, 1
000000324232_jpg.rf.78ee452bf69381c397631cfce8e02261.jpg, 0, 0, 1, 1
000000151807_jpg.rf.789eddac12ee692308aae2166784553a.jpg, 0, 1, 1, 0
000000355110_jpg.rf.792686563598ce37a62325f824829533.jpg, 0, 0, 0, 1
000000276585_jpg.rf.7918ff599dd0d6f15ef964e3a8ec94e7.jpg, 1, 0, 0, 0
000000158548_jpg.rf.78d9f3f6761ea23e0ddb4674eb4c48e0.jpg, 0, 1, 1, 1
000000422157_jpg.rf.790dc325e7ae17c1ccb14c86fefe2186.jpg, 1, 1, 1, 0
000000234182_jpg.rf.7910ff0e1e875dce015da12fed6d5c08.jpg, 1, 1, 0, 0
000000529860_jpg.rf.791a59e61bd4841d1e0fc6cf2268470a.jpg, 0, 1, 0, 0
000000227940_jpg.rf.79233ef53a4d21319c4d835b06d0efa5.jpg, 0, 1, 0, 1
000000058123_jpg.rf.793c36385350296e31e91efc0a22e8c7.jpg, 1, 1, 0, 0
000000274736_jpg.rf.7950116d1605836015ef1d86e9a720e2.jpg, 0, 0, 1, 0
000000296108_jpg.rf.78e72fb04c1456ab308bc3cb80f2b61a.jpg, 1, 1, 0, 0
000000213280_jpg.rf.79442165bd09f98eb9b1f8fc3bceef9e.jpg, 1, 0, 0, 0
000000001315_jpg.rf.7958ad1665424f74c028de9df1041896.jpg, 1, 1, 1, 1
000000544410_jpg.rf.79753310869911878d334481a077262f.jpg, 0, 1, 0, 0
000000092221_jpg.rf.79534958e8316e3e0aee175457c831a2.jpg, 0, 1, 0, 0
000000428912_jpg.rf.797d01e666fc0a64b8a898ff4387f2b8.jpg, 0, 0, 0, 1
000000317208_jpg.rf.79774ef53006f0f78dcfb96ed23e8136.jpg, 0, 0, 0, 1
000000296523_jpg.rf.7971a5384d2c5154f33a5efdbbe77d2e.jpg, 0, 1, 0, 0
000000224125_jpg.rf.796efec7d6590a71b6d4cfbfbfbaa832.jpg, 1, 0, 0, 0
000000517049_jpg.rf.79781e1b010a9219710c0aaf13aac4fe.jpg, 0, 0, 1, 0
000000190026_jpg.rf.7924cf47255db99a5064149e5d4e0ecc.jpg, 0, 0, 1, 0
000000232906_jpg.rf.797fe97376b566e89e068e6a2dba18c1.jpg, 0, 1, 0, 0
000000395113_jpg.rf.79b2e055e3453086942129fa179e327a.jpg, 1, 0, 0, 0
000000028317_jpg.rf.79a057ac791894b8b4f44d414a52ca64.jpg, 0, 1, 0, 0
000000104443_jpg.rf.79afb7a0838efd87d4a3226b5fa72d9b.jpg, 0, 1, 0, 1
000000160559_jpg.rf.795a8ddf1369437dcd16634ec5aa8dcd.jpg, 1, 0, 0, 0
000000131400_jpg.rf.79a47937fdaabd384148988857bb24bc.jpg, 0, 0, 0, 1
000000429109_jpg.rf.797f136a537857d9ebaf20331f556490.jpg, 1, 1, 0, 0
000000047221_jpg.rf.7946185119044183468d9e3e64de3f65.jpg, 1, 0, 0, 0
000000023741_jpg.rf.796b395d95ec3da58ee857bc6dda0913.jpg, 0, 0, 1, 0
000000549744_jpg.rf.790336ee13d765ce98eb027c9db1ea87.jpg, 0, 1, 1, 0
000000075174_jpg.rf.793d484f1c9a47091844e5a373d7310f.jpg, 0, 1, 1, 0
000000281397_jpg.rf.799d6378171f8975d132e681d77ec761.jpg, 0, 1, 0, 0
000000350505_jpg.rf.79c55049152f646d3b7f6d77d863b47b.jpg, 0, 1, 0, 1
000000024446_jpg.rf.79b8c4d237e91ef2e6d14174c708fd0d.jpg, 0, 1, 0, 0
000000090232_jpg.rf.79e53e96f46143752c01761d25b1ac39.jpg, 0, 0, 1, 0
000000466301_jpg.rf.79982995747b28d9e3c9a4a6db8c284e.jpg, 0, 0, 0, 1
000000138730_jpg.rf.794438e30fb6f643328e59fe3e053f09.jpg, 0, 0, 0, 1
000000406424_jpg.rf.79cac2146a378c13278cc853f5c06bb6.jpg, 0, 0, 1, 0
000000279119_jpg.rf.79d005734818f80eae9660a045bcfe6e.jpg, 0, 0, 1, 0
000000098279_jpg.rf.79d989b72e98ad03de85aaa7467cfae9.jpg, 0, 1, 0, 1
000000545128_jpg.rf.79b730d03dca12e7b296accf21767e57.jpg, 1, 0, 0, 0
000000388248_jpg.rf.79c9a05f41d553366e18c86242f0ffdb.jpg, 0, 1, 0, 0
000000044269_jpg.rf.79e7cfcb924dfd93ce3db107f20b9ee5.jpg, 1, 0, 0, 0
000000457720_jpg.rf.79c371d802f949ecf420a65515de9748.jpg, 0, 1, 0, 1
000000332461_jpg.rf.79ebc1daf1834553ac878bb6422312f1.jpg, 0, 1, 0, 0
000000498218_jpg.rf.79e71f469741f5478905d43c2c0a6860.jpg, 0, 0, 1, 0
000000112703_jpg.rf.79e5faecea09d753d5337ec1cd263936.jpg, 1, 0, 0, 0
000000274451_jpg.rf.79ec308b35f900a762035b064a95e748.jpg, 1, 0, 0, 0
000000376196_jpg.rf.79f7927b88756e1b7f2292b51fcc9437.jpg, 1, 0, 0, 0
000000062477_jpg.rf.7a01ab8def92fa1379808d63d77a90d7.jpg, 0, 1, 0, 0
000000047004_jpg.rf.79eabaa615185448a3c78649adda0cf3.jpg, 0, 1, 0, 0
000000441387_jpg.rf.79f0149f94902ce8fba90cfb1b59827c.jpg, 0, 1, 0, 0
000000413723_jpg.rf.79eeb1679dfdb2794adec726a8852457.jpg, 0, 1, 0, 1
000000518667_jpg.rf.79f1986e168b4b09d01f70652edba080.jpg, 0, 1, 0, 1
000000519554_jpg.rf.79f46d9f2593762fb9419fac1358c5d5.jpg, 0, 1, 0, 0
000000559747_jpg.rf.7a1e3961c815e3df284dd0483183025b.jpg, 0, 0, 0, 1
000000301747_jpg.rf.7a101394d3ebebb8ab8d3ea877cb20dc.jpg, 0, 1, 0, 1
000000021889_jpg.rf.7a1a11d8714ab98b27f00b75b95a9d0b.jpg, 0, 1, 0, 0
000000479379_jpg.rf.79fbe93265443a70104d21e84fce75fb.jpg, 0, 1, 0, 0
000000224790_jpg.rf.7a1bee8349e444cbaeb3e2654c883cb1.jpg, 1, 1, 0, 0
000000191846_jpg.rf.7a12ae0cd44b521070bf3e90e68c6ff7.jpg, 0, 0, 0, 1
000000067414_jpg.rf.7a1991638584b81872aa2e9b6f0c429f.jpg, 0, 1, 0, 0
000000243627_jpg.rf.7a06327f897d806039ad38d10346f3af.jpg, 0, 1, 0, 1
000000098989_jpg.rf.7a1ea516a3cd2c08f4d5cd577651afad.jpg, 0, 1, 0, 0
000000374135_jpg.rf.7a0a69de9685091f63aed688d6c05777.jpg, 0, 0, 0, 1
000000366157_jpg.rf.7a37cc24180fd791e747771757bff258.jpg, 0, 0, 0, 1
000000150858_jpg.rf.7a2c4b8d04a355e1e64a17216dcee9ab.jpg, 0, 1, 0, 0
000000305873_jpg.rf.7a32b6f6bfb1410b661d7b003a1aae4d.jpg, 0, 1, 0, 0
000000381107_jpg.rf.7a5126574a8364f58241f7522a2e41ef.jpg, 0, 0, 0, 1
000000520769_jpg.rf.7a32a4cf171e063db0627a65652ba50c.jpg, 0, 1, 0, 1
000000414284_jpg.rf.7a51efdc8b8a11346d581935e75d6da4.jpg, 0, 1, 0, 0
000000055637_jpg.rf.7a2ecc06c47bbc81a226390f521809ef.jpg, 0, 0, 1, 0
000000072052_jpg.rf.7a46b430494978a099cc21c68816e4c0.jpg, 0, 1, 0, 1
000000107535_jpg.rf.7a59b3ef41a0d2063febe6784e47711b.jpg, 1, 1, 0, 0
000000408071_jpg.rf.7a5e83f9d585605a16c69a665e1c8824.jpg, 0, 1, 0, 0
000000365117_jpg.rf.7a500d1ef22001f03fea3888c807fdc3.jpg, 1, 1, 0, 0
000000282198_jpg.rf.7a5c24f901c59e7e8833c9f8696789a4.jpg, 0, 0, 1, 1
000000263883_jpg.rf.7a58281095e04bf0f4c0579536d9fb48.jpg, 0, 1, 0, 1
000000512787_jpg.rf.7a63c6984275e88d938a23d82fc5cf60.jpg, 0, 0, 0, 1
000000156812_jpg.rf.7a7c16196cb8d0d404e061c244bcbd75.jpg, 0, 1, 0, 1
000000143320_jpg.rf.7a78c450f52aff15aa7a84074b2a3347.jpg, 0, 1, 0, 0
000000131666_jpg.rf.7a80ff460a08de006e111724f2112d95.jpg, 0, 0, 0, 1
000000138979_jpg.rf.7a91f36da3baa57f492ed5d3b72e35f4.jpg, 1, 1, 0, 0
000000421877_jpg.rf.7a8b57082272b4720f747c250e09035d.jpg, 0, 0, 1, 0
000000247264_jpg.rf.7a7615f7aff2fbbb11d46014711a97ce.jpg, 0, 1, 0, 0
000000216469_jpg.rf.7a9b6cc097c52f23db555d60aeed99e4.jpg, 0, 1, 0, 0
000000218649_jpg.rf.7a74d5e6255cf7ce02c5965188da9727.jpg, 0, 0, 0, 1
000000023107_jpg.rf.7a789802480b3bfb5ef549b679a190db.jpg, 1, 0, 0, 0
000000206203_jpg.rf.7aa2fa8e32c72d64ea2e2f9a30442040.jpg, 0, 1, 0, 1
000000153495_jpg.rf.7a7f1aa66a019c6471653e28f5ce336c.jpg, 0, 0, 1, 0
000000266083_jpg.rf.7ab091fb0c0507b7f3aff54af733b3fa.jpg, 0, 1, 0, 0
000000061389_jpg.rf.7abf6d782ef194c906b27e4074297099.jpg, 0, 1, 0, 0
000000577758_jpg.rf.7a8a6d1d59bd2b1f270d207225b68a0e.jpg, 1, 1, 0, 0
000000546151_jpg.rf.7aaff367b929bff8d6b53e50f4f31b26.jpg, 1, 0, 0, 0
000000152120_jpg.rf.7ad96bccd644e94f1655233758448436.jpg, 0, 0, 1, 0
000000266680_jpg.rf.7acd69e3a35d94ec0622810aabff2ad9.jpg, 0, 1, 0, 0
000000017057_jpg.rf.7adc34e2f42df2c59968049d0f459286.jpg, 0, 1, 0, 1
000000038301_jpg.rf.7ac196fc7467cab241900160b2650ff9.jpg, 0, 1, 0, 0
000000554215_jpg.rf.7abfed1f8303456274dd181c501c0010.jpg, 0, 1, 0, 0
000000320112_jpg.rf.7acb4fbda11bb3c9b3d19462a25b8ef0.jpg, 0, 1, 0, 0
000000323536_jpg.rf.7ad15522ecd75976f247b06c9841f084.jpg, 0, 0, 1, 0
000000557721_jpg.rf.7acd18ff440769d8267d475adb27f4f8.jpg, 0, 0, 1, 0
000000342921_jpg.rf.7b04b3b4a2be57510d7f5cbca797565f.jpg, 0, 0, 0, 1
000000426500_jpg.rf.7aa35ecf9e5e3a2e9dcf6b7b1966d9df.jpg, 0, 1, 0, 1
000000158118_jpg.rf.7ad46da1cf3ba8fb1f2220c6a0327071.jpg, 1, 1, 0, 0
000000125244_jpg.rf.7aff470615fbdab36f77743be964b751.jpg, 0, 1, 0, 1
000000120333_jpg.rf.7af7493f1453c0efba8ffa45396635f7.jpg, 0, 1, 0, 0
000000007298_jpg.rf.7a88bc68d32c8530a191cd3911ad7691.jpg, 0, 1, 0, 0
000000300267_jpg.rf.7ab9d9c6846f35dc280bed0337391864.jpg, 0, 1, 0, 1
000000442518_jpg.rf.7aacb85adba6ad3fdab28e143f2d632f.jpg, 0, 1, 0, 0
000000435764_jpg.rf.7b0123270596777d48be92e4c1dade21.jpg, 0, 1, 0, 1
000000192998_jpg.rf.7af3f01fb4ab0c617bcee70017094089.jpg, 0, 1, 0, 0
000000292663_jpg.rf.7b0394b507bdebf86ec2e6ddef23d80f.jpg, 1, 0, 0, 0
000000508302_jpg.rf.7b4ae867138d3f2590aac52c8be22bfb.jpg, 0, 1, 1, 0
000000047189_jpg.rf.7b1a33dff8ed90e810e18888c6a4a4c3.jpg, 0, 0, 0, 1
000000443650_jpg.rf.7b2586017fad6f798d7e25644019bf36.jpg, 0, 1, 0, 0
000000103936_jpg.rf.7af722465671eb285d904f62d041e867.jpg, 1, 0, 0, 0
000000031601_jpg.rf.7b05ffc585198ea7422ffe632c6249bf.jpg, 0, 1, 0, 0
000000171011_jpg.rf.7b339eb77ea3415878dcf47d4bb8437a.jpg, 1, 0, 0, 0
000000209147_jpg.rf.7b306a32794b7f3dc6b7087a7645c510.jpg, 0, 1, 0, 1
000000330677_jpg.rf.7b328a2b4596e268121cf358c90d1658.jpg, 0, 1, 0, 0
000000474526_jpg.rf.7b1336d1d6ad64635456bf6b78ad8f4a.jpg, 1, 1, 0, 1
000000368874_jpg.rf.7afcaaf7c73310fc91d281581364b295.jpg, 1, 1, 0, 1
000000168330_jpg.rf.7b11c4e326b6e2dc99fa52b2dbacaa16.jpg, 0, 1, 0, 0
000000029601_jpg.rf.7b106a15b96a51f0526c656a58015a1d.jpg, 0, 0, 0, 1
000000360374_jpg.rf.7b4ed538be2772dbae4dfc6bd0c4fbf6.jpg, 1, 1, 1, 1
000000112040_jpg.rf.7b545d8495e6964e6f1e4c3972daa1c8.jpg, 1, 0, 0, 1
000000321209_jpg.rf.7b4e8af9d1ffeb4129770772630f6650.jpg, 0, 1, 1, 0
000000550610_jpg.rf.7b6dc598d724e77dc6b32a857c74408b.jpg, 1, 0, 0, 0
000000489998_jpg.rf.7b6e5936d70ed3c5a02e247c7898476a.jpg, 0, 1, 0, 0
000000379941_jpg.rf.7b6100cd5ab1de74a7e97e41b36f9224.jpg, 0, 1, 0, 0
000000050778_jpg.rf.7b71be11c9ff5461d41a78520e8cf175.jpg, 1, 0, 0, 0
000000264961_jpg.rf.7b7024b9bf2952f16abe3b0a2706095d.jpg, 0, 1, 1, 0
000000045792_jpg.rf.7b51c5fa237505575eb486efbbbacc13.jpg, 0, 1, 0, 0
000000298558_jpg.rf.7b8d1078817ee38c7094332fcc60a704.jpg, 0, 1, 0, 1
000000492244_jpg.rf.7b8348a9607f6632539668e27b9214f9.jpg, 0, 1, 0, 0
000000500664_jpg.rf.7b69ed0992a57952e40c639079b7d0e2.jpg, 0, 1, 0, 0
000000559656_jpg.rf.7b6a6c688fd395ce1f1c179f3bc2813b.jpg, 0, 1, 0, 0
000000358730_jpg.rf.7b738d469c8a049ea2af30b51cc130ce.jpg, 1, 0, 0, 1
000000056109_jpg.rf.7b91c1f05724674f20149b0f63a2b8e3.jpg, 1, 1, 0, 0
000000053677_jpg.rf.7b6d52d5fda998b224d65e2ce399d9f2.jpg, 0, 0, 0, 1
000000319693_jpg.rf.7b76c02200a326cb67b55cd6d8d9ed30.jpg, 0, 0, 0, 1
000000055413_jpg.rf.7b8c10bd9e41e934af98a0a83bc3a026.jpg, 0, 1, 1, 0
000000187473_jpg.rf.7b8dcb4da783a836edfebc3449d1b0ee.jpg, 0, 1, 0, 1
000000191230_jpg.rf.7b85b509523ac2691bb60955f3521134.jpg, 0, 1, 0, 1
000000434156_jpg.rf.7b9c7393590bd0b8abf345ac09937452.jpg, 0, 1, 1, 0
000000142360_jpg.rf.7b9fb1f6bb9befb148dce6e0bf88f09a.jpg, 0, 1, 0, 0
000000372292_jpg.rf.7bbb0ca36af5dba7951606f10945921f.jpg, 0, 0, 1, 1
000000520451_jpg.rf.7bb9c11d11b83d5cfeb35449cba200b3.jpg, 1, 0, 0, 0
000000158801_jpg.rf.7beb198ad50238e5b54022f5800b454e.jpg, 0, 1, 0, 0
000000139507_jpg.rf.7bc630360cc183dd442d6cb334b06ea7.jpg, 1, 1, 0, 0
000000095210_jpg.rf.7ba13071eb2d00fc4a76ec00c9b7e429.jpg, 1, 0, 0, 0
000000325831_jpg.rf.7be159eb88baf953c21170e46918e26e.jpg, 0, 1, 0, 0
000000338994_jpg.rf.7bd34b00571f122e7079e71f277aafea.jpg, 0, 1, 0, 0
000000050355_jpg.rf.7bbdbc4917782dd141b3dc8d5924bc3c.jpg, 0, 1, 0, 0
000000112536_jpg.rf.7b833a48673d4be267f0bdff3ae598f7.jpg, 0, 0, 1, 0
000000348793_jpg.rf.7bc97e1c6bb7ac96c1d5616f0d5f33d5.jpg, 1, 1, 0, 0
000000008309_jpg.rf.7bf7fc34882179577b9dbe6294dd34c6.jpg, 0, 1, 0, 0
000000311909_jpg.rf.7be8ee67f895077309e4e0154c615930.jpg, 1, 0, 0, 0
000000303022_jpg.rf.7bf60d4a8551e8876755dc2ae065ad7f.jpg, 1, 0, 0, 0
000000407083_jpg.rf.7bcf3d245d8a9a2b7f160c8ff04f0aea.jpg, 0, 1, 0, 0
000000431570_jpg.rf.7c13f4c0918ae7b17b78c660b18c78ef.jpg, 0, 1, 1, 0
000000484279_jpg.rf.7baa12ba69fee9312a4ff3e929afa07d.jpg, 0, 0, 1, 0
000000002089_jpg.rf.7bf012cc15defc48a3b075fa9a760d49.jpg, 1, 1, 0, 1
000000384263_jpg.rf.7c169deb5a75e33abd70ef692544af79.jpg, 0, 1, 0, 1
000000270574_jpg.rf.7be8d59a802fc7c01ee982cc763e1758.jpg, 0, 1, 1, 1
000000163457_jpg.rf.7be7da05535351b68612e9592e4b20ef.jpg, 0, 0, 0, 1
000000079498_jpg.rf.7c038da85dbf832ffde71960897ee533.jpg, 1, 1, 0, 1
000000133680_jpg.rf.7baece91e9160d74a041af3bfaea06f1.jpg, 0, 1, 0, 1
000000220353_jpg.rf.7c19ff9ce669c6961689117cd79a912d.jpg, 0, 0, 0, 1
000000034126_jpg.rf.7c0f21bee842ec9ee80236cd93d5f228.jpg, 1, 0, 0, 0
000000434262_jpg.rf.7c233dfc45f41439f9c6183e9a6e39a5.jpg, 1, 0, 0, 0
000000567976_jpg.rf.7c197579854c889507a015600496c679.jpg, 0, 1, 0, 1
000000047020_jpg.rf.7bef0b22a654e14a2834d89a350c8b8a.jpg, 0, 0, 1, 0
000000379464_jpg.rf.7c1a8a89b6f774f32d6677569c07afd2.jpg, 0, 1, 0, 0
000000310926_jpg.rf.7c2cfaea0fb4313054fc2ac713f60479.jpg, 1, 1, 0, 0
000000395634_jpg.rf.7be2f8621c7ce0eb1ee4821e21eb8c13.jpg, 1, 1, 0, 0
000000222928_jpg.rf.7c059e7c18e53404d13d561ecaebae03.jpg, 0, 0, 0, 1
000000079955_jpg.rf.7bfb311ba864e0e6662e99ad3cbc4233.jpg, 0, 1, 0, 1
000000416186_jpg.rf.7c3f1586f3b171fc4736c54e974f7869.jpg, 1, 0, 0, 0
000000517921_jpg.rf.7c49ead9b9581820fed4365b07b50976.jpg, 0, 1, 0, 0
000000298762_jpg.rf.7c0d63bdfac3daccdc72b315aacace0d.jpg, 0, 1, 0, 0
000000176442_jpg.rf.7c3788aa148b9c7a1dc44d83f20dd0cb.jpg, 0, 0, 0, 1
000000447795_jpg.rf.7c5bb42216c20845fb564d2fcdd19f6e.jpg, 0, 1, 0, 1
000000230934_jpg.rf.7c470c632166271054f9ed27ef03c6ef.jpg, 0, 1, 0, 0
000000205362_jpg.rf.7c395b9f898a332495551adcddfef770.jpg, 0, 1, 0, 0
000000032471_jpg.rf.7c2bd4ffadb1c554a310ca0acc1bbf94.jpg, 0, 1, 1, 0
000000353080_jpg.rf.7c6f39aeb10253ecf82dd676be7a89bf.jpg, 0, 1, 0, 0
000000319093_jpg.rf.7c4bd254d4ae2589429167bcfcce2f66.jpg, 0, 1, 0, 0
000000199432_jpg.rf.7c1da47420bc4727480885237cc6ff49.jpg, 0, 0, 0, 1
000000225345_jpg.rf.7c606b605de1a6c8f8dc747ba95c114a.jpg, 0, 1, 0, 0
000000281302_jpg.rf.7c513175cd2a6e475d704789b8fbfe85.jpg, 0, 0, 1, 0
000000577351_jpg.rf.7cac42fe23b5d036c0082a4bc8c3bea5.jpg, 0, 0, 1, 0
000000047742_jpg.rf.7c7c37e256e234c48a7bfdf89e4e19e0.jpg, 1, 0, 0, 0
000000171012_jpg.rf.7c568f948307da6b3a769b8cddff9c1d.jpg, 1, 1, 1, 1
000000333363_jpg.rf.7c69c207c4186f195a61a5999a58fa22.jpg, 0, 0, 0, 1
000000567149_jpg.rf.7c68674f759763c234c78e87ce7006ed.jpg, 0, 1, 1, 0
000000553862_jpg.rf.7ca0b471a14075a291e459a52f46bf38.jpg, 1, 0, 0, 0
000000182423_jpg.rf.7c9a4bb1d7a0b952d57f7a7093c136ee.jpg, 0, 1, 0, 0
000000289120_jpg.rf.7ca525260259de575b36371ab0cd339f.jpg, 0, 1, 0, 0
000000027511_jpg.rf.7cae4522aee1c08d750ad8f9f9e64541.jpg, 1, 0, 0, 0
000000461123_jpg.rf.7c8ca23a5c48f0f9f6dfe793767bdf32.jpg, 0, 1, 0, 1
000000396412_jpg.rf.7ca425551dd7d003bb058a771506c932.jpg, 0, 0, 1, 0
000000479984_jpg.rf.7c30ea1828c6dc6c122c1d3a9d713db8.jpg, 1, 1, 0, 0
000000403873_jpg.rf.7cc0db0ca10ecd596ad91a09f68ba510.jpg, 0, 1, 0, 0
000000135763_jpg.rf.7cba3d36e7f78771ed27849b23252fa4.jpg, 0, 1, 0, 0
000000263828_jpg.rf.7cc54b8805507f177711c2c00ef7bddc.jpg, 0, 0, 1, 1
000000444619_jpg.rf.7c927262f6010d259f12e97cd53b8bc2.jpg, 0, 0, 1, 0
000000216378_jpg.rf.7c760abfad72aea464523ecbf4d4014d.jpg, 0, 0, 1, 0
000000062740_jpg.rf.7c8834445f9098fa2d49cd17844b2560.jpg, 0, 1, 0, 0
000000573988_jpg.rf.7cd435ff71cc55a7092afe6d9e1a2d28.jpg, 0, 1, 0, 0
000000563275_jpg.rf.7cb97aeb161feb253f9dd7885730d6fc.jpg, 0, 1, 0, 1
000000231379_jpg.rf.7cb5b9927a85e5e7ec4cfa4c080166de.jpg, 0, 0, 1, 0
000000115089_jpg.rf.7cd67b8e97920e27788c15b008c1e873.jpg, 0, 1, 0, 0
000000011538_jpg.rf.7cb72851d6904063b25cfa076e5e08e4.jpg, 0, 0, 1, 0
000000317792_jpg.rf.7ceeb0d1132bd5b0aa8d62765206149b.jpg, 0, 1, 0, 0
000000030796_jpg.rf.7ceffc1adadd9374efd6172ab6aa10b2.jpg, 1, 0, 0, 0
000000225175_jpg.rf.7cd8bda59343da1eb1388d4b97bcf1e8.jpg, 0, 1, 0, 0
000000047230_jpg.rf.7cfb4b2cda0ba4ecb9af2b14a4f0c7f4.jpg, 0, 1, 1, 0
000000457904_jpg.rf.7ce1a22359d3ee2ca663c7e7628deffa.jpg, 0, 0, 0, 1
000000169204_jpg.rf.7d0103cc659337e4c6db6fbad736aa57.jpg, 0, 1, 0, 1
000000089203_jpg.rf.7cd9b6871fa92f96f8e725168cf43bd6.jpg, 0, 1, 0, 1
000000194600_jpg.rf.7cfcdff321b8302a1b9b39f874dcebd0.jpg, 0, 0, 0, 1
000000571182_jpg.rf.7cbf9a29375d6f3f6c7f89d2866ec5a8.jpg, 1, 1, 0, 0
000000295074_jpg.rf.7d304f532facb50a02c0d35cfbbad226.jpg, 1, 1, 0, 0
000000260699_jpg.rf.7d006c99a5bdb39a9be25fa4ccd2f516.jpg, 0, 0, 0, 1
000000363885_jpg.rf.7d1169a4d8b1fb9d858525446fa41beb.jpg, 0, 1, 0, 1
000000576789_jpg.rf.7d2040568aea404d4ffe5f95b518909d.jpg, 1, 1, 0, 0
000000216278_jpg.rf.7cf894abfd0bda31fe6fedd53d8236c8.jpg, 1, 0, 0, 0
000000064899_jpg.rf.7d30f6b42a44f42a06549dc59fd4dac9.jpg, 0, 0, 0, 1
000000389262_jpg.rf.7d31741a43e18bda869771ef6664ee83.jpg, 0, 1, 0, 0
000000391397_jpg.rf.7d51c5e3c1d26bb71dc66cdc698c278e.jpg, 0, 1, 1, 0
000000339547_jpg.rf.7d369342110088b7f16f143c41704d80.jpg, 0, 1, 0, 1
000000075352_jpg.rf.7d0b35bc08b1e3e9e8b15f3f17cdb9cd.jpg, 0, 1, 0, 0
000000199732_jpg.rf.7d0f8cc5b22870af8a3594debc95f747.jpg, 0, 1, 0, 1
000000358189_jpg.rf.7d58d7cc6dd802dde9a8e024ec9b3d34.jpg, 1, 0, 0, 0
000000143151_jpg.rf.7d4489b9d8e66c912124e0375e3ad1e8.jpg, 0, 1, 0, 0
000000275741_jpg.rf.7c7be5b72ef8e63d9c87a51172e19ddf.jpg, 0, 1, 0, 1
000000526172_jpg.rf.7d5bfc9a04a2e7094c235f55e45f4380.jpg, 1, 1, 1, 0
000000321709_jpg.rf.7d196e12d117d918c3471679cf28560f.jpg, 0, 1, 1, 1
000000128829_jpg.rf.7d6177dc861f400a2b1e54628f5f6e7e.jpg, 0, 1, 0, 0
000000003590_jpg.rf.7d5e3f5ac4ea27eaf8c027c6a7bdeb0e.jpg, 0, 1, 0, 0
000000052035_jpg.rf.7d5a0d0d8b5d88414a77ee3ed892c4a6.jpg, 0, 0, 0, 1
000000538798_jpg.rf.7d62e812657ef3de80ac370a4dff3ac6.jpg, 1, 1, 0, 0
000000038531_jpg.rf.7d69034fd84e8bf2a0ca7133c0a3d516.jpg, 0, 1, 0, 0
000000174721_jpg.rf.7d62e0a8219d91d30a07714e967b69d2.jpg, 0, 1, 0, 1
000000436492_jpg.rf.7d48e919cf3caf224c6a01781ecb9556.jpg, 0, 1, 0, 0
000000354402_jpg.rf.7d8bb22aa4f058fbc2b60cccceddbe20.jpg, 0, 1, 0, 0
000000414113_jpg.rf.7d60d7fc6991150c2f2f5989cc2c4e34.jpg, 0, 0, 1, 0
000000215998_jpg.rf.7d754a9425811b426c1598dfc92654b6.jpg, 0, 0, 1, 0
000000529597_jpg.rf.7d94a67e356973cce3266c392fb51a05.jpg, 0, 1, 0, 0
000000159451_jpg.rf.7d7b4f650cb03b02efa1e34539602a24.jpg, 0, 0, 0, 1
000000401312_jpg.rf.7d3922fc433e2cb1b6c571c9a949091f.jpg, 0, 1, 0, 0
000000003602_jpg.rf.7d9b9a6eebf227686ef8f16968442177.jpg, 0, 1, 1, 1
000000255069_jpg.rf.7d8d407e68eb8001dbed864d3469ad8b.jpg, 0, 1, 0, 1
000000079191_jpg.rf.7d904b45b69f06e724ebbecd8d735d0b.jpg, 0, 1, 0, 1
000000231240_jpg.rf.7da0e31023d0f41f7e40ec54060ef75d.jpg, 0, 1, 0, 0
000000202818_jpg.rf.7db1648764fb2ff1f9d2d5b8221dfdc4.jpg, 1, 0, 0, 1
000000407373_jpg.rf.7d9db52e0527e749b712109eddae2eda.jpg, 0, 1, 0, 0
000000282415_jpg.rf.7d7b3ff2f5d626e4ade0254b7a622ce8.jpg, 0, 0, 0, 1
000000310242_jpg.rf.7d7c397dba9c8dd47b0389ffd38001c4.jpg, 0, 0, 0, 1
000000378618_jpg.rf.7d664ea71f99160f246327ee2027feb8.jpg, 0, 0, 0, 1
000000462026_jpg.rf.7daeec743b05e0ee48bb8056d4bb4f3d.jpg, 0, 0, 1, 0
000000303879_jpg.rf.7d0b0a6f420192f3a40e6b3d5b24598f.jpg, 1, 0, 0, 0
000000578848_jpg.rf.7dafdac079370334accee0bed9830159.jpg, 0, 1, 0, 0
000000239933_jpg.rf.7da4d8cd86c082dfb1843d7ae635ca72.jpg, 0, 1, 1, 1
000000085383_jpg.rf.7d8f66da6f6905df91a42533a666f829.jpg, 0, 0, 1, 0
000000267734_jpg.rf.7da70e964ab886d5992abddf91ccf9f7.jpg, 0, 1, 1, 0
000000069355_jpg.rf.7dae6437958b901f79c6442f15e0c8e7.jpg, 1, 0, 0, 0
000000487722_jpg.rf.7da842b5ce9fbf083bb3c415aa07c2b0.jpg, 0, 1, 0, 1
000000134165_jpg.rf.7db3f00f9b9d0d9168d8a15f0738b738.jpg, 0, 0, 1, 0
000000167621_jpg.rf.7db83d7ba37e80a3352a98bcd44e2034.jpg, 0, 1, 0, 0
000000206622_jpg.rf.7dbebfcaa340a616e45d65bb55af1673.jpg, 0, 1, 0, 0
000000292977_jpg.rf.7db9b6a5d750006552fe9402e69bfb4b.jpg, 0, 1, 0, 0
000000391237_jpg.rf.7dcfb728917765e45594d7a63db4810e.jpg, 0, 1, 0, 0
000000171053_jpg.rf.7ddf855ceb29e04a5d7424ecfcb49df5.jpg, 0, 1, 0, 0
000000085752_jpg.rf.7dc3c2ce61bdf0ccab95f40789bac61e.jpg, 0, 1, 0, 0
000000511410_jpg.rf.7dcfd316c7706c725a08b4cba52bb92c.jpg, 0, 0, 1, 0
000000341768_jpg.rf.7ddc154983251ce68914fed41656fbd2.jpg, 1, 1, 0, 0
000000464515_jpg.rf.7dd014e862cd0a6602999bcd59ea0f30.jpg, 0, 1, 1, 0
000000039542_jpg.rf.7df1676a25b089263ece17ecff23c39a.jpg, 0, 0, 0, 1
000000004426_jpg.rf.7dd36ee78919ad73a52cc43da0f38e15.jpg, 0, 1, 0, 0
000000202410_jpg.rf.7dde74e981e34397346758ae8e2beb61.jpg, 1, 0, 0, 0
000000396350_jpg.rf.7dcb892b138e88338a04ca5dc18512d8.jpg, 1, 0, 0, 0
000000355756_jpg.rf.7dea3aabe27b09350eb0a51e8b247e37.jpg, 0, 1, 0, 0
000000580906_jpg.rf.7dff03c132cef9373a6f04dc6a8c7dbe.jpg, 1, 1, 0, 0
000000374977_jpg.rf.7ddb23d5d4b89e00140e676d5b0345f7.jpg, 0, 1, 0, 1
000000264718_jpg.rf.7dfd3d3a65f09bee80d6fde5a6575e76.jpg, 0, 1, 0, 0
000000408475_jpg.rf.7dfd274ba88aa4862f06226b573f3ee5.jpg, 0, 1, 0, 0
000000032458_jpg.rf.7de2013e896fd690ec30594fd18e7621.jpg, 1, 1, 1, 0
000000103791_jpg.rf.7db8fdb5974a610cc09598bc67461263.jpg, 0, 0, 0, 1
000000213255_jpg.rf.7e0fff764234a86fd7fe522b875f24cb.jpg, 0, 1, 0, 0
000000186821_jpg.rf.7e07f822ffeffdb1ea1b6c61a663af7c.jpg, 1, 1, 0, 0
000000004595_jpg.rf.7e0472b0c6995d96376b4a0e7e998091.jpg, 1, 1, 0, 0
000000240976_jpg.rf.7de102ad9e8f99437619ac4dc1a7ec75.jpg, 0, 1, 1, 1
000000114692_jpg.rf.7df90ed800885fb3148efed583297707.jpg, 0, 1, 0, 1
000000527553_jpg.rf.7e0bdaf8d385e12c13d10f2d43b4a99c.jpg, 0, 1, 0, 1
000000511482_jpg.rf.7e1710d96928c8371ffef370d41f997b.jpg, 0, 1, 0, 1
000000033731_jpg.rf.7e1de473b7840d2bc1529d99e7326cc7.jpg, 0, 1, 0, 0
000000274455_jpg.rf.7dc4119f22e7b077348fbaf733800505.jpg, 0, 1, 0, 0
000000518511_jpg.rf.7df19bd0c9fe8f0cc527a194cbd5627a.jpg, 0, 1, 0, 1
000000160171_jpg.rf.7e206d23cf1783851d896d411b7fdcc6.jpg, 1, 1, 0, 0
000000211830_jpg.rf.7e299a6ae3dd96a7c21871bdb7272db7.jpg, 1, 1, 0, 0
000000138572_jpg.rf.7e010237572508931e30da879c99bbad.jpg, 0, 0, 0, 1
000000020966_jpg.rf.7e2590e49a900c829f7d4ad3db351a1c.jpg, 0, 0, 1, 0
000000449638_jpg.rf.7e2b50e511f32f4c6263159f2ad296ab.jpg, 0, 1, 0, 1
000000395765_jpg.rf.7dfe867cf5be20dcd716f6bf17bb973f.jpg, 1, 0, 0, 0
000000052661_jpg.rf.7e1b9395f29c2b2a4c896c7daf4f6977.jpg, 0, 1, 0, 1
000000574506_jpg.rf.7e2c59bfb54df48206221382a257324e.jpg, 0, 1, 0, 0
000000393896_jpg.rf.7df7257a57aa38f7c7c09ad7280045d9.jpg, 1, 1, 0, 1
000000177899_jpg.rf.7e3891b20221e86bb0d9eaaf0c3f6afc.jpg, 0, 1, 0, 0
000000376972_jpg.rf.7e23fb57e6235c1b20288c735add3a54.jpg, 0, 0, 1, 0
000000286124_jpg.rf.7e3904a982609471913400462ee9e8de.jpg, 0, 1, 0, 0
000000565230_jpg.rf.7e4135c4edb8c58a8ffb72949c1a34cd.jpg, 0, 0, 0, 1
000000313927_jpg.rf.7e477687e2d1304eacbefecfe334be54.jpg, 0, 1, 0, 0
000000441840_jpg.rf.7e6c4db40a8fc01e5f673be7cf91d538.jpg, 0, 1, 0, 1
000000487631_jpg.rf.7e502734921ef7b4689fe592ca700a36.jpg, 0, 1, 0, 1
000000487612_jpg.rf.7e5a68965e1b363170dd2c5d87ea408b.jpg, 0, 1, 0, 0
000000209200_jpg.rf.7e691190b5092ba3923536ea0bb41049.jpg, 0, 1, 0, 1
000000479556_jpg.rf.7e3e916142d9ce17ad05a9801fb28ee6.jpg, 1, 0, 0, 1
000000085397_jpg.rf.7e2583e21da75a1ddc00a77a1d167445.jpg, 1, 1, 1, 1
000000445327_jpg.rf.7e49c3227d0cb9c70c954a2b64008281.jpg, 0, 0, 0, 1
000000487428_jpg.rf.7e57437995964e4ed3d6c2883dba84bd.jpg, 1, 1, 1, 1
000000345345_jpg.rf.7e67bbf8e6bb82e1ad10ad655932bc2c.jpg, 0, 0, 1, 0
000000402683_jpg.rf.7e43a422e20a351bc7fcf97dafabc0c3.jpg, 0, 1, 0, 0
000000475389_jpg.rf.7eb297cd17468d11e5f72d05a55046e9.jpg, 0, 0, 1, 0
000000397461_jpg.rf.7ea67c2e6f8120342a02850e7584db8e.jpg, 0, 0, 1, 0
000000201555_jpg.rf.7e6154153b0dfd79b412baa2996e675e.jpg, 0, 1, 0, 1
000000078982_jpg.rf.7e5c6186b407ffebf21b09a524ae3acf.jpg, 1, 1, 0, 1
000000377401_jpg.rf.7e5f7f9e58623e189bbb807cd719cfa5.jpg, 0, 1, 0, 0
000000366831_jpg.rf.7e713caa2e11ab4363dc8b3806c587d6.jpg, 0, 1, 0, 0
000000142187_jpg.rf.7e7d773c29bfcbd92d73ca30c10eb27c.jpg, 0, 1, 0, 0
000000203798_jpg.rf.7e95ed4db56033d67bc3f6ec54c471c5.jpg, 0, 0, 1, 0
000000496632_jpg.rf.7eb415af7c2f1ce27b88d2a498a62fa3.jpg, 1, 0, 0, 0
000000363581_jpg.rf.7eb2a2e5349a4a8fc6e5d3ef332fa504.jpg, 0, 1, 0, 0
000000394535_jpg.rf.7ebdad41d0536a26830c600c8ade520c.jpg, 1, 1, 0, 0
000000364596_jpg.rf.7ed428783ce2be88e50e3bd708a661ca.jpg, 0, 1, 0, 0
000000411201_jpg.rf.7ebde3c17e79b3d336343dfa336d7ca9.jpg, 1, 0, 0, 0
000000408515_jpg.rf.7ed8c14fe4e0ee5281ce9730d2d7c260.jpg, 0, 1, 0, 0
000000570078_jpg.rf.7e46ae008cceba87f2fc2320ea779bde.jpg, 0, 1, 0, 0
000000496605_jpg.rf.7f0490a46157ddcd48d9868f9286f68a.jpg, 0, 1, 0, 0
000000094610_jpg.rf.7eb754881b64bde75e07d73c391ae59c.jpg, 0, 1, 0, 0
000000034749_jpg.rf.7f0ca2d69bfb9f07c02887f523901be2.jpg, 0, 0, 0, 1
000000211508_jpg.rf.7ee6a66fd7d6318faff7070179a230c2.jpg, 0, 1, 0, 0
000000332362_jpg.rf.7f0936458a19277a43135c817a5ea3a5.jpg, 0, 1, 0, 0
000000090678_jpg.rf.7e8af50d8c78b0361cfe1760e5f63de5.jpg, 0, 1, 0, 1
000000073826_jpg.rf.7f1270a6906c8029a4f503d514862d18.jpg, 0, 0, 1, 0
000000061524_jpg.rf.7ecb4f106ee35eb7be1920d254c00b11.jpg, 0, 1, 0, 0
000000523597_jpg.rf.7f0452e81ddcb83bc77c2195287ed864.jpg, 0, 0, 1, 0
000000404992_jpg.rf.7f03e04e1d3db236cd3c191343568098.jpg, 0, 1, 0, 0
000000137699_jpg.rf.7f0850e995ab6657e049a9ca6e1cd592.jpg, 1, 0, 0, 0
000000308470_jpg.rf.7f22b692784d7ef894aaab66f58ebedb.jpg, 0, 1, 0, 0
000000015902_jpg.rf.7f1ab2332efdb9f213dbb26d1bb667b6.jpg, 0, 1, 0, 0
000000150053_jpg.rf.7f1f157b6cdb74ffbd5f74bc89caa34d.jpg, 0, 1, 0, 0
000000063328_jpg.rf.7f1d813f877c045b66febdd96cbdc483.jpg, 0, 1, 0, 1
000000260470_jpg.rf.7f0ed54a9211155cf4ec5efd06afecb1.jpg, 0, 1, 0, 0
000000390328_jpg.rf.7f4f193f8e3d0c5333a853befcf660a4.jpg, 0, 0, 1, 0
000000192818_jpg.rf.7f3fb51a77e51aef0f4da30f7af39046.jpg, 0, 0, 1, 0
000000241717_jpg.rf.7f20622a5ab4cee7d33e66f2e32a74fa.jpg, 0, 1, 0, 1
000000022755_jpg.rf.7efe539e6f7cd484b3202a45fb724b73.jpg, 1, 1, 0, 0
000000581582_jpg.rf.7f0ea67eb145085ece7762c3274bb490.jpg, 0, 1, 0, 0
000000211215_jpg.rf.7f2f50702b03f5f8a8f715d9998be688.jpg, 1, 1, 0, 0
000000150797_jpg.rf.7f2c1cdbedd64b01982e01eae2bfbe74.jpg, 0, 1, 0, 1
000000568884_jpg.rf.7f4482f2158cf13993919228416819e6.jpg, 1, 1, 0, 1
000000280156_jpg.rf.7f4bb46de12973d5a737c2393247fd2b.jpg, 0, 0, 1, 0
000000521847_jpg.rf.7f34b50ea1831bb4831bdcbfd9a84abc.jpg, 1, 0, 0, 0
000000536781_jpg.rf.7f5d6c8b6d6247ce96e64725008780ae.jpg, 0, 1, 0, 0
000000040056_jpg.rf.7f41b3943e61315f7019d40e2cf03cd0.jpg, 0, 1, 0, 0
000000439991_jpg.rf.7f5f0994f20ce37bf4d0ff55fd788144.jpg, 1, 0, 0, 0
000000527059_jpg.rf.7f7f2a1cf13482568a1faa3485c2537c.jpg, 0, 1, 0, 0
000000150686_jpg.rf.7f764c2a956346ba15ba69868b9caf89.jpg, 1, 0, 0, 0
000000051887_jpg.rf.7f7e9baa414117180a5ccc5b06fe6ea1.jpg, 0, 1, 0, 0
000000547450_jpg.rf.7f50d8fcde4626cc9aeb41460accc7c4.jpg, 0, 1, 0, 0
000000220654_jpg.rf.7f7fdcb2410a3a1075aedc7648a703ec.jpg, 0, 0, 0, 1
000000568725_jpg.rf.7f592504456dcc6f1436a1ad60af4fd5.jpg, 0, 1, 0, 0
000000036326_jpg.rf.7f8565ebec48258325dd2052612a0b42.jpg, 0, 1, 0, 1
000000153829_jpg.rf.7f8250e6152ee40210bee01de5411215.jpg, 0, 1, 0, 1
000000297266_jpg.rf.7f8c537dea673eec2911a1b104e577e4.jpg, 0, 0, 1, 0
000000021981_jpg.rf.7faa10e957a9c2b27d9216544f592050.jpg, 0, 0, 1, 1
000000210542_jpg.rf.7faa1c3d6588e33573ea6d52f0c99ed4.jpg, 0, 0, 1, 0
000000495107_jpg.rf.7f94d81d5eaf8265662c3aa653be131e.jpg, 0, 1, 0, 0
000000134537_jpg.rf.7fbbc13b9ef1622a2c6ab421083a15f3.jpg, 1, 1, 1, 1
000000237514_jpg.rf.7f0d23d6a17b41bbf3de3704e5262a71.jpg, 0, 1, 0, 0
000000132789_jpg.rf.7f644cfdb370e4378445f62ae289bfb5.jpg, 0, 0, 0, 1
000000276009_jpg.rf.7fa6ab46ca8c78eb4cfb0e5676fbf218.jpg, 0, 1, 1, 1
000000401299_jpg.rf.7fa4de09c110cfbc56c89207e09ed51a.jpg, 0, 1, 0, 0
000000162193_jpg.rf.7fc01260499c32a5fa1c4c262871e0a0.jpg, 0, 1, 0, 0
000000148055_jpg.rf.7f41aedc5f0dd1a1b4a2ac4da9cbc5e3.jpg, 0, 1, 0, 1
000000232550_jpg.rf.7fbfe6fc30e2b12b396294cf2256f813.jpg, 1, 0, 0, 0
000000129065_jpg.rf.7fe0efb11aeb4a888d863776f6a60e4a.jpg, 1, 0, 0, 0
000000157199_jpg.rf.7fda8aee4d8227dda5c42a27e4da5265.jpg, 1, 0, 0, 1
000000553534_jpg.rf.7fafe2fcd2c3a1949591538f96194915.jpg, 0, 1, 0, 0
000000564069_jpg.rf.7f82ed49e24c12a489ae13e7897459d2.jpg, 1, 1, 0, 0
000000395958_jpg.rf.7f9e0cd6023a046553384e925da0679f.jpg, 0, 1, 0, 0
000000453799_jpg.rf.7fe36a8d04b99c5c485e931459f68fcd.jpg, 0, 1, 1, 0
000000143870_jpg.rf.7fe927ed42b71b9f6b7f35befd4dc152.jpg, 0, 1, 0, 0
000000398527_jpg.rf.802a409a65339cc38bac8812cb7d5a2c.jpg, 1, 1, 0, 0
000000578788_jpg.rf.7fe7563dcecb71456f61741636847d9d.jpg, 0, 1, 0, 1
000000196371_jpg.rf.80545bfd3eb32a741292ec00fb5ecda2.jpg, 0, 1, 0, 0
000000261026_jpg.rf.8030e8ade3f406cddf669b161233be42.jpg, 0, 1, 0, 0
000000343153_jpg.rf.805f468d8e77670e67855b1c5e43c8d9.jpg, 0, 1, 0, 0
000000354027_jpg.rf.803cd9a880ec493cb03c189dfc4cce6a.jpg, 1, 0, 0, 1
000000215223_jpg.rf.805d8e272bb34d44b7597b53a1d6e20c.jpg, 0, 1, 0, 0
000000114744_jpg.rf.806f3f2d1b89cf438adc9c8375b550b5.jpg, 0, 1, 1, 0
000000010719_jpg.rf.7ffd79f30c76b20d9f4940ec4cc8db70.jpg, 0, 1, 0, 0
000000442345_jpg.rf.800833f9525a742af1816b415ceb6099.jpg, 0, 1, 0, 1
000000413096_jpg.rf.800a7a43ae2b2b888e10cde1864df1e6.jpg, 0, 1, 0, 1
000000151764_jpg.rf.805f108568d7c472fbaf07a86e807697.jpg, 0, 1, 0, 0
000000151581_jpg.rf.7fe5c3c9d9da48e370c1155d15ce15ca.jpg, 0, 1, 0, 0
000000523360_jpg.rf.80576a9b8c4a9ea44e0298abb4b2f39d.jpg, 0, 1, 0, 0
000000514997_jpg.rf.80288b2f2d50cf8a347c4c59359f54a1.jpg, 1, 1, 0, 0
000000040201_jpg.rf.807ea21c4795e01eb56527ecdbb30a4a.jpg, 0, 0, 0, 1
000000379865_jpg.rf.80643eb21d44d4c70a75b84442beee1f.jpg, 0, 1, 0, 0
000000115633_jpg.rf.8081000994b0d08a2195857106756a8b.jpg, 0, 1, 0, 0
000000347460_jpg.rf.807897f531ce1c565a76b645ace3de4d.jpg, 0, 1, 0, 0
000000034231_jpg.rf.8062ebfeaa3d73ce9924e8a24fb87dc3.jpg, 0, 0, 0, 1
000000207443_jpg.rf.7fef7340a1383ff1f1cc586c4f8f3794.jpg, 0, 0, 1, 0
000000022071_jpg.rf.80931dabb9ee82502981353479b61a2e.jpg, 0, 0, 1, 0
000000364079_jpg.rf.80c006e278f8f996b5758aef35a52fd8.jpg, 0, 0, 1, 0
000000408364_jpg.rf.80a8cb944ddf7e49a376e63a21620acf.jpg, 0, 1, 0, 0
000000509589_jpg.rf.80a68167cfd96ab266732ff8cf8a4e0e.jpg, 0, 1, 0, 0
000000232219_jpg.rf.808d312b3b98c8039db59e03025dc4bf.jpg, 0, 1, 0, 0
000000210749_jpg.rf.80dc4f225fb5f3fa24e8196f58a8ed28.jpg, 0, 1, 0, 0
000000102400_jpg.rf.80799653d7ce5a7cf27ad2d10bc78b86.jpg, 1, 0, 0, 0
000000208793_jpg.rf.8009261c653f4f077005113ec7fbaecf.jpg, 0, 1, 0, 0
000000166631_jpg.rf.7ff0caa7198701b7652a6f6c3925cdf8.jpg, 0, 0, 0, 1
000000068912_jpg.rf.80e7715291bf001d61408a7ed90cfb25.jpg, 0, 1, 0, 0
000000190920_jpg.rf.80db82fd59005f1af45bce9705df48b6.jpg, 0, 0, 0, 1
000000025528_jpg.rf.80d5e5b3c1f9e0323cce5acf0b95ce71.jpg, 0, 1, 0, 0
000000324901_jpg.rf.80c780d8e6d4d71c72eccc68ec613a21.jpg, 0, 1, 0, 1
000000217509_jpg.rf.80dabb25f075ba7228235d9f41513ad2.jpg, 0, 0, 0, 1
000000468124_jpg.rf.80e547014ecbf9d9009650d2e50b5deb.jpg, 1, 1, 0, 0
000000454078_jpg.rf.80c0ec7287e644c71cb2698c09e7a5ab.jpg, 0, 0, 0, 1
000000414918_jpg.rf.81153240732a0161bc108c7e52faabcc.jpg, 0, 1, 0, 0
000000441012_jpg.rf.808fa2e55488c084c893783d118164a4.jpg, 0, 1, 1, 0
000000098471_jpg.rf.8090d4f0cada7844f6618ef8cd5c0a9b.jpg, 0, 1, 0, 1
000000297585_jpg.rf.80da4299933c1305b9dad0fe514f3087.jpg, 1, 1, 0, 0
000000212429_jpg.rf.811d07e6edd1ac87fb4cc3ad082b2f27.jpg, 0, 1, 0, 1
000000338562_jpg.rf.8114a398fc837c9c98591e744e27fac2.jpg, 0, 1, 0, 0
000000334400_jpg.rf.8113d78939b9b12a8f119397181dfb3b.jpg, 0, 1, 0, 0
000000053111_jpg.rf.812a8b2ac5a62ab11d6c86e57cf7f728.jpg, 0, 0, 0, 1
000000381065_jpg.rf.80bbcf66fca96907fc468233c31860f1.jpg, 0, 1, 0, 1
000000551018_jpg.rf.80df1e2caa350ffdfa416525a78df6f9.jpg, 1, 1, 0, 1
000000272015_jpg.rf.8126d6013f2b080d8f83580d56504a1a.jpg, 0, 1, 0, 1
000000105552_jpg.rf.810680781c8568fe8c8139f5ec21e3c4.jpg, 0, 0, 0, 1
000000546046_jpg.rf.8151ccce2afaee1de2e3e30a56f72828.jpg, 1, 0, 0, 0
000000041633_jpg.rf.810b8c34fb35af7da92edb2ec49c73a0.jpg, 0, 1, 0, 1
000000420688_jpg.rf.811943ecd2c161b91432036651eb7838.jpg, 0, 0, 1, 0
000000519625_jpg.rf.814853fe0cda4610b23abc477dc46331.jpg, 0, 1, 0, 0
000000245448_jpg.rf.80de5a948ff57b8278bf71d38afff628.jpg, 0, 0, 1, 1
000000236388_jpg.rf.811ec95f36e73d8e58475e56f642a1b2.jpg, 0, 0, 0, 1
000000519936_jpg.rf.813e07a94ef91ab0925dfaf972ae8e1d.jpg, 1, 0, 0, 1
000000048014_jpg.rf.813a40c9b94c337e7480d5155d491ce7.jpg, 0, 1, 0, 1
000000371005_jpg.rf.812eda1dd7bec647c587b315519349e0.jpg, 0, 1, 1, 0
000000540372_jpg.rf.815be5a8c37a107b4dadd4426d138913.jpg, 0, 1, 0, 0
000000431785_jpg.rf.817ff5e6c22cc88d4e7aba79d76d7d3f.jpg, 0, 1, 0, 1
000000411047_jpg.rf.814cca56e67fa60d88cb52add1e6cf85.jpg, 1, 1, 0, 0
000000561701_jpg.rf.80cbed3a3981b41cc7c3687ddccab71c.jpg, 1, 0, 0, 0
000000245503_jpg.rf.817681bf2d1c2d846977053cfa6eeedc.jpg, 0, 1, 0, 1
000000198323_jpg.rf.818f8da629a5a17bb4530f8b8b23bd02.jpg, 0, 0, 0, 1
000000010058_jpg.rf.81934d4c6a20f78f868691eed39c0256.jpg, 0, 0, 0, 1
000000576582_jpg.rf.81a6a0cc6b2a1120a72fd45328824fb3.jpg, 0, 0, 0, 1
000000500323_jpg.rf.8145dcdb3500cde5b6b5174e526d1ded.jpg, 0, 0, 1, 0
000000449847_jpg.rf.81aa78b3568a0deb4d8bdce1d90c0eba.jpg, 0, 1, 1, 0
000000093411_jpg.rf.81b874ee84368a1c13ecec0544ea770d.jpg, 0, 1, 0, 1
000000231795_jpg.rf.8123e8c4de93420f19ebedeabda2b544.jpg, 0, 1, 0, 1
000000001408_jpg.rf.81bb4494f4672d9d0e8583ba2a195514.jpg, 0, 1, 0, 0
000000252968_jpg.rf.818cc31ac3d4efbf323e8f430b3ba4cd.jpg, 0, 1, 0, 0
000000539938_jpg.rf.81b93de42d77997bcbc739e922d28f31.jpg, 0, 1, 0, 1
000000233527_jpg.rf.818eabde9b5b6108efecf0dff5a38d86.jpg, 1, 1, 0, 0
000000339453_jpg.rf.81489e6a1acdee1947a3b7e93a22e4c3.jpg, 0, 1, 0, 1
000000376084_jpg.rf.80ffff46b57aeae5df3c1c9ebb4153d0.jpg, 0, 0, 0, 1
000000349278_jpg.rf.81bdcf24b0e85e41ae15b286a6959af7.jpg, 0, 0, 1, 0
000000400740_jpg.rf.81d0541ca27846a958c743517b8b67ce.jpg, 1, 0, 0, 0
000000412238_jpg.rf.81e8e2482bfb51d44287cfea906585e4.jpg, 0, 1, 0, 0
000000218134_jpg.rf.81ccba6e72f2919ab44b3692d4ed297e.jpg, 1, 1, 0, 0
000000394892_jpg.rf.81d327fa76624538c7b2e7927f1719df.jpg, 0, 1, 0, 0
000000523371_jpg.rf.81fd006711a2ad0abf07a245b59e43ee.jpg, 0, 0, 1, 1
000000229867_jpg.rf.81f216ec7b9f5edc4fa968e5baf0c7ef.jpg, 0, 1, 0, 0
000000212380_jpg.rf.81faa10ff0d2f70d1812f92a1b2e8315.jpg, 0, 1, 0, 0
000000258878_jpg.rf.81ff32712e754790dfc1ff76518cc0d1.jpg, 0, 1, 0, 0
000000350086_jpg.rf.82016b0579a056f1bcb28fe5670ea478.jpg, 0, 1, 1, 0
000000095879_jpg.rf.81b6c5c50a8daf097ed1f3042dc76b19.jpg, 1, 1, 0, 1
000000453605_jpg.rf.81e6e837a72285e2ad8586513e6a0524.jpg, 0, 1, 1, 0
000000547300_jpg.rf.81d0fc2672f245177308026eed6c3b5b.jpg, 0, 1, 0, 0
000000559902_jpg.rf.81ee95dddad8051cf8e5daa7e3a7b051.jpg, 0, 1, 0, 1
000000551647_jpg.rf.820a9c757c7d482d549dc4daed0968b0.jpg, 0, 1, 1, 0
000000239047_jpg.rf.82048974e349032361aa5ca90738f5a4.jpg, 0, 1, 0, 0
000000105401_jpg.rf.820a8fefdb6e2eec1bfb4fdf2341799b.jpg, 0, 1, 0, 1
000000150559_jpg.rf.8212eef56b55d4ce1dce0883bb5c2a35.jpg, 0, 1, 0, 1
000000400118_jpg.rf.81fd6b95b1bdf873a8e67258fc8725f6.jpg, 0, 0, 1, 0
000000066351_jpg.rf.821489e4a744eb87713b34345f3657a4.jpg, 0, 1, 1, 1
000000019767_jpg.rf.821b6c64adfa5258d20c03248a473c44.jpg, 0, 1, 0, 1
000000074429_jpg.rf.8210acd491acb7960dab0a20fbe657e4.jpg, 0, 1, 0, 0
000000039115_jpg.rf.824bed370e62cfe2b963b98b284d2d49.jpg, 0, 1, 0, 1
000000206487_jpg.rf.81ebdedde2b2f2779adb9e882a1cf4c5.jpg, 1, 1, 1, 1
000000342051_jpg.rf.8251b89ba980b4e186481e8bf4aadd69.jpg, 1, 0, 0, 0
000000216319_jpg.rf.8222bf4b08435c67028ed349f2c7d355.jpg, 0, 1, 0, 1
000000401594_jpg.rf.825627006673dd913c1ac76f1e5b2c97.jpg, 0, 1, 0, 1
000000261360_jpg.rf.8242fbda572c6a6e7556a168dde098b6.jpg, 0, 1, 0, 0
000000488792_jpg.rf.822a2c4c606445a675ebf2a14b61af34.jpg, 0, 1, 0, 1
000000289949_jpg.rf.825d85af7df6fd7701b653133ece4b05.jpg, 0, 1, 0, 0
000000523344_jpg.rf.823b704b337f3de2acf10d1ab39ff3e4.jpg, 1, 0, 0, 0
000000321886_jpg.rf.8216f7597e7857b1691b684d99f507e3.jpg, 1, 1, 1, 0
000000466202_jpg.rf.826c3b0e843f6eec00d3bfcfab4a6228.jpg, 0, 1, 0, 1
000000172501_jpg.rf.8254d990486666371b622f294ffa0126.jpg, 0, 1, 0, 0
000000380706_jpg.rf.8272d87d611d4a3d9abb661fd52b7c7e.jpg, 1, 1, 1, 0
000000064015_jpg.rf.826e068a7dc889a295fa084069b490d7.jpg, 0, 1, 0, 1
000000060196_jpg.rf.822068fbd76cbddf47fd2981a0c25cf6.jpg, 0, 1, 0, 1
000000420964_jpg.rf.82627914999479e9171efa057906c988.jpg, 0, 0, 0, 1
000000473050_jpg.rf.82321ee463592cba273c904dd1cde35a.jpg, 0, 1, 0, 0
000000176495_jpg.rf.827906f74b3b33d9d609bd397deb4c6d.jpg, 1, 0, 0, 0
000000143556_jpg.rf.82715c7ad3fd0c22451f01419c0ca1fc.jpg, 0, 0, 1, 0
000000102331_jpg.rf.825bd3397a1ed659ec856af6b115f4d0.jpg, 0, 0, 1, 0
000000394554_jpg.rf.8287da16a7928986a96e6ff3ab87ba84.jpg, 0, 0, 0, 1
000000158994_jpg.rf.825d7fc8867a0c887d626d15fe92b380.jpg, 1, 0, 0, 0
000000559557_jpg.rf.82a32ece5b726e0eb4792bc3bda1628c.jpg, 0, 1, 0, 0
50565744752_28aeb8d5e6_jpg.rf.827602ba7d64ae6bcd5deb75064c2e17.jpg, 0, 0, 1, 1
000000399028_jpg.rf.82adff7a4b1e4ec2158babeb4e5c239e.jpg, 0, 0, 1, 0
000000376934_jpg.rf.82c36da1e838704e22ce9813c0d33bdb.jpg, 1, 1, 0, 0
000000438811_jpg.rf.82e0ada95b64dae532f31876e60fb590.jpg, 1, 1, 1, 0
000000483375_jpg.rf.828a8d61d5b356527be68b9622f1b469.jpg, 0, 0, 0, 1
000000509406_jpg.rf.82ec4f3938f51789974969bd348e910c.jpg, 0, 1, 0, 0
000000306439_jpg.rf.82b275c59807e4274e0d24acfb82c159.jpg, 0, 1, 0, 0
000000275870_jpg.rf.82bfc71b1685717a4cca1ee7ac1902f3.jpg, 1, 0, 0, 0
000000027611_jpg.rf.82e1f7528e58718ef9063d749563339c.jpg, 0, 0, 1, 0
000000236000_jpg.rf.82e4ef9b78a4d6f2bed66b0820270bc3.jpg, 0, 0, 0, 1
000000434069_jpg.rf.82977c9d047e0d69f202331fc9537e71.jpg, 0, 1, 0, 0
000000304054_jpg.rf.825b43096ee86189161b2dac907aad00.jpg, 0, 1, 0, 0
000000295556_jpg.rf.82e9f6ba9e062c693d27a7ea44b15c6d.jpg, 0, 1, 0, 0
000000444415_jpg.rf.82cb599959cb637b09ddeec6dc914882.jpg, 0, 1, 1, 0
000000127424_jpg.rf.82b7ac4ec12081fa5a5da93e87c25a7e.jpg, 0, 0, 0, 1
000000036903_jpg.rf.82f95039cb52711e7a80305d474f4efa.jpg, 0, 1, 0, 0
000000348400_jpg.rf.82d470ccd699ec0ce87c1ce64b396e0d.jpg, 0, 1, 0, 0
000000195810_jpg.rf.82efb202fa33bd1c52828334416be884.jpg, 1, 0, 0, 0
000000346445_jpg.rf.826e7fc4c55811fb5c2f184a725265b3.jpg, 0, 1, 1, 0
000000082676_jpg.rf.829a709e7a7c8c13718111b20ebdbdda.jpg, 0, 0, 1, 0
000000555206_jpg.rf.82ff0e713388e2baa749dd445015948a.jpg, 1, 1, 0, 0
000000566364_jpg.rf.83056f6ed9d12de5b076dcdc70244175.jpg, 0, 0, 0, 1
000000261597_jpg.rf.82fdde5a8ee6a0e75f04c72aafbfad4e.jpg, 0, 0, 1, 0
000000257683_jpg.rf.830bf098d4c32e742d385181ff53d398.jpg, 0, 1, 0, 0
000000391518_jpg.rf.83140285054145daf40151711869ea3b.jpg, 0, 0, 0, 1
000000095843_jpg.rf.82fd85006a8bdda97abfeafd4faa53b8.jpg, 1, 0, 0, 0
000000102466_jpg.rf.82f09c236acaf28cb8dba52d0628e997.jpg, 0, 1, 0, 1
000000356358_jpg.rf.82ffd079620b42d6a1a5298fc8d44a38.jpg, 1, 0, 0, 1
000000236161_jpg.rf.8315666bda4b1b208a983f7f3e7848ed.jpg, 1, 0, 0, 0
000000218224_jpg.rf.83515c79a321c7748733c0f4d7006738.jpg, 0, 0, 0, 1
000000065399_jpg.rf.82f55dc7f1ff607a0345e108b5ed8e31.jpg, 0, 1, 0, 1
000000540187_jpg.rf.8352968df48c40b3a9cf7049db4bb0e6.jpg, 0, 1, 1, 0
000000321522_jpg.rf.83076b80db6472939761e87a7161b0f0.jpg, 0, 1, 0, 1
000000480036_jpg.rf.8351d597f836f4fca2b9e554f1095cf6.jpg, 0, 0, 1, 0
000000137451_jpg.rf.8371b136bf4408fc927211a80d735acb.jpg, 0, 1, 0, 0
000000319655_jpg.rf.8380e7b6f3eb0ec989b2dbdaa7967f4f.jpg, 1, 1, 1, 0
000000367969_jpg.rf.8339f18cc6b02de4028c688468ac339c.jpg, 0, 1, 0, 0
000000389183_jpg.rf.8378026f4eb7f3ed39896156254734ba.jpg, 0, 0, 0, 1
000000196675_jpg.rf.838da7285b6cdf836968d3bfc77313d6.jpg, 0, 1, 0, 1
000000050837_jpg.rf.833a373d841257a51120c1b62c3032e6.jpg, 0, 1, 1, 1
000000541077_jpg.rf.8378fbac80e89fac96ab832337de8326.jpg, 0, 1, 0, 0
000000293215_jpg.rf.8361d7a860aebea6920dea1a0a494074.jpg, 0, 1, 0, 1
000000238227_jpg.rf.83afa7c9afe016d4bbdf2cf5d484b312.jpg, 0, 1, 0, 0
000000163897_jpg.rf.838170ca686d1d5ef2b705de7dfccead.jpg, 0, 1, 0, 1
000000276801_jpg.rf.838fa01449adf4e8047a753f3ac8319e.jpg, 0, 1, 1, 0
000000067373_jpg.rf.83a91bb40ca44eeca009063628379128.jpg, 1, 1, 0, 0
000000300001_jpg.rf.839174ddfd49f2c66c6c21b17270bb86.jpg, 1, 1, 0, 0
000000023821_jpg.rf.837bb5984155de8fbbb022969f30d3d5.jpg, 0, 1, 1, 1
000000167348_jpg.rf.8328327870dc23d58e6e731247a95d53.jpg, 0, 1, 0, 0
000000018098_jpg.rf.834de5f3e5dc9a97c85cdd424bb9cbc5.jpg, 0, 0, 0, 1
000000119141_jpg.rf.83856a6c8a9d1882926d689640970706.jpg, 1, 0, 0, 0
000000047659_jpg.rf.83b08353932d36e583c0b85d22d29df8.jpg, 0, 1, 0, 1
000000327799_jpg.rf.8357d1942e4a7edd42a08dbe723753b1.jpg, 0, 0, 1, 0
000000309492_jpg.rf.83c7099904d51c71889d89e552ac3e6e.jpg, 0, 1, 1, 1
000000089790_jpg.rf.835de07a29c39f320ee6f1c9853484d1.jpg, 0, 1, 0, 1
000000555065_jpg.rf.8360e33423d84792fbb9cf1de4646e4a.jpg, 0, 0, 0, 1
000000496722_jpg.rf.83b0f769ce029bda4212068558c08b1d.jpg, 0, 1, 0, 0
000000053900_jpg.rf.83df56715668c5c23f8dd0c511031635.jpg, 0, 1, 0, 0
000000418229_jpg.rf.83ce6816785ec6d163b14a220d0c36aa.jpg, 0, 1, 0, 1
000000462512_jpg.rf.83e810bca3d9f5da57e457f5f66717e3.jpg, 0, 1, 0, 1
000000480509_jpg.rf.835bcbee4e230bb49e05809c8370247e.jpg, 0, 1, 0, 0
000000405330_jpg.rf.83b3124371b494c303bbcf6d294336e2.jpg, 1, 1, 0, 0
000000440032_jpg.rf.83eed87ecc81d67c494347670b9fa6bd.jpg, 1, 0, 0, 0
000000540848_jpg.rf.83d03e4300534c4d3fe59a2c6429cfe4.jpg, 1, 1, 0, 0
000000497791_jpg.rf.83b2e73e1333a2483851973789f10936.jpg, 0, 0, 0, 1
000000240802_jpg.rf.83fd7f6d7fdf3da200a7fcc7a10adba4.jpg, 0, 0, 0, 1
000000397893_jpg.rf.8420b7e433151710380a757c893d50c7.jpg, 0, 1, 0, 1
000000155588_jpg.rf.83e931306eac426ee13c16860a00c6da.jpg, 0, 1, 1, 0
000000152012_jpg.rf.8424725e589969cd0938546722c759c9.jpg, 0, 1, 0, 0
000000497875_jpg.rf.83ffed4d6f1bee2e7017745793757949.jpg, 0, 0, 0, 1
000000372362_jpg.rf.8421506ca8359e2e8f74e25492fb966a.jpg, 0, 1, 0, 0
000000438171_jpg.rf.8422e907d9eb4736bf11381e3f117ead.jpg, 1, 0, 0, 0
000000176793_jpg.rf.84424aea36b64f20e1dcf19b7074f3b9.jpg, 0, 0, 1, 0
000000112841_jpg.rf.84431f3c5f0201fa55f23db662d3d3e6.jpg, 0, 0, 1, 0
000000568216_jpg.rf.8452474cf55bf44599d7646534e6b28a.jpg, 0, 1, 0, 0
000000396853_jpg.rf.844fca8abf307100fecacfa29bf6c520.jpg, 0, 1, 0, 0
000000365456_jpg.rf.84595c039f7726c43381dbf2d3987100.jpg, 0, 1, 0, 0
000000258291_jpg.rf.843e101d048d2b467a2fc65a98673932.jpg, 1, 0, 0, 0
000000210394_jpg.rf.83687c5a3d3af2115f6a37d6cdc0c66b.jpg, 1, 0, 1, 0
000000337087_jpg.rf.840b8183db92cb7513d460bf4ca4de16.jpg, 0, 0, 1, 1
000000542594_jpg.rf.847542b4a90e35422d7245501b201e9c.jpg, 0, 1, 0, 0
000000102771_jpg.rf.846eec75a81f9651f219a8d70f110755.jpg, 0, 1, 0, 1
000000319492_jpg.rf.848a6ce3385701c58d10e7e386a74192.jpg, 0, 1, 0, 1
000000164522_jpg.rf.8489acfb823ce71ed79d148b604221a6.jpg, 0, 1, 1, 1
000000304379_jpg.rf.8484d5815f122ecc63c1d19199a21265.jpg, 0, 1, 0, 0
000000017207_jpg.rf.841ba605aaf31a964d66e5a10b06e41d.jpg, 1, 1, 1, 0
000000418696_jpg.rf.8499394df123ad27bb49e9b04fd95ea0.jpg, 0, 1, 0, 1
000000359164_jpg.rf.849f687d8e0781f0e1193d12417586e0.jpg, 0, 1, 0, 0
000000288054_jpg.rf.8470fbbead1d72bd1c9f4fc325a5b301.jpg, 1, 0, 0, 0
000000222094_jpg.rf.849f62f3f4b64279aee99156d4e5b13e.jpg, 0, 1, 0, 1
000000253416_jpg.rf.849b08d5e296cb41da828e7fb017fea2.jpg, 1, 1, 1, 0
000000522566_jpg.rf.8494341234047d2e7dfdd62399e2f4c9.jpg, 0, 1, 0, 1
000000242029_jpg.rf.84e620874e50a136749fd924cfca03cd.jpg, 1, 0, 0, 0
000000465353_jpg.rf.84e54e3a2de7c6a0064f3353fbba01e5.jpg, 0, 1, 1, 0
000000579036_jpg.rf.84de91d9894c107fb42fd6836fa5acc0.jpg, 1, 1, 0, 1
000000375801_jpg.rf.84903bb8eea087830c0ab24da0606539.jpg, 1, 1, 0, 0
000000309638_jpg.rf.84b5e80dcbeeb9d3735800476c2031d4.jpg, 0, 1, 0, 0
000000363117_jpg.rf.847e6d38c4a337066ed6f0777f8b1955.jpg, 0, 1, 0, 0
000000219688_jpg.rf.84be84bb19cecfbeb2f6be0406f810a3.jpg, 0, 1, 0, 0
000000056065_jpg.rf.84a0cbbe6d81a02720faecf7285b6c4d.jpg, 0, 1, 0, 1
000000355159_jpg.rf.84a50e1cf149d9fc87b44ab21dca2242.jpg, 1, 0, 0, 0
000000201887_jpg.rf.84ccce0f49f6b00eee55853ab17d6ceb.jpg, 0, 1, 0, 1
000000203304_jpg.rf.84d3200feb8ef416177eb8990df86045.jpg, 0, 1, 1, 1
000000529667_jpg.rf.84debe3eb8a7edaf7f4a0c0dfb709b0f.jpg, 0, 1, 0, 0
000000508403_jpg.rf.84c4728d9214009fdac50772346ff31e.jpg, 0, 1, 0, 0
000000303321_jpg.rf.84dcaf541d9dba4cfac7a7d8e3b30af7.jpg, 0, 1, 1, 0
000000347885_jpg.rf.84f805413262501b9bae776455f4a1b3.jpg, 1, 1, 1, 1
000000257867_jpg.rf.84fce0b3dfaccd10aba8ca36bdd3079e.jpg, 1, 1, 0, 1
000000530520_jpg.rf.84fec6bc0ef41b44e736f15a8498cf9b.jpg, 0, 0, 1, 0
000000098431_jpg.rf.8513e82a555a62a739fbff4b83ff5d8b.jpg, 1, 0, 0, 0
000000301634_jpg.rf.85204a1d14ad4751cd970787223dfcdb.jpg, 0, 1, 0, 1
000000232262_jpg.rf.8531768ab4e6ad67b2d5990bcabc062f.jpg, 0, 1, 1, 1
000000200739_jpg.rf.850ff82c69bb0b909f4a402851869a72.jpg, 0, 1, 0, 1
000000436808_jpg.rf.851d7fdce24b358df00982aa4cc1e28d.jpg, 1, 1, 0, 0
000000101239_jpg.rf.85151c7c20ace084798cb4911800a16b.jpg, 0, 0, 1, 0
000000213534_jpg.rf.84530237abade630a22f5fb23451b8ff.jpg, 0, 0, 0, 1
000000014278_jpg.rf.854a3ca9543dbddd9788c6f6c86f05ea.jpg, 0, 1, 0, 0
000000248834_jpg.rf.84ed544a284c385952f2cddbd48ba83a.jpg, 0, 1, 0, 0
000000465508_jpg.rf.8529b8cf695e2f5e5210c50bb53345d0.jpg, 0, 1, 0, 0
000000355415_jpg.rf.8520d38bf2f130e03ea1fefc0f0db83c.jpg, 0, 1, 0, 0
000000038477_jpg.rf.857340d4af5d63beaf27a66dda38d29c.jpg, 0, 1, 0, 0
000000343198_jpg.rf.851a00a7b40186b7f7ccfb1450383207.jpg, 0, 1, 0, 0
000000477015_jpg.rf.859d956c16345d9ee3e6af63342f22f4.jpg, 0, 1, 0, 1
000000288673_jpg.rf.856832fd3f1bfb28cc3816ae35a8813e.jpg, 0, 1, 0, 0
000000307892_jpg.rf.858c30d5c3bc10153e3f1d47347bfb9b.jpg, 0, 0, 0, 1
000000421978_jpg.rf.854789703e5e8dfeb5f13532eec48520.jpg, 0, 1, 0, 0
000000030752_jpg.rf.85271c12174a18c31f51fa6943219b3c.jpg, 0, 0, 0, 1
000000229105_jpg.rf.85537bc6f0a686a25aed77a4648b183c.jpg, 0, 1, 0, 1
000000012861_jpg.rf.859d8067aa12c7b909e50d19aaf9f226.jpg, 0, 1, 0, 0
000000373637_jpg.rf.85677ac1d2d005053984b3af851ab600.jpg, 1, 1, 0, 0
000000578119_jpg.rf.85bc9a98149aa1bf7e8859690d7a345b.jpg, 0, 1, 0, 0
000000112896_jpg.rf.857f69d208d8e933c7d5584f8c6cb731.jpg, 0, 0, 1, 0
000000124643_jpg.rf.859715e9f6a8f5da400cce156c41c2d1.jpg, 0, 0, 1, 0
000000494642_jpg.rf.85b9eb1ca6d846334f8ddffa27616e6f.jpg, 0, 0, 1, 0
000000316852_jpg.rf.85c9818efd9b6dc5b04595fd12d3c783.jpg, 0, 1, 0, 0
000000325482_jpg.rf.85afe45cfc29fd7afc4bc52ff8ebeca5.jpg, 0, 1, 0, 0
000000407365_jpg.rf.85b62a25ecf7b0edc1a4b75409b35602.jpg, 0, 0, 0, 1
000000218208_jpg.rf.85c80e99700451e22a236aa63c1fa722.jpg, 1, 1, 0, 1
000000380057_jpg.rf.85d5defe3fa39ac6e50ee42bafe525a2.jpg, 0, 1, 0, 0
000000289813_jpg.rf.85c96ebc912ae9700678d4934708e67d.jpg, 0, 1, 0, 0
000000271441_jpg.rf.85dd95e0b312d042367852cc40744159.jpg, 1, 1, 1, 0
000000138503_jpg.rf.85f390ad420108dd565ec69d97f164dc.jpg, 0, 0, 1, 0
000000343059_jpg.rf.85d63cc66ad713c269fa8910526dcbcf.jpg, 1, 0, 0, 0
000000501247_jpg.rf.85a15f464f18e2c67674ccd1b72e5f1e.jpg, 1, 1, 0, 0
000000011159_jpg.rf.85b1e78151762dc3c01e0d70db8eefbb.jpg, 0, 1, 0, 0
000000116155_jpg.rf.85d5fcb1d06f74b2a8b075ee65b5aaa1.jpg, 1, 1, 0, 0
000000314836_jpg.rf.859fdbbc38ab59d2141d947355be3627.jpg, 1, 1, 0, 0
000000313494_jpg.rf.85eaed4dd65a6672032b067279488c21.jpg, 0, 1, 0, 1
000000495040_jpg.rf.85c19d273c49d0922e9463e5e93f501f.jpg, 1, 0, 0, 0
000000244005_jpg.rf.85ce8951cc48bd16dc5dff40a8fbfb27.jpg, 1, 0, 0, 1
000000421205_jpg.rf.85d08001090e2f7f69e2ce29163a4bc7.jpg, 0, 1, 0, 0
000000054009_jpg.rf.85f1ae4c9726695b5872c14ac469307c.jpg, 0, 0, 0, 1
000000177893_jpg.rf.85fd6c1ffdaa5a5d7b9637e1036f2489.jpg, 1, 1, 0, 0
000000189735_jpg.rf.85f3deef6ab2fc9d35f6c10b681ea37d.jpg, 0, 1, 0, 0
000000304520_jpg.rf.85fb9ed8c5a00a876568a9e265f0ddc8.jpg, 1, 0, 1, 0
000000149185_jpg.rf.85f88e033f091cbc20a852d4e446e35e.jpg, 0, 1, 0, 0
000000340763_jpg.rf.86207fd15b29ce09d3fa11eeefa7b284.jpg, 0, 0, 1, 0
000000461805_jpg.rf.85fe8e2196360182eae333a4c167d5aa.jpg, 0, 1, 1, 0
000000052924_jpg.rf.86005d3b3617f56b92045d0a8ab27cc0.jpg, 0, 0, 1, 0
000000283170_jpg.rf.862f2f16af61413ca0110abf625f5267.jpg, 1, 1, 1, 1
000000360899_jpg.rf.8620d81fbb3a676deb07d3d36b9e0c4f.jpg, 1, 0, 1, 0
000000097733_jpg.rf.863bb29eaa36da9fe0c755d677d88821.jpg, 0, 1, 1, 1
000000383607_jpg.rf.8607318907dfe20cc21a6ea5b91ca01c.jpg, 0, 1, 0, 0
000000040129_jpg.rf.8618bb4fb9229722daed156af3cd8ee5.jpg, 1, 1, 0, 1
000000240340_jpg.rf.865db168067b9f4d6ca2eefbbfca17bf.jpg, 0, 0, 1, 0
000000188735_jpg.rf.862e7ac70c1658bb3a181310e8490285.jpg, 1, 0, 0, 0
000000404479_jpg.rf.865337ba22b14b1eaca097262b238698.jpg, 0, 1, 0, 0
000000140465_jpg.rf.862e1f300a31293ce3e0d96024d66047.jpg, 0, 0, 1, 0
000000322892_jpg.rf.865fc8097065be3f22f4de0454d5542b.jpg, 0, 1, 0, 0
000000033213_jpg.rf.861ef42f32a8339e48b91a2e52d7813a.jpg, 0, 1, 0, 1
000000039779_jpg.rf.863b5580e178382f4e4df0518f4e634a.jpg, 1, 1, 0, 0
000000144089_jpg.rf.86116d11e05db734ddc434804ee77fa2.jpg, 0, 0, 1, 0
000000062203_jpg.rf.86797dea1b6c3ac185b4547d8460c19e.jpg, 0, 1, 0, 0
000000117137_jpg.rf.866d5384f872db4c814b35832aa20829.jpg, 0, 1, 0, 1
000000033471_jpg.rf.86634685a8f803c4e1bea5c107398a1a.jpg, 1, 1, 1, 1
000000457805_jpg.rf.8638175a8514eb19e43a5819fe0d25b5.jpg, 0, 0, 1, 0
000000391721_jpg.rf.8647bf653732623fc3c53194e83cdda8.jpg, 0, 0, 0, 1
000000141352_jpg.rf.867b4829da4d0491ed8e745da5fdbbe1.jpg, 0, 0, 1, 0
000000566043_jpg.rf.866445ed3175f293ccd3ecf9a61b1675.jpg, 0, 1, 1, 0
000000298987_jpg.rf.868ac4109f055da828dc44b9617df698.jpg, 1, 1, 0, 0
000000346026_jpg.rf.867c805d6d984c7c51c6cd47cf076051.jpg, 1, 1, 0, 0
000000448849_jpg.rf.86aa0eb53829398edf17aab82dd3b3c4.jpg, 1, 0, 0, 0
000000266108_jpg.rf.86c061c3e233557a72dadeb2a66b748a.jpg, 0, 1, 1, 0
000000052007_jpg.rf.867c6933463f88635ffc49c3f6238b97.jpg, 1, 0, 0, 0
000000403982_jpg.rf.86b2fddc54cc4704841b0edc3bce813f.jpg, 0, 1, 0, 0
000000225792_jpg.rf.868aa5d7bb365bdbabaf6c9c15010ed2.jpg, 0, 1, 1, 1
000000349310_jpg.rf.86958428857f832020fece9c13c536a2.jpg, 1, 1, 0, 0
000000115718_jpg.rf.86ae8f24523e667809078764a41a2a84.jpg, 0, 1, 0, 0
000000349734_jpg.rf.868746deba525a8840f8aaabd7452189.jpg, 0, 1, 0, 0
000000466346_jpg.rf.86185275d634ea825a8277df77f3c491.jpg, 1, 0, 0, 0
000000574211_jpg.rf.86bf28bd8b12761c95376aa08a0e9554.jpg, 0, 1, 1, 0
000000350860_jpg.rf.8682d8ae64b596bae5af5480b7490264.jpg, 0, 1, 0, 1
000000522411_jpg.rf.86a1cfff106d30c956fa7dd2c29cb326.jpg, 0, 0, 0, 1
000000140088_jpg.rf.863b8d1c2e87cb63f37735e6aec4fa46.jpg, 1, 1, 0, 0
000000200788_jpg.rf.86c5cb399c26f0f14bf62e7f4b33ae9b.jpg, 0, 1, 0, 0
000000476060_jpg.rf.86d94c9a7c49940c95be8229161212b1.jpg, 1, 0, 0, 0
000000469977_jpg.rf.86c459e45807cb91c16b5c54eaf7a4c7.jpg, 0, 0, 0, 1
000000091909_jpg.rf.86c6f5a6695da95fd1f495cb3dc86459.jpg, 0, 1, 0, 1
000000559665_jpg.rf.86c0cb740088f58f55a6021542a39f64.jpg, 0, 1, 1, 1
000000556492_jpg.rf.86c987ee4eb7280f02fab37b97655ce4.jpg, 1, 1, 0, 0
000000579865_jpg.rf.8643b12d1bec5f2aa094734931ea2a81.jpg, 0, 0, 1, 0
000000017526_jpg.rf.86e87eff7a62549d0f8c3b4f23929204.jpg, 0, 1, 0, 0
000000317410_jpg.rf.86d924fa0450b7afa47942cd76a836cd.jpg, 0, 1, 0, 0
000000493483_jpg.rf.86f2570910044f0a819f83d6e0f7dbb6.jpg, 0, 1, 0, 0
000000401759_jpg.rf.8730c2a25da8a1afbce5a535797f7633.jpg, 0, 1, 0, 0
000000482951_jpg.rf.86ea147ad3ceca5cebf39940680cb705.jpg, 0, 1, 0, 0
000000035985_jpg.rf.86ecbe783552b52d7bf84e699224db23.jpg, 0, 1, 0, 0
000000430245_jpg.rf.86f06311437cdf09cc2bd1f957d9f342.jpg, 0, 0, 1, 0
000000311564_jpg.rf.86f521c49a844f9152829153e3996e8c.jpg, 0, 1, 0, 0
000000528951_jpg.rf.87040a74c5f322a32a70f37cfacf6ccc.jpg, 0, 1, 0, 1
000000080737_jpg.rf.86dda5afd96bdbb1fd7ec72649f95dcf.jpg, 0, 0, 1, 0
000000445606_jpg.rf.873ba9c8e5726daad364c41c70d6be63.jpg, 1, 1, 0, 0
000000070309_jpg.rf.8703b02cafa38eac24dc5260c33f4fc5.jpg, 0, 0, 1, 0
000000079563_jpg.rf.86fd15a87eba51db6f8124be8c178dda.jpg, 0, 1, 0, 1
000000068636_jpg.rf.87452d3e183add6f47a88fa3020dd7e4.jpg, 1, 1, 0, 0
000000185314_jpg.rf.86e0fbdf31054cc2ddb53d131408b263.jpg, 0, 0, 1, 1
000000033698_jpg.rf.8727ce17269182bacd3332a1142c0115.jpg, 1, 1, 0, 1
000000497312_jpg.rf.87373512774b345579bd481356253565.jpg, 0, 1, 0, 0
000000577024_jpg.rf.870a3f05e7373874808c97298d5d634d.jpg, 1, 1, 0, 0
000000132574_jpg.rf.87003f9a184162563771a4106b2d0c76.jpg, 0, 1, 0, 0
000000037932_jpg.rf.87139821623b3ce26df04d885951f392.jpg, 0, 0, 1, 0
000000000681_jpg.rf.86c96b1354ea0a7cc66eb62285c85214.jpg, 1, 0, 0, 0
000000431526_jpg.rf.87409145462aac8cb66f7e9697048393.jpg, 0, 0, 0, 1
000000153861_jpg.rf.874fc1a4ffd3c1411d001dfe9683f4bd.jpg, 1, 0, 0, 0
000000033221_jpg.rf.874708b82b48a6725fbadbb8ddfb8db8.jpg, 0, 1, 0, 1
000000230246_jpg.rf.87564bc0438795f904122e1ee9473d15.jpg, 0, 1, 0, 0
000000028307_jpg.rf.87718ffdf3ece3f17883fea7aaf79f82.jpg, 0, 1, 0, 1
000000077160_jpg.rf.873fb52a50e1aa8b2a6febe6c36e86a4.jpg, 0, 1, 0, 1
000000071215_jpg.rf.86f3f7c13ac5f242439652d6398f72f1.jpg, 0, 1, 0, 0
000000312861_jpg.rf.87334c4d683a14e717e579a1d9cc686a.jpg, 0, 1, 0, 0
000000370739_jpg.rf.8749f824ddc93c561b970cc4a5567a1d.jpg, 0, 1, 0, 1
000000097782_jpg.rf.87600eb2292a8f8e917c93b359b65f75.jpg, 0, 1, 0, 0
000000110357_jpg.rf.8767298badbabdd8e7a8918edd0efa59.jpg, 0, 0, 1, 0
000000258129_jpg.rf.8775662293bc36154f73abe5b8e63d93.jpg, 0, 1, 1, 1
000000083801_jpg.rf.874e966da5af90fbaf2b5e87845eb5b5.jpg, 0, 0, 0, 1
000000223146_jpg.rf.877407c731db7f6e8b190d2ad8db1b7d.jpg, 0, 1, 0, 1
000000313735_jpg.rf.876273b7908b77b8ca6c8f967f73d02b.jpg, 0, 1, 1, 1
000000277073_jpg.rf.8780cfa8d86ecc349eb852983c97e9e9.jpg, 0, 0, 1, 0
000000504968_jpg.rf.879cb0f6bc5ef13adca04f4d23f302a5.jpg, 0, 1, 0, 0
000000367429_jpg.rf.87abf98de79eb74402324e10dc279e18.jpg, 0, 1, 0, 0
000000114745_jpg.rf.87812ffbb309ead8804f06d2a6de413a.jpg, 0, 1, 0, 0
000000404235_jpg.rf.877f9e901743b66fd4b106719aa3ae7e.jpg, 0, 1, 0, 1
000000207491_jpg.rf.877536f552eee7407e08c3b299c0f6ac.jpg, 1, 1, 0, 0
000000380898_jpg.rf.87963c43ed7f4a99eb56e9a1088cee93.jpg, 0, 1, 0, 0
000000288025_jpg.rf.8776561821478d8ec1aac5413db2fe6e.jpg, 0, 1, 0, 0
000000223766_jpg.rf.87acd4b47e725b4a4a6de2cd47e7ee0c.jpg, 0, 0, 0, 1
000000365066_jpg.rf.87ad75d2f6430630cccd21a891ae50d8.jpg, 0, 1, 0, 0
000000529956_jpg.rf.877df5c576fdab4e9ee0e4cabd41623b.jpg, 0, 0, 0, 1
000000208327_jpg.rf.87512676a058d3058612e81c67169095.jpg, 0, 0, 1, 0
000000040075_jpg.rf.87ca0e5bf7611d8d965f8d1f9ed2e6e3.jpg, 0, 1, 0, 0
000000203454_jpg.rf.87bd3f4121917c6c885027afa496c7db.jpg, 0, 0, 1, 0
000000103485_jpg.rf.87be5de70ca486855b3137d4e67ed67e.jpg, 1, 1, 0, 0
000000235802_jpg.rf.87b07db601227e572735d8adaea0b9ae.jpg, 0, 0, 1, 1
000000532014_jpg.rf.87752b555a6c5aaa75e39f40075f627b.jpg, 0, 1, 0, 0
000000460780_jpg.rf.87ce08798d01acd398636ec26b4ba630.jpg, 0, 1, 1, 0
000000577787_jpg.rf.87ba2be1fa155926e3a6063b6358e9ef.jpg, 0, 1, 0, 0
000000568432_jpg.rf.87dd355c51d8024f16989f07e7bd15ff.jpg, 1, 1, 0, 0
000000278706_jpg.rf.87dd659e1f7f36f48699f0730012c01d.jpg, 0, 0, 0, 1
000000272961_jpg.rf.87e6a3f4b6b2f3c2e4d14ba062e5febb.jpg, 0, 1, 0, 0
000000039685_jpg.rf.8805f0f463b050497e26159079c62e4d.jpg, 0, 0, 0, 1
000000542183_jpg.rf.87ec5de8eec211e23e2f43b1b4c32333.jpg, 0, 0, 1, 0
000000189882_jpg.rf.8808f899e7e09222fc6a80dec311eee5.jpg, 0, 1, 0, 0
000000172439_jpg.rf.87f2269ddc6032002c2f4e803e9c8146.jpg, 0, 0, 1, 0
000000421775_jpg.rf.881fa8438934f256a68c4cd3eb2ad2b4.jpg, 0, 1, 0, 0
000000393982_jpg.rf.87ecf424b4e9793990e1fa3583866df1.jpg, 0, 1, 0, 1
000000136453_jpg.rf.8811bd04cfbb791bec4d5323f8c6ef6d.jpg, 0, 0, 0, 1
000000178030_jpg.rf.882eb7b010fbcbecc4a9fee6b0f61406.jpg, 0, 1, 0, 0
000000512731_jpg.rf.882687d5fbf154668c72a9883efe4427.jpg, 0, 1, 0, 1
000000060671_jpg.rf.87f9e2090b6894c3ef1955593a8cf22a.jpg, 0, 1, 0, 0
000000343881_jpg.rf.8811a8c11cdb19a746dac5b98a7a97f8.jpg, 0, 1, 0, 0
000000393125_jpg.rf.88296339231d861086e38500487894db.jpg, 0, 1, 0, 1
000000190581_jpg.rf.87d39ef771eb42550238c8f21b9d323b.jpg, 0, 0, 1, 0
000000229948_jpg.rf.8839b3b51be493421a40dde7075604cc.jpg, 0, 0, 0, 1
000000468318_jpg.rf.882af55bbe73bbd51fce466820ca6024.jpg, 0, 1, 0, 0
000000066825_jpg.rf.88106963520bfe278aaca56947e2e3b1.jpg, 1, 0, 0, 1
000000568459_jpg.rf.8868a7faccbc87abd49c3c3d8d498fae.jpg, 1, 1, 0, 1
000000318261_jpg.rf.884fc661999329a3a3cacf9ddc94abc1.jpg, 0, 1, 1, 1
000000496313_jpg.rf.88451c46f6ae364d67944511d07f550b.jpg, 1, 1, 0, 1
000000202040_jpg.rf.885734069297fcb6edfbc7bc037a33ea.jpg, 0, 0, 1, 0
000000251466_jpg.rf.88644fd57be555750c72e87f7a9d5ec7.jpg, 0, 1, 0, 1
000000460149_jpg.rf.888b5d94d88191c7979316ab304afaab.jpg, 0, 1, 0, 0
000000360606_jpg.rf.889b7596292ddf8ce832092d1f28a1a8.jpg, 0, 0, 0, 1
000000334703_jpg.rf.8880283bc75f07bdb09a3ebbf16fb7f2.jpg, 0, 1, 0, 0
000000361029_jpg.rf.8868ff4612d9e3907544deee3ca84f21.jpg, 0, 1, 0, 0
000000130972_jpg.rf.88c9a456d044f33f9feb1486a902554b.jpg, 0, 1, 0, 0
000000275771_jpg.rf.8855eee63842ee647123017bed665ed1.jpg, 1, 0, 0, 0
000000403657_jpg.rf.888f092847a55fe327665819f908a609.jpg, 1, 1, 0, 0
000000407080_jpg.rf.888f4807b064f663ecf28097489e7d8c.jpg, 0, 1, 0, 0
000000099518_jpg.rf.88726e9ce6e5f738a7a999e0c312641e.jpg, 0, 0, 0, 1
000000538879_jpg.rf.888fb129dc291b00de9d27b396178eab.jpg, 0, 1, 0, 0
000000078410_jpg.rf.88ae640bc3e0d8b411f15f5a479c2f2a.jpg, 1, 0, 0, 1
000000528198_jpg.rf.8887d848056f8284f950b0336633ce86.jpg, 0, 0, 1, 1
000000261603_jpg.rf.88a22a1e964449999ddee347e333c709.jpg, 0, 0, 1, 0
000000004535_jpg.rf.884b81c387b186e5474ae8ba036cf9ba.jpg, 0, 0, 0, 1
000000355040_jpg.rf.88896748ec56cb7e808cc70b2328c524.jpg, 0, 0, 1, 0
000000526071_jpg.rf.883aa2cd395517bf5d4ecc9630dae01a.jpg, 0, 1, 0, 0
000000024428_jpg.rf.88cd2d83e627da7a18e0ed6fe31bcb36.jpg, 0, 1, 0, 1
000000162858_jpg.rf.88da510d1839d95001dd26e375e7b2b8.jpg, 0, 1, 0, 0
000000331057_jpg.rf.88d369eecdd980db63004bbe02b1c529.jpg, 0, 1, 1, 1
000000563370_jpg.rf.889ce48220e02e257e165106d2f04e8c.jpg, 0, 1, 0, 0
000000163114_jpg.rf.88dd81065352c5acda334354589448d0.jpg, 0, 0, 1, 0
000000463469_jpg.rf.888136c7a9aa9a11bda9d77b9cdf908b.jpg, 0, 0, 1, 0
000000030942_jpg.rf.88efadb283b1338566df9e554caec9d7.jpg, 0, 1, 1, 0
000000562106_jpg.rf.88e3c2aab56b04a3f87de2776a45eb44.jpg, 0, 1, 1, 1
000000470623_jpg.rf.8913fb70c943e5155c52ef50ef97cc4c.jpg, 0, 1, 0, 0
000000235380_jpg.rf.88dc07e2e038dee5dcca1194b7ef1700.jpg, 0, 1, 0, 0
000000487167_jpg.rf.88fcd32d4bb69427d235a51a9791d5a4.jpg, 1, 1, 0, 0
000000403523_jpg.rf.8907b854e530771c0aafe8cd2044a548.jpg, 0, 0, 1, 0
000000132984_jpg.rf.892b58ee4665eecb3bfed83499b35764.jpg, 0, 1, 0, 0
000000410855_jpg.rf.890774a384660f2789afc5bf0bee2405.jpg, 0, 1, 0, 0
000000263328_jpg.rf.8921ba081116afdec1bc08f053069ece.jpg, 1, 1, 0, 1
000000244283_jpg.rf.891c1e86a01430de43f6a8cf591212d3.jpg, 0, 1, 0, 0
000000456709_jpg.rf.892cae89d132dcb49ca6dc1d7f703a26.jpg, 0, 1, 0, 0
000000212047_jpg.rf.8932b41dd819f9b4408179585b0f78fe.jpg, 0, 1, 0, 0
000000561121_jpg.rf.88fb00620414ff58bb5e1a2f5253d417.jpg, 0, 1, 0, 0
000000122460_jpg.rf.88da7f5b10020c4b06bdbe2b9bd22625.jpg, 0, 1, 0, 1
000000478636_jpg.rf.8804bd20d153779cd6e551f61ff2b330.jpg, 0, 1, 0, 1
000000330671_jpg.rf.897bb5a32da7080b8f7f1306e0c6507e.jpg, 0, 1, 1, 1
000000150487_jpg.rf.896ce5d46520679831da5ccccacd5a0a.jpg, 0, 0, 1, 0
000000487783_jpg.rf.897be6daf2fe437452b80d56329de389.jpg, 0, 0, 0, 1
000000233617_jpg.rf.8995fe5bfc0dc9d839ad753606d7cebd.jpg, 0, 0, 0, 1
000000066507_jpg.rf.89641f44cba5227b09deab716215877c.jpg, 0, 1, 0, 1
000000215304_jpg.rf.898873c4a9b60c4347f366f02cc09bfc.jpg, 0, 1, 0, 1
000000529968_jpg.rf.8936748d12b64df893e468c5f74573db.jpg, 0, 0, 1, 0
000000211185_jpg.rf.89424f2724043b4dde8dea163879b2c7.jpg, 1, 1, 0, 0
000000296540_jpg.rf.899620b81aec381345908357f88815e1.jpg, 0, 1, 0, 1
000000534314_jpg.rf.89495430408b63dfdc198c91c9c517c8.jpg, 1, 1, 0, 0
000000521259_jpg.rf.8945a4382e408ccbd6277cfd8cba7935.jpg, 0, 1, 0, 1
000000186797_jpg.rf.894874aee374c75c962384b9d02189a1.jpg, 0, 1, 0, 0
000000223420_jpg.rf.899a404a7d37a2e0d4884b0e1121b364.jpg, 0, 1, 0, 0
000000104537_jpg.rf.893307bfa519d9333dbf47cd6d73fb90.jpg, 0, 1, 0, 0
000000094439_jpg.rf.897dcac72d5aa79604803494e6a5ac45.jpg, 0, 1, 0, 0
000000311715_jpg.rf.89842f8e78ae863e138ecc6c9fd08258.jpg, 0, 0, 1, 0
000000235491_jpg.rf.89aedf12a51e81589cd150dd0d653f16.jpg, 0, 1, 0, 0
000000099910_jpg.rf.89bf3739f754e270974c233ab19996cd.jpg, 0, 1, 0, 1
000000537772_jpg.rf.89b9edcc7d5f4fdb6cebd4603add7db7.jpg, 0, 1, 0, 1
000000219978_jpg.rf.89bc294dbf0e5af53fb1d4af6cb7c306.jpg, 0, 1, 0, 0
000000134053_jpg.rf.895d1409a88685abe3630a1b6b85d2bc.jpg, 0, 0, 0, 1
000000278656_jpg.rf.8939f787ec5015aa2fbf50e95c9c40e1.jpg, 0, 1, 0, 0
000000045678_jpg.rf.89c6201c98875a05b20826029c778e07.jpg, 0, 1, 0, 1
000000105782_jpg.rf.89c1de7209f0e5c8086c0621f76442d2.jpg, 0, 1, 0, 0
000000163645_jpg.rf.89ba48434293c64958f2199b4c9c4a4b.jpg, 0, 0, 1, 0
000000313718_jpg.rf.89ee4f4c4bd46cc634f5d525fa006714.jpg, 1, 1, 0, 0
000000267111_jpg.rf.89ea8e5c3aeee5783e949bed125b7112.jpg, 0, 1, 0, 1
000000220031_jpg.rf.89cd2c31bb1f628696a8b75ab56e1b9f.jpg, 0, 1, 0, 0
000000216771_jpg.rf.89e5297c207e39d2846883c66266469c.jpg, 0, 1, 0, 0
000000518318_jpg.rf.8a02137168fc6bbd02eae0ca6a149231.jpg, 0, 1, 0, 0
000000159250_jpg.rf.89efe031969ffb43db4c9d35b3bee57c.jpg, 0, 1, 0, 1
000000359030_jpg.rf.89fafc689c570fcddc8fba03fa2bef26.jpg, 0, 1, 0, 1
000000504170_jpg.rf.8a0576c714786dec46c77d031d1aba4d.jpg, 0, 0, 0, 1
000000368611_jpg.rf.89f99a1252b41c1747133e527976b877.jpg, 0, 0, 0, 1
000000556154_jpg.rf.8a24b53a880ca0f23e8cde34bd340bba.jpg, 0, 1, 0, 1
000000443498_jpg.rf.8a3154969ffb41214b0066711e5ce5d6.jpg, 1, 0, 0, 0
000000029647_jpg.rf.89faba0cb940eb922355484a4e92e038.jpg, 0, 1, 0, 0
000000456884_jpg.rf.89cd7d7a6983ecc4a833d0c69c405655.jpg, 0, 1, 0, 0
000000509584_jpg.rf.8a3843b8a23354b817f5630c56fdde0e.jpg, 0, 1, 1, 0
000000227069_jpg.rf.8a05b6ce1b0e63451015b9ed3bb8b211.jpg, 0, 1, 0, 0
000000491991_jpg.rf.8a14531b397b5d0daccc7c146205c4df.jpg, 0, 1, 0, 1
000000083125_jpg.rf.8a0d68701df8d02f8ab69d0a79c80e79.jpg, 0, 1, 0, 1
000000428985_jpg.rf.8a159b0a960868792adfe4e4ad198410.jpg, 0, 1, 0, 0
000000238018_jpg.rf.8a09a3d57ba2edfe1b9590cedde22861.jpg, 0, 1, 0, 0
000000004068_jpg.rf.8a3cd1e22e928ca540dd79b6053b59ff.jpg, 0, 1, 0, 0
000000047563_jpg.rf.8a4db47f95b97a309beac6d89cbf2da1.jpg, 0, 1, 0, 0
000000277521_jpg.rf.8a0a76ca85158deb0639ed41d1295467.jpg, 0, 1, 0, 0
000000216686_jpg.rf.8a3e4d831a1fdff61b8ef3d5012b587b.jpg, 0, 1, 0, 0
000000145295_jpg.rf.8a566bd3c7378d9d1b9ccfdd44722e5b.jpg, 0, 1, 0, 0
000000097363_jpg.rf.8a3a971bfae620cf16207b341f445e70.jpg, 0, 1, 0, 0
000000478858_jpg.rf.8a4f2e9b1c11fbaa09f74b42f0c7304e.jpg, 1, 1, 0, 0
000000322785_jpg.rf.8a5aa462b636b4a32b509465cdbbe671.jpg, 1, 0, 0, 0
000000492711_jpg.rf.8a2cac0284f2aa042db0d82227e80d79.jpg, 0, 0, 0, 1
000000322253_jpg.rf.8a56f3f5523873a563d90721ed4895e9.jpg, 0, 0, 1, 0
000000543393_jpg.rf.8a2ab0120d34b854e93c0417a605aa29.jpg, 0, 1, 0, 0
000000271344_jpg.rf.8a56a88254a8bcd08ce0682192955478.jpg, 0, 1, 0, 1
000000300499_jpg.rf.8a5957cb2447c30a85cae487c667a0d0.jpg, 0, 1, 0, 1
000000320014_jpg.rf.8a5f7d924b7f17ce3a249080728bed46.jpg, 0, 1, 0, 0
000000555122_jpg.rf.8a66ee75fa1c5fe3a81cb69e638de4de.jpg, 0, 1, 0, 0
000000561622_jpg.rf.8a61cd20b511e6afcdbe3d3f16280bf4.jpg, 0, 1, 0, 1
000000017683_jpg.rf.8a64bfc09938db450911952699c8b7bf.jpg, 1, 1, 0, 0
000000006517_jpg.rf.8a828d4a0b03ccbd425cf13d41f08f05.jpg, 0, 1, 0, 0
000000059527_jpg.rf.8a790934f1608e0622dc04d5eed1e7e5.jpg, 0, 1, 0, 0
000000019828_jpg.rf.8a8154448425aaeded370254f44be47f.jpg, 0, 1, 0, 1
000000253480_jpg.rf.8aa9655743c78f3aaf5b9b109b7ca013.jpg, 0, 1, 0, 0
000000375680_jpg.rf.8a95433cd2cc58757ba95779523eee68.jpg, 1, 1, 0, 0
000000468253_jpg.rf.8ac33335c61cd52ae987ba4160e4e65b.jpg, 0, 1, 0, 1
000000300782_jpg.rf.8a6f8e914ad12a2256c289413667a1d2.jpg, 0, 1, 0, 0
000000504958_jpg.rf.8aaf09fdd3fd168660671f8b0a433f60.jpg, 1, 1, 1, 1
000000445041_jpg.rf.8aa5a2e52fc3f681c93f13da8b48013a.jpg, 0, 0, 1, 1
000000467092_jpg.rf.8917328034238d5eb1d65b0422c7e560.jpg, 1, 0, 0, 0
000000541506_jpg.rf.8ac7fe8558fdf99c071cee1ac900025e.jpg, 0, 1, 0, 1
000000466156_jpg.rf.8acc73a90e02b9395c202b120d8681e2.jpg, 0, 1, 0, 0
000000031561_jpg.rf.8a87ee47d2bf0782c3bcfcffd15e3f86.jpg, 0, 1, 0, 0
000000531614_jpg.rf.8ab15ba7dcd27350fab80b81b056c509.jpg, 0, 1, 0, 0
000000434850_jpg.rf.8a99423e1b616e7a703079710ad089b8.jpg, 0, 1, 0, 0
000000303731_jpg.rf.8aa4622a441649146fd3ba6c1bc4c06d.jpg, 0, 1, 0, 0
000000383777_jpg.rf.8ab1af5f96df2ecd50d0228020b3ce52.jpg, 0, 1, 0, 1
000000151577_jpg.rf.8abc90b6df117f7673b37754933e4177.jpg, 0, 1, 0, 0
000000259830_jpg.rf.8aac6355eae22a5ebdb4174ab86dc08d.jpg, 0, 0, 1, 0
000000292526_jpg.rf.8a6f49faefaee3cfb029d84e0403cc52.jpg, 0, 0, 1, 0
000000124167_jpg.rf.8ad1bdf6e9fa1d397efedda7644cbaa2.jpg, 0, 1, 0, 0
000000554128_jpg.rf.8ad3cf4b914640ea305e39ac0b255201.jpg, 0, 1, 0, 0
000000232724_jpg.rf.8aa352af63bc02c88865152744316121.jpg, 0, 1, 0, 0
000000077628_jpg.rf.8ad9e3864758e9a2031addb9f6613caf.jpg, 0, 1, 1, 1
000000413989_jpg.rf.8ad5d53187ba28a3325b13505949bca9.jpg, 1, 0, 0, 0
000000430686_jpg.rf.8ade1067a555d9bc993a7f2e73858fe4.jpg, 0, 1, 0, 0
000000165686_jpg.rf.8addf8fd49508d61f577a672484aa659.jpg, 0, 1, 0, 0
000000520342_jpg.rf.8a9175d577b53fd4220d10fd2f460e3a.jpg, 0, 1, 0, 0
000000452220_jpg.rf.8afa666dddef288db74579029af3053d.jpg, 0, 0, 1, 0
000000390348_jpg.rf.8ad395cd06adced4daed95069323d9b0.jpg, 0, 0, 1, 0
000000497119_jpg.rf.8b2efbc847abbda8c91634c35639d056.jpg, 0, 1, 1, 0
000000044065_jpg.rf.8b06c10051013469b97e057b3647d82e.jpg, 0, 0, 1, 0
000000316571_jpg.rf.8aecc1e16c645025acb43578661723db.jpg, 1, 1, 0, 0
000000440586_jpg.rf.8ae868e5a6349a0c2c35f59f6fe1592b.jpg, 1, 1, 1, 1
000000395800_jpg.rf.8afc0b33a6bf93fa8f07d855106e8db0.jpg, 0, 1, 0, 0
000000505890_jpg.rf.8af96ec93001cbd766492228df538145.jpg, 1, 0, 0, 1
000000002644_jpg.rf.8b17a0006b5d4b99123a01ea51ee4af8.jpg, 1, 1, 0, 0
000000080304_jpg.rf.8b414add42c9e5c5c7cb75f0ee7fd1df.jpg, 0, 0, 1, 0
000000554316_jpg.rf.8af7977b15d7efa879d0545d7fe7d436.jpg, 0, 0, 0, 1
000000074523_jpg.rf.8b325575310371270394a603dadbb819.jpg, 1, 1, 0, 0
000000493341_jpg.rf.8adfe6380735b495f62a6a3435076151.jpg, 0, 0, 0, 1
000000101243_jpg.rf.8b38e821d9e080078442ba0ba7cbca6c.jpg, 0, 1, 0, 0
000000052952_jpg.rf.8af4734a077849d4f4425e53a06a5710.jpg, 1, 0, 0, 1
000000332916_jpg.rf.8b40f1d053dcb4a980db12701d3938e1.jpg, 0, 1, 0, 0
000000390569_jpg.rf.8b0c6e30dee4b334dff39b190da7494e.jpg, 0, 1, 0, 0
000000396159_jpg.rf.8b31f67154b3abececaf4103f58066c7.jpg, 1, 1, 0, 0
000000147429_jpg.rf.8ae7f7ba4040f672a30d585487225cc1.jpg, 0, 1, 0, 1
000000450581_jpg.rf.8b188e473200f0630a68cc1ae85cf917.jpg, 0, 0, 1, 0
000000558826_jpg.rf.8b4bbd7d494613ddfa5db0699afd9531.jpg, 0, 1, 0, 0
000000444236_jpg.rf.8b576c2e0fda324611f0803f564bdd11.jpg, 1, 1, 0, 0
000000422025_jpg.rf.8b569f7b4f2e049217d6463b4e5c02a5.jpg, 0, 0, 0, 1
000000418346_jpg.rf.8b256670872a65bd882da68da138ec4c.jpg, 0, 0, 1, 0
000000218870_jpg.rf.8b57a0a6ff68b9fb8ba625e382be0c53.jpg, 0, 0, 0, 1
000000173252_jpg.rf.8b301c26a1d2720fac1aa2bf86651029.jpg, 0, 1, 0, 0
000000435324_jpg.rf.8b7589ac019cf74a7b9e4d140ca6efd7.jpg, 1, 1, 0, 0
000000311031_jpg.rf.8b6ab92d270fee89c59782392bb08129.jpg, 0, 1, 0, 0
000000261829_jpg.rf.8b6f7df105dbfe689f31b024885d5f52.jpg, 0, 1, 0, 0
000000177938_jpg.rf.8b7a45cc958baa71ef0f9523260a7672.jpg, 0, 0, 1, 0
000000420398_jpg.rf.8b738b53e4b5c4be3091cdc9f75932be.jpg, 0, 1, 0, 0
000000155777_jpg.rf.8b73fdfd06aa1055c1c8e3ba752900ae.jpg, 0, 0, 1, 0
000000537887_jpg.rf.8b7e1c9982e636323e2fe6d6db8cf06a.jpg, 0, 1, 0, 1
000000205093_jpg.rf.8b8cfa746a260ff92e6b2ef8fbb48cbc.jpg, 0, 0, 0, 1
000000011138_jpg.rf.8bb9feeff998771916428bdf4b6efc7b.jpg, 0, 1, 0, 0
000000282006_jpg.rf.8b5975d20f6a31e79e31d881ded2368d.jpg, 0, 1, 0, 0
000000246396_jpg.rf.8ba25f4852f62d95ac85403c80c54ff7.jpg, 1, 0, 0, 0
000000027175_jpg.rf.8b900eef567ad87f5362e2d63beae9d7.jpg, 0, 1, 0, 1
000000188346_jpg.rf.8b7c01b484905499240f2f28f2061211.jpg, 0, 1, 0, 1
000000367869_jpg.rf.8b91a3c59742e986ad1a7dd0d1822bbc.jpg, 0, 1, 0, 0
000000312153_jpg.rf.8baeb13cfa015ad13053d34f52b80354.jpg, 1, 1, 0, 1
000000230915_jpg.rf.8ba9f54996d953a42c5514c051e9fcc9.jpg, 0, 1, 0, 1
000000307993_jpg.rf.8ba28fb26b0c2808e29d755af0000df8.jpg, 0, 1, 0, 0
000000247587_jpg.rf.8b87c841259c240fe1729d66ce46d5fb.jpg, 0, 1, 0, 0
000000278237_jpg.rf.8bb9b700206fddd5f170e821d9a339af.jpg, 1, 1, 0, 0
000000210777_jpg.rf.8bc449c110d7fb2e937c6215967cd625.jpg, 0, 1, 0, 0
000000560222_jpg.rf.8bc49460326d3368f17a6a4d3a2cfbfb.jpg, 0, 1, 0, 1
000000168248_jpg.rf.8bcde8e4ee76a217b5dfaa99af7bc246.jpg, 0, 1, 0, 0
000000178890_jpg.rf.8ba6380aaf4aaa8c0d71c468375963b0.jpg, 0, 1, 1, 1
000000002529_jpg.rf.8bf8ce00c56ea689eef1ed8bb97445bf.jpg, 0, 1, 0, 0
000000095902_jpg.rf.8bfa60d46b549013b80a0e3c9207337e.jpg, 0, 1, 1, 0
000000367509_jpg.rf.8bd4272fb5a945792e3687210e7be7a2.jpg, 0, 1, 0, 1
000000193717_jpg.rf.8bbba18651d8b3d96eb25daa46fe7f58.jpg, 0, 1, 0, 0
000000389107_jpg.rf.8bce688cd6acf0dc7ef8f41c1907497b.jpg, 0, 1, 0, 1
000000494202_jpg.rf.8bc8f367c2b848cfbfb75eb5c52bc4b6.jpg, 0, 1, 0, 0
000000457868_jpg.rf.8bc6498d5f812d146b638f2ca86445af.jpg, 0, 1, 0, 1
000000418535_jpg.rf.8c09345f5ae8a9f79943a95972bc3046.jpg, 0, 0, 1, 0
000000345071_jpg.rf.8bd78cb9ec0aabeec3c0a8fb6018dc72.jpg, 0, 1, 1, 1
000000169211_jpg.rf.8c083f9d53f2b8833ee649be96c04e47.jpg, 1, 0, 0, 0
000000365041_jpg.rf.8bfece18173de8e2bc55f2239459f3f0.jpg, 0, 1, 0, 1
000000229478_jpg.rf.8bd841326cd2278a8e3ccac8b3e9901a.jpg, 0, 1, 0, 1
000000242270_jpg.rf.8ba4c2b4475d1c076d92e52395da2508.jpg, 1, 1, 0, 0
000000139397_jpg.rf.8bd780f1eee0b03528dac3a4e28f688e.jpg, 0, 1, 0, 0
000000435823_jpg.rf.8c157bcc129de403f4ee839ac2712d9b.jpg, 0, 1, 0, 0
000000575823_jpg.rf.8bd007546b590868aeb35fe596b961a2.jpg, 0, 1, 0, 0
000000095266_jpg.rf.8bd55fb86b673dfd58d14f63874f246d.jpg, 1, 1, 0, 0
000000289005_jpg.rf.8c0f000835f001892de3a19fbf2e55bf.jpg, 0, 1, 1, 0
000000366048_jpg.rf.8c0d078032fc4510c14b3571d54ba2db.jpg, 1, 1, 0, 0
000000426939_jpg.rf.8c17f7bd1959f8228fbe3d01a3fdbc89.jpg, 0, 1, 0, 0
000000265814_jpg.rf.8c321e9d808b891219e57874097418a6.jpg, 1, 1, 0, 0
000000401068_jpg.rf.8c216af0f84621b6766754461ef10b4b.jpg, 0, 0, 1, 0
000000102851_jpg.rf.8c1a8eeabb7a7cf7855cc75ce2baf07b.jpg, 1, 1, 0, 1
000000123131_jpg.rf.8bdee84952e7e7d16be29ddfad3274be.jpg, 0, 0, 0, 1
000000201859_jpg.rf.8c20825ada86d50b9514507df30efed3.jpg, 0, 1, 0, 0
000000172171_jpg.rf.8c22604f932dcc8b71424a68d1c5bef3.jpg, 1, 1, 0, 0
000000149755_jpg.rf.8c34b64366fff5992d1dd7b536567f42.jpg, 0, 0, 1, 1
000000055641_jpg.rf.8c5586add953c08a2e231c2c6331aa3e.jpg, 1, 1, 0, 0
000000302964_jpg.rf.8c3a6488b789da899e371473fbb2826c.jpg, 1, 0, 0, 0
000000530069_jpg.rf.8c7a33abb93e56588ce7c0685b59d5fe.jpg, 1, 0, 0, 0
000000565740_jpg.rf.8c4d6b6eccacf8aac9f84fe7bd2fbc8e.jpg, 1, 1, 0, 0
000000131162_jpg.rf.8c52d0c1e43643e99d50d0a29be764ef.jpg, 0, 1, 0, 0
000000165334_jpg.rf.8c35256d86eb0bcbc2621418a8c53ae8.jpg, 0, 1, 0, 0
000000268577_jpg.rf.8c6714930df9c2c708dd70c21bfecb76.jpg, 0, 1, 0, 0
000000160311_jpg.rf.8c3affca46d8ce8801e18e619f688c8a.jpg, 0, 0, 0, 1
000000426863_jpg.rf.8c2b241d98132ad561d2ac35ce8891ca.jpg, 0, 1, 0, 0
000000135820_jpg.rf.8c61417c3f3d95d031ea59d315b5b475.jpg, 0, 1, 0, 0
000000184324_jpg.rf.8c541864e70c0ab9e1e2782279862040.jpg, 1, 1, 0, 1
000000260595_jpg.rf.8c5dcbb7e7f56dd119af16ec5c266e32.jpg, 0, 1, 0, 0
000000057068_jpg.rf.8cb7f629c7447e4cb9cea75c7cb74d47.jpg, 0, 1, 0, 1
000000162692_jpg.rf.8ca87f7fd736906ebebc962c3c2274ea.jpg, 0, 1, 0, 0
000000031813_jpg.rf.8ca1abf13850c0f2448e4ae18a0ebee3.jpg, 0, 0, 0, 1
000000553373_jpg.rf.8cc404789a45b518781fdc455ce08a27.jpg, 0, 1, 0, 0
000000050366_jpg.rf.8c10aaaeac45ab5d4fc8e07c8391f89b.jpg, 0, 1, 0, 0
000000061831_jpg.rf.8c88847ea4680b7d9c0dcfb4efa9619f.jpg, 0, 1, 0, 0
000000513778_jpg.rf.8c9791c9592dfaf35cd3624730a8535c.jpg, 0, 1, 0, 0
000000214266_jpg.rf.8ca50fef73e9c0b670210e4f4c560165.jpg, 0, 1, 0, 0
000000249301_jpg.rf.8ca91fbd79e25eb62c57786e8a00a384.jpg, 0, 0, 1, 0
000000490437_jpg.rf.8cb521d4512c18c26f3963e9290f1684.jpg, 0, 1, 0, 1
000000502663_jpg.rf.8c7b48b5031944f79abd591d9b766c1c.jpg, 0, 1, 0, 1
000000009172_jpg.rf.8c26e098c1f7cf23ffd21b78feb67271.jpg, 0, 1, 0, 0
000000339734_jpg.rf.8ccd4dc6871596bb42c057e265f8e6fd.jpg, 0, 0, 1, 1
000000503028_jpg.rf.8ca1dfe0a1e890d6d7e6d63b7084be0e.jpg, 0, 0, 0, 1
000000066460_jpg.rf.8cdb8c005fa83b64d05f37c872a0c1e3.jpg, 1, 1, 0, 0
000000427523_jpg.rf.8ce113c6b1e66d4e186fb0f48ee220ea.jpg, 1, 0, 0, 1
000000522137_jpg.rf.8cdd39feee9e2901f126f5acaa3db9cc.jpg, 0, 1, 0, 0
000000499028_jpg.rf.8d127e1d12ef3ea1670a0982207ddf39.jpg, 0, 1, 0, 0
000000492540_jpg.rf.8d2108de265e27a4ecc7a9acba20f49a.jpg, 0, 0, 0, 1
000000494190_jpg.rf.8ce380ccb3049453ceabb708c8c09ffd.jpg, 0, 1, 0, 0
000000371701_jpg.rf.8c77a53bc2d8cde530d9cf3dc495b8e5.jpg, 0, 1, 0, 1
000000533055_jpg.rf.8cd60a44ea05f5f423fbe6ddff52bd2e.jpg, 1, 1, 0, 1
000000346071_jpg.rf.8d1d31402fa389c9a8528e2fd19a1105.jpg, 0, 1, 0, 0
000000021374_jpg.rf.8cd4552b9606fed862a93810d52c0f79.jpg, 1, 0, 0, 0
000000006230_jpg.rf.8ce45224e1172bcd4a2e963028bb6d45.jpg, 0, 0, 1, 0
000000029191_jpg.rf.8d146a97b86a45cafbb96fb42852d3b5.jpg, 0, 1, 0, 0
000000128468_jpg.rf.8d209741b79e25da13af8f271f0e2abe.jpg, 0, 1, 0, 1
000000481772_jpg.rf.8cf61c41a5713bb44c193c7dcf67f0b9.jpg, 1, 0, 0, 0
000000099908_jpg.rf.8d3c626fd04067cfee1efe2f95e51850.jpg, 0, 1, 1, 0
000000146533_jpg.rf.8cefef2ed4d0fa714595d2f92550fad1.jpg, 0, 1, 0, 0
000000539358_jpg.rf.8d26e1cb5fc62111bc20b90fe72c2f43.jpg, 0, 1, 0, 0
000000181876_jpg.rf.8d2f8b6ca9f3a2ee1a666914a4a18287.jpg, 0, 0, 0, 1
000000393553_jpg.rf.8d4e2f4e95aed841ac692b9847738fa4.jpg, 0, 1, 0, 1
000000147896_jpg.rf.8d3f279cfaa46bbed3addbe30bfaf745.jpg, 0, 1, 0, 1
000000561731_jpg.rf.8d20e7797f731cb8598b66203d71dd0f.jpg, 0, 0, 0, 1
000000266646_jpg.rf.8d3a1ed72c6b9b66c52e303424d186b3.jpg, 0, 1, 0, 0
000000392136_jpg.rf.8d51e01f644d2cd916b1f9bb6b433e0c.jpg, 1, 1, 0, 0
000000459634_jpg.rf.8d64b75bcf40d264476f14352d7d31cc.jpg, 0, 0, 1, 0
000000474067_jpg.rf.8d0aac6a064dfed43b21187c5cee22de.jpg, 0, 0, 1, 0
000000487757_jpg.rf.8d696594399e20224fe716e8f54dc327.jpg, 0, 1, 0, 0
000000047981_jpg.rf.8d76568500b936e98daff0861f2ab74d.jpg, 0, 1, 0, 0
000000314436_jpg.rf.8d6fb7f51c88ffe1b2b6b42dc9af6d39.jpg, 0, 1, 0, 0
000000274684_jpg.rf.8d3db3d372931039eac1351ab029add1.jpg, 0, 0, 0, 1
000000067178_jpg.rf.8d8c7dc220f0b8a5c8df52ad658f9871.jpg, 1, 1, 0, 0
000000516945_jpg.rf.8d6c17e77c092b95f949ac5f39cad9ef.jpg, 0, 1, 1, 0
000000301870_jpg.rf.8d4edfee133cd18228a40da4ab0b284f.jpg, 0, 1, 0, 1
000000276874_jpg.rf.8d79938c9d37c3daf8e5ce7fe3fcacb9.jpg, 0, 1, 0, 0
000000542101_jpg.rf.8d138d26f483816aff6b1fde8313b114.jpg, 0, 0, 1, 0
000000086135_jpg.rf.8d294ed4e86d814291744ffec7f0a309.jpg, 0, 1, 0, 0
000000446345_jpg.rf.8d7454c7be5d18e6e8ec6a1cdcdc53bb.jpg, 0, 0, 0, 1
000000208423_jpg.rf.8d97add30bf8d66688319021d8a8c8f0.jpg, 0, 1, 0, 0
000000533408_jpg.rf.8d7a969fd6565b10ba98dfe4c8429047.jpg, 1, 1, 0, 1
000000032760_jpg.rf.8da70bb1000e8316013c78d20bc2a029.jpg, 0, 0, 0, 1
000000433643_jpg.rf.8dbf10c4b886975713a0e4ba489c98e3.jpg, 0, 1, 0, 1
000000485614_jpg.rf.8dc66da75f133a07d4a7a49d30d7be3f.jpg, 0, 1, 0, 0
000000527038_jpg.rf.8db361923df55694f925b5fc25dd6a60.jpg, 0, 1, 0, 0
000000141852_jpg.rf.8dd15a6d35c9b5ee78418609c1a1ccb4.jpg, 0, 0, 0, 1
000000373291_jpg.rf.8dd7e0baa642df2046bcce8b6b391d4e.jpg, 0, 1, 0, 0
000000434494_jpg.rf.8de396da6d4881776fc5c333c4604ca3.jpg, 0, 0, 0, 1
000000181518_jpg.rf.8dc9002797630db68cc00522d4a0aa58.jpg, 0, 1, 0, 0
000000137993_jpg.rf.8dc540362db52bd7bf289ae9d88282e4.jpg, 1, 0, 0, 0
000000185943_jpg.rf.8dc4cc087a0bc42cf268f6d16588e0fe.jpg, 1, 1, 0, 0
000000469770_jpg.rf.8da07023ab192d25973a86dedaa4f75a.jpg, 0, 1, 1, 0
000000233627_jpg.rf.8dc742fa45d214289d8615b4d78e539b.jpg, 0, 0, 0, 1
000000162114_jpg.rf.8da4b097e247e64109afdced945f0450.jpg, 0, 0, 1, 0
000000475763_jpg.rf.8de13d2f7d2b6da24f7c23cc2952c934.jpg, 0, 1, 0, 1
000000396741_jpg.rf.8df61319c5558b567b5ec61567949370.jpg, 0, 0, 0, 1
000000060128_jpg.rf.8d79b9789a93b53bc2753e8be3377528.jpg, 1, 1, 0, 0
000000215738_jpg.rf.8dfad335d852569d5d1b5025f63194e3.jpg, 0, 0, 1, 1
000000374282_jpg.rf.8de830c6331ac2f544d3af7128b5d266.jpg, 1, 1, 0, 0
000000015610_jpg.rf.8dec5cf642aebd4604d2b80430ac52c9.jpg, 1, 1, 0, 0
000000341503_jpg.rf.8d52a8cf835c5e475b4f0598c66c81f8.jpg, 0, 1, 0, 1
000000521922_jpg.rf.8dcdf98206bd887b708dc7eedb224843.jpg, 0, 1, 0, 1
000000485761_jpg.rf.8d721f336c105854fbb579082b236495.jpg, 0, 0, 0, 1
000000558697_jpg.rf.8de7c2834842206e146c93c52aa36163.jpg, 1, 0, 0, 0
000000501801_jpg.rf.8db240cb2ac55f10777ef1d73e0056fd.jpg, 1, 1, 0, 0
000000483620_jpg.rf.8deb9f49be5e8e393f64e90cd973bdb6.jpg, 0, 1, 0, 0
000000504833_jpg.rf.8e02626cced8b944ea1fb6233536a328.jpg, 0, 1, 0, 0
000000163866_jpg.rf.8e06c186cd69716678719f4a9d31e32f.jpg, 1, 1, 0, 0
000000030395_jpg.rf.8ddcfa5e41d6bc716b4e05f60b722ffc.jpg, 0, 1, 0, 0
000000140351_jpg.rf.8dffb95ba86ecc87768c8232ed9a31e6.jpg, 0, 0, 1, 0
000000221937_jpg.rf.8e225e34bf58ba6476d9047476916853.jpg, 0, 1, 0, 0
000000398025_jpg.rf.8de9bb08f214d121ee57edfda903e35a.jpg, 0, 1, 1, 0
000000439509_jpg.rf.8e085192e57dc154b6531dec9f309e53.jpg, 1, 1, 0, 0
000000533311_jpg.rf.8e2118b7dcd1e3143ee244ebd9be62bd.jpg, 0, 1, 0, 0
000000068958_jpg.rf.8e1995c531a72e341bfb4c42fe3019d1.jpg, 1, 1, 0, 0
000000542587_jpg.rf.8e094a73e55bc990135593c39f2a18c5.jpg, 1, 0, 0, 0
000000139549_jpg.rf.8e1701a70cc3fd8dabd858858987cba8.jpg, 1, 1, 0, 1
000000473182_jpg.rf.8dfdd7023044709e2ed7d4c0ce5dff19.jpg, 0, 0, 1, 0
000000315899_jpg.rf.8e17c231129165806217677f93eeb568.jpg, 0, 1, 0, 0
000000124567_jpg.rf.8e228456ebf174273a264ef348b39966.jpg, 0, 1, 0, 0
000000059732_jpg.rf.8e22c5633266a9b5e63d0babd536e3b2.jpg, 1, 1, 0, 0
000000380892_jpg.rf.8e23b3f2ead37f9b94329d4edace38f3.jpg, 0, 1, 0, 0
000000465074_jpg.rf.8e23a70f13b3ebe685897be81eec4e87.jpg, 0, 0, 1, 0
000000564072_jpg.rf.8e49ad594ff45d84cf8b409c40f24158.jpg, 1, 0, 0, 0
000000098523_jpg.rf.8e28062a34ebd6ca27b4845b50002819.jpg, 0, 0, 0, 1
000000561679_jpg.rf.8e6d9cf9a358fc004f7c22d910b424fe.jpg, 0, 1, 0, 0
000000350759_jpg.rf.8e304e450eec3923f0f1d1a84dc0e7a6.jpg, 0, 1, 0, 0
000000445388_jpg.rf.8e47fd6e4172c41bfd934a20ae92f92f.jpg, 1, 1, 0, 0
000000514939_jpg.rf.8e402da0cb8cd276cfa170814dcdf954.jpg, 0, 1, 1, 0
000000363252_jpg.rf.8e71e57070943575120603bb9fb3dd8b.jpg, 0, 1, 0, 0
000000085700_jpg.rf.8e66a56ddcb712a9119439ffb4583732.jpg, 0, 1, 0, 1
000000334056_jpg.rf.8e365aa0db0a75c2e44b6569f51b456a.jpg, 0, 1, 0, 0
000000557948_jpg.rf.8e1196ff4d46a96d7d18488414da455a.jpg, 0, 1, 0, 0
000000523196_jpg.rf.8e3b2fb9e489f95f968e47880efed687.jpg, 0, 1, 0, 0
000000556643_jpg.rf.8e75b8187bebaddd2ef8ed8170abade3.jpg, 0, 1, 0, 1
000000018837_jpg.rf.8e642a1eeede43d46c66f0b9ef4c0ad5.jpg, 0, 1, 0, 1
000000302713_jpg.rf.8e68c36236a65137eb0546f012acc1e6.jpg, 0, 1, 0, 0
000000101476_jpg.rf.8e652dea8bf1d7c88ee6db8bec279e12.jpg, 0, 1, 0, 1
000000477266_jpg.rf.8e7ca5f807086c7dea2699cfc15ea38c.jpg, 0, 1, 0, 0
000000569505_jpg.rf.8e6e7b2eab209d4dd081cb1025969929.jpg, 1, 1, 0, 0
000000278101_jpg.rf.8e3b5cc25119ac2ccd83697b12e999dc.jpg, 0, 1, 0, 0
000000076493_jpg.rf.8e3d57949f10b79f1d3a4c7c0571053e.jpg, 0, 0, 1, 0
000000277150_jpg.rf.8e7bc3d5dd2dc5dc10e21473a380e7ab.jpg, 0, 1, 0, 1
000000213204_jpg.rf.8e24a9d24ba734c53dda1bdb6ac294b5.jpg, 1, 0, 0, 0
000000111489_jpg.rf.8e76c62c68a5f88bd05d3c3f60006371.jpg, 0, 1, 0, 0
000000173124_jpg.rf.8e3b20089490386e73eb0e7c0066cfb9.jpg, 0, 1, 0, 0
000000061624_jpg.rf.8e90333d47ecc9a8b55cdf509b86c9af.jpg, 0, 0, 0, 1
000000422469_jpg.rf.8e7feb9096d0ab2f4365ff26268fcea4.jpg, 0, 1, 0, 0
000000436738_jpg.rf.8e75c9d1aec8f0cdfcae7199179d965d.jpg, 1, 1, 0, 1
000000359314_jpg.rf.8e648a4fed2ba1b583623792b9e78d0f.jpg, 0, 0, 0, 1
000000295448_jpg.rf.8e9587118bafb54d8867065cbb0eb946.jpg, 0, 1, 0, 1
000000330923_jpg.rf.8e9da8ab59ec13de1f9afc56abbe1d85.jpg, 0, 1, 0, 0
000000412793_jpg.rf.8e990a88dd6fdd0f8451422ccab56758.jpg, 1, 1, 0, 1
000000405614_jpg.rf.8ea33461409b484d99ede06b1629e940.jpg, 1, 0, 0, 0
000000361551_jpg.rf.8e80c7d5188ee87dfba083e80bc41e06.jpg, 0, 0, 0, 1
000000534332_jpg.rf.8e965d7a6c3f94be599a8bf5660c388c.jpg, 1, 1, 0, 0
000000478152_jpg.rf.8eb15ca3a5639f5ad44e43d543e17116.jpg, 1, 0, 0, 0
000000061049_jpg.rf.8ed1070d539a634830d5aebe4f99cb29.jpg, 0, 1, 0, 0
000000397899_jpg.rf.8e871cb7288c4c6b41a4002df1a36235.jpg, 0, 1, 0, 0
000000188613_jpg.rf.8e9d0c929fdcfe5f881b3b09b16a34a5.jpg, 0, 1, 0, 0
000000074159_jpg.rf.8eae6993d0fae9ed822fb2ce58e0af58.jpg, 0, 1, 0, 0
000000500575_jpg.rf.8edd93762996ed39c7f6e6500893506c.jpg, 1, 1, 0, 1
000000210849_jpg.rf.8ee1895e94e58b5a484a89e463eff006.jpg, 0, 1, 0, 1
000000092614_jpg.rf.8ef48a541babeb5a2802fe81971571df.jpg, 0, 0, 0, 1
000000428000_jpg.rf.8eec1077e2fd351c6bbc38c9ecf1d486.jpg, 0, 0, 0, 1
000000321970_jpg.rf.8f0d346b37d01030f2a1f64091bb4027.jpg, 0, 0, 0, 1
000000191473_jpg.rf.8f17376053d474bc4c3d17fdccba79d0.jpg, 0, 0, 0, 1
000000451248_jpg.rf.8f1cdf97edd0561795b2d2b72e722fe6.jpg, 0, 1, 0, 0
000000005037_jpg.rf.8f00f70782e7aa5387ad0bb4e62fb2d4.jpg, 1, 1, 0, 0
000000100642_jpg.rf.8efb117bb5218cddc057d51b75d342fc.jpg, 0, 1, 0, 1
000000519145_jpg.rf.8ed6233a8e563355f7960ce313b74225.jpg, 0, 1, 1, 0
000000358883_jpg.rf.8f2e1ebf200a8d9c0e87770b5a25431a.jpg, 0, 1, 0, 0
000000380058_jpg.rf.8f335393d183fbfe7ae29f645b66bc03.jpg, 0, 0, 0, 1
000000196773_jpg.rf.8f053766fc5d040f21859048d4cca0e4.jpg, 0, 1, 0, 0
000000262609_jpg.rf.8ecd9cb1752405be68d7de85a3a019f2.jpg, 0, 1, 0, 1
000000327089_jpg.rf.8ef760f204f78061114ce0cf40ef497b.jpg, 1, 1, 0, 0
000000082894_jpg.rf.8f013ce1ca8a4211378f595665751188.jpg, 0, 1, 1, 1
000000496269_jpg.rf.8e8ca19d3736e641c9be66aeed5e9eee.jpg, 0, 0, 0, 1
000000183809_jpg.rf.8f2f51205e5569ffc02eea31bccf5391.jpg, 1, 0, 0, 0
000000579731_jpg.rf.8f2843b06211bebdb7ccc1077db646cf.jpg, 0, 1, 0, 0
000000081287_jpg.rf.8f2f59145354bdf26bdbeb75f7deecea.jpg, 1, 1, 0, 0
000000399837_jpg.rf.8ec50599a0d24ce9b2e978e34b59aa6c.jpg, 0, 0, 0, 1
000000337780_jpg.rf.8f4bae590107b56b9faab57b722c037e.jpg, 0, 1, 1, 1
000000142674_jpg.rf.8ed2f841426273ccc96ac400cf69bd50.jpg, 0, 1, 0, 0
000000112562_jpg.rf.8f38efa2824bba0748688e0f17bc2932.jpg, 0, 1, 0, 1
000000451024_jpg.rf.8f0300b3e8869f6b817c595f69fee533.jpg, 0, 1, 0, 1
000000513978_jpg.rf.8ef6df2683c61f1dc2a29c768639f148.jpg, 0, 1, 0, 1
000000543112_jpg.rf.8f69d20f702c6043f8adb79e0dc0278c.jpg, 0, 1, 0, 0
000000379246_jpg.rf.8f3c6b3404d4721b0fbe53b52989ccd8.jpg, 0, 0, 0, 1
000000102634_jpg.rf.8f4b93ec2d353c03ee01243c85f65629.jpg, 0, 0, 1, 0
000000379468_jpg.rf.8f4382e5e4017cf8abb77b6f0a127d02.jpg, 0, 1, 0, 0
000000041700_jpg.rf.8f8f72df5ce95350c59c3bf1c2fa017e.jpg, 0, 1, 0, 1
000000558759_jpg.rf.8f7920693ef2820d97c597a9098a2110.jpg, 1, 1, 0, 0
000000415516_jpg.rf.8f918c5f93b81f30cb2578eb69b3979f.jpg, 0, 1, 0, 0
000000001799_jpg.rf.8f7815a8ec74b648cda03935f0aff383.jpg, 0, 1, 1, 1
000000273245_jpg.rf.8f86e0cb2cb3fd9d9c0ede5cc727aa9f.jpg, 1, 1, 0, 0
000000084499_jpg.rf.8f96ae895eed175e94c95cf45b29c151.jpg, 1, 0, 0, 1
000000221394_jpg.rf.8f3d0588c418a10b2e2fe3a7f8c82c10.jpg, 1, 0, 0, 0
000000261342_jpg.rf.8f60c9b1989d4d256bae5e7d5a69d929.jpg, 0, 1, 0, 1
000000491440_jpg.rf.8f76155c02dceba8fb9abf38d7e7adcf.jpg, 0, 1, 0, 1
000000495064_jpg.rf.8f8ba7135b675e6ec5a58c51e84b3c19.jpg, 1, 0, 0, 0
000000547465_jpg.rf.8f901446d9721af10e7d6ab3f06e1934.jpg, 0, 0, 0, 1
000000360624_jpg.rf.8f84cc9037ac02d994eb556c8093e827.jpg, 0, 1, 0, 0
000000218482_jpg.rf.8fa0b3ad6257ab0b68224a8d85924e14.jpg, 1, 0, 0, 1
000000231714_jpg.rf.8f98a9375eed9156f12fcf08d1232929.jpg, 0, 1, 0, 0
000000443667_jpg.rf.8f86f297cbeb11ebfc1531e8951b26a4.jpg, 1, 0, 0, 0
000000294491_jpg.rf.8fd9b9ab47f7fe44eb25927c8d6103c9.jpg, 0, 1, 0, 1
000000436188_jpg.rf.8fbe3a04516df6fa31af207e20336f3d.jpg, 0, 1, 0, 0
000000564053_jpg.rf.8fdaaaca2d66278106011a046a97907a.jpg, 0, 0, 1, 0
000000357354_jpg.rf.8fd4507ddbaa02c7ed31b9edcfe1389a.jpg, 0, 1, 0, 0
000000517723_jpg.rf.8fec56bb47e7b755cd5a5518f5452d35.jpg, 1, 0, 0, 0
000000016403_jpg.rf.8fe051dd11a725d94278d34192f8fc4c.jpg, 0, 1, 0, 0
000000005237_jpg.rf.8fc5a6c9874e0e7d1c44cb8597abcf9c.jpg, 0, 1, 0, 0
000000279136_jpg.rf.8fee14611735349c894679ba5f0421ac.jpg, 0, 1, 0, 0
000000565563_jpg.rf.8fe1fcfec109939e8821147acd1ecd09.jpg, 0, 1, 0, 0
000000091954_jpg.rf.8feb618f952ffbf10d8bfdc6a7b1f1a2.jpg, 0, 0, 0, 1
000000184338_jpg.rf.8fe81e7cd9d5a921c789d7f08e596434.jpg, 0, 0, 0, 1
000000031497_jpg.rf.8fe4102293894c4240b080cc807b98f9.jpg, 0, 0, 0, 1
000000217769_jpg.rf.8fef8ff3f8638d41f87391229d0f92d7.jpg, 1, 0, 0, 1
000000339790_jpg.rf.8fe6364745987d1532727ddb00f5ec89.jpg, 0, 1, 0, 1
000000364476_jpg.rf.8fef6fe57f82c0e2e17df3ba463ecae0.jpg, 1, 1, 0, 0
000000023879_jpg.rf.8fa9f32b74c2682562dae5100c3e865b.jpg, 0, 1, 1, 1
000000383950_jpg.rf.8fb2147a936e3ab6db47b761ddc48899.jpg, 0, 1, 0, 0
000000304382_jpg.rf.8ff0ad3a0dbd803c904f97ecb80c8bcf.jpg, 0, 1, 0, 0
000000361923_jpg.rf.8ffea2e23431ff52ad4d54fb9871aec0.jpg, 0, 0, 0, 1
000000537427_jpg.rf.8ff31ffeabff6de46424a040f3e5a09c.jpg, 0, 0, 0, 1
000000028917_jpg.rf.8ffc779cc13ff71917fe2b7e507d6fc2.jpg, 0, 1, 0, 0
000000016356_jpg.rf.8fafcb37ad94a22480d87df125edf522.jpg, 0, 1, 0, 0
000000277048_jpg.rf.8fd06bef83929cce7f4fee5e29e438d8.jpg, 0, 1, 0, 0
000000284664_jpg.rf.8ff4b3bba76f9ea675f228bd34065300.jpg, 0, 1, 0, 0
000000192520_jpg.rf.8f70138eb6c678fc0204350d5be4dcb1.jpg, 0, 1, 0, 0
000000396792_jpg.rf.8fff5ff780dbaad83abfece3cdb69bc2.jpg, 0, 1, 0, 0
000000249529_jpg.rf.8fdf4a6b4f643e423f3440edd72925bd.jpg, 0, 1, 0, 1
000000139040_jpg.rf.900015bf5d77429825e099d1ad626622.jpg, 0, 0, 1, 0
000000441071_jpg.rf.9004ee425178d742f0230d6f2346f543.jpg, 0, 0, 1, 0
000000394527_jpg.rf.900e97c4a384e8744b8b838a8b3ec181.jpg, 1, 0, 0, 0
000000256743_jpg.rf.900f7ed82ed902d8730f46e259c2449a.jpg, 1, 0, 0, 0
000000550766_jpg.rf.8ffea8d3b588f8c2e22bafbf345695f1.jpg, 0, 0, 1, 0
000000209778_jpg.rf.900f9ac515022c1caa4fff8edf9f002d.jpg, 1, 0, 0, 0
000000073442_jpg.rf.901286c95ecdb2ac0ffc5048e660e42d.jpg, 0, 0, 0, 1
000000047596_jpg.rf.9016bec4dd06f2f350333ee04d191133.jpg, 1, 0, 0, 0
000000310617_jpg.rf.901cf748f2032155aa98de61ca0d034f.jpg, 0, 1, 1, 0
000000271177_jpg.rf.90219304656515db2d912e77c1f02df3.jpg, 0, 0, 1, 0
000000147442_jpg.rf.901a6a1d71b3aed259acfc0f0412dc86.jpg, 0, 0, 0, 1
000000027037_jpg.rf.9012520c0806375aa69e36539fdbaf79.jpg, 0, 0, 1, 0
000000181084_jpg.rf.90368f06ad115a041ac85b15e9d734e9.jpg, 0, 1, 1, 0
000000079069_jpg.rf.903ef09eb955ad03341f869137854da9.jpg, 0, 1, 0, 0
000000513729_jpg.rf.9040a3e7b96f11903eb87aa6762976fb.jpg, 1, 1, 1, 1
000000517517_jpg.rf.900f1c2ee843ac9be31e33ec2f1b4dad.jpg, 1, 0, 0, 0
000000513054_jpg.rf.9049f6f4745fa129e8df4ef847edff39.jpg, 0, 1, 0, 0
000000315601_jpg.rf.903d40b9b353b3e2ec4a56d2a9a6610e.jpg, 1, 1, 1, 1
000000535143_jpg.rf.9028185bc5a3bb3dc233f14eb1c2a56f.jpg, 0, 1, 0, 0
000000095875_jpg.rf.904a105bfa4cee3c973ff71818eb246f.jpg, 0, 1, 0, 0
000000044937_jpg.rf.904ef86de3daffdebf00c382b4db997f.jpg, 0, 0, 0, 1
000000427041_jpg.rf.904066c20250e3d04ae69c3f3729d1b6.jpg, 0, 0, 0, 1
000000119304_jpg.rf.905080fe101c7e77c95ad86bdc669e89.jpg, 0, 0, 1, 0
000000488932_jpg.rf.904dbd961671d16f39eaaba3ed35c279.jpg, 1, 0, 0, 0
000000200064_jpg.rf.907266dd8f82a3584112ec7f9fde2538.jpg, 0, 0, 1, 0
000000257629_jpg.rf.905dcc6c2694c965f9f3207fa4fbb725.jpg, 0, 1, 0, 0
000000306890_jpg.rf.907935d36c68c66db0a566cb9a8bcc96.jpg, 0, 1, 0, 0
000000568647_jpg.rf.9065bb247514c58622635fe77008cfa1.jpg, 0, 1, 0, 0
000000170950_jpg.rf.9046146ae706840bff12ce0d8735757f.jpg, 0, 1, 0, 0
000000562960_jpg.rf.9057e052454f3c8dd39f7025cdd54f71.jpg, 0, 1, 0, 1
000000146910_jpg.rf.9066427cfe8f1d7ee3653ce8098cdc09.jpg, 0, 1, 0, 0
000000308086_jpg.rf.905143b086856fc82bf315a0ce46a743.jpg, 0, 1, 0, 0
000000212663_jpg.rf.9056157873bb3e8e064cbfd979f29b67.jpg, 1, 0, 0, 0
000000184930_jpg.rf.904c3b2d9d83d20747b87795c9d209f7.jpg, 0, 1, 0, 0
000000083624_jpg.rf.907928d27bf62456441b8727274d649a.jpg, 0, 1, 0, 1
000000125699_jpg.rf.908e2c8b6806fd23637d89b1b639e64f.jpg, 1, 0, 0, 0
000000475754_jpg.rf.909b8903f3f74024f927e35262648c2c.jpg, 0, 0, 0, 1
000000258182_jpg.rf.909008efb2c61112a9b26eebf58de256.jpg, 1, 1, 0, 0
000000120490_jpg.rf.90ad012757ef3238d2bf471de00433d8.jpg, 0, 1, 0, 0
000000310878_jpg.rf.908fffe34cf3a7ef879917e0d7e731e1.jpg, 0, 1, 0, 0
000000409135_jpg.rf.904a3466476fe1984dd18b9b2e4ddf67.jpg, 0, 1, 0, 0
000000531659_jpg.rf.90ae11c42b56dd9594c84004e7189cc2.jpg, 0, 1, 0, 0
000000054589_jpg.rf.9086288652641ffb755978407dd37581.jpg, 0, 1, 0, 0
000000166391_jpg.rf.90c74a7334afede63f713a9c391ac4bb.jpg, 0, 1, 0, 1
000000287330_jpg.rf.90874a5f340e8a1588fcf1ee5f3678a0.jpg, 0, 1, 0, 0
000000054869_jpg.rf.908175e157f325cc2c9ce96a15f42bff.jpg, 1, 0, 0, 0
000000320292_jpg.rf.90a865cc0cbc94b8cd9454a673008024.jpg, 0, 0, 1, 0
000000018956_jpg.rf.90d7ac8d60f720566904b1ea6e2f4883.jpg, 0, 0, 1, 0
000000508722_jpg.rf.90d58bf938591b40f679107738d70c01.jpg, 0, 1, 0, 0
000000078627_jpg.rf.90dba656cceb70a599e748b4f478ff2e.jpg, 1, 0, 0, 0
000000062581_jpg.rf.90b5bbb7c989e522d04f1e852a675654.jpg, 1, 0, 0, 0
000000309859_jpg.rf.90bf66df16937353194fb2556834cb97.jpg, 0, 1, 0, 0
000000459500_jpg.rf.90e1efc27e1428d51e837bafb48d6318.jpg, 0, 1, 0, 0
000000416718_jpg.rf.90b80b65cd7e92cb0608789fdd114bc6.jpg, 0, 0, 1, 1
000000112769_jpg.rf.90d03c6f7a94dfbf49e21efb5c9f4702.jpg, 0, 1, 0, 0
000000381546_jpg.rf.90ec7a76017bf4a08d6f1b6c7775d7a2.jpg, 0, 1, 0, 0
000000328900_jpg.rf.90c266748bff5d2f64e4441257d899c0.jpg, 0, 1, 0, 1
000000406103_jpg.rf.90f5a0e174fb82576f5bec3893c7b182.jpg, 0, 1, 0, 1
000000104550_jpg.rf.9094cb72dd274770468400b918c2c5ec.jpg, 0, 1, 0, 0
000000053108_jpg.rf.90ee4cf3e0739a3cdbc280d76d217b0e.jpg, 0, 1, 0, 0
000000279024_jpg.rf.90e64be4c3c63fdee6b4d008bc5bf65a.jpg, 0, 1, 0, 1
000000253447_jpg.rf.90e48ea1fdc28edae7c93072224aec76.jpg, 0, 0, 1, 0
000000281782_jpg.rf.90f4a82bbb7e8dd02f7ba57e5e9d95a5.jpg, 0, 1, 0, 0
000000476189_jpg.rf.90ee3d13f0c63b70bdcf4608044db4c3.jpg, 0, 1, 0, 0
000000135604_jpg.rf.90f60d028449013a5577c77abcef5e3e.jpg, 0, 1, 0, 0
000000136346_jpg.rf.90d82f7dbb638eea89adc5bbb4db5a38.jpg, 1, 0, 0, 0
000000107797_jpg.rf.ede686ef08abfce077ecfdb8f5bd4cc5.jpg, 0, 1, 0, 1
000000419534_jpg.rf.ede926e37a64047ab9c6a8ba9f4e5c40.jpg, 0, 0, 0, 1
000000157519_jpg.rf.edea7f19457409faa39426db2e165b63.jpg, 1, 0, 0, 0
000000311471_jpg.rf.edefbca117e94f2aeb9589b5025ffdcf.jpg, 1, 1, 1, 0
000000441083_jpg.rf.edf82f6c54b9a44d36c9c4a228c5dc17.jpg, 0, 1, 0, 1
000000308362_jpg.rf.ee0419eb74919540cbb4e918aa22fae7.jpg, 1, 0, 0, 0
000000067752_jpg.rf.ee047536d30cdaa102ee6667b88a9d45.jpg, 0, 1, 0, 1
000000052341_jpg.rf.ee1c6fd5175061fe7afb779ac7fb945e.jpg, 1, 0, 0, 0
000000037857_jpg.rf.ee1f204642f0171530d42d42584a820f.jpg, 0, 0, 0, 1
000000509350_jpg.rf.ee1fe891cf3ecd07aa76965ac3824425.jpg, 0, 0, 1, 0
000000038681_jpg.rf.ee211d94f796037a3faa9d139de80e0c.jpg, 1, 1, 0, 1
000000161930_jpg.rf.ee27b7952a07df29278839720d7026d0.jpg, 0, 1, 0, 0
000000407688_jpg.rf.edec8384c94cc0eca100088c8196e7c5.jpg, 0, 1, 0, 0
000000028389_jpg.rf.edf51f4b39347c4f98d2eab02dfc7a25.jpg, 0, 1, 0, 1
000000353288_jpg.rf.ee313ea09c7f8e6cf17d5309839490b8.jpg, 0, 1, 0, 0
000000325215_jpg.rf.ee48b26836a0aa698c76695c638a7a30.jpg, 0, 1, 1, 0
000000358265_jpg.rf.ee3c1241593d0e0e3c0293d52afe170c.jpg, 0, 1, 0, 1
000000064324_jpg.rf.ee31cd3bdfa23b67f5c30755e451ab27.jpg, 0, 0, 1, 0
000000361672_jpg.rf.ee24eca2269d31252b1141d69f457bd9.jpg, 1, 0, 0, 0
000000196490_jpg.rf.ee31b18798e3282d9c05803a316a2598.jpg, 0, 0, 1, 0
000000522938_jpg.rf.ee496a2eadd82567190205d7140f96bc.jpg, 0, 1, 0, 0
000000447297_jpg.rf.ee4d196d656ec394a243a918cf3d9e2f.jpg, 0, 1, 1, 0
000000225087_jpg.rf.ee57e971d861c6801049738ac9d34ed7.jpg, 0, 1, 0, 0
000000515853_jpg.rf.ee53c2e01d6f1d1a6ee37f5508bf28b4.jpg, 1, 0, 0, 0
000000148719_jpg.rf.ee54b42ff8e02c8062a13b8e29710f51.jpg, 0, 0, 0, 1
000000124739_jpg.rf.ee5d08b141203c509568fb9dcc4df5e3.jpg, 0, 1, 0, 1
000000270799_jpg.rf.ee608feec938ad7f884728657f583ea1.jpg, 0, 1, 0, 1
000000502402_jpg.rf.ee84f504b2970502880d44e0634c2c83.jpg, 1, 1, 0, 0
000000574271_jpg.rf.ee61d59c608a9bc6a52667bc645964d0.jpg, 1, 1, 0, 1
000000231104_jpg.rf.ee7d2fc7342c31c71566ea9e9ea59a8e.jpg, 0, 1, 0, 1
000000181816_jpg.rf.ee88b6f02ccf43b65c3a1eb83564a9db.jpg, 0, 1, 0, 0
000000241458_jpg.rf.ee763efe63b468732f5c90b84d53c0b5.jpg, 1, 1, 0, 0
000000526441_jpg.rf.ee6b3abbe18545d0a71d1e4e6419ac2b.jpg, 1, 0, 0, 0
000000010104_jpg.rf.ee9be34a5ca55d6fc4bee0b0f55d560e.jpg, 0, 0, 1, 0
000000107305_jpg.rf.ee6e7b85a8be91037b64751360aba119.jpg, 0, 1, 1, 0
000000301602_jpg.rf.eec5fbd9d84f33cb8a3a285c2ccd22df.jpg, 0, 1, 1, 0
000000334332_jpg.rf.ee9fe0eb75deb34dc2162b19959a4f13.jpg, 0, 1, 0, 0
000000213095_jpg.rf.eeb1ee2bfb38d18ad324476e607bbd5e.jpg, 1, 1, 0, 1
000000111086_jpg.rf.eec6eaad6e4976ffea2bcc3bbadf7e13.jpg, 0, 1, 0, 0
000000223288_jpg.rf.eebf009aa2be75458fbb3faed6b63859.jpg, 0, 1, 0, 0
000000407378_jpg.rf.eebc918d66f0e2f877e5c73686941cc3.jpg, 0, 1, 0, 1
000000285493_jpg.rf.ee9f21c7d721074e859fb141a2147aba.jpg, 0, 1, 0, 0
000000108049_jpg.rf.ee81273eda6376f9f0b0e65af0a7007a.jpg, 1, 1, 0, 1
000000178171_jpg.rf.eecb12af61108e4155fa5e31a9934d49.jpg, 1, 1, 0, 0
000000279806_jpg.rf.eee152003194b82e8af435a0ced38203.jpg, 0, 0, 1, 0
000000023874_jpg.rf.eee78c1e038705d2434da80e86c4659d.jpg, 0, 1, 0, 0
000000034632_jpg.rf.eef102ec1653eb52bc47401e3060871d.jpg, 0, 0, 1, 0
000000161234_jpg.rf.eee60d567b70cb9d1b3791562964f4eb.jpg, 0, 1, 1, 1
000000294074_jpg.rf.eef66a7d01430c6bae34c7fcfccc8ca0.jpg, 1, 0, 0, 0
istockphoto-1152577032-170667a_jpg.rf.eef960280c4c8287c7bc4b0acf3aa4f5.jpg, 1, 1, 1, 0
000000038769_jpg.rf.eef168fd22269f556f5aa2f57f9b7922.jpg, 0, 1, 0, 0
000000404828_jpg.rf.ef026ff9f9d024a72d5a215fa6b45885.jpg, 0, 1, 0, 1
000000297131_jpg.rf.eeffd97fa142f557aa34c944391b76c7.jpg, 0, 1, 0, 0
000000015667_jpg.rf.ef0a8d68010b362619b0fd69840f61bb.jpg, 0, 1, 0, 0
000000125658_jpg.rf.ef20b665017a54ed6f3960357f80b9a9.jpg, 1, 0, 0, 1
000000320979_jpg.rf.eefc1a88896f6c77d7d143312ccb1ccd.jpg, 0, 0, 0, 1
000000571548_jpg.rf.ef1265bd2d43d70cd235fa263274d090.jpg, 0, 1, 0, 0
000000471987_jpg.rf.ef2d89bd9b4fb3e8452014e14c2cc53b.jpg, 0, 0, 1, 0
000000114204_jpg.rf.ef2705a6c9a3dace3396b1292319c7d3.jpg, 1, 0, 0, 0
000000575949_jpg.rf.ef014ac57fff3e8a9c52356f815470c6.jpg, 0, 1, 0, 0
000000509675_jpg.rf.ef0db194be111b193849fa0a8f3bb15d.jpg, 0, 1, 0, 1
000000383158_jpg.rf.ef1eca319bf784c6e2b2cad7040c342a.jpg, 1, 1, 0, 0
istockphoto-952326920-612x612_jpg.rf.ef10b7493bbed5d9617e7bc49c2ea9f4.jpg, 0, 0, 1, 1
000000310103_jpg.rf.ef11e8b74a9643e9291d46c8f59cba38.jpg, 0, 0, 1, 0
000000184980_jpg.rf.ef2e7f54cb73abdba4bbe9da3d868dd4.jpg, 1, 1, 0, 0
000000139099_jpg.rf.ef522a55204c019b98305b38196edcdb.jpg, 0, 1, 1, 0
000000471983_jpg.rf.ef47cb700a09f1164a0a8b396cdca93d.jpg, 0, 1, 0, 1
000000549394_jpg.rf.ef45fc1bf54dc6f6b332f68324d6025a.jpg, 0, 1, 0, 0
000000329784_jpg.rf.eedfc6fa87440704fe0b91b785f1617e.jpg, 0, 1, 1, 0
000000210079_jpg.rf.ef49a19e11182b80731bc77ffcbadda6.jpg, 0, 0, 0, 1
000000492293_jpg.rf.ef4e1217465f16f09adfa546571fb309.jpg, 1, 0, 0, 1
000000554582_jpg.rf.ef1a863ce7ea17e5e4e52c54f86e5ee6.jpg, 0, 0, 0, 1
000000573191_jpg.rf.ef5dbd656c853a05dde217d6979524f3.jpg, 1, 1, 0, 0
000000469363_jpg.rf.ef537415f032b9f0ac04aa0b752040d5.jpg, 0, 1, 0, 0
000000106166_jpg.rf.ef51b5ff034a198e68e04de1d2557f3a.jpg, 0, 1, 0, 0
000000113952_jpg.rf.ef60edf0b79f64607befe52c6d9dedde.jpg, 0, 1, 0, 0
000000353260_jpg.rf.ef40a08777799de6b614256cde6b75e6.jpg, 0, 1, 1, 1
000000266961_jpg.rf.ef7f27bd72d7212f174546be8b2984e8.jpg, 0, 1, 0, 0
000000210702_jpg.rf.ef5d49198222afa6ab60bf8964a3b065.jpg, 0, 0, 0, 1
000000099041_jpg.rf.ef983c5842ce81136b5572979b1e028e.jpg, 0, 1, 0, 0
000000336040_jpg.rf.ef929fc14439f3f68ecefe222dab5f32.jpg, 0, 1, 0, 1
000000067616_jpg.rf.ef967c83732db3722e238af9d95686cb.jpg, 0, 1, 0, 1
000000537889_jpg.rf.ef69778ffa1f3d1830983f32b718b30d.jpg, 1, 0, 0, 0
000000440486_jpg.rf.ef89e9d20d0f4fd70c2b26686f686bfd.jpg, 0, 1, 0, 1
000000215149_jpg.rf.efb9a0e686852d27d032de3e6922bf1d.jpg, 0, 1, 0, 1
000000156197_jpg.rf.efa1f817cce7bcf4219e2d4de1148eec.jpg, 0, 1, 0, 0
000000311914_jpg.rf.efc6c3280313febe94154d0d096cdbaa.jpg, 1, 1, 0, 0
000000421893_jpg.rf.efb0363afbc64f3f751cb2cbc6ee2851.jpg, 0, 1, 0, 0
000000184477_jpg.rf.efdccff3afd1ee4e49f54e8d38b52ef7.jpg, 1, 0, 0, 1
000000106072_jpg.rf.efdc351c7e4152f6de57196593fe0383.jpg, 0, 1, 1, 0
000000451594_jpg.rf.efc1f4f35433e9f6be8d15c692f826dd.jpg, 1, 1, 0, 1
000000479957_jpg.rf.effc247d1611ae6c0dbfc17cb3d66cb1.jpg, 0, 1, 0, 0
000000137156_jpg.rf.efd6cbf7e90eea0cf35f4d8a41f601ab.jpg, 0, 1, 0, 0
000000338044_jpg.rf.efb957e6ecf9992efd2f5245ec47bcc1.jpg, 0, 0, 1, 0
000000120529_jpg.rf.efb3620d82a1c06b8c46ba2447376c99.jpg, 0, 1, 0, 0
000000382717_jpg.rf.ef9252133f994030c424345aaf2e9e0d.jpg, 0, 1, 0, 1
000000496478_jpg.rf.efbb1d2a8bfeaf631c0b013744e4124e.jpg, 0, 1, 0, 0
000000125466_jpg.rf.f000078d292d19907cd2d6b82c675e7a.jpg, 0, 0, 1, 0
000000020640_jpg.rf.efd9b83c0a39b1a1677782e75f182d52.jpg, 0, 1, 0, 0
000000519696_jpg.rf.efd7daf913cb84aabfeb3dee78e8793e.jpg, 0, 0, 1, 1
000000171758_jpg.rf.f000a4ab73f637a1c75e5ba42d84c9b8.jpg, 0, 1, 0, 1
000000115363_jpg.rf.f020f53899048d7265bf140759cdaed1.jpg, 0, 0, 1, 0
000000434940_jpg.rf.f0171aeb6f9af0be55250461180daf23.jpg, 1, 1, 0, 0
000000353607_jpg.rf.f00e67e8650e8ecb21ad1f5118cf02e0.jpg, 1, 0, 0, 0
000000545394_jpg.rf.f008f94f991db8350ea70c1d3a749caa.jpg, 1, 0, 0, 0
000000314154_jpg.rf.f01a0f34a7eaa7ce19e004890407cf08.jpg, 0, 1, 0, 0
000000447041_jpg.rf.f020a9944e40b8f5dfe972fffd35fa02.jpg, 0, 1, 0, 1
000000246265_jpg.rf.efc9f7d68c31ac6364759c25c3368428.jpg, 0, 0, 1, 0
000000479727_jpg.rf.f038d73f3b3f6d9732e84fe2264d6cfb.jpg, 0, 1, 0, 0
000000080792_jpg.rf.f03166a51a2eacee0a73b20cad4891fe.jpg, 0, 1, 0, 1
000000196415_jpg.rf.ee9999b6a1ab07cfa059d52b49cc6326.jpg, 0, 0, 1, 0
000000522232_jpg.rf.f0318b17c013b2c7f761f1d9ddf18e44.jpg, 0, 0, 1, 0
000000011426_jpg.rf.f0371a5aad3cf508e3fce1ad5deb1dc3.jpg, 0, 1, 1, 1
000000455350_jpg.rf.f040ec4ca5221df3fc27cabb9874d0ae.jpg, 1, 1, 0, 0
000000504021_jpg.rf.f0303e34c352ae3471f3f53b33be31d8.jpg, 1, 1, 0, 0
000000007088_jpg.rf.f0464419bb62e4b36f5b023fc9e356cc.jpg, 0, 1, 0, 1
000000168903_jpg.rf.f031e0eb7d4946287325a97f147a0751.jpg, 0, 1, 0, 1
000000411104_jpg.rf.f05d9347a042c869469ebe0b2cd99fb3.jpg, 0, 1, 0, 0
000000362309_jpg.rf.f048f53845dceb4513c9fa1c95d85f4f.jpg, 1, 1, 0, 0
000000571415_jpg.rf.f071c46fae7dbe530d69f815431c3892.jpg, 0, 0, 0, 1
000000469457_jpg.rf.f03e7a57d19d112cd02d745be432c38d.jpg, 0, 0, 0, 1
000000227893_jpg.rf.f057f39d18d0f6df0ca47a99c557e2a2.jpg, 1, 0, 0, 0
000000061832_jpg.rf.f07346c40729e2aa238f9f2ba19ad57c.jpg, 0, 0, 0, 1
000000125071_jpg.rf.f0736b7972778591a047e374f93672d6.jpg, 0, 0, 0, 1
000000205354_jpg.rf.f03b0b8c3213d1103f8ad8b4434f908e.jpg, 0, 1, 0, 1
000000499181_jpg.rf.f06e21a232f99ad43582670170d78b32.jpg, 0, 1, 0, 0
000000108240_jpg.rf.f057571de599cdf7f93c7e3aca95baec.jpg, 0, 1, 0, 0
000000308672_jpg.rf.f046751071738e70cdc408340579b0ef.jpg, 0, 1, 0, 0
000000414851_jpg.rf.f0788176a72efcf3a09c3ab05b5b22fb.jpg, 1, 1, 0, 0
000000406244_jpg.rf.f04bcfb44455766ad741ef7e0efe26e8.jpg, 0, 1, 0, 0
000000052382_jpg.rf.f06f99ed4cceb8cd01a0b0f097f64d65.jpg, 0, 1, 0, 1
000000463211_jpg.rf.f073fdcab6ab456d9bef844e7c8ec252.jpg, 1, 0, 0, 0
000000066789_jpg.rf.f07ce27cab243255ad64fa1b16daf960.jpg, 1, 1, 1, 0
000000072156_jpg.rf.f0845a43db2f8bfebdaf4a3adb67f625.jpg, 0, 0, 0, 1
000000565746_jpg.rf.f0a1053fb491d82230d33da2225a9f1f.jpg, 0, 1, 0, 0
000000256141_jpg.rf.f079e15d056a68575094e70ae02aebf2.jpg, 0, 1, 1, 1
000000170348_jpg.rf.f084fb65bf858814f4af11455999e1d3.jpg, 0, 0, 0, 1
000000082745_jpg.rf.f0959dd731d195f9fb66ff72e55c7429.jpg, 0, 1, 0, 0
000000339278_jpg.rf.f0b3e9befe0042acdcdc7576faf8833b.jpg, 0, 1, 0, 0
000000205916_jpg.rf.f0a722bf0d664838ec9230c529e6daf7.jpg, 0, 1, 0, 0
000000000985_jpg.rf.f0965688c4823a23b778512c32030349.jpg, 1, 0, 0, 0
000000174705_jpg.rf.f0be9807fe63d7b087a083d559ba822f.jpg, 0, 0, 1, 0
000000133113_jpg.rf.f0bb8c763cffbac655b5b8c76f3e8851.jpg, 0, 1, 0, 0
000000189361_jpg.rf.f0c23c8c3b3bfb6bc13b9616ce810d9d.jpg, 1, 1, 0, 0
000000338219_jpg.rf.f097cce6166cb753f1103d1d38207bac.jpg, 0, 0, 1, 0
000000464555_jpg.rf.f0d6d89cff3ac23ae8d8def6fbf3604d.jpg, 0, 0, 0, 1
000000330862_jpg.rf.f0b87e0f358c9537d165fcc182188b78.jpg, 0, 0, 1, 0
000000463151_jpg.rf.f0bb86e64cd0b2f062959aecb8edd8c6.jpg, 1, 0, 0, 1
000000106471_jpg.rf.f09b17bc4e800b18e14f7b96ddb41987.jpg, 1, 0, 0, 0
000000009801_jpg.rf.f0e2e7d73b25019ad6c35425897356d3.jpg, 0, 1, 1, 0
000000185988_jpg.rf.f0c85b1c00674fd958bfbfa4bcfe1d03.jpg, 0, 1, 0, 0
000000290489_jpg.rf.f0fc77020412d30ee67120c127541a08.jpg, 0, 1, 0, 0
000000211674_jpg.rf.f0acb47315604332d15d69b98dfd8dea.jpg, 1, 1, 0, 0
000000166057_jpg.rf.f0c51ead0f05e5d1fb31cdb272e4268f.jpg, 1, 0, 0, 0
000000075423_jpg.rf.f0ceb47619d19859ff5fac3342600839.jpg, 1, 1, 0, 0
000000325569_jpg.rf.f0e39a7b9fb685261e6498afc5d8c31a.jpg, 0, 0, 1, 0
000000381333_jpg.rf.f106bddc3ca6030949aa59dea3c6beef.jpg, 0, 1, 0, 1
000000557155_jpg.rf.f10135e0ce1016014501ed5d8cfab5c3.jpg, 0, 0, 0, 1
000000141927_jpg.rf.f10b2922a1ef13222f36afc3fd906aee.jpg, 1, 0, 0, 1
000000412551_jpg.rf.f0f53e0ff647a586b4088cc4e2a8b502.jpg, 0, 1, 0, 0
000000110792_jpg.rf.f12f72b3ce21ed81f374db5ea5a481b4.jpg, 0, 1, 0, 0
000000507739_jpg.rf.f0464470ab79c583057d9aac38f9fcd8.jpg, 0, 1, 0, 0
000000128320_jpg.rf.f115c20a516d2aefd4aa9fb1d61b53d5.jpg, 0, 0, 1, 0
000000179408_jpg.rf.f1105ba4d0ede29140a1f56cced21a05.jpg, 1, 1, 0, 0
000000179415_jpg.rf.f11575fc828fb7d16d22f1435ba9a454.jpg, 0, 1, 0, 1
000000400253_jpg.rf.f112b92964cd85704b306c5280db5ead.jpg, 0, 1, 0, 0
000000136015_jpg.rf.f1320e8265a5e3780e70d494dc5ebe1d.jpg, 0, 1, 0, 1
000000153734_jpg.rf.f10c9fe89f7ce5076d57436020132863.jpg, 0, 1, 0, 1
000000155198_jpg.rf.f143c32179dfd66a93ef31826fd0968c.jpg, 0, 0, 0, 1
000000021571_jpg.rf.f131ae09a53bbd60c3989ebce8b1d7b8.jpg, 0, 1, 0, 0
000000184905_jpg.rf.f14ff099fa5f3a3744328d33ef314cdb.jpg, 1, 0, 0, 0
000000398051_jpg.rf.f159cb5e9471374210b28018d4691232.jpg, 0, 1, 0, 0
000000270376_jpg.rf.f16356b609e0550e0a3fab3a3aa04a6a.jpg, 0, 1, 0, 1
000000367961_jpg.rf.f147d0d20114c987fdfbe2d3870d38de.jpg, 1, 0, 0, 0
000000367519_jpg.rf.f16a4f4d8e8c27a15994017f851b2744.jpg, 0, 1, 0, 0
000000339006_jpg.rf.f1803ccad60f8870311d4972b9dd8af9.jpg, 0, 1, 0, 0
000000234046_jpg.rf.f168021cc791878491a07d4a476c4a29.jpg, 0, 0, 1, 0
000000136235_jpg.rf.f151ba9c1ce8d8838ac5ccf07d73436e.jpg, 0, 0, 0, 1
000000109778_jpg.rf.f16c0bd826c2f3781cfe338d8433db7c.jpg, 0, 1, 0, 0
000000142229_jpg.rf.f155b3e43a3c29c415ac42896016e513.jpg, 0, 1, 0, 1
000000320901_jpg.rf.f1801f79857f170d8d8d81a47cccfbca.jpg, 1, 0, 0, 0
000000242510_jpg.rf.f172d719fcfb4e285c93d9e5201d3138.jpg, 0, 1, 0, 1
000000300441_jpg.rf.f188f7f734158131b1f70dc1f269ce79.jpg, 1, 1, 0, 0
000000007938_jpg.rf.f15563966a8f854b8858a8c23fa29481.jpg, 0, 1, 0, 1
000000154502_jpg.rf.f14e50b2e01b96073348652c304d63fe.jpg, 0, 1, 0, 1
000000296975_jpg.rf.f18f4cd0ff28baed70fbc01149568d08.jpg, 0, 1, 0, 0
000000135756_jpg.rf.f192e2a40ed7cc7fdcce26b91e5ea433.jpg, 0, 1, 0, 0
000000475232_jpg.rf.f180740fba907b952331d377336c0922.jpg, 1, 0, 0, 0
000000007616_jpg.rf.f194c0fede95ce19b39d72f75434ce3e.jpg, 0, 1, 0, 1
000000450458_jpg.rf.f1ac1bd50f733f6259ad1d68278b1ed5.jpg, 0, 1, 0, 0
000000249120_jpg.rf.f1759b940533dd09361f0dfb65e08164.jpg, 0, 1, 0, 0
000000482252_jpg.rf.f1b1503606182ff0dadd941e27458e33.jpg, 0, 0, 1, 0
000000199029_jpg.rf.f18a1e5105471e864f7a70a6c126310f.jpg, 0, 1, 0, 0
000000062772_jpg.rf.f18a1e2e6bb72dda6f84b671951701e8.jpg, 0, 1, 0, 0
000000488676_jpg.rf.f1aeefc2c19124d6cb7aef4e651e1448.jpg, 0, 1, 0, 0
000000502678_jpg.rf.f14d168480ac571c817e1c9d7b1d30af.jpg, 0, 1, 0, 0
000000447849_jpg.rf.f19cc6242d2f15ea4430171d16c1f610.jpg, 0, 1, 0, 0
000000056605_jpg.rf.f190fe1edda1f3fe5e7f017287f83866.jpg, 0, 0, 0, 1
000000568143_jpg.rf.f1cd150260f39d9facfc06cba5059ccb.jpg, 0, 1, 0, 1
000000389630_jpg.rf.f1c03bc0b13f8bd5d3537c2f11c10523.jpg, 0, 1, 0, 0
000000105912_jpg.rf.f1bcd872a35fa744048704af67521883.jpg, 1, 1, 0, 0
000000529004_jpg.rf.f1ce5ec4490675313aeb3fa4623306ba.jpg, 0, 1, 0, 0
000000179070_jpg.rf.f1d0f363f77a0e56791fb2edc2c6393a.jpg, 1, 0, 0, 0
000000321517_jpg.rf.f1cd50560b0aef3a5b1183644992fdc9.jpg, 0, 1, 0, 0
000000556406_jpg.rf.f1d33b77f584ec4f09721d955e13c5db.jpg, 0, 1, 0, 0
000000472041_jpg.rf.f1d4177b5f7aae9615fe0fdbbff9d021.jpg, 0, 1, 0, 0
000000418251_jpg.rf.f1e06f4e3c5b7c9d81a336fbc0399ed4.jpg, 0, 1, 0, 0
000000225174_jpg.rf.f1d79db1447d0a5adb99eeae30c87257.jpg, 0, 0, 0, 1
000000234910_jpg.rf.f1e95655a05744298e3aa55065bfa6d5.jpg, 0, 1, 0, 0
000000417583_jpg.rf.f1f5a74a5db864d82bf45cbd310889a9.jpg, 0, 1, 0, 0
000000496440_jpg.rf.f1e14f6186e37d82822b600902b051b4.jpg, 0, 0, 0, 1
000000487530_jpg.rf.f1e14a961595e119db6f9bbd2f43ae3b.jpg, 0, 1, 0, 0
000000178258_jpg.rf.f1a8fcead89e8df31d9dbd44e2d4b905.jpg, 0, 0, 1, 0
000000291634_jpg.rf.f1da848c09c00105b71804bfd9a3b03f.jpg, 0, 0, 1, 0
000000470797_jpg.rf.f1f561abe848e44c6c4d0edcfbbdb59d.jpg, 0, 0, 0, 1
000000167505_jpg.rf.f1e5a6c64fb2935d126508ec17699d2d.jpg, 1, 1, 0, 0
000000066190_jpg.rf.f222d86449715627457f7e002b7691e8.jpg, 0, 1, 0, 0
000000314718_jpg.rf.f1ee7be684a635a83d9cfc2f95f04efb.jpg, 0, 1, 0, 1
000000244692_jpg.rf.f1dc16b6c80d1ac2f099c55aacd98a4d.jpg, 0, 1, 0, 0
000000569050_jpg.rf.f1e6f69c09d32db5c075c7716f818572.jpg, 1, 1, 0, 0
000000213693_jpg.rf.f21c277bffd028e371d58057ebdb80f7.jpg, 1, 0, 0, 1
000000404221_jpg.rf.f1f66cd475ebb2a1c30ec381e6155d50.jpg, 1, 1, 0, 0
000000196141_jpg.rf.f216f019be9ccd544a870eef1daedad6.jpg, 0, 1, 0, 0
000000372199_jpg.rf.f2463b686aa417c07a839bd680e840aa.jpg, 0, 1, 0, 0
000000296344_jpg.rf.f22331a8b023f12aec00fd72c6677bfe.jpg, 0, 1, 0, 0
000000496813_jpg.rf.f247d33222a1aa036ee84b2a8a99ff54.jpg, 0, 1, 0, 1
000000468503_jpg.rf.f23c2373d20d411949a9417dbc59a79d.jpg, 1, 1, 0, 1
000000387977_jpg.rf.f23d5c2c91087cbd571b76c3b42ac270.jpg, 0, 1, 0, 0
000000198072_jpg.rf.f2491b7d0b49e3b6160d5745c9a0290c.jpg, 0, 0, 1, 0
000000054327_jpg.rf.f210f2035583aeddb076a016468d35f8.jpg, 0, 1, 0, 0
000000329066_jpg.rf.f24b33a3fe48ca5bd736597dffc2198b.jpg, 0, 1, 0, 0
000000439615_jpg.rf.f23f5116334d9af61cc24b83245a12d4.jpg, 0, 1, 1, 0
000000326354_jpg.rf.f25621e394f4687bcfd6e7fb98069a0b.jpg, 0, 1, 0, 0
000000268313_jpg.rf.f20b82c8852cda88501baf752f5378d7.jpg, 1, 1, 0, 1
000000370235_jpg.rf.f25d4da88cbffd17e1286b04f83384cb.jpg, 1, 1, 0, 0
000000121162_jpg.rf.f24b80642d0e4fb63c1d9e4c9ba8e52b.jpg, 0, 0, 1, 0
000000071883_jpg.rf.f2560673a700fd10ad604eb05b9ba19f.jpg, 0, 1, 1, 1
000000415530_jpg.rf.f22e9066d802a415780fb2e476ad1a7b.jpg, 0, 1, 0, 0
000000202522_jpg.rf.f27c2b5f5e6975a3c34083fd6293431d.jpg, 0, 0, 0, 1
000000513482_jpg.rf.f267a60c1edf08ca0eeab05a54bea0c8.jpg, 0, 1, 0, 0
000000547533_jpg.rf.f2765698f9a5d2c0805e7793635151dd.jpg, 0, 1, 1, 1
000000253964_jpg.rf.f28227ab4e6968b1dc2e92f5d3c8b91f.jpg, 0, 1, 1, 0
000000109894_jpg.rf.f27ab0a2fb5491cd70973c8456536173.jpg, 0, 1, 0, 0
000000349750_jpg.rf.f262685d2929bd7a19f026d87e5cc1c2.jpg, 0, 1, 0, 0
000000152427_jpg.rf.f26d5f8d1cc846cc51093d6426097781.jpg, 1, 0, 0, 0
000000255554_jpg.rf.f28dbf9c66d3f4ea75aabe03a1325645.jpg, 0, 1, 0, 0
000000035150_jpg.rf.f24c71ebb87656eeeb465c230345a1b3.jpg, 0, 1, 0, 0
000000365444_jpg.rf.f2b6dd4489d83a23bceea07201fc129c.jpg, 0, 0, 1, 0
000000555982_jpg.rf.f2a22f0d83e5e892107e04a4052c5459.jpg, 1, 1, 0, 0
000000496362_jpg.rf.f288896cd52f36c6e47ccc191888f692.jpg, 1, 1, 0, 1
000000223874_jpg.rf.f2a2faef0072274036693285e7be2dde.jpg, 0, 1, 0, 0
000000341431_jpg.rf.f2a741d922534595070e042eee2c6bab.jpg, 0, 1, 0, 0
000000080686_jpg.rf.f2ce3991c7406235c12a615319870a46.jpg, 0, 0, 1, 0
000000437911_jpg.rf.f2e77d3fe1f1d2cef79c598febd703cb.jpg, 0, 1, 0, 0
000000246423_jpg.rf.f2bf6c827ed26b6257f39af0925c8446.jpg, 1, 1, 0, 1
000000256105_jpg.rf.f2c26b623aa65db071a679d5c475065a.jpg, 1, 0, 0, 0
000000140008_jpg.rf.f2d77dd525a85b3ee376648eb8197bc4.jpg, 1, 1, 0, 0
000000416258_jpg.rf.f2e5c09b2f022c86174257717d170688.jpg, 0, 1, 0, 0
000000031057_jpg.rf.f288ef83320e0eafe3ac87e9c4e206fb.jpg, 0, 0, 0, 1
000000054133_jpg.rf.f30ef9b666498909aeac20deaab3c811.jpg, 0, 1, 0, 1
000000343279_jpg.rf.f2a647088f6ca3edd1292300106a650f.jpg, 0, 1, 0, 1
000000190494_jpg.rf.f2f79928b7d517c8d42ac722186466f0.jpg, 1, 1, 0, 0
000000106596_jpg.rf.f2d841f08ff7049d05670f487f0a16f1.jpg, 0, 1, 0, 0
000000407220_jpg.rf.f326b8caca6897e1e7a63dfe374218dd.jpg, 0, 1, 0, 0
000000017839_jpg.rf.f2f37cb3f16ef9f1edb1d7fcfb6a1555.jpg, 0, 1, 0, 0
000000353809_jpg.rf.f31ab9ae3bcec68cc83358f3ac8a9ff4.jpg, 1, 0, 0, 0
000000559303_jpg.rf.f297a74fc2422164efb6070a9f381a0b.jpg, 0, 1, 1, 0
000000330604_jpg.rf.f2d907d3756bf21495523a7d8d593411.jpg, 0, 0, 1, 0
000000340689_jpg.rf.f2fd2f40fe321a7d62513c7358a12174.jpg, 0, 1, 0, 0
000000038179_jpg.rf.f2f053f1482a6351b2b9f94923b2c695.jpg, 0, 1, 0, 0
000000182054_jpg.rf.f2924b5dc821d12c1fc92f119474f4c4.jpg, 0, 1, 0, 0
000000214870_jpg.rf.f2cf4f0e74a530374948aecd76fa6ffa.jpg, 0, 1, 0, 0
000000483737_jpg.rf.f31312200b52372a644cb8e477f7ab60.jpg, 0, 1, 0, 1
000000508418_jpg.rf.f326d77288dc909c0bf340f030dd50e8.jpg, 1, 1, 0, 1
000000383289_jpg.rf.f30097e4fa7ac25832a3dfb37a9fb9c0.jpg, 0, 1, 0, 0
000000036341_jpg.rf.f32cd6abe24c4492157643ef34f55f34.jpg, 0, 1, 0, 0
000000357568_jpg.rf.f32cf3678d672b643ac4d70531f3b93a.jpg, 1, 1, 0, 0
000000208107_jpg.rf.f32ef1467624f7367549bdcebc8e59c4.jpg, 1, 0, 0, 0
000000489890_jpg.rf.f331f0b68f8e9fdc53ccc8f59bc2872e.jpg, 0, 1, 0, 1
000000172498_jpg.rf.f3300f62b267c25deb1f299429e71d05.jpg, 1, 1, 0, 0
000000311076_jpg.rf.f33138984886796a7a62a218697f09b3.jpg, 0, 1, 1, 0
000000437099_jpg.rf.f34207fc38a61eeaab8e86699e3db316.jpg, 0, 0, 1, 0
000000548253_jpg.rf.f327154a7c38f6c126dc794f63a480dd.jpg, 1, 1, 0, 0
000000439657_jpg.rf.f34e2a9a73bcd86859466b224de3dedf.jpg, 0, 1, 0, 0
000000247919_jpg.rf.f37fc5e7725d711a63fc890127dc9976.jpg, 0, 0, 1, 1
000000128278_jpg.rf.f345a345356da87105258661b2fdd7cd.jpg, 0, 1, 0, 0
000000423804_jpg.rf.f35022d6c37e31448bb01a66a77e522f.jpg, 0, 1, 0, 0
000000214059_jpg.rf.f372080a0262d2f0f21c637b8d1850b9.jpg, 1, 1, 0, 1
000000442685_jpg.rf.f340da52caec9ec4dfb454aa2ac2ce35.jpg, 0, 1, 0, 0
000000504006_jpg.rf.f36ea1394f71c634509637e245fba4c8.jpg, 0, 0, 0, 1
000000010014_jpg.rf.f37da1f39933f397c46f20643a799458.jpg, 1, 1, 0, 0
000000282150_jpg.rf.f35419e34dfaf086fcc03630cd729295.jpg, 0, 0, 1, 0
000000326978_jpg.rf.f38f18274ed505aba8ce9aee55096f43.jpg, 0, 0, 0, 1
000000471098_jpg.rf.f39c06b8e5cefc1c318a30a77ce971fa.jpg, 0, 1, 0, 0
000000536752_jpg.rf.f3a401f9013bef17011ae688b9a6af02.jpg, 0, 1, 0, 0
000000402644_jpg.rf.f38d0dec4783f3fbf00c8f35e6d3e657.jpg, 0, 1, 0, 0
000000309169_jpg.rf.f38ce2ddcdf1e1c6ee62cb9bc885f60d.jpg, 0, 1, 0, 0
000000064562_jpg.rf.f37323c0957cef7b8d606dd8c107f8d8.jpg, 0, 1, 0, 1
000000389755_jpg.rf.f3ad3e0db1f74846ea10e8dac10ec5bf.jpg, 1, 1, 1, 1
000000044045_jpg.rf.f3727c10fd120ab63fb0382945b238ec.jpg, 0, 1, 0, 0
000000449691_jpg.rf.f3b7ffe8ee9166731dd5ac77398a8230.jpg, 0, 1, 0, 0
000000307708_jpg.rf.f398b17ec4f578fa5a3853cd233b8308.jpg, 0, 1, 0, 0
000000080305_jpg.rf.f3b5fae871e6e66496ff621d4f72d385.jpg, 0, 1, 0, 0
000000109046_jpg.rf.f3a20b51f262250eff04e4603e2ca452.jpg, 0, 1, 0, 0
000000573854_jpg.rf.f3c08b3b2174b1fe8b3b9b6b485927cf.jpg, 0, 1, 0, 1
000000355857_jpg.rf.f3c034a0377de7ed25d89c6ae6594a5a.jpg, 1, 0, 0, 0
000000438364_jpg.rf.f3c2adf0d5a78b7236e4099082132bfe.jpg, 1, 1, 0, 0
000000187924_jpg.rf.f3d2150795fb14872b4bdf1f0eb0dc38.jpg, 0, 0, 0, 1
000000273704_jpg.rf.f3b7114cc64a17445c70ffde14d9fdce.jpg, 0, 0, 0, 1
000000219655_jpg.rf.f3cff54887a0d1cd9c80bc9da682a668.jpg, 0, 0, 0, 1
000000329766_jpg.rf.f3d3bc31e17469001d8be0d53110943c.jpg, 0, 1, 0, 1
000000097049_jpg.rf.f3590beff184e11b7f3b707fe9e52f26.jpg, 0, 1, 0, 0
000000091025_jpg.rf.f3d4158a8a3f68127591147929cd9f72.jpg, 0, 0, 1, 0
000000537611_jpg.rf.f3db3f3169490399cfaaaf9a7689faf2.jpg, 0, 1, 1, 0
000000279377_jpg.rf.f39d9198452f7e1a0bb79dff86a27fd7.jpg, 0, 1, 0, 0
000000141200_jpg.rf.f3d3d38eff52da8fb31cef240e2b69e5.jpg, 0, 1, 0, 1
000000577632_jpg.rf.f418c94edda01b527e40a64a1071b983.jpg, 0, 1, 0, 0
000000236990_jpg.rf.f3fc38c6ca85734eb5708b67b8496567.jpg, 0, 1, 0, 1
000000200365_jpg.rf.f3ef9a8d4bfced68868f7832ff2473ea.jpg, 0, 1, 0, 0
000000163571_jpg.rf.f3fc408bb257d5dcff7ca7722bcad2ce.jpg, 0, 1, 0, 0
000000341712_jpg.rf.f43c5467e8a8f446729305566cda51c8.jpg, 0, 0, 0, 1
000000007685_jpg.rf.f460f3c88189624d252212113d446672.jpg, 1, 1, 0, 1
000000107641_jpg.rf.f45da81eee38c54e56a401c0f7344acc.jpg, 0, 0, 0, 1
000000216191_jpg.rf.f4282f535d6aaa5ca6be03fdf0b3e9ac.jpg, 0, 1, 0, 0
000000080471_jpg.rf.f4354b90b6d58a19ad1483865e52e860.jpg, 0, 1, 0, 0
000000179932_jpg.rf.f438899dcfb31007f833a245e8f06564.jpg, 0, 0, 1, 0
000000018418_jpg.rf.f44db0a37a6370570994a05a48ef7da7.jpg, 0, 1, 0, 0
000000033073_jpg.rf.f4277c2e1c0559a9e2d2800fd2da8800.jpg, 1, 1, 0, 0
000000288603_jpg.rf.f42ca52b0c405d911eb9722eb721c945.jpg, 0, 1, 0, 1
000000097873_jpg.rf.f424550285bd76d895b721a7d5671259.jpg, 0, 0, 1, 0
000000315976_jpg.rf.f46ceeb6bab01036a0b7c4283f3b4c11.jpg, 1, 0, 0, 0
000000104935_jpg.rf.f45e508984f9c4b090dd44ca3db09104.jpg, 1, 1, 0, 0
000000562448_jpg.rf.f41405d1e71bb11f936c2a4060b3bfa3.jpg, 1, 0, 0, 0
000000320858_jpg.rf.f462dd46cfea3a44b60e6af833dfb4b0.jpg, 1, 1, 0, 0
000000471858_jpg.rf.f3e2b887260781c57c3d18cf74812f87.jpg, 0, 0, 1, 0
000000336372_jpg.rf.f49109904c82167b159cb25f772b3b27.jpg, 0, 1, 0, 0
000000318845_jpg.rf.f47245dcc99014d4070082064f371ac3.jpg, 0, 0, 0, 1
000000334675_jpg.rf.f48c0b3e0ce4d013a1e8d8da79d74317.jpg, 1, 0, 0, 0
000000392959_jpg.rf.f4846b63fddd5dc8543bf93658e12877.jpg, 0, 0, 0, 1
000000015409_jpg.rf.f3f3115a73cba8fc49cca39e295430d6.jpg, 0, 1, 1, 1
000000545191_jpg.rf.f481135646ed8c4aac1c4c780313fac9.jpg, 1, 1, 0, 0
000000303016_jpg.rf.f43e2a756872d9351a41fc67c7ae0d1e.jpg, 0, 0, 0, 1
000000175867_jpg.rf.f48df04558c7bd1ec37e962b1fc8f194.jpg, 0, 1, 0, 0
000000087058_jpg.rf.f4732084f0638b69ce9a2fea699eba84.jpg, 0, 1, 0, 1
000000144727_jpg.rf.f3fdb528b693617ff32718be2f8d8655.jpg, 0, 0, 0, 1
000000093519_jpg.rf.f49688e26500654c377095f893aeb557.jpg, 0, 1, 0, 1
000000055984_jpg.rf.f497f380844dd7d72ef5f29d41a0aea7.jpg, 0, 1, 0, 0
000000475660_jpg.rf.f4998abe6b96fb45b176c9c6eb353f5f.jpg, 0, 1, 0, 1
000000137490_jpg.rf.f4a9687f64877f26b32b3a26409967c0.jpg, 0, 1, 0, 0
000000502197_jpg.rf.f4ad7953a8481e75b0f424780d3834d2.jpg, 1, 0, 0, 1
000000038919_jpg.rf.f4d4a7145d72156aadae93de960b83de.jpg, 0, 1, 0, 0
000000364205_jpg.rf.f4a0884fd759c67aaaaf96ab870d94b4.jpg, 0, 1, 0, 0
000000524709_jpg.rf.f4baa389e27aa5a6832315b7e5050375.jpg, 0, 1, 0, 0
000000201207_jpg.rf.f4b9c311b9042f7d5662d2d0321b3295.jpg, 0, 1, 0, 0
000000084123_jpg.rf.f4d7980cb63a7d2212c3a63007b39c3f.jpg, 0, 1, 0, 1
000000071651_jpg.rf.f4a11ead358308df58c3134674329707.jpg, 0, 1, 0, 1
000000115372_jpg.rf.f4b3889ec7e9126a9e9b5be00596690f.jpg, 1, 0, 0, 0
000000368148_jpg.rf.f4eed248925b9e3ba3c638e54ee34b1f.jpg, 1, 1, 0, 0
000000238345_jpg.rf.f4eaa04146fb4468224b7032ba489623.jpg, 0, 1, 0, 1
000000235399_jpg.rf.f4dbc754d1a0f5b4d1b7c4ad805d9e60.jpg, 0, 0, 0, 1
000000015451_jpg.rf.f4aa647b7125d9bdf2b55056ce6dbb38.jpg, 0, 1, 1, 0
000000016814_jpg.rf.f4be5a90f83fc35b342523a1bc203f54.jpg, 1, 0, 0, 0
000000123909_jpg.rf.f4ed288a20b12e4d3f8cd3e9444e62ad.jpg, 0, 1, 0, 1
000000451767_jpg.rf.f4f4a290516a4a92854eb9899660d328.jpg, 0, 1, 0, 0
000000417715_jpg.rf.f4be9bed7290771904ab15a93b0d38bd.jpg, 0, 1, 0, 0
000000033358_jpg.rf.f4eee7a4ce8df9973140b8ec223192cc.jpg, 0, 1, 0, 1
000000033841_jpg.rf.f4b9cf91f728e687d5b0fa7dc2f371ca.jpg, 0, 0, 0, 1
000000533171_jpg.rf.f4fa799ef23efb6b1c2910f8be474a9c.jpg, 0, 0, 0, 1
000000244293_jpg.rf.f4bc0a7548a6ecc29587894811f7dd88.jpg, 0, 1, 0, 1
000000110187_jpg.rf.f4f6390c5a796871a62a85f801ac632e.jpg, 0, 1, 0, 0
000000122118_jpg.rf.f4ebd2b7254768bc78461166ef2815a3.jpg, 0, 0, 0, 1
000000047953_jpg.rf.f53094b8123709ef850edc9669b6586f.jpg, 0, 1, 0, 0
000000449866_jpg.rf.f5545a29637a2a719c6cc1de9c05d44a.jpg, 0, 1, 0, 0
000000276572_jpg.rf.f51abe03cc0079997f16bcd561440920.jpg, 0, 1, 0, 0
000000492123_jpg.rf.f50e28cdc2910b449cd6ddaf561de714.jpg, 0, 1, 0, 1
000000293453_jpg.rf.f53d8c1c09ec0a6f5326fb1723ea0aee.jpg, 0, 1, 0, 0
000000191758_jpg.rf.f51d80b51eac238a7b3e535cef740833.jpg, 0, 1, 0, 0
000000531309_jpg.rf.f50c728d96590b0d9aa02e6ea4075bb2.jpg, 0, 1, 0, 1
000000404183_jpg.rf.f500e06028a8ff4ac4b53e9e05a7e125.jpg, 1, 0, 0, 0
000000293647_jpg.rf.f5027ffb1beca7c103411e44f4ebff52.jpg, 0, 1, 1, 1
000000084396_jpg.rf.f51b784abb120ac86239bc4953697cb9.jpg, 0, 1, 0, 0
000000271917_jpg.rf.f53996c6c9c5e11d853d40808a156949.jpg, 1, 1, 0, 0
000000489649_jpg.rf.f552ad68bf449644f3aafe441e8d6637.jpg, 1, 1, 0, 0
000000421539_jpg.rf.f4f4803132f2e57d1c1d1e3dfda545c1.jpg, 0, 1, 0, 1
000000117037_jpg.rf.f502fbded05a7a303a3da6c38653c8c7.jpg, 0, 1, 0, 0
000000257243_jpg.rf.f5030d0a01a7074b1d224c8881a27856.jpg, 1, 0, 0, 0
000000067085_jpg.rf.f52d02e6ff665a77a447f8837b24dbac.jpg, 0, 0, 1, 1
000000045493_jpg.rf.f4b0a759bba0c0348f1f67e18d221ad2.jpg, 0, 0, 1, 0
000000190016_jpg.rf.f525ac5c3339d4b935a55f0cb847f914.jpg, 0, 0, 0, 1
000000199960_jpg.rf.f56790bba006078464b94531cc2bfbbb.jpg, 1, 1, 0, 1
000000492674_jpg.rf.f5790769c50b59643674a87639d8d909.jpg, 0, 1, 0, 0
000000401136_jpg.rf.f569393de4b17e5f75816ff931bcdd9e.jpg, 0, 1, 1, 1
000000316526_jpg.rf.f563ff4d2d57409c9a5fb0505af4b744.jpg, 1, 0, 0, 0
000000184884_jpg.rf.f56a7708307da0de165d546ee038b411.jpg, 0, 1, 0, 0
000000551446_jpg.rf.f56214f906163c14d8fbec16762cd612.jpg, 0, 0, 0, 1
000000023089_jpg.rf.f57b48bbb4565817869a3c30bbf061e4.jpg, 0, 1, 1, 0
000000147418_jpg.rf.f57064daaf0b33ff6c7db9a86d4cf102.jpg, 1, 0, 0, 0
000000306681_jpg.rf.f574397a689275f49577df033dc4a697.jpg, 0, 1, 0, 1
000000088487_jpg.rf.f5808d82f4cd01b55e9bc9de14d19b5e.jpg, 0, 1, 0, 0
000000334471_jpg.rf.f591dc1c31fffd98e995a332a2f9451e.jpg, 0, 1, 0, 0
000000297517_jpg.rf.f565317c541af224b1078a00eeeb0463.jpg, 0, 1, 0, 0
000000123041_jpg.rf.f58518962957880741f5073f61f7f060.jpg, 0, 1, 0, 1
000000466971_jpg.rf.f580d6ae4b9aeb137f67b2b7cf258771.jpg, 0, 1, 1, 0
000000070774_jpg.rf.f590829207e314db10564a68ac9231c7.jpg, 0, 0, 1, 0
000000382107_jpg.rf.f5994d3f8adc10d78cc66ae33f48fb75.jpg, 0, 0, 1, 0
000000207513_jpg.rf.f59f8aa2e8304cc1a93472d797ebd5bb.jpg, 0, 1, 0, 0
000000047631_jpg.rf.f594ff85993cadbddf2850c0a1a9a8ef.jpg, 0, 1, 0, 1
000000127671_jpg.rf.f5a0087f8fb7cb148cca9caaa451fde0.jpg, 0, 1, 0, 1
000000476341_jpg.rf.f595911b4e103f5c64c37eb011e01a5f.jpg, 0, 1, 0, 0
000000398220_jpg.rf.f59c3b09ce11c7cf58da75b08ae79e04.jpg, 0, 1, 0, 1
000000140042_jpg.rf.f5a5c39093ccfbe6e21382f94352ac16.jpg, 0, 1, 0, 0
000000199764_jpg.rf.f5a7c91a41055b28006dbc01e8fbb121.jpg, 0, 0, 0, 1
000000237326_jpg.rf.f5b8ecad31ec7cd9b0a4467c2fedbe52.jpg, 1, 1, 0, 0
000000074853_jpg.rf.f5c5ceb307966e1e690cee453ddac5a8.jpg, 0, 1, 0, 0
000000052871_jpg.rf.f5cd43da897a398c835d93f2854fb6af.jpg, 0, 1, 0, 1
000000234839_jpg.rf.f5dd8a86174d7e650d87ca861719857c.jpg, 0, 1, 0, 0
000000114459_jpg.rf.f5f4793bf6489e1f534bbfb580861579.jpg, 1, 1, 1, 0
000000272940_jpg.rf.f5c62033ca5bcca1c4f4f67a19f6b14d.jpg, 0, 0, 1, 0
000000116900_jpg.rf.f5eab2abb273112613269fb27d048cd5.jpg, 1, 0, 0, 0
000000459706_jpg.rf.f5eec3e2a5c453b51bccca95783c0cb2.jpg, 0, 1, 0, 0
000000356767_jpg.rf.f5f67b6628f64cf3b3c017b75ca0a6f0.jpg, 0, 0, 1, 0
000000335888_jpg.rf.f5e87277cc14e91cdea85071472e4906.jpg, 0, 0, 1, 0
000000443519_jpg.rf.f5cfdc352b920039763070c6ed8208df.jpg, 0, 1, 0, 0
000000253413_jpg.rf.f5c4998d98ba5d2b7be7804a3809ae58.jpg, 0, 1, 0, 0
000000454661_jpg.rf.f5de8063f0545ef5ebdf7019813ab9c6.jpg, 1, 1, 0, 0
000000177832_jpg.rf.f5eb91ecf7318780c6fbe7e966dfd133.jpg, 0, 0, 0, 1
000000213593_jpg.rf.f60ffb057d4dfe7696f2617e0be436fa.jpg, 0, 1, 0, 0
000000512060_jpg.rf.f61bb30ac5a4fe531beec2167474c03a.jpg, 1, 1, 0, 1
000000307835_jpg.rf.f6189c7fa03988d1f80b8f7adb3f3282.jpg, 0, 1, 0, 1
000000518755_jpg.rf.f6282ad45f806329b792f2213f150380.jpg, 0, 1, 0, 1
000000457672_jpg.rf.f62848f1da25ec792b5fb369a1f9f0ea.jpg, 1, 1, 0, 0
000000177817_jpg.rf.f6124f690533439607451673ca1d05ed.jpg, 0, 0, 1, 0
000000463633_jpg.rf.f611318f279b3b85915cd6d0c4405833.jpg, 0, 1, 0, 0
000000400162_jpg.rf.f5df0fafbef7552e3a6658230c7b44a3.jpg, 1, 1, 0, 0
000000196811_jpg.rf.f6161e0ad93ace8b1932d511e7ae4f5e.jpg, 1, 1, 0, 1
000000420135_jpg.rf.f632dd16e11a1b2645cfcdc614b4d653.jpg, 1, 0, 0, 0
000000418609_jpg.rf.f5d17ce4cf38410dc4e204e8c53d36b6.jpg, 1, 1, 0, 1
000000555237_jpg.rf.f5ccd8d4e5d9302db46603b85381e135.jpg, 0, 0, 0, 1
000000227456_jpg.rf.f634f9e6e5ac8e7b633b964fcf19640b.jpg, 0, 0, 0, 1
000000111330_jpg.rf.f6382b174d7646655cb001767421312a.jpg, 1, 1, 0, 0
000000297564_jpg.rf.f5c375aa2b4eca112a9c3a8ff677518e.jpg, 1, 0, 0, 0
000000241221_jpg.rf.f63ef89fa9b215a37767ecde6dd72153.jpg, 0, 0, 1, 0
000000531329_jpg.rf.f6365b072bf7e06fe0055a1735fed0e7.jpg, 1, 1, 0, 0
000000078023_jpg.rf.f63d96d82875f5f8c17f9fc42073017c.jpg, 0, 1, 0, 0
000000115639_jpg.rf.f63cc34c127d4b8d0aec1593b8eb5647.jpg, 0, 1, 0, 1
000000139214_jpg.rf.f65001140d9b861b925d3e1b7804fc98.jpg, 1, 1, 0, 0
000000228461_jpg.rf.f659a314eddf50b836fb9ee8bbdce117.jpg, 0, 1, 0, 0
000000373512_jpg.rf.f629fd7eb4cbf0ed5fec16ca221db0fa.jpg, 0, 1, 0, 1
000000248518_jpg.rf.f63fe4425f88860b9f37763e9af8cd56.jpg, 0, 0, 1, 0
000000487876_jpg.rf.f5f19cad6137ce40adaff0d8c9e9b31d.jpg, 0, 0, 0, 1
000000105936_jpg.rf.f645392d781982a00709060112a33f6c.jpg, 0, 1, 0, 1
000000176765_jpg.rf.f6851c48cf0cab2fab49eab3d50badff.jpg, 1, 0, 0, 0
000000269632_jpg.rf.f66c875209a9face9866792c1d60f91e.jpg, 1, 1, 0, 0
000000532030_jpg.rf.f6935abd480bcc0a44c805c8a695f1ae.jpg, 0, 0, 1, 0
000000513567_jpg.rf.f68415adfd98bb75d522eea99b24d8c0.jpg, 0, 1, 0, 0
000000457943_jpg.rf.f69eb67d6c1acda520c29c201fd42fa5.jpg, 0, 1, 0, 1
000000443653_jpg.rf.f6a0c37138a6682a1deab414c38da92c.jpg, 0, 0, 1, 0
000000049977_jpg.rf.f684c85408352d24c4b620cb97e0e029.jpg, 1, 1, 0, 0
000000299041_jpg.rf.f698bbd4a7719502710ef3f00f60ff8b.jpg, 0, 1, 0, 0
000000069356_jpg.rf.f69101c2d751851141ee1d259f53eb39.jpg, 0, 1, 0, 0
000000164856_jpg.rf.f673be937f3280b8b4e9be3c362da900.jpg, 0, 0, 0, 1
000000221833_jpg.rf.f6bdfebb6c606a3baafc7689ab34f64d.jpg, 0, 1, 0, 1
000000317969_jpg.rf.f6737f02759e3e95f9965dc1f607d9d1.jpg, 1, 0, 0, 1
000000226326_jpg.rf.f6c1ffa50ba3fd0febbbb5e376f72513.jpg, 1, 0, 0, 1
000000327988_jpg.rf.f6a2baf553651d7f71a709a75afa8c85.jpg, 0, 0, 0, 1
000000105332_jpg.rf.f6cac1e9fd39af9ecd686f56219a1340.jpg, 0, 1, 0, 0
000000475580_jpg.rf.f6bee78ce9a3547614118ff7c0f01898.jpg, 1, 1, 0, 0
000000048759_jpg.rf.f6a456fe384e1537d3cf4349ad2550ff.jpg, 1, 1, 0, 0
000000078196_jpg.rf.f6ec61f897a732a8f7a68ea9b5624810.jpg, 0, 1, 0, 0
000000388042_jpg.rf.f6a694f91576f09062c204b164a824d2.jpg, 0, 0, 0, 1
000000351840_jpg.rf.f683822ccb0cc6a551c07dc9c15df048.jpg, 0, 1, 0, 1
000000327318_jpg.rf.f6b1c6cd0dc81b0728b69e5e3c5235d0.jpg, 1, 1, 0, 0
000000479427_jpg.rf.f6f181a5e497370101e76241c6f474b4.jpg, 1, 1, 0, 1
000000022940_jpg.rf.f6d67ab910cc1f8f1d60eec33f591d27.jpg, 0, 1, 1, 1
000000304347_jpg.rf.f6d4989d1447db0af71c69bfafaca9d3.jpg, 0, 0, 0, 1
000000253264_jpg.rf.f6e29265704a367857ce64410fb9efaa.jpg, 0, 1, 0, 1
000000389984_jpg.rf.f6f755d29adda1d5a943d4e9be83479e.jpg, 0, 1, 0, 0
000000113812_jpg.rf.f6fb0bf7ba1f533b3347a572eb32a079.jpg, 0, 0, 0, 1
000000171298_jpg.rf.f6ca2d4704bace63c5001eef97ef6c19.jpg, 1, 0, 0, 0
000000391392_jpg.rf.f72df416e67662117cf2d2b53ce64551.jpg, 0, 1, 0, 1
000000372615_jpg.rf.f6c9a8945d632fa0f6e798915f4ae721.jpg, 0, 1, 0, 0
000000028230_jpg.rf.f72487e20da2434facee2653744f96b8.jpg, 0, 1, 0, 1
000000193547_jpg.rf.f74266ec6d832c2de561b510c3e99312.jpg, 0, 1, 0, 0
000000515020_jpg.rf.f732cdd4fb8d27096ebc091696536425.jpg, 0, 0, 0, 1
000000225014_jpg.rf.f732d21f3262cc1a60c071386c6eef98.jpg, 0, 1, 0, 0
000000163175_jpg.rf.f754db91c6295ea37d9f0cbb2260cf6e.jpg, 0, 1, 0, 0
000000249453_jpg.rf.f7405319ad69dcc44dcb5494081038c7.jpg, 0, 1, 0, 0
000000293986_jpg.rf.f707e00dae0bc14ca625e35dd9f546e4.jpg, 0, 1, 0, 0
000000260664_jpg.rf.f778340af0306dba4bac70c38aa4cece.jpg, 0, 1, 1, 1
000000379308_jpg.rf.f73fb4b9710b17d86fcdacf24862ddfd.jpg, 1, 0, 0, 0
000000263995_jpg.rf.f74aa3e99ec24e0381165c1873b538a1.jpg, 0, 0, 1, 0
000000253221_jpg.rf.f74f170cf6c5e7c7769aba81199a52c1.jpg, 0, 1, 0, 0
000000393985_jpg.rf.f7338402a7a0bcb2d3bf5ebc41a3cf90.jpg, 0, 1, 0, 0
000000169996_jpg.rf.f75ecbda6d2d2182f30657f07ac73616.jpg, 0, 1, 0, 1
000000305480_jpg.rf.f77212b0463e549b6fd98c48e8cfe396.jpg, 0, 1, 0, 1
000000172201_jpg.rf.f792241daeba31fe40be47c9da0acc70.jpg, 0, 0, 0, 1
000000544002_jpg.rf.f77f70cc8382c41466ecfc3348f92366.jpg, 0, 1, 0, 0
000000453611_jpg.rf.f70df35db84bb6f9de71f67be6ff48d6.jpg, 0, 0, 0, 1
000000200200_jpg.rf.f7417d17b055b916538226c621d18b15.jpg, 1, 1, 0, 0
000000548713_jpg.rf.f78099ccd0a611a171b23fcf48a22078.jpg, 1, 0, 0, 0
000000457254_jpg.rf.f78e2653ac9d51231def551afe038be6.jpg, 0, 0, 1, 0
000000132193_jpg.rf.f746391d05e59a3735642b5d8be93cf1.jpg, 0, 0, 0, 1
000000134620_jpg.rf.f76428c2eb0a627257b1e2cd9004bc7f.jpg, 1, 1, 0, 0
000000486991_jpg.rf.f78cbc763e55bff924fe0415c9b89d22.jpg, 1, 0, 0, 0
000000226634_jpg.rf.f783bd089c6ae7f2016a2a79b2fbeb07.jpg, 0, 1, 0, 0
000000233771_jpg.rf.f765f38900f03dcc3e46841f261051be.jpg, 1, 0, 0, 0
000000266334_jpg.rf.f79997e542b08e5abcc24ea378b8c861.jpg, 0, 1, 0, 1
000000031902_jpg.rf.f7ac17e256d1dc470bce39600a4ba253.jpg, 0, 1, 0, 0
000000195510_jpg.rf.f797267e0aa2d6b32720da66b5b0fc21.jpg, 1, 1, 0, 0
000000347153_jpg.rf.f7982a09e147b44bef28ca6269dc35aa.jpg, 0, 0, 0, 1
000000502738_jpg.rf.f7991cb432839dea6a848b0fa3d756e2.jpg, 0, 0, 0, 1
000000240423_jpg.rf.f7a8f855497577eba19119be56353e5e.jpg, 0, 1, 0, 0
000000236080_jpg.rf.f7a0c5adb9673cc3b02f14785d388e69.jpg, 0, 1, 0, 0
000000499135_jpg.rf.f7a44977b68cb39f6683d74a96574c90.jpg, 0, 1, 0, 0
000000451104_jpg.rf.f7ac071382cb7fd8caf19642218e25eb.jpg, 0, 1, 0, 0
000000105728_jpg.rf.f7ad8a796415ecfd43900dd8385c468f.jpg, 0, 0, 1, 0
000000018666_jpg.rf.f7b04673f80caa04fc5845f1ba47d03c.jpg, 0, 0, 0, 1
000000153344_jpg.rf.f7a70a2d43a676f71e8200b97a9447eb.jpg, 0, 1, 0, 0
000000172328_jpg.rf.f7be397ee77686a722b2e2b2da392a5a.jpg, 1, 0, 0, 0
000000232121_jpg.rf.f7cd59d4784f5482d99d70c132809043.jpg, 0, 1, 0, 0
000000270224_jpg.rf.f7e65a7d4b7441824218ca339b0ed35e.jpg, 0, 1, 0, 0
000000160064_jpg.rf.f7cf0071a9dc9e684f650792b26dea45.jpg, 0, 1, 0, 0
000000478032_jpg.rf.f7bdeae250036e25d3bc9ce8494ffa55.jpg, 0, 1, 0, 1
000000438878_jpg.rf.f7e35ae9159094dae6e778ffbac1fb56.jpg, 0, 1, 1, 1
000000155806_jpg.rf.f7b5ca5cbdb47e976e6cfede89a099d1.jpg, 0, 1, 1, 0
000000209394_jpg.rf.f7c1a1f0beb08214c333a4a728d6203c.jpg, 0, 0, 1, 0
000000030371_jpg.rf.f7f82441f282da2bc483fc4a74ddc82b.jpg, 0, 1, 0, 0
000000313712_jpg.rf.f7fbdaefc71ab55b74938760b6eba694.jpg, 1, 1, 0, 1
000000419632_jpg.rf.f7cb7581c3693691911a939b19f3267e.jpg, 0, 0, 0, 1
000000565878_jpg.rf.f7c9769f45648102ebdcf209d09f3ae4.jpg, 0, 1, 0, 0
000000088165_jpg.rf.f80efe92f74c77fc96117da5c672a633.jpg, 1, 0, 0, 1
000000223754_jpg.rf.f80544bc2fabbb4ee1cea30dcb7c032c.jpg, 0, 0, 0, 1
000000189773_jpg.rf.f7ed7d5b56b032ba6c22bd3c7e50ec51.jpg, 1, 1, 0, 0
000000415427_jpg.rf.f7b9b5ca20a635941cdebf1baa5fe338.jpg, 1, 1, 0, 1
000000512334_jpg.rf.f8101daa360897ee7467f0efe939e05e.jpg, 0, 1, 0, 1
000000053956_jpg.rf.f7b7c68920efd59d28db16fa95814f78.jpg, 0, 0, 0, 1
000000235081_jpg.rf.f810c70bb0c8926e9b10052237cf5def.jpg, 0, 1, 0, 1
000000426591_jpg.rf.f7f4f2d2c7a8dd687e1f6e3ecd73c84b.jpg, 1, 0, 0, 0
000000441619_jpg.rf.f81c87e24d55bc3d9a253965f58115bb.jpg, 0, 1, 0, 0
000000335177_jpg.rf.f8122eccceb0676bc1defc53d4f8ffcc.jpg, 0, 1, 0, 1
000000526912_jpg.rf.f7d9a3c6abc4594091584dcdd985756c.jpg, 0, 0, 1, 0
000000433233_jpg.rf.f7ebba63288caba85e8d5205916c516e.jpg, 0, 1, 0, 0
000000274490_jpg.rf.f812223044ce56898bf4c6e01536c207.jpg, 1, 1, 0, 0
000000187732_jpg.rf.f7141c5ef41b7a63ebf31efa10d2839b.jpg, 0, 0, 0, 1
000000365353_jpg.rf.f7d8c727df32e19fcfd5397612d947dd.jpg, 0, 1, 0, 0
000000017817_jpg.rf.f81e1072d08e0f3872033c315a4c3301.jpg, 0, 0, 1, 1
000000301494_jpg.rf.f822a39abfb805d38e50ed97b9b21075.jpg, 0, 1, 0, 1
000000293289_jpg.rf.f826d48871dd2b3c2915e003deecc07d.jpg, 1, 0, 0, 0
000000093953_jpg.rf.f832f6aafa39d1bc2f0e9f13870841f7.jpg, 0, 1, 0, 0
000000219254_jpg.rf.f844ca5630094e788f3fca386012fa23.jpg, 0, 0, 1, 0
000000185177_jpg.rf.f82349fb10e5d8650a16722a4b6bb911.jpg, 0, 1, 0, 0
000000462057_jpg.rf.f82e8d04ed01a8016e2027f4be4682a6.jpg, 1, 0, 0, 0
000000436972_jpg.rf.f8416359b44158536d6305be64114153.jpg, 0, 0, 1, 0
000000273420_jpg.rf.f845a293406c0f5557b880633f6c412d.jpg, 0, 1, 0, 0
000000368559_jpg.rf.f86ee773fb0e688ab9193c6ccb341007.jpg, 0, 0, 0, 1
000000469921_jpg.rf.f8678e9db705b6ae086ad8cec790edcb.jpg, 0, 1, 0, 1
000000210806_jpg.rf.f859cd3e882b3de3afd492a754aada73.jpg, 0, 0, 0, 1
000000318974_jpg.rf.f83d316d2e66b035b86f0b0fa59fc441.jpg, 1, 1, 0, 0
000000041369_jpg.rf.f85dd50245829770292afa9968ffa1ec.jpg, 0, 1, 0, 0
000000388753_jpg.rf.f84c896405fa8d41beac014f619cc6f9.jpg, 0, 1, 0, 0
000000156503_jpg.rf.f85a4d1c1b58c408f80917becf21147e.jpg, 1, 1, 0, 0
000000387731_jpg.rf.f87e6890211349895adb4bb37413d97e.jpg, 0, 1, 0, 0
000000350974_jpg.rf.f87856cb8c09a17e5b1809a6390c7aef.jpg, 0, 0, 1, 0
000000105547_jpg.rf.f87e757f09361f1d456d7110ae1196e1.jpg, 0, 1, 1, 0
000000130053_jpg.rf.f8404f1f3c7f6bcc4f516d85c924912e.jpg, 0, 1, 0, 1
000000176278_jpg.rf.f851d475e80ddccb7581c57728006baf.jpg, 0, 1, 0, 1
000000088287_jpg.rf.f87003c1780f869392a28a449308e719.jpg, 0, 1, 0, 0
000000436456_jpg.rf.f88a64ef1d85ae3a36bf002e1dbc8001.jpg, 0, 0, 0, 1
000000273164_jpg.rf.f89be6b5174dde3a9115cd66c0630fd3.jpg, 0, 1, 0, 0
000000432247_jpg.rf.f898cecadc622763f8d6e45cb411fed1.jpg, 1, 1, 0, 0
000000376623_jpg.rf.f8915ef0b0e963866b5ce655226fa8f8.jpg, 0, 1, 1, 1
000000108701_jpg.rf.f87638c149ddd2f5212744d3c07fffa0.jpg, 0, 1, 1, 0
000000235644_jpg.rf.f88c7cfbab14043dba8ce7e035df817f.jpg, 0, 1, 0, 0
000000424368_jpg.rf.f897cb75c3ec6f8e2f20cdf4f5cce97c.jpg, 0, 1, 0, 0
000000060433_jpg.rf.f89b8d1dbc324e8a9694293ba5fc5e8d.jpg, 1, 1, 0, 0
000000522228_jpg.rf.f8aae91036ec5e75167afaf02f85ded1.jpg, 1, 0, 0, 0
000000148554_jpg.rf.f87fb892b59486240cb14aef51137432.jpg, 0, 1, 0, 0
000000506544_jpg.rf.f88f69ebbd4e4584aea33912b106ce27.jpg, 0, 1, 0, 0
000000259498_jpg.rf.f89fa0a0b753bfd0fdea2d3456a595a1.jpg, 0, 1, 0, 0
000000167603_jpg.rf.f89599f58fb2a074815873b29e2c259d.jpg, 1, 1, 0, 1
000000172568_jpg.rf.f8eff01f94e7f71dd358b819d8fd656b.jpg, 0, 1, 0, 0
000000293071_jpg.rf.f8b4c419a1d8dbb3960044848da00883.jpg, 0, 1, 0, 0
000000270189_jpg.rf.f8c26d748163bdc42148fcc59b6104a8.jpg, 1, 0, 0, 0
000000514191_jpg.rf.f8de9f62d19f0bffcdef497f785383a1.jpg, 0, 1, 0, 0
000000474775_jpg.rf.f8a775a0af80ca571556f4305fe874cf.jpg, 0, 1, 0, 0
000000015193_jpg.rf.f8fed18f8ee943ffa7592e5052ea6cc0.jpg, 0, 0, 0, 1
000000412566_jpg.rf.f8f26da78108cee35c8b8343fcecaf37.jpg, 0, 1, 0, 0
000000382418_jpg.rf.f8e9ee26001222faed71ba4132bb2c40.jpg, 0, 1, 0, 0
000000226896_jpg.rf.f90489082c344031b2d4169c0bb6b706.jpg, 0, 0, 0, 1
000000520533_jpg.rf.f8a203840fee5a6ec66cf5e6068b9da0.jpg, 0, 0, 1, 0
000000293860_jpg.rf.f8de5d63335e0620613eda0937bf8fce.jpg, 1, 0, 0, 0
000000127296_jpg.rf.f9072b4a586e0665d910bda3c96a3ea6.jpg, 0, 1, 1, 0
000000226664_jpg.rf.f8e6b19c28c59839b71d6b517de45c00.jpg, 0, 1, 0, 1
000000063275_jpg.rf.f90182eaea3b8f8e907954a975b9a8b2.jpg, 0, 1, 0, 0
000000075496_jpg.rf.f90a473facc762e702553c390c3ba41a.jpg, 0, 1, 0, 0
000000142585_jpg.rf.f91489bc85548d44b7d36f42fa468b40.jpg, 1, 1, 1, 1
000000235000_jpg.rf.f92555bdaf8a98ba1e9f78e14b0bc1ca.jpg, 0, 0, 1, 0
000000371244_jpg.rf.f93336865499fb82c6717b4dd9ddd4d6.jpg, 0, 0, 0, 1
000000263327_jpg.rf.f90a95f43f54bec23fde6ea8778b49a5.jpg, 0, 1, 0, 0
000000581040_jpg.rf.f94e1c1f8810a26d7dc7bbf85450e137.jpg, 0, 1, 0, 0
000000149228_jpg.rf.f91a283264f2818ee5dabdfff667057d.jpg, 0, 1, 0, 0
000000426383_jpg.rf.f95a23971614b5a46c8c0d784907ca9a.jpg, 1, 0, 0, 0
000000296224_jpg.rf.f907508b04ad5f7cb414c97accbd32d5.jpg, 1, 1, 0, 0
000000162998_jpg.rf.f947e8c0ee045ecc4e35d4c54bb98b44.jpg, 1, 1, 0, 1
000000365645_jpg.rf.f96f4b553cb90c01b7141563a4e2754d.jpg, 0, 1, 0, 0
000000135749_jpg.rf.f95cfa6628036c6ce6d96928671d8005.jpg, 1, 0, 0, 0
000000183246_jpg.rf.f95f40f527d09df0cfce3accf8852b04.jpg, 0, 1, 0, 1
000000026320_jpg.rf.f9529fac4391c63dced2634d216d7138.jpg, 0, 0, 1, 0
000000196777_jpg.rf.f946942e4486cc600905ada3dbe7bb5d.jpg, 0, 0, 1, 0
000000382517_jpg.rf.f8315020392794a9cf61480ce21313c9.jpg, 1, 0, 0, 0
000000431133_jpg.rf.f95d859f3eaa8dbb7871b1f27ac95475.jpg, 0, 1, 0, 0
000000269784_jpg.rf.f9775a41eafed78a940d65393a2bf7aa.jpg, 0, 1, 1, 0
000000462567_jpg.rf.f961936e5f0f4c48cc359e9db5ea0acf.jpg, 0, 0, 1, 0
000000161144_jpg.rf.f9597a0d682509cb6adbb8e0624c1269.jpg, 0, 1, 0, 0
000000561641_jpg.rf.f9910bc0a66ccab71ad59036a9d9c61e.jpg, 1, 1, 0, 0
000000267127_jpg.rf.f9a7a4017bb10fe070ca879ae3907a88.jpg, 0, 1, 0, 0
000000399195_jpg.rf.f9758e10003040cd4053c08619e93d6f.jpg, 0, 1, 0, 1
000000313359_jpg.rf.f986900812a52bca8ceb0abb0aa387a0.jpg, 0, 1, 0, 0
000000025548_jpg.rf.f98fbd52fcbc1fb0790042ea8f56e3b5.jpg, 0, 1, 0, 0
000000015827_jpg.rf.f9948dc61410bb2bf0967cf861101f1e.jpg, 0, 0, 1, 0
000000096213_jpg.rf.f978d3391f77e16dac6a558e12c17740.jpg, 0, 0, 0, 1
000000126260_jpg.rf.f97f12b48f28772eb51e5b12159e0cb1.jpg, 0, 1, 0, 0
000000300855_jpg.rf.f9ad2e7d1357ed6aae1b0b1d6faac82d.jpg, 0, 1, 0, 0
000000286998_jpg.rf.f9b05b107edb2ebcf9d9cc185414a110.jpg, 0, 1, 0, 0
000000530321_jpg.rf.f9961412c12ee3e23a4aa649f69d6a41.jpg, 0, 1, 0, 0
000000150267_jpg.rf.f9e6587c919edbc4607aa3337b633f7a.jpg, 1, 0, 0, 0
000000125778_jpg.rf.f97f76f0796bd1e0a51332d76b10f777.jpg, 0, 1, 0, 0
000000572604_jpg.rf.f9d047fe64f663848d2152374b43f629.jpg, 0, 1, 0, 0
000000241141_jpg.rf.f9ba6a193964d6a6c90f49ac3606d6dd.jpg, 0, 0, 0, 1
000000163483_jpg.rf.f9c35a24d7a559bf1fa6d5fd2f818eb6.jpg, 0, 1, 1, 0
000000279073_jpg.rf.f98ce965e6bf79a38ff9455fbfbcd2bb.jpg, 0, 1, 0, 1
000000127153_jpg.rf.f9ce4e2690f20a1713e7e85c1e748141.jpg, 0, 1, 0, 0
000000352019_jpg.rf.f9e8831bd9e150155f51a57c2c2f029b.jpg, 1, 1, 0, 0
000000413291_jpg.rf.f9eff8d5642562bf538ae0d5bd772fb1.jpg, 0, 1, 0, 0
000000177861_jpg.rf.f9e27f2de828bdb688a734f0e0fc7162.jpg, 0, 1, 0, 0
000000240615_jpg.rf.f9eebcb4c039297161f4e54656beab31.jpg, 0, 1, 0, 1
000000571970_jpg.rf.f9bb123b02b8004bccbd2fa5a8bb8e5e.jpg, 0, 1, 0, 0
000000214937_jpg.rf.f9dcef02aa691be5936e635e93c7a53c.jpg, 0, 1, 0, 0
000000045593_jpg.rf.f9e7201a4e01a77bd96d5e5f9fa2895b.jpg, 0, 0, 0, 1
000000273503_jpg.rf.f9ea38364a66034ad444290427e53444.jpg, 0, 1, 1, 1
000000056849_jpg.rf.fa1336b3f9b26a75557aba685e303b1e.jpg, 0, 1, 0, 0
000000369576_jpg.rf.f927e9f1aa4df596c56e6a28653438b9.jpg, 0, 0, 0, 1
000000115356_jpg.rf.f9ea5c8e69d2956cc6470dcf39496c60.jpg, 0, 1, 0, 0
000000140292_jpg.rf.f9ec126ee4a7e4f6385a770b46472b09.jpg, 0, 0, 0, 1
000000573954_jpg.rf.f9e783a41b82a273fe411f73f2a95008.jpg, 0, 1, 0, 1
000000178048_jpg.rf.fa22710985cdfe3cb435500f7577e269.jpg, 0, 0, 1, 0
000000113259_jpg.rf.fa0f6720adeba77b77ff0016fb0023ab.jpg, 0, 1, 0, 1
000000184397_jpg.rf.fa1426c61821eb7606f808a987fc7ce7.jpg, 0, 0, 1, 0
000000043750_jpg.rf.fa0667f4f8362d4f97f952cb268e4fb3.jpg, 0, 0, 0, 1
000000365996_jpg.rf.fa2ed0c3c9abd45940416cb314c2b3ef.jpg, 0, 1, 0, 0
000000236739_jpg.rf.fa1808c111c60e774d56b0dc8ee3cc1c.jpg, 1, 0, 0, 0
000000325775_jpg.rf.fa4472282599cc72404e91af994856e6.jpg, 0, 1, 0, 1
000000219524_jpg.rf.fa23f6fbb908e611e3856c5a35779b5d.jpg, 0, 0, 0, 1
000000141566_jpg.rf.fa1d30dd2b8ff7eaa03057a0526bb245.jpg, 0, 1, 0, 0
000000071126_jpg.rf.fa2e37aebe09a91b9fc7a3d3d047a1a8.jpg, 0, 1, 1, 0
000000456184_jpg.rf.fa1ed6d25d1a6b2fc033ba5d95192fd8.jpg, 0, 1, 0, 0
000000365614_jpg.rf.fa2d27d1f69ff7dd6b5ee04c7a7acf77.jpg, 1, 0, 0, 1
000000191931_jpg.rf.fa43c945172ec710c1843014b97cab19.jpg, 0, 0, 1, 0
000000357994_jpg.rf.fa9672508d20c9a29541d3789e935061.jpg, 0, 1, 0, 0
000000233916_jpg.rf.fa5fb1d444164fe8a08af60b21106162.jpg, 1, 1, 1, 0
000000491492_jpg.rf.fa441eab70300851b9bd27f354105012.jpg, 1, 1, 0, 1
000000434549_jpg.rf.fa40ea9af8427246a384d7cc3e0f9e2d.jpg, 0, 1, 0, 1
000000259535_jpg.rf.fa93f28a2fc70e31e4215880f423c34e.jpg, 0, 1, 0, 0
000000392457_jpg.rf.fa9849eaaa21d1038d7c00dd0fdf9046.jpg, 0, 1, 0, 0
000000036500_jpg.rf.fa610de53c8aa0f85a6e94ec95ab9573.jpg, 0, 1, 0, 0
000000174633_jpg.rf.faa62e16f2021eb387db6f324783b359.jpg, 0, 1, 0, 1
000000371139_jpg.rf.fa83f424dc41aca85ce9774a0f3f75fe.jpg, 1, 0, 0, 1
000000352185_jpg.rf.fa620dcb7be4015359a5f67a01fb0fd9.jpg, 1, 1, 0, 0
000000146857_jpg.rf.fa997f940124810ab6aa89d85acbc1e4.jpg, 0, 1, 0, 0
000000113261_jpg.rf.faa52aaa74fc6333e5769e614583cfed.jpg, 0, 0, 0, 1
000000224542_jpg.rf.fa49d7d6ce5ab5bb2c0e2ff66fcaf19d.jpg, 0, 1, 0, 1
000000270109_jpg.rf.fab4a581f101a874ecfc3e01f708807d.jpg, 0, 1, 0, 0
000000551050_jpg.rf.faac79b923749c58b93c3ed8c558a98d.jpg, 0, 0, 0, 1
000000164672_jpg.rf.faa916607d63e63349ea3e55400d9718.jpg, 0, 1, 0, 0
000000535342_jpg.rf.fadfd3f6262841ac28830607fde2c577.jpg, 0, 0, 1, 0
000000313055_jpg.rf.fac11dc11aed4ae0d635734ffbb10b7d.jpg, 0, 1, 0, 0
000000325279_jpg.rf.faa9f529bfe3f3f567580eff659f3bd0.jpg, 1, 1, 0, 0
000000128998_jpg.rf.fab0e3af13aeaf12591b3d3406f4262b.jpg, 0, 0, 1, 0
000000451554_jpg.rf.fa43cb7e34f731b1b68af56d5ed089d6.jpg, 0, 0, 1, 0
000000260238_jpg.rf.fab879f70dd4e51339b5af31a85ca94a.jpg, 0, 1, 1, 0
000000385796_jpg.rf.faaa515f471d22b6452c040fcd8169f7.jpg, 0, 1, 0, 1
000000553201_jpg.rf.fac54bade690dba7b89ac05051e98d98.jpg, 0, 1, 0, 0
000000067749_jpg.rf.fac895561d52164443b1b9e11d0a990f.jpg, 1, 1, 0, 1
000000098836_jpg.rf.fac1510314dece8022bb94a15ef7537e.jpg, 1, 0, 0, 0
000000090020_jpg.rf.fae287717cec5ab4a578dded7d684724.jpg, 0, 1, 0, 0
000000512644_jpg.rf.fb03661487bc7cff09f0fa66e2d1ea50.jpg, 0, 1, 1, 0
000000083174_jpg.rf.faef46e92a70211b6250083fa801e7c1.jpg, 0, 1, 0, 0
000000142014_jpg.rf.fae92cead1c0e167f7b06b4967fcca4f.jpg, 0, 1, 0, 0
000000286490_jpg.rf.faf3650efe87aa54aad19e2bba49a743.jpg, 0, 0, 1, 0
000000047204_jpg.rf.fb25b644bdc08c8eb2e1cc4d8d839987.jpg, 0, 1, 0, 0
000000399148_jpg.rf.fae774b76720187cf5431db52382ec2c.jpg, 0, 1, 0, 0
000000419276_jpg.rf.faca1e7c2eb9de152f577bd98d47fecb.jpg, 0, 1, 0, 1
000000250917_jpg.rf.fb17c3b751405477bbfab20a051f00b2.jpg, 0, 1, 0, 0
000000331982_jpg.rf.fb3754c141630d38c6c1dfe130ada159.jpg, 0, 1, 1, 0
000000236661_jpg.rf.fac879358af3b7bb26ffa816b3ad8d57.jpg, 0, 1, 0, 0
000000072580_jpg.rf.fb1eb9960a3b67a1a0e45da49888284b.jpg, 1, 1, 1, 0
000000129379_jpg.rf.fb3316ac22b5aa9cd949caaedafae2e7.jpg, 0, 1, 0, 0
000000264797_jpg.rf.fb3d400e4769e936375a93bc5dea0e65.jpg, 0, 0, 0, 1
000000378821_jpg.rf.fb0972923c216b28ca6cb5e68e22da03.jpg, 1, 1, 0, 0
000000340128_jpg.rf.fb39bfd94b69549b952da3d38391a6e9.jpg, 0, 1, 0, 1
000000044017_jpg.rf.fb338671e5b69b4b8a25dd9cfb2b05eb.jpg, 0, 1, 1, 0
000000325043_jpg.rf.fb4330db8eb37149afe8f56be601fb90.jpg, 0, 1, 0, 0
000000108500_jpg.rf.fb46637af9b6d8d167d4122a83926f74.jpg, 0, 1, 0, 1
000000399664_jpg.rf.fb70da0f4e9fca9c0a4a646a4d6625a5.jpg, 0, 1, 0, 0
000000307732_jpg.rf.fb4f3a0ff5ddc5b814acbc17ed0f2f75.jpg, 0, 1, 0, 0
000000420085_jpg.rf.fb5bfbda158e099b3b22d0e851acb94b.jpg, 0, 0, 0, 1
000000180042_jpg.rf.fb3d807531637d4d93cc02d50e2aa1ff.jpg, 0, 1, 0, 0
000000057868_jpg.rf.fb389cd78e5309322d57e3b73081788a.jpg, 0, 1, 0, 0
000000009872_jpg.rf.fac900ce1cef7fde43ae0725568107b0.jpg, 1, 0, 0, 0
000000019451_jpg.rf.fb3df4a0fbb741a35b603a4002dd6485.jpg, 0, 1, 1, 0
000000292170_jpg.rf.fb6f49994953b5c9256b35fed02c61ba.jpg, 0, 1, 0, 0
000000478821_jpg.rf.fb740a93d1f49736478419f193241e7a.jpg, 0, 1, 0, 0
000000034900_jpg.rf.fb43ffa622720441546314d19cacd4e8.jpg, 0, 1, 0, 1
000000545953_jpg.rf.fb435cf5ae1af622cb45d8aa3b1caa32.jpg, 1, 1, 0, 1
000000144300_jpg.rf.fb6b89ec5086cabe589c0a4669f8849d.jpg, 1, 0, 1, 1
000000377432_jpg.rf.fb4731f6c96cc72d30ba10b0ddfe5c7f.jpg, 1, 0, 1, 0
000000224724_jpg.rf.fb76fc30669d27ddbe8430650b838a4f.jpg, 0, 1, 1, 0
000000176280_jpg.rf.fba13492c28863618b344b6ad38dd5c4.jpg, 0, 0, 0, 1
000000190150_jpg.rf.fb9a61f2b2bbc66dd08dcdd92181b529.jpg, 0, 1, 1, 1
000000224959_jpg.rf.fb75e44b9cdaa4c5478563616f6ed931.jpg, 0, 1, 0, 0
000000577076_jpg.rf.fb7c83788f0fd4d02be5205bd7573627.jpg, 0, 1, 0, 0
000000359904_jpg.rf.fbac0baad79f1f8877ae70db0f9e4e6b.jpg, 0, 1, 0, 0
000000494393_jpg.rf.fb84da967b9fd6e20889a50a1d87e293.jpg, 0, 1, 0, 0
000000369180_jpg.rf.fbaac86b4a31542620694819295e1cd8.jpg, 1, 1, 0, 1
000000085956_jpg.rf.fb9c150623ba8529884c40c2d21ead9f.jpg, 1, 1, 0, 0
000000152725_jpg.rf.fb845be272dae257899c368d2913fa5b.jpg, 1, 0, 0, 0
000000378561_jpg.rf.fb9f458e76a695caba742e134d3fb15b.jpg, 1, 1, 0, 0
000000526877_jpg.rf.fb924bf2aa8282a52309a624026222ba.jpg, 0, 1, 1, 0
000000244986_jpg.rf.fbc2bc9f2d2e0d74dbcb739bf69aeeb0.jpg, 1, 1, 1, 1
000000198785_jpg.rf.faf79b920798506add56766071c51e86.jpg, 0, 0, 1, 0
000000417299_jpg.rf.fbb1f8ccc6f0b5f269e17b04e8308fa0.jpg, 0, 1, 1, 0
000000026609_jpg.rf.fb73c7851b93051f2af8478ecfcf3de2.jpg, 0, 1, 0, 1
000000184745_jpg.rf.fbbaa9e8462ce568946158b99212df51.jpg, 1, 1, 0, 0
000000210580_jpg.rf.fb9da916b28d7de716143c3dab3906e7.jpg, 0, 0, 1, 0
000000149364_jpg.rf.fbdf0c571d63bed2b02a91ac51781765.jpg, 0, 1, 0, 1
000000087912_jpg.rf.fbc401a7d3cde73954da8b93f5b86c97.jpg, 1, 1, 0, 0
000000551823_jpg.rf.fbcb011aebd52a2e0c278585d34663ef.jpg, 0, 1, 0, 0
000000380802_jpg.rf.fbd18f66d1d32c16a67d008074f083ca.jpg, 0, 1, 0, 1
000000105756_jpg.rf.fbed0cb3e3de0a2a3f23dd0d4a22feac.jpg, 0, 1, 0, 0
000000188805_jpg.rf.fc0515defb6e8907a3aee9a869133862.jpg, 0, 1, 0, 0
000000486521_jpg.rf.fbc9f31c6fc95e2ad3ac9a363d5781f6.jpg, 0, 1, 0, 0
000000407891_jpg.rf.fbf96b47d6d5d13663d07f46792bbb5f.jpg, 0, 1, 0, 1
000000506927_jpg.rf.fbea8895abf3e3935fca24403140ceef.jpg, 0, 1, 1, 0
000000210728_jpg.rf.fbef8f17395da1c8d7a10e2c9a0c21a2.jpg, 0, 1, 1, 0
000000056005_jpg.rf.fbdfdddb75b9113e72dae157d5c0026c.jpg, 0, 0, 0, 1
000000288042_jpg.rf.fbff6cebc6e3f400bd1effff3086ea89.jpg, 0, 0, 0, 1
000000261151_jpg.rf.fbc4529870f87d121ae7323963519c3b.jpg, 0, 1, 0, 0
000000327421_jpg.rf.fbdcc0d85f6cc1048d2fb0c8f1ae6ffc.jpg, 0, 1, 0, 0
000000519784_jpg.rf.fbf8b4702222795015ad355cdda132aa.jpg, 1, 1, 1, 1
000000536932_jpg.rf.fc0a79c49394bcf988fbcd7406386c81.jpg, 0, 1, 0, 1
000000020929_jpg.rf.fb862fc7761acfd86f210d5a8dc2d622.jpg, 0, 1, 0, 0
000000524790_jpg.rf.fc043745d4db9ac355f3c8dee0b52656.jpg, 0, 1, 0, 0
000000072133_jpg.rf.fbffe056f290c8cf681f4d354db7a9b3.jpg, 0, 1, 0, 0
000000242583_jpg.rf.fc09f6c06db0ac014fefb1175b5997b1.jpg, 0, 0, 0, 1
000000074179_jpg.rf.fbe0d83f5553dc897d39e232e09b49de.jpg, 0, 1, 0, 1
000000209222_jpg.rf.fbfb1aad1f6e8a12dad185b5ac82c292.jpg, 0, 1, 0, 1
000000503520_jpg.rf.fc13935a177fc9766ca82ef87601a52a.jpg, 1, 1, 0, 0
000000106722_jpg.rf.fbbc01a5a9272d34ae73a3c89ebeb5ba.jpg, 1, 0, 1, 0
000000363549_jpg.rf.fc1cab8abefb6fec825f42bdeae53dbc.jpg, 0, 1, 0, 1
000000269942_jpg.rf.fc249f16e1d2f3b59a26707fbac96320.jpg, 0, 1, 0, 0
000000255904_jpg.rf.fc398508a815551927403a21f89ebee9.jpg, 0, 1, 0, 1
000000235281_jpg.rf.fc306034090da6cff3c20feb236554b6.jpg, 0, 1, 0, 0
000000443641_jpg.rf.fc253421659615d86e6e39abbc54a445.jpg, 1, 1, 0, 1
000000014736_jpg.rf.fc0bab1e79763ce1c8706cc944df0d4d.jpg, 0, 1, 0, 0
000000509005_jpg.rf.fc3ae07c035908f9a6ee04c04394034f.jpg, 0, 1, 0, 1
000000134886_jpg.rf.fc56db8c7e4f77e7f216a72694fcbbf1.jpg, 0, 1, 0, 0
000000096339_jpg.rf.fc6d2f362202f12e386e4ac33b5ea4de.jpg, 0, 1, 0, 0
000000303227_jpg.rf.fc6d12de6647d0d49284cca14c74f922.jpg, 1, 0, 0, 0
000000447688_jpg.rf.fc51ee610169d52417448ab0164cefce.jpg, 0, 1, 0, 0
000000455481_jpg.rf.fc4c2cbcebe1289c7556d8b6ebfc0357.jpg, 0, 0, 0, 1
000000317254_jpg.rf.fc198498b541414d8740f72429008351.jpg, 0, 1, 1, 0
000000233351_jpg.rf.fc8867aa154f80aa240b1433cc8c34d1.jpg, 0, 0, 1, 1
000000246932_jpg.rf.fc818259299ec55cb438a02bb458b2de.jpg, 1, 0, 0, 0
000000527961_jpg.rf.fc5cecfc39228718e4554de990fc8c03.jpg, 1, 0, 0, 0
000000219909_jpg.rf.fc9e2de70d0c9fd9122d532f9c85bcbd.jpg, 0, 1, 0, 1
000000206176_jpg.rf.fc1eceb17169db32cbb072d9b2239a32.jpg, 0, 0, 1, 0
000000041020_jpg.rf.fc693fe640f7588df2531ca152313584.jpg, 0, 1, 0, 0
000000479332_jpg.rf.fc95fd30add3c17d13c16dad6658ec25.jpg, 0, 1, 0, 0
000000450212_jpg.rf.fc688c727124bb20a16b0fb4fc3d6631.jpg, 0, 0, 0, 1
000000283323_jpg.rf.fc77820e0ded121636e28b2c7239c8f9.jpg, 0, 1, 0, 1
000000530640_jpg.rf.fc3d3a5191a4a6f70c1c5b8090c63a37.jpg, 0, 0, 0, 1
000000280024_jpg.rf.fc31e79b10270568e9bf3fb695543270.jpg, 0, 0, 0, 1
000000457508_jpg.rf.fcd25c8dbc333c61277a2e0e157c76e4.jpg, 0, 0, 0, 1
000000393241_jpg.rf.fcdf18a1dd258894c606118f8c91ebe1.jpg, 0, 1, 0, 0
000000180967_jpg.rf.fc9ede6eb3175177e1327bd0ea7082d8.jpg, 0, 1, 0, 1
000000553669_jpg.rf.fccc73ffd662de3ec8a97a159e998a1f.jpg, 0, 1, 0, 1
000000139712_jpg.rf.fcb95ffde687270b75258c15f6defb2a.jpg, 1, 1, 0, 0
000000455720_jpg.rf.fd107d7bbf31165c11061ee7b3a37c35.jpg, 0, 1, 0, 0
000000056132_jpg.rf.fcd9c4775ed4815dd4d804d5344ff0e6.jpg, 0, 1, 0, 1
000000472502_jpg.rf.fcf085b88a7bc5d2de9390626a554814.jpg, 0, 1, 0, 0
000000013489_jpg.rf.fcd548bdfa9b43033be45e5a2b90a819.jpg, 1, 1, 0, 0
000000143737_jpg.rf.fcf4a1a5acf4221a80fd1e1b14074f37.jpg, 0, 0, 1, 0
000000091697_jpg.rf.fcee1a7f521a34d4e140577eccf1a6a3.jpg, 1, 0, 1, 0
000000185904_jpg.rf.fd140a73f316aba02b264519c2286502.jpg, 0, 0, 1, 0
000000202557_jpg.rf.fd13c0c5df0e3c074f00ab7a25af064e.jpg, 0, 0, 1, 0
000000440344_jpg.rf.fd072a87ee9c0734aef22ea4e45f67dc.jpg, 1, 0, 0, 1
000000352192_jpg.rf.fd25c2b20bd78acfb914d92c1aa204aa.jpg, 0, 1, 0, 1
000000541832_jpg.rf.fd102e7d1c4bb15c2314d180d7c496d5.jpg, 0, 1, 1, 1
000000116607_jpg.rf.fd252e477d8121507f1589d855ba3a89.jpg, 0, 0, 0, 1
000000018370_jpg.rf.fcd79a33530eab3fb6b0b4f9592f27b8.jpg, 0, 1, 1, 1
000000207339_jpg.rf.fcdc6a056aa2252fed8b2522482e7f27.jpg, 0, 1, 0, 0
000000229603_jpg.rf.fd13aea9844c2eae386b99c62464145b.jpg, 0, 1, 0, 0
000000516481_jpg.rf.fd27084a2be48a71091371d05afed36d.jpg, 0, 1, 0, 0
000000384422_jpg.rf.fd1790169430d78b71da235f4b9a5c46.jpg, 0, 1, 1, 1
000000535871_jpg.rf.fd3df72c66ea966243e090138413a331.jpg, 0, 1, 0, 0
000000482300_jpg.rf.fd46297d351b8314bc54e06ede45b4e8.jpg, 0, 0, 0, 1
000000546010_jpg.rf.fd2a0bfb088f4f599945cc3ef7967c36.jpg, 0, 1, 0, 0
000000535358_jpg.rf.fd5012843a4d1b53562fecf10d7be45a.jpg, 0, 1, 0, 0
000000363527_jpg.rf.fd26fa3c414e20feaed00d86a8c28493.jpg, 1, 0, 0, 1
000000134770_jpg.rf.fc4a6dd5121d1d0b000f9f684dda4c6e.jpg, 1, 1, 0, 0
000000077055_jpg.rf.fd494955bad827091da0729dfbff95e9.jpg, 1, 1, 0, 1
000000188165_jpg.rf.fd5b83d1d9b2f6a0a0dcf01dff9b35c9.jpg, 1, 1, 1, 0
000000239355_jpg.rf.fd6571a39c009fff3bc8d1d27bfc2745.jpg, 0, 1, 1, 0
000000056302_jpg.rf.fd7071912d59d319bb0677f4f29e5519.jpg, 1, 1, 0, 0
000000400436_jpg.rf.fd4c0c9bc177096b1653062d8e0408f4.jpg, 1, 1, 0, 0
000000189353_jpg.rf.fd5017863ba92ec3f1b0e457751bcf40.jpg, 0, 1, 0, 0
000000450902_jpg.rf.fd69494a71c32fc9e5330362b1418a20.jpg, 0, 1, 0, 0
000000319899_jpg.rf.fd7cfd0c2c441bf4c9958b5343f3c154.jpg, 0, 1, 0, 1
000000000532_jpg.rf.fd791db2c4195f740b663ef6d9544c38.jpg, 1, 0, 0, 0
000000247703_jpg.rf.fd65f56521cf3e4ffe1e418a9a9a2457.jpg, 0, 1, 0, 0
000000016364_jpg.rf.fd5cbee1c100defa7145019567786906.jpg, 0, 1, 0, 0
000000379201_jpg.rf.fd6f9d8be0c501cca992fb6474c37540.jpg, 0, 1, 0, 0
000000516488_jpg.rf.fd81d2ec9eca9cfc79ce35c0b7ee0711.jpg, 0, 0, 1, 0
000000393093_jpg.rf.fda3debc94c869d294dd2eb2b6b52937.jpg, 0, 1, 0, 0
000000340252_jpg.rf.fdb630f1487ab20a35e5b7e23c5df5c4.jpg, 0, 0, 0, 1
000000009542_jpg.rf.fd822b719984a3375a88ee60b0a0beb4.jpg, 1, 1, 0, 0
000000146954_jpg.rf.fd8d04f652b65560a12cc23e1823b57e.jpg, 1, 1, 0, 0
000000257920_jpg.rf.fd6210bc6fe79a702e9ed9f754b02fae.jpg, 1, 1, 0, 0
000000482928_jpg.rf.fd9139797caf58bf8dcaa725cb54d05d.jpg, 0, 0, 1, 0
000000205181_jpg.rf.fdc094deacbc102ad3466cffe835de39.jpg, 1, 0, 0, 0
000000501286_jpg.rf.fdb96b124222c7a8178856d6b4f61cea.jpg, 0, 0, 0, 1
000000172582_jpg.rf.fdb5c63e063d1a88734703f648f94f6b.jpg, 0, 1, 0, 1
000000292505_jpg.rf.fd937933330a5518a1924c69ea7d8423.jpg, 0, 0, 1, 0
000000319260_jpg.rf.fd9fca7d3703ed3bdb4a9e491e25bfec.jpg, 0, 1, 0, 0
000000326317_jpg.rf.fd8894500491dd351d78dea952104c88.jpg, 0, 1, 0, 1
000000229156_jpg.rf.fdb56848ad2d458f79e8deaf164ea34c.jpg, 0, 1, 0, 0
istockphoto-1152575743-612x612_jpg.rf.fd5e9b87d95ead49c6570f5edcb0ff0f.jpg, 0, 1, 0, 1
000000102411_jpg.rf.fdc0fa3c78fdd4da5614c597925ef794.jpg, 0, 1, 1, 0
000000475482_jpg.rf.fdc56c521424af360a6a792f97de6e4f.jpg, 0, 1, 0, 0
000000243333_jpg.rf.fdb91f1384380b0d34555dc577b93cde.jpg, 0, 1, 0, 0
000000336580_jpg.rf.fdb55af13008ba0ddfcbcd58936730ae.jpg, 1, 1, 0, 0
000000331793_jpg.rf.fdd50dc596109e34ebc6bf885fdb92e8.jpg, 0, 1, 0, 1
000000314916_jpg.rf.fd903e16f2b32d0c5f2f3aa28f382816.jpg, 0, 1, 0, 0
000000118406_jpg.rf.fde8beeb45db88ed1105a6d381c910fe.jpg, 0, 1, 0, 0
000000045785_jpg.rf.fddac1de761d6b50fa2d9060321335f5.jpg, 0, 1, 0, 0
000000456433_jpg.rf.fde729578549cddc97b1639c0d995c11.jpg, 0, 1, 0, 0
000000247726_jpg.rf.fe17c41c95f33f20a61098ed9d909fb7.jpg, 0, 1, 0, 0
000000133291_jpg.rf.fdc230f4a7e7dd0789a8a226da907060.jpg, 0, 1, 0, 1
000000237685_jpg.rf.fe3a8c37030b896dcb869e508d226782.jpg, 1, 1, 0, 1
000000469975_jpg.rf.fdc345ed8c7fb8fbd89b5bbd07f40b17.jpg, 1, 0, 0, 0
000000189814_jpg.rf.fdc7346bda5de5dd8f0d1c9ebe6c59eb.jpg, 1, 1, 0, 0
000000165039_jpg.rf.fdefbe496548ac9ecfd1dcb7507fbffa.jpg, 1, 1, 0, 0
000000474614_jpg.rf.fe230b70d0af5ded81aa4e1661b41f5e.jpg, 0, 1, 0, 1
000000374904_jpg.rf.fde40c3a649f05bf960918f84f610d37.jpg, 0, 0, 1, 0
000000401608_jpg.rf.fe20b01098e5ad6825b0e9e1f4776406.jpg, 0, 1, 0, 0
000000344298_jpg.rf.fe2d832777334ac19a9c5939f507b8d7.jpg, 1, 0, 0, 0
000000201069_jpg.rf.fe42e8d65a7c880e3948b636fce5f176.jpg, 0, 1, 0, 1
000000381811_jpg.rf.fde11f4fad65a0a8279125761636cd19.jpg, 0, 1, 0, 0
000000170754_jpg.rf.fe1ee5b99a49566acb42f00785a5d9a1.jpg, 0, 1, 0, 0
000000473384_jpg.rf.fdc982b673835c5434c641bd10049417.jpg, 1, 0, 0, 0
000000199346_jpg.rf.fe1b01e64fa3aeb4e2af1209ff88c2fa.jpg, 0, 0, 0, 1
000000492882_jpg.rf.fe4c0cb66fee9fe120bbd4c4d917846a.jpg, 1, 1, 0, 1
000000525206_jpg.rf.fe3f5a132f3560ef8c74c63f58c03850.jpg, 0, 0, 0, 1
000000117060_jpg.rf.fe02ddc7ddbbfbb02687ab9d7f15d0de.jpg, 0, 1, 0, 1
000000282097_jpg.rf.fe4f37cad2e0b68ca95e85ae78a2610a.jpg, 1, 0, 0, 0
000000421136_jpg.rf.fe48e15598751b001cec5df7c09fb5d8.jpg, 0, 0, 0, 1
000000018490_jpg.rf.fe2387d33dfd545c4054c1441debaed0.jpg, 0, 0, 1, 0
000000317563_jpg.rf.fe410f8b180ba149b3c95e5ffd220f72.jpg, 1, 1, 0, 0
000000079083_jpg.rf.fe5abb3fcee080c8a08e389bd3a833b0.jpg, 0, 1, 0, 1
000000030657_jpg.rf.fe9ece7538b1f111116f720342f1094d.jpg, 0, 0, 0, 1
000000336862_jpg.rf.fdc68a065e5700bda3ef559e6e7026a9.jpg, 0, 1, 0, 1
000000502620_jpg.rf.fe56b8545348cc645f23ebd15cfec697.jpg, 0, 1, 0, 1
000000560173_jpg.rf.fe8c0b033aad2720762e4ba5ba166025.jpg, 0, 1, 0, 1
000000247394_jpg.rf.fe4359a2e54a005d60ed30c271959636.jpg, 0, 1, 0, 0
000000268718_jpg.rf.fe5cb93fddde985f22884af766fd1741.jpg, 0, 1, 1, 0
000000381021_jpg.rf.fe539f932928eeee96f8d89782e105fd.jpg, 1, 1, 0, 1
000000269807_jpg.rf.fecdaf4162c4d0cc47998a5c344d770c.jpg, 0, 0, 1, 0
000000515876_jpg.rf.fe5dae522d2abac1a28a50f5907cf25c.jpg, 0, 1, 0, 0
000000555109_jpg.rf.fe48a315bde881ff65de1e6d5e2319b9.jpg, 0, 1, 0, 0
000000072984_jpg.rf.fe5d9b5ff13ce76fe841f5ea2acbb14e.jpg, 0, 1, 0, 0
000000192714_jpg.rf.fe8c0fb0db4c56ab48ac823cf82ee0a5.jpg, 0, 1, 0, 0
000000357860_jpg.rf.fe7f232fb047dde306213ff93e505912.jpg, 1, 0, 0, 1
000000005965_jpg.rf.fedb6b29abdf6fd49ff17d12a6a462c2.jpg, 0, 0, 1, 0
000000221183_jpg.rf.feea55c72767cdc630e78b17b9c6b884.jpg, 0, 0, 0, 1
000000295853_jpg.rf.feebe18f2d97c9a6a21cf58620884991.jpg, 0, 1, 0, 0
000000499786_jpg.rf.fecfb5b3cb46b9d1040a49767c4e8858.jpg, 0, 1, 0, 0
000000349101_jpg.rf.fea6c23212151a1d6d84f878a837be05.jpg, 1, 1, 0, 0
000000497867_jpg.rf.fea32106352a53130388d6f17d80f836.jpg, 1, 0, 0, 0
000000076082_jpg.rf.feed7d3714ac9b6c58fec0da7c1f1827.jpg, 0, 1, 1, 0
000000086452_jpg.rf.feb10eb538856eb6ef8eda6173417589.jpg, 1, 0, 0, 0
000000386279_jpg.rf.fef04c53f8e3fd54ba8d21c51a32c33d.jpg, 0, 1, 0, 0
000000196998_jpg.rf.ff08504d3372997851fa9b43cabb5e15.jpg, 0, 1, 0, 1
000000257162_jpg.rf.fee14d8e1ba37a12180670cb26bb1a45.jpg, 0, 0, 0, 1
000000233748_jpg.rf.fed4d4b3f8eaa340f95d0ed838ed17d3.jpg, 0, 1, 0, 1
000000327575_jpg.rf.fef7d8112c8ea4f8d49b862829a9ed7d.jpg, 1, 1, 0, 0
000000422295_jpg.rf.ff2a50564ef7f8e12b4f2a87e87414f4.jpg, 0, 1, 1, 0
000000365655_jpg.rf.ff2865a79c4ac295552bb95d17424f30.jpg, 1, 0, 0, 0
000000465101_jpg.rf.ff36d0497898d0e0fd868d68f2ff9224.jpg, 1, 0, 0, 1
000000547770_jpg.rf.ff32f9cf838c55dd585d5f0cd8c8b7ae.jpg, 0, 0, 1, 0
000000038838_jpg.rf.ff1c53c4d2963de9cefc9374b70c0ce4.jpg, 0, 1, 0, 0
000000246066_jpg.rf.ff30e8c6866e994e3a192c9dc61e5ff8.jpg, 0, 1, 0, 0
000000321679_jpg.rf.ff1344692c8e89dafd23978ef3d2fb3d.jpg, 1, 1, 0, 1
000000228712_jpg.rf.ff48100dd944c77a77c956ffe50294fe.jpg, 0, 0, 0, 1
000000533201_jpg.rf.ff4d404a7c0d7bbb65be4b66fd23658d.jpg, 0, 0, 0, 1
000000224610_jpg.rf.fe990d47dbcb82f7689dd85b824d0313.jpg, 1, 0, 0, 0
000000203062_jpg.rf.ff4707463fba1120f11838776c4baa25.jpg, 0, 1, 0, 1
000000274337_jpg.rf.ff275c00ac8942a978ee4274732d5611.jpg, 1, 1, 1, 0
000000456768_jpg.rf.ff50f8319aea349e65d5ff8b385c6098.jpg, 0, 1, 0, 0
000000372768_jpg.rf.ff64a025ba0308ac3f37f4a96170e480.jpg, 0, 1, 0, 1
000000428447_jpg.rf.ff5b2739832ffdef0be951327f55098d.jpg, 0, 1, 0, 0
000000545056_jpg.rf.ff0ddd8ddf5bb3657f645274148fc7e2.jpg, 0, 1, 0, 0
000000363205_jpg.rf.ff39a604932889879b35c90fd9cabb61.jpg, 1, 0, 0, 0
000000408243_jpg.rf.ff4012f1c756c07daedc31597ba73739.jpg, 0, 1, 0, 0
000000499749_jpg.rf.ff5e14683e1cdd32e5c8fd327a5ea719.jpg, 1, 0, 1, 0
000000369791_jpg.rf.ff66e11f8b322ecf2c3c9d924c19ba1d.jpg, 0, 0, 1, 0
000000407067_jpg.rf.ff524dc62447d6f148733326b27f5768.jpg, 0, 1, 0, 0
000000126110_jpg.rf.ff92313539422a434c30820d1748c94b.jpg, 0, 0, 0, 1
000000519676_jpg.rf.ff2c12197b4342a81570d389793d4536.jpg, 0, 1, 1, 1
000000420634_jpg.rf.ff57bd512ba488c6b48667e9260e16df.jpg, 0, 1, 0, 1
000000427338_jpg.rf.ff71810531252a67dceadc4fabe6b1fe.jpg, 0, 0, 1, 0
000000495947_jpg.rf.ffa5266874459ae5e0a76c72f83c4a74.jpg, 1, 1, 0, 0
000000513124_jpg.rf.ff8c33610048fb188be4a5d562e58c91.jpg, 0, 1, 0, 0
000000255330_jpg.rf.ff9580af5c61c5ea1f47416f547b3857.jpg, 0, 1, 0, 0
000000533889_jpg.rf.ff9c59101d5c6c335dc7accc61da0c61.jpg, 1, 1, 1, 0
000000578841_jpg.rf.ff96929d9657226e868d8d6dfb0c39ed.jpg, 0, 1, 0, 1
000000457442_jpg.rf.ffaa5da1b47680234b313bdc3a657ee1.jpg, 0, 0, 0, 1
000000005755_jpg.rf.ff8d43a84da7bbb1f94f5d9035c86264.jpg, 0, 1, 0, 1
000000309302_jpg.rf.ffadf84de18e2d516595819cedf203c6.jpg, 0, 1, 0, 0
000000507535_jpg.rf.ffeac65af26d3d3d82156247231c7678.jpg, 0, 0, 1, 0
000000051167_jpg.rf.ffe5cc3992bd9dc664c40d921a6b0147.jpg, 1, 1, 0, 0
000000200717_jpg.rf.ffdb927f4a980c811d2459b0113a188f.jpg, 0, 1, 0, 1
000000215482_jpg.rf.ffb4cddbb0e9c4c2e8984a2d07ed1267.jpg, 0, 1, 0, 0
000000031118_jpg.rf.ffb221203449fd9771d695fe34bfba88.jpg, 0, 1, 0, 0
000000339793_jpg.rf.ffcb65857bb1e5274396d19383cad769.jpg, 0, 1, 1, 0
000000277858_jpg.rf.ffd6af99bb73becfd8ae49196d47ac85.jpg, 0, 1, 0, 1
000000137586_jpg.rf.ffcd184728144985d2c064856e2b3b99.jpg, 0, 0, 1, 0
000000338021_jpg.rf.ffd46c408f0a8ec50eafd9fce79ee3e9.jpg, 0, 0, 1, 0
000000496430_jpg.rf.ffd2201d50da94500b19ff3611632077.jpg, 0, 1, 0, 1
000000019399_jpg.rf.ffc1f892bce10385d5121e435c9f1cf3.jpg, 0, 1, 0, 1
000000509217_jpg.rf.ffb4c256463ec4624c714db06258ca1a.jpg, 1, 0, 0, 0
000000045089_jpg.rf.ffd0c0c509cb97c147fd3310729c4288.jpg, 1, 1, 0, 0
000000195797_jpg.rf.fff68ac86f558c936bf154b2c127792a.jpg, 0, 1, 0, 0
000000019631_jpg.rf.ffc3855d0650d3dccf9212d4cf2d91c3.jpg, 0, 1, 0, 1
000000011065_jpg.rf.fffd9b1ace67f3069f8b76a7b0e297b6.jpg, 0, 1, 0, 1
000000568023_jpg.rf.ffed1b7070389e01964d584aa6b3f49f.jpg, 0, 0, 1, 0
000000305577_jpg.rf.ffef6ecfac95735d1207124ec7860674.jpg, 0, 0, 1, 0
000000212759_jpg.rf.ff6520ccb1b3d58d6a8d425094f0748d.jpg, 0, 1, 0, 0
000000413975_jpg.rf.ffaf808bd2a2ea5bce6e74d3afcfc835.jpg, 0, 1, 0, 0
000000570602_jpg.rf.ffc0ab935c0d5bcde489222bdfec22f3.jpg, 0, 1, 0, 0
000000026900_jpg.rf.ff4499b4ed1991f3faefe380df5d1211.jpg, 1, 0, 0, 0
000000251098_jpg.rf.bff7ff182cafcea64addbcd70361b689.jpg, 0, 1, 1, 0
000000133104_jpg.rf.bffbb7d62d0e9298b4c62dc54420ec2e.jpg, 0, 1, 0, 0
000000091935_jpg.rf.bffd8c149dd0e37e6989d82c46a0f02d.jpg, 1, 0, 0, 0
000000369482_jpg.rf.bfff59c70157cb05b58b4c8423768ea8.jpg, 0, 1, 0, 0
000000552518_jpg.rf.c00360c7f319b016886688b3311c7b09.jpg, 0, 1, 0, 1
000000512459_jpg.rf.c00518ef7ac5684a180edd3cdbfd1b2d.jpg, 1, 0, 0, 0
000000203235_jpg.rf.c00899f21a7c16adcd5d5340aaedf654.jpg, 0, 1, 0, 0
000000065584_jpg.rf.c00d9c9993acec581a84cfd81d95e984.jpg, 0, 1, 0, 0
000000526459_jpg.rf.c01f0fba59f04d27ded3e9e7f3f8881f.jpg, 1, 0, 0, 0
000000182112_jpg.rf.c017b26cdab59ea742575b36950aa772.jpg, 0, 0, 0, 1
000000418701_jpg.rf.c0153f5ea1f1e2a9bf093656779d8a82.jpg, 1, 1, 0, 0
000000113412_jpg.rf.c0042b8c9f4923776b1b5feffcbce1dd.jpg, 0, 1, 0, 0
000000428454_jpg.rf.c0254d9b1f92cbe323f290a91f99359b.jpg, 0, 1, 0, 0
000000284510_jpg.rf.c024dcebd3b0e7781bd07c665bb8e322.jpg, 0, 1, 0, 1
000000002639_jpg.rf.c01633e9bca2e1ea557221ce584f5801.jpg, 1, 0, 0, 0
000000433941_jpg.rf.c02ce02a3935367088c4fd5dd2b54323.jpg, 0, 1, 0, 1
000000151619_jpg.rf.c02d3ef9319277afc7a1fd9006705c4a.jpg, 1, 1, 0, 0
000000526701_jpg.rf.c040f3673bf2fbb90ba1f7f1e0efd5a0.jpg, 0, 1, 0, 1
000000297681_jpg.rf.c02b37be8b97df000b02b51683e49748.jpg, 0, 1, 0, 0
000000296489_jpg.rf.c031a27f9dfc3cce688880d009a13422.jpg, 0, 1, 0, 0
000000440298_jpg.rf.c0351ed39c755071d5dfc426de962c47.jpg, 0, 1, 0, 1
000000155219_jpg.rf.c04ac9b0b7846b57458f19a8b1b03d8a.jpg, 1, 0, 0, 0
000000536120_jpg.rf.c04dfe87a1ac1e5fa30dc0aacd810f19.jpg, 0, 0, 0, 1
000000190015_jpg.rf.c0518b08fbacdc491c6e57f5cf0d139e.jpg, 0, 0, 0, 1
000000222755_jpg.rf.c050aa2d56d43b0c27efcfc0a0a68830.jpg, 0, 1, 0, 1
000000165852_jpg.rf.c051e488b8905a40a08da05b8f9270c6.jpg, 0, 1, 1, 1
000000253262_jpg.rf.c075dda9eb2664edf2c26466fdec265d.jpg, 0, 0, 0, 1
000000254828_jpg.rf.c073978f84d954f191c1764cb1f0848d.jpg, 0, 0, 0, 1
000000501028_jpg.rf.c08f5eb2515867c9c8b98e4b4d41d46c.jpg, 1, 0, 0, 0
000000068764_jpg.rf.c065cfcb9d9840b255abb3fa5fcc6923.jpg, 0, 1, 0, 1
000000335027_jpg.rf.c0a43289cddecada71403bb5221248b2.jpg, 0, 1, 0, 1
000000167123_jpg.rf.c0796696f8d1fc91617db79a707d6519.jpg, 0, 1, 0, 1
000000512696_jpg.rf.c0a88b11d416bcac1ca3669e08dc25b7.jpg, 0, 1, 0, 0
000000471453_jpg.rf.c091bf64f4328bfba8495ca442f126ce.jpg, 0, 0, 0, 1
000000564337_jpg.rf.c05c29663afee122e59b782455f146d2.jpg, 0, 1, 1, 0
000000125572_jpg.rf.c09b8cc2d09685991e31ffb1e2a5a2cd.jpg, 1, 0, 1, 1
000000034285_jpg.rf.c09e9251d2b6683fdffef4683cfbcb0f.jpg, 0, 0, 0, 1
000000386847_jpg.rf.c072f255b5a8468ce55d685e491250ac.jpg, 1, 1, 0, 0
000000130812_jpg.rf.c0ad1ad04895753f2315a3505d4adb1d.jpg, 0, 1, 0, 0
000000473917_jpg.rf.c0598085a5bffec80148081fa234676f.jpg, 0, 1, 0, 1
000000326143_jpg.rf.c08ac91fc65d97e2fca1f6e67a3bb828.jpg, 1, 1, 0, 1
000000200018_jpg.rf.c088242728b18e5b269389b4c6d5358b.jpg, 0, 1, 0, 0
000000117445_jpg.rf.c0b0f8f580d5154dfd4f65236361badb.jpg, 0, 1, 0, 0
000000009317_jpg.rf.c08378c0355b023f964e8443d42839a2.jpg, 0, 1, 0, 0
000000457691_jpg.rf.c0779b4b3cb018f68a89da9560886ca7.jpg, 0, 1, 0, 0
000000316928_jpg.rf.c0ba53ceea638fc3b3fb8b5c608eda31.jpg, 0, 1, 0, 0
000000298051_jpg.rf.c0c64b5783364f1dc72df5b51f3aefc3.jpg, 0, 1, 0, 0
000000134447_jpg.rf.c0c6a5bd563ef896ba4ba90fb9bef062.jpg, 0, 1, 0, 0
000000357493_jpg.rf.c0bedfa9c3718e81e4d6de6acd19dcc2.jpg, 1, 1, 0, 1
000000460458_jpg.rf.c0c8363fde30465daf26d64bea29038f.jpg, 0, 1, 0, 0
000000203614_jpg.rf.c0c96db3316f99ecafdf0a9b83941e2f.jpg, 1, 0, 0, 0
000000121920_jpg.rf.c0e35c64385845a6e83fc9308cfab886.jpg, 0, 0, 0, 1
000000484754_jpg.rf.c0ee8576b3fdc94b212acb6cb979e95d.jpg, 1, 1, 0, 0
000000533810_jpg.rf.c10d2c8c1aea7f7ddd36a606cd004f28.jpg, 0, 0, 0, 1
000000330403_jpg.rf.c107be8243ffc8bb7c5ab609dbf5bddd.jpg, 0, 1, 0, 0
000000492154_jpg.rf.c0e29ae4762a60836b33c515a21a7cc5.jpg, 0, 0, 1, 0
000000058930_jpg.rf.c0e887e720373cc7ecd6850a8527a660.jpg, 1, 0, 0, 0
000000167506_jpg.rf.c111d3a7ff89bc34e16822a06db8f29e.jpg, 0, 1, 0, 0
000000130437_jpg.rf.c0ff9103f4c6bca4c95ad2cf8b30cec1.jpg, 0, 1, 0, 0
000000309316_jpg.rf.c12b12e9120f088c4d1603b03b814474.jpg, 0, 1, 0, 1
000000176017_jpg.rf.c0f257eaf75eeb78a4e83985332bd2b2.jpg, 0, 1, 0, 0
000000461588_jpg.rf.c12529d7e2300370749334718788fceb.jpg, 0, 0, 1, 0
000000362343_jpg.rf.c0eb30ff4b7146422971caed27eb01bc.jpg, 1, 1, 0, 1
000000342683_jpg.rf.c129e4d7952138cb199652e2c8624e51.jpg, 0, 1, 0, 1
000000412289_jpg.rf.c12e65ba7352231603d1f033d67cbdb0.jpg, 0, 1, 0, 0
000000096298_jpg.rf.c1283135b3dfb6b4985c4c02e28ddbf9.jpg, 0, 1, 0, 1
000000379172_jpg.rf.c115294f8e944fe69bd9d1f0329ec026.jpg, 0, 1, 0, 0
000000419718_jpg.rf.c14437c1025259b7ad203c55cbb13ce1.jpg, 0, 1, 0, 0
000000462565_jpg.rf.c142db3454411ba7e187bbfb19022b06.jpg, 0, 1, 0, 1
000000363848_jpg.rf.c0f7ee6fa0c41f07c48f5c6fb98a3f66.jpg, 0, 1, 0, 0
000000101053_jpg.rf.c12c068ff6a28af79a1f3dbc79af81cf.jpg, 1, 1, 0, 0
000000349185_jpg.rf.c131a595babc01222b90e467b2b5c8c7.jpg, 0, 0, 0, 1
000000258571_jpg.rf.c14193930fe320aeb5ec9f2de8c387aa.jpg, 0, 1, 0, 0
000000475407_jpg.rf.c1195bc1bd7d6a764dcb6e02f534622f.jpg, 0, 0, 1, 0
000000532842_jpg.rf.c13bb303ce17f7ff39c2b5a5ae9db44d.jpg, 1, 0, 0, 0
000000141204_jpg.rf.c127a3cf69399c5087b38702cefb5e72.jpg, 0, 1, 1, 0
000000550874_jpg.rf.c161afe3c1754353083e57b83e74174c.jpg, 1, 1, 0, 0
000000472501_jpg.rf.c1610052df86688289f63ed45089281c.jpg, 1, 1, 0, 0
000000369703_jpg.rf.c172550ba6863e125f6676afdde4aeb3.jpg, 0, 0, 0, 1
000000546966_jpg.rf.c16d093f62cd68954877734413a50a23.jpg, 0, 1, 0, 0
000000068152_jpg.rf.c1925c0850c34500b3af06f9d0db9855.jpg, 0, 1, 0, 1
000000417265_jpg.rf.c162a4325b4d11238079257f3173dfe8.jpg, 0, 1, 0, 0
000000442630_jpg.rf.c195962189d4b2bd8e5e0b29de52e2d6.jpg, 0, 1, 0, 0
000000223497_jpg.rf.c1b449f9f60ee83a2daf069980eb955d.jpg, 1, 0, 0, 1
000000352821_jpg.rf.c17a11861b3b455eeac6af8bd0308d48.jpg, 0, 1, 0, 0
000000223612_jpg.rf.c1b72415cefe8f8071c335689070889a.jpg, 0, 1, 0, 1
000000367724_jpg.rf.c158dc1bde67d045ece74ca7055f64e7.jpg, 1, 1, 0, 1
000000488002_jpg.rf.c1b656354a9bd39551e403bc1690474d.jpg, 0, 1, 0, 1
000000356496_jpg.rf.c1c10093867c605ea859a338686d2c88.jpg, 0, 0, 1, 0
000000390879_jpg.rf.c1a20fc4d6aa70a0d016a99d1885d58a.jpg, 0, 1, 0, 0
000000565612_jpg.rf.c163f6bef7a6eadcd96fdb59c80e9595.jpg, 0, 1, 0, 1
000000559776_jpg.rf.c1b96db692266a5f817071248d73bda7.jpg, 0, 1, 0, 0
000000203124_jpg.rf.c1b019bdb4af5282fa91ce84edb4dc62.jpg, 0, 1, 0, 0
000000087671_jpg.rf.c198148fa94d802e6792909e02782760.jpg, 0, 1, 1, 1
000000329477_jpg.rf.c154e0a883d390f8b581501f1038b2ff.jpg, 0, 1, 0, 0
000000475441_jpg.rf.c19a339dd4d558c36ed6848c8b64773d.jpg, 0, 1, 1, 1
000000492485_jpg.rf.c1c5db21b5aab0141c906cc8d68b7e0e.jpg, 0, 1, 0, 0
000000187576_jpg.rf.c1e10ade66272f7ccd77e6df80ddc984.jpg, 0, 1, 0, 0
000000182242_jpg.rf.c1cafc191086ae3b5136441440a83599.jpg, 0, 0, 0, 1
000000132336_jpg.rf.c1d8552330ef7a56fdf348250923fed3.jpg, 1, 0, 0, 0
000000325228_jpg.rf.c1c47fa3957a73f456717b818cb4cb5e.jpg, 0, 1, 0, 0
000000251487_jpg.rf.c186109a4f1a09184af39278faa0cb5d.jpg, 0, 1, 0, 1
000000454565_jpg.rf.c1d9d85e2fd42805888c1795cda52831.jpg, 0, 1, 0, 1
000000387109_jpg.rf.c1c629d15118fb8ca364c683ab9d8869.jpg, 0, 0, 1, 0
000000291320_jpg.rf.c1b89ee10a3a8b420ff2b44c67eaa609.jpg, 1, 1, 0, 0
000000360857_jpg.rf.c1efe8e3dec70376a71d710a4edfb681.jpg, 0, 1, 0, 0
000000454776_jpg.rf.c1e99991103aaaf0fcd828fa88c0ff25.jpg, 0, 1, 0, 0
000000326995_jpg.rf.c1ef796d858a8eb91023953ee85e2a20.jpg, 0, 1, 0, 0
000000244834_jpg.rf.c1ed5b421463ed019badd6ce0d6b5970.jpg, 0, 1, 0, 0
000000308459_jpg.rf.c20c8f285c1caf0bac55908576ddf8da.jpg, 0, 1, 0, 0
000000432309_jpg.rf.c22582d8732afff6afcc7b97b92e917a.jpg, 0, 0, 1, 0
000000330253_jpg.rf.c1d1c7f3c9c40138bf5f55fd6696c397.jpg, 1, 0, 0, 1
000000536164_jpg.rf.c1f0d36aa2e39129c06b1367f64db449.jpg, 1, 0, 0, 0
000000189982_jpg.rf.c213afca3c77afe35921b3d4a5332454.jpg, 0, 1, 0, 0
000000007096_jpg.rf.c20bc4f0a751ae23a2bb0219e7c8d3be.jpg, 0, 1, 0, 0
000000134937_jpg.rf.c2322a2d7ed231f8d3081a199d8ffdbc.jpg, 0, 1, 0, 0
000000255604_jpg.rf.c22114125619a3ae83850117f4a50afd.jpg, 0, 1, 1, 1
000000290110_jpg.rf.c1f88b4b9886421d746373b92eccd62d.jpg, 0, 1, 0, 1
000000296243_jpg.rf.c23b44c462a0efffaf84c8126c4f2fba.jpg, 0, 1, 0, 0
000000098038_jpg.rf.c22051d7ea52c461ad084d22b702b441.jpg, 0, 1, 1, 1
000000428391_jpg.rf.c23aa0a177e134406399bf47ee5bae50.jpg, 0, 0, 0, 1
000000290724_jpg.rf.c240bc2772882cddd6860ce5dc3774e7.jpg, 0, 1, 0, 1
000000233727_jpg.rf.c20b333e48925ddba529410cacd6aa91.jpg, 1, 0, 0, 0
000000026497_jpg.rf.c23723a329efa516371aa78fa4c71f71.jpg, 0, 0, 0, 1
000000406414_jpg.rf.c22f60fc03ea827c7f62933d49fb1560.jpg, 0, 0, 1, 0
000000287305_jpg.rf.c22ce12e6689ff26f4baf059c8a9901d.jpg, 1, 1, 0, 0
philippines-taxi-tricycle-cars_jpg.rf.c21e294dc2449528ef56c1305efb986e.jpg, 1, 0, 1, 1
000000462238_jpg.rf.c24265ae847052f346a276ffdbcda05e.jpg, 1, 1, 0, 0
000000071881_jpg.rf.c22125fa19f26bdf989c6d82dd3a07a8.jpg, 1, 0, 0, 1
000000563511_jpg.rf.c24feb500e609439acf888d7a65ef727.jpg, 0, 1, 0, 0
000000542450_jpg.rf.c226616019561562c14e80288f0859f9.jpg, 0, 1, 1, 0
000000217221_jpg.rf.c2498067b5b8a2a8c405ca35c34c91c5.jpg, 0, 1, 0, 0
000000264884_jpg.rf.c256fa0f4dbd2ff22abdacc588555f60.jpg, 0, 1, 0, 1
000000258395_jpg.rf.c244104a6bd9d2a27681fb80458a5f78.jpg, 0, 1, 0, 1
000000038241_jpg.rf.c21b9e1a77da99f65094320db045273c.jpg, 0, 1, 0, 1
000000283896_jpg.rf.c2693f34fa81472c9701f35e25d28ea5.jpg, 0, 1, 0, 1
000000389549_jpg.rf.c260e5ef9c7f441f44da8ae6a9e66114.jpg, 0, 1, 0, 0
000000502183_jpg.rf.c27c225d700e901cf2268c74361fdca2.jpg, 0, 0, 1, 0
000000277694_jpg.rf.c270bc19945fbd3b3b81dcdc8a4ee216.jpg, 0, 0, 1, 0
000000096969_jpg.rf.c2853de571244071f2d65ada3a277765.jpg, 0, 0, 0, 1
000000566839_jpg.rf.c2895f54682582b04ab2186eee5efb90.jpg, 0, 1, 0, 1
000000165094_jpg.rf.c272703a5c83ca0f5c0cf85e8a169af8.jpg, 0, 1, 0, 0
000000199640_jpg.rf.c28b4413fdd841be55ca47177c5bb475.jpg, 0, 1, 1, 0
000000265184_jpg.rf.c283a540e909a99de743f70add8a8a78.jpg, 0, 0, 1, 0
000000489482_jpg.rf.c2614df0cc112825dc25b0416275cb4e.jpg, 0, 1, 0, 0
000000481736_jpg.rf.c28287128c32e65ef814a1a4ec369a7e.jpg, 0, 1, 0, 0
000000028336_jpg.rf.c26ea41dd32841938cf0671aebdb1c91.jpg, 0, 0, 1, 0
000000235832_jpg.rf.c297639b05ab2d01745f4e6e212cc5e5.jpg, 0, 1, 1, 1
000000399540_jpg.rf.c29366b7da818d41e893d1c0cbb25de3.jpg, 1, 1, 0, 1
000000272997_jpg.rf.c296516980278351e2c8fc21f72ab399.jpg, 1, 1, 0, 0
000000484342_jpg.rf.c2899a12c89b018e494a4421e5e4237d.jpg, 0, 0, 1, 0
000000503460_jpg.rf.c2979883cff835207ff994900baf91e6.jpg, 1, 1, 0, 0
000000224548_jpg.rf.c29bdee0422079f23ac467e3c772a53d.jpg, 0, 1, 0, 0
000000097131_jpg.rf.c28581e9c45ad919a155f030c5a9e700.jpg, 0, 1, 0, 1
000000233646_jpg.rf.c2aa3cc8a83a94a6508a13b55bb1887a.jpg, 0, 1, 0, 0
000000342185_jpg.rf.c2a0f7da735dc6fc619dc7106b1f9c66.jpg, 0, 1, 0, 0
000000553998_jpg.rf.c29ae8034962d10e395ac73b77b96fbb.jpg, 0, 0, 0, 1
000000033866_jpg.rf.c2b7409ad3dfdf21fed5875791ace07c.jpg, 0, 1, 0, 0
000000305695_jpg.rf.c2b2d23205ab64280984f3a553bbcf32.jpg, 0, 1, 0, 1
000000515814_jpg.rf.c2c474875403aad30e3e55f54e79931c.jpg, 0, 0, 0, 1
000000486854_jpg.rf.c2c22b540ecbf1b78f029a7c4a19a5bb.jpg, 0, 0, 1, 0
000000531647_jpg.rf.c2bef3d45dabafdeec69cf72a1db768f.jpg, 1, 1, 1, 0
000000350460_jpg.rf.c2d97c7da8788b872752998f30edcc04.jpg, 0, 1, 0, 1
000000279264_jpg.rf.c2c12a5962e16a5079cee63911ef1d07.jpg, 0, 0, 0, 1
000000002124_jpg.rf.c2e1c5189dbf3fa25915d2d69323c208.jpg, 0, 0, 0, 1
000000221633_jpg.rf.c2fecb94a9364eef52dbf160bf83952d.jpg, 0, 1, 1, 0
000000255889_jpg.rf.c2d91c46cc4b1e63537b38bc5fd30f2a.jpg, 0, 1, 0, 0
000000170390_jpg.rf.c2d280f87dabb7a1177db0b512558942.jpg, 1, 1, 1, 0
000000567683_jpg.rf.c2d22687065a9fb7a8b6ec4933172279.jpg, 0, 0, 1, 0
000000374241_jpg.rf.c2f46f03382926d6682a9cb94a3ee6a8.jpg, 0, 1, 0, 1
000000533107_jpg.rf.c31678b3b77c7b662712f97518f9bd60.jpg, 1, 0, 0, 0
000000194774_jpg.rf.c30edaba20b84e0ed5dec1edd71e7056.jpg, 0, 1, 0, 0
000000061676_jpg.rf.c2de8e5a1b03fc8e1cf0b4d75c00ec47.jpg, 0, 0, 1, 0
000000262471_jpg.rf.c313ede71c4d1f47f9490fbacddfa39d.jpg, 0, 0, 0, 1
000000228618_jpg.rf.c2dad493eff76c40e32ac91af9c93d16.jpg, 0, 1, 0, 1
000000555696_jpg.rf.c29d90a91c6722ed365f2e656e2e32b1.jpg, 0, 1, 0, 0
000000082052_jpg.rf.c2dded3d677e1efb8a559930569598dd.jpg, 0, 1, 0, 0
000000498709_jpg.rf.c302fb448f7f906deb211939c8f616e5.jpg, 0, 1, 1, 0
000000194105_jpg.rf.c327ccd1238d79655f88f41ae93a212f.jpg, 0, 1, 0, 1
000000197057_jpg.rf.c32d68ddc228a8fc77c9ddb03074c38e.jpg, 0, 1, 0, 0
000000481549_jpg.rf.c3282d8fc5da998f3397fe4d545122cb.jpg, 1, 1, 0, 0
000000339678_jpg.rf.c30def7ac80b5966291dfadcb08535cd.jpg, 0, 1, 0, 1
000000462062_jpg.rf.c331f83c3ba1e4bce119166bf795ff2b.jpg, 0, 1, 0, 0
000000546229_jpg.rf.c35065ad4a3b36760b681d50a00bd20a.jpg, 0, 1, 0, 0
000000042682_jpg.rf.c32b7a39ed6a8c9185c0e6385cece16c.jpg, 0, 1, 0, 1
000000355668_jpg.rf.c3009e6c67c03da6b952902f256d397b.jpg, 1, 1, 0, 1
000000579859_jpg.rf.c33a078ae0e4b612aef6bcb9b88d2e46.jpg, 1, 1, 0, 1
000000178550_jpg.rf.c321c2fcd2ba28809dcb357ff12ac9e9.jpg, 0, 1, 0, 0
000000248779_jpg.rf.c35c642c4b2864fe4909b4c3dae58fc4.jpg, 0, 0, 0, 1
000000216740_jpg.rf.c37b499eeef8b59b7b6c6a0299853d09.jpg, 0, 1, 0, 0
000000221616_jpg.rf.c34f34e0d4813a33f09401316f45cba2.jpg, 0, 0, 1, 0
000000022056_jpg.rf.c340891129dd3ced3567ea66d245d538.jpg, 1, 0, 1, 0
000000432623_jpg.rf.c33ae91c273a594fe747463f001865cd.jpg, 0, 0, 1, 0
000000111406_jpg.rf.c376ace54c9c6edfd40a74100d5f9db0.jpg, 1, 1, 0, 0
000000011004_jpg.rf.c32f992a262bb32a5417fff5b55bf73e.jpg, 0, 0, 0, 1
000000359715_jpg.rf.c36c78cfb4f528c27591ad5d900ca874.jpg, 0, 1, 1, 1
000000203765_jpg.rf.c3605a571741508302b771c5c976d30b.jpg, 1, 1, 0, 0
000000188143_jpg.rf.c3563cb5256ff31f03740e7870efc72a.jpg, 0, 0, 0, 1
000000393362_jpg.rf.c37d4c0883062b491420f7a488e11622.jpg, 0, 0, 1, 0
000000546074_jpg.rf.c38535652cf528ce14b0667163f13703.jpg, 0, 0, 0, 1
000000320803_jpg.rf.c32e170eac293ca3d4c02b2cd49eab4b.jpg, 0, 0, 1, 0
000000053719_jpg.rf.c38ab519106f778cd462a7d0e8e247a2.jpg, 0, 1, 0, 0
000000548559_jpg.rf.c3902777529b219cfa890e4a66661992.jpg, 0, 1, 0, 0
000000369751_jpg.rf.c3215b7b8e58bff28936aa4801878471.jpg, 0, 1, 0, 0
000000518859_jpg.rf.c360e085915e56c2792553a8b8ff8dd7.jpg, 1, 0, 0, 0
000000472233_jpg.rf.c389b19679834b4a8622eed8b9fccf03.jpg, 0, 0, 1, 0
000000118431_jpg.rf.c39752206103090f3d0bbdf833305804.jpg, 0, 1, 0, 0
000000255279_jpg.rf.c3868e18f60c79e9d7e3011149a6b1fc.jpg, 0, 1, 1, 0
000000224522_jpg.rf.c3a480384fcf39016aabc9f2bbcef36a.jpg, 1, 1, 0, 1
000000242526_jpg.rf.c3973124afa617b598360b59c226f95b.jpg, 0, 1, 1, 1
000000229472_jpg.rf.c37d381d66c15ecfb7c5cfb07b794545.jpg, 0, 1, 1, 1
000000102256_jpg.rf.c35c8aa26278f8cfa9aa08c58a8c12ae.jpg, 0, 1, 0, 1
000000423693_jpg.rf.c39c8833772c5b9be838bdca5999e8f6.jpg, 0, 1, 0, 0
000000244833_jpg.rf.c3adbcc6f2d7a84eccce9032a12d9183.jpg, 0, 0, 1, 0
000000391773_jpg.rf.c3a72f8839886057b126bd1477fdbe45.jpg, 0, 0, 0, 1
000000540547_jpg.rf.c38ad359f4179bb0563b495c2b2b2977.jpg, 0, 1, 0, 1
000000540027_jpg.rf.c3ca75949475da116547d57ef333c198.jpg, 0, 1, 0, 0
000000004891_jpg.rf.c3ab8ea7cf72d3f6f479d5eb6459d20c.jpg, 0, 0, 0, 1
000000325369_jpg.rf.c3c5e835b8fd75d4bac63f5be01dc06a.jpg, 0, 0, 0, 1
000000196917_jpg.rf.c3d4129784a69e821cf5d042df4e6ef0.jpg, 1, 0, 0, 1
000000402650_jpg.rf.c3bf1ba8f0794e6768e73fc8cac852af.jpg, 0, 1, 0, 1
000000312744_jpg.rf.c3c3f50160f2204f8cbdc83b42cb3418.jpg, 0, 1, 0, 0
000000101189_jpg.rf.c3be8e004cadd1640df142b86cf709e2.jpg, 0, 1, 0, 0
000000576322_jpg.rf.c3e7d05d28094dd2124070796a4b91de.jpg, 0, 1, 0, 0
000000386068_jpg.rf.c3eba1d2f7e35967f90055be21b89fe1.jpg, 0, 1, 0, 0
000000404110_jpg.rf.c3efd119d926e7ad3263bd35a60cc571.jpg, 0, 0, 0, 1
000000479591_jpg.rf.c3e78481d1c4eb17010ad8fa99742be2.jpg, 0, 1, 0, 0
000000354278_jpg.rf.c3bde50cec55ffa2ef5e88aa0b283e1c.jpg, 0, 1, 0, 0
000000491213_jpg.rf.c3bc22d286c721ea5fa8945a7c1f800f.jpg, 0, 1, 1, 1
000000392392_jpg.rf.c3cecfd5dcf7c6cbe93722d912e0dc50.jpg, 0, 1, 1, 0
000000302199_jpg.rf.c3cf652ec7ca17ca4baf7c0b4311d539.jpg, 0, 0, 0, 1
000000326700_jpg.rf.c3f667ee1f561a86d19a06ff18911ffd.jpg, 0, 1, 0, 1
000000085407_jpg.rf.c3f6a4ebad690e2058e448c585bf5c69.jpg, 0, 0, 0, 1
000000276545_jpg.rf.c3c97e04a59bc451bf60b18cfa740af8.jpg, 0, 1, 0, 0
000000198604_jpg.rf.c3d38b051325f6fa32200cf28a225d8a.jpg, 0, 1, 0, 0
000000241761_jpg.rf.c3567a5ccb06749a067141db932f41aa.jpg, 0, 1, 0, 0
000000353220_jpg.rf.c3f92969beb1ee9d43ab78f1d41e338e.jpg, 0, 1, 0, 0
000000304065_jpg.rf.c4284ec122fe9b47ea24213eb47d3125.jpg, 0, 0, 0, 1
000000012666_jpg.rf.c3f8b8d9918da95d4a794a6bf54b38e1.jpg, 1, 1, 0, 1
000000399512_jpg.rf.c40e2d049433651fcee2ff8c897e1265.jpg, 0, 1, 1, 0
000000078056_jpg.rf.c3fe38345e3f2cdcf9bac00ce9a5cca5.jpg, 0, 1, 0, 0
000000441430_jpg.rf.c430f2eea4f7f0a10681b538a4f40c97.jpg, 0, 0, 0, 1
000000382905_jpg.rf.c4378de3e8eb34724221cb80a4cab583.jpg, 0, 0, 0, 1
000000180350_jpg.rf.c42384b577311339c94a06370ee1f845.jpg, 0, 1, 1, 0
000000503961_jpg.rf.c43153ee07efb9924f0781b0a9dab636.jpg, 0, 1, 0, 0
000000370722_jpg.rf.c42a86ab4d267c6109d3a953752f0cf1.jpg, 0, 1, 1, 0
000000514798_jpg.rf.c4414ca705518676f30d013e1829cf4a.jpg, 0, 1, 0, 0
000000009018_jpg.rf.c4541ce2932df65cc29799b610bec757.jpg, 0, 0, 0, 1
000000297631_jpg.rf.c44aab35f1b941759b5701b2ac69e3d1.jpg, 0, 0, 1, 1
000000506394_jpg.rf.c4455f2699b1a0f1c1217bc4d2abbf39.jpg, 0, 1, 0, 0
000000145502_jpg.rf.c4527b0789cc31a0b319ee6c3c44a3a8.jpg, 0, 0, 1, 0
000000122539_jpg.rf.c43851fc64a892d894033c8604943105.jpg, 0, 0, 1, 0
000000039497_jpg.rf.c46917812d1067990c7fcb350b09cbc6.jpg, 1, 0, 0, 0
000000567665_jpg.rf.c479e48100b19f77a96032a2c691fbdf.jpg, 1, 1, 0, 1
000000514839_jpg.rf.c46285d8a136e483f0600b897b061c85.jpg, 0, 1, 1, 0
000000338242_jpg.rf.c453c81e10607ef80daa134fa5298ccd.jpg, 0, 1, 0, 0
000000567224_jpg.rf.c48b35af84f3e6b3fa72a12dd480a475.jpg, 0, 1, 1, 0
000000335241_jpg.rf.c47cf0011df50f69a4216fbc620da342.jpg, 1, 0, 0, 1
000000400734_jpg.rf.c43d23fab55a56a7cd6051230b6c480c.jpg, 0, 0, 1, 0
000000178331_jpg.rf.c494f403fcaacec0f6914193bf42be07.jpg, 0, 1, 0, 1
000000116783_jpg.rf.c44575df03eeb24203874c044ee5db0f.jpg, 0, 1, 0, 1
000000468652_jpg.rf.c4545d606b013fa3f007d9c254183e91.jpg, 0, 1, 0, 1
000000009769_jpg.rf.c48254f9655f2034dc244d9f3886b944.jpg, 0, 0, 0, 1
000000429759_jpg.rf.c476d067da00e05ed4d20555b7130905.jpg, 0, 0, 1, 0
000000151265_jpg.rf.c4807785203388e4414138acde11c72e.jpg, 0, 0, 1, 0
000000478418_jpg.rf.c498f35ca99fdf8b12ad7066eebed839.jpg, 0, 1, 0, 1
000000060610_jpg.rf.c49e4e95576578acfbd85b4a8d16f823.jpg, 1, 1, 1, 0
000000329152_jpg.rf.c4548e3f74acdf7ff07e0d5f5cd4af18.jpg, 0, 1, 0, 0
000000159965_jpg.rf.c464e372e3350dba66c7994a2098b150.jpg, 0, 1, 0, 0
000000385805_jpg.rf.c4a7c0bba9c2d43bc4bd9b6501066720.jpg, 1, 1, 0, 1
000000421341_jpg.rf.c4a182bebeb23b94794bb13208004031.jpg, 0, 1, 0, 0
000000386752_jpg.rf.c49f6a0ad823527164dae5dbed312676.jpg, 1, 0, 0, 0
000000033017_jpg.rf.c4aae8e3aada9baeba67799c99f2d764.jpg, 0, 1, 0, 0
000000391300_jpg.rf.c485e121792ca8071141f96a0a832239.jpg, 0, 1, 0, 1
000000083471_jpg.rf.c4c5afbb037ba00e4e2c8e2a92286868.jpg, 0, 1, 1, 1
000000410969_jpg.rf.c48c88dc295c5ecad3ce3030b9a9ab1f.jpg, 0, 0, 0, 1
000000445684_jpg.rf.c51918637cede1194fd8abe7a5162c47.jpg, 1, 0, 0, 0
000000457119_jpg.rf.c4ff306846976648b46a8c85cc092c44.jpg, 0, 0, 0, 1
000000433402_jpg.rf.c4b0bbc2331979a7c2d7f28ca1c4c53f.jpg, 0, 0, 1, 0
000000063820_jpg.rf.c4da6c98c6be3c21a934ca9117668db7.jpg, 0, 0, 0, 1
000000249404_jpg.rf.c4dc6386a0c85b769cb0b50821a8e6f8.jpg, 0, 1, 0, 0
000000429246_jpg.rf.c501fab738f717de7a42a50f77dbf865.jpg, 0, 1, 0, 0
000000479864_jpg.rf.c50e0bf14c82251947867baad4ea38fb.jpg, 1, 1, 1, 0
000000237207_jpg.rf.c4e6cc29fbd1c4e2e5891eb81a4a87f2.jpg, 0, 1, 0, 1
000000342770_jpg.rf.c5240c0f49979992baed27d16758b454.jpg, 0, 0, 0, 1
000000544611_jpg.rf.c4ac40972efaafd36bf5b294ea38ae81.jpg, 0, 1, 0, 0
000000459342_jpg.rf.c50f10c734d9db16f2ef1dd776c9bc17.jpg, 0, 1, 0, 0
000000527844_jpg.rf.c4919f0892b6c514fd884e03b0f28a2a.jpg, 1, 0, 0, 1
000000157923_jpg.rf.c4e56e273640040d1b08a87f29e8ae03.jpg, 1, 1, 0, 1
000000479805_jpg.rf.c548801683543fe758d659639d77b7d2.jpg, 0, 1, 0, 0
000000468469_jpg.rf.c4d55e8454e823712aeff96f3e12b2d0.jpg, 1, 0, 0, 0
000000434159_jpg.rf.c548b2515b0ace5917302135f10c32ca.jpg, 0, 1, 0, 1
000000123555_jpg.rf.c520f120eef73a290c0d0c8bf93cc4cb.jpg, 1, 1, 0, 0
000000179388_jpg.rf.c53d3eb99634b4b88c7e470c3d0b82c6.jpg, 0, 1, 0, 0
000000090640_jpg.rf.c4c16714bf09e7158b5336a04790a7e3.jpg, 0, 1, 0, 0
000000401610_jpg.rf.c52c112313a552f4fdad13a4985e4e10.jpg, 1, 1, 0, 0
000000218455_jpg.rf.c54f3dface291cc686f5209b2b929463.jpg, 1, 1, 0, 0
000000543547_jpg.rf.c54076acc2a1017c55f7add4bd199c00.jpg, 0, 1, 1, 1
000000137203_jpg.rf.c529a20c1de1fe938d6b2259bf9c5ebf.jpg, 0, 1, 0, 1
000000426201_jpg.rf.c55d729fd377160cedd3c4dd4f4421cc.jpg, 0, 0, 1, 0
000000327330_jpg.rf.c5732f68165884764d1d8767ce9ee444.jpg, 1, 0, 0, 1
000000472772_jpg.rf.c552b313c512f2f6194992388ae4fdef.jpg, 0, 1, 0, 0
000000075846_jpg.rf.c4b5607ef06c585711a51dc6d41c0c3a.jpg, 0, 1, 0, 0
000000145264_jpg.rf.c570b10c57ac0937aca472ddcc20ffa9.jpg, 0, 0, 0, 1
000000398615_jpg.rf.c567f5e258e1d584e02d5c7146c667d2.jpg, 1, 0, 0, 0
000000347496_jpg.rf.c56aa8ca7a6401b36b91e92f5f267ea8.jpg, 0, 0, 0, 1
000000100910_jpg.rf.c569989ce0148bcfd4c8ea44561161a5.jpg, 0, 1, 0, 1
000000107939_jpg.rf.c575d60226f1007899d9b6c4b78cc8b7.jpg, 0, 1, 0, 0
000000426016_jpg.rf.c57a547a3c4d9fbf2a3d7eb38856c66e.jpg, 0, 1, 0, 0
000000035176_jpg.rf.c5883ee45bebd704b6e49a672d781cad.jpg, 0, 0, 0, 1
000000292283_jpg.rf.c55634d774f8e02b33004794b4ce8818.jpg, 0, 1, 1, 0
000000571584_jpg.rf.c598e842fb03af609e7e1181a5593469.jpg, 1, 1, 0, 0
000000562217_jpg.rf.c58e63e98b4078917c5731a283c049bf.jpg, 0, 1, 0, 0
000000262715_jpg.rf.c57c81a337e3f7051c3d02d662a939c6.jpg, 0, 0, 0, 1
000000350497_jpg.rf.c5995a2428f8da2fac166e70299b0a56.jpg, 0, 0, 1, 0
000000519852_jpg.rf.c5a2629fcf15f1402f782d24f0c0f259.jpg, 0, 1, 0, 0
000000562678_jpg.rf.c5a91b91915711ea79c2429abc1b06ce.jpg, 0, 1, 0, 1
000000148843_jpg.rf.c58549e47f6beb5fd872fa115167063f.jpg, 0, 0, 1, 1
000000143908_jpg.rf.c59c40df7b98f5a52fbd580363e8c3e5.jpg, 0, 0, 1, 0
000000494594_jpg.rf.c59c399c1bbaa7e2252274e370bc2a32.jpg, 0, 1, 0, 0
000000092342_jpg.rf.c58f5f833bac411378bc40169d42bf0e.jpg, 0, 1, 0, 0
000000332166_jpg.rf.c5a70d9b59831198a559496eb87497e2.jpg, 0, 0, 1, 0
000000014320_jpg.rf.c59f01ab657900aa3a17e14c9bd14906.jpg, 0, 1, 0, 1
000000523241_jpg.rf.c5ca336e263f587dd9c0bd9d86d82e9a.jpg, 0, 1, 0, 1
000000082873_jpg.rf.c5a4c5b54d43bbe35d1d81d5c8c724c3.jpg, 0, 1, 0, 0
000000109357_jpg.rf.c5ab008ef25febc20996f27a3e652446.jpg, 1, 0, 0, 0
000000478736_jpg.rf.c5ca96673e299378e87dc033a54a9178.jpg, 0, 1, 0, 0
000000480452_jpg.rf.c59ae53e73efe119a7c094ad8f786915.jpg, 1, 0, 0, 0
000000168521_jpg.rf.c5bbb85aafa363f9b0e29cf7f0c586ea.jpg, 0, 1, 0, 0
000000181564_jpg.rf.c5c8af0f47663060500c763270ae88b2.jpg, 1, 1, 0, 1
000000175459_jpg.rf.c5aedd23201d5af1e0ab5cb346ee2f15.jpg, 0, 0, 1, 0
000000531575_jpg.rf.c5bb142ca9760e21a06ad460cb4ace10.jpg, 0, 1, 0, 1
000000429672_jpg.rf.c5c574ccf233f2dac23d6ad50b5f5886.jpg, 0, 1, 0, 1
000000355957_jpg.rf.c5eaee6897743ed86daf13ec0d489608.jpg, 0, 1, 1, 0
000000132290_jpg.rf.c5cb487e40b23d5126a807b961324c89.jpg, 0, 0, 1, 0
000000138488_jpg.rf.c5ecc471f869c9ae2a58eb59608281e7.jpg, 0, 0, 1, 0
000000248360_jpg.rf.c5f37a42b7a40397b7c418f9db9df505.jpg, 0, 1, 0, 0
000000531224_jpg.rf.c60924eb157acd5a7104451a155ca937.jpg, 1, 1, 0, 0
000000085045_jpg.rf.c5fb1f68f22cb1af7aface6dcbba6ff8.jpg, 1, 1, 0, 0
000000141013_jpg.rf.c6174a77bbb6535f21d4fceca1dbd59b.jpg, 0, 0, 1, 0
000000036421_jpg.rf.c5c0a67c5497ab7c53a5dfe154028796.jpg, 0, 1, 0, 1
000000563798_jpg.rf.c5eb0b573f9be8fc1fd86c63798fa92e.jpg, 0, 1, 0, 1
000000441523_jpg.rf.c621529d9dd09968b188f8b502d52e4d.jpg, 0, 1, 0, 0
000000020289_jpg.rf.c5f7efbdf83d33fdae906f8d79327c1a.jpg, 1, 0, 0, 1
000000382164_jpg.rf.c63be617c4540eaf0e5e4497a4fa7c3f.jpg, 0, 0, 0, 1
000000222137_jpg.rf.c63f224887030aa76e45827b776b7333.jpg, 0, 0, 0, 1
000000098408_jpg.rf.c6351320f6eb38a488ebb800fc79485b.jpg, 0, 0, 1, 0
000000245598_jpg.rf.c64139c3451031e089de8cef7d4b47c2.jpg, 0, 1, 0, 0
000000350874_jpg.rf.c67607191528b8c437b96e102c5c616d.jpg, 0, 1, 1, 0
000000282949_jpg.rf.c5f683294da4eb4dfdf5623e4b3f7b11.jpg, 0, 0, 0, 1
000000379766_jpg.rf.c65494ae7d70ca81273e8e3de6c472df.jpg, 0, 1, 0, 1
000000102056_jpg.rf.c6400b07f64fcfabbc88aceb91886538.jpg, 1, 0, 0, 0
000000431606_jpg.rf.c617e3b2a67816cf9343a4739708e4aa.jpg, 0, 1, 0, 0
000000436707_jpg.rf.c647807f1f6a6a52f4faf78485267f41.jpg, 0, 1, 0, 1
000000503292_jpg.rf.c667bbadae78d3daa08300226826c427.jpg, 0, 0, 0, 1
000000253748_jpg.rf.c62c5cbaee17c387a4f66f60f283bd65.jpg, 0, 1, 0, 0
000000148395_jpg.rf.c5ddf829b02401891d5e27b69364a3a1.jpg, 1, 1, 1, 1
000000041453_jpg.rf.c68f8060b59c36da8e62f160dd529b08.jpg, 0, 1, 1, 1
000000409732_jpg.rf.c6a58e7368e142657f59f73ed432419f.jpg, 1, 0, 0, 1
000000239559_jpg.rf.c6a611b0a3544a80610f35ab8a8122a4.jpg, 0, 0, 0, 1
000000063079_jpg.rf.c689296d096efbeabe281988713d0c84.jpg, 0, 1, 0, 0
000000460880_jpg.rf.c6a93ae6a04f44ee11241098f77748b4.jpg, 0, 0, 0, 1
000000230224_jpg.rf.c6bad5cce09b6041e0d2ab97b6f65aa5.jpg, 0, 1, 0, 0
000000427401_jpg.rf.c6982e1155473459fc88759530a127d0.jpg, 0, 0, 0, 1
000000396496_jpg.rf.c6a9ee9105d38a46cf3b1035ece6b470.jpg, 1, 0, 0, 0
000000227484_jpg.rf.c65dc96337e8bbe5f4a839ff5efa9fcc.jpg, 0, 1, 0, 1
000000089754_jpg.rf.c6bd1caaa6fc4fd05d1b04ffe436a60d.jpg, 0, 1, 0, 1
000000245265_jpg.rf.c6d4d09a74b963da971e69239c2b2a2a.jpg, 0, 1, 0, 0
000000059207_jpg.rf.c6ae85d140d5e1336e53a54f1a85cc71.jpg, 0, 0, 1, 0
000000559382_jpg.rf.c6dbc8f0a8dcc68222040a82d82c9c2b.jpg, 0, 0, 1, 1
000000396871_jpg.rf.c6d0531888777f797b538793464fb94f.jpg, 1, 0, 1, 0
000000423313_jpg.rf.c6d670fc68157c0d5a9fd0dc1d399693.jpg, 0, 1, 1, 0
000000328372_jpg.rf.c66ed7db5938ce6962b9391d832d9ec4.jpg, 1, 1, 1, 1
000000538364_jpg.rf.c6e78051e9a6482a1db19df7a8e13dc2.jpg, 0, 1, 1, 0
000000177160_jpg.rf.c6e3716cefa92cce20bc4741314b36b7.jpg, 0, 1, 0, 0
000000388161_jpg.rf.c6f1435e4e8186a6082fef920430e1a9.jpg, 0, 1, 0, 0
000000090616_jpg.rf.c6ce6bb6a6b300cdf1aa95c03eb4ae5b.jpg, 0, 1, 0, 0
000000080808_jpg.rf.c702b9e660bfe3ba3fb75810b5197b30.jpg, 0, 1, 0, 1
000000237495_jpg.rf.c70aa49a0bae9877db648a360dbe04dd.jpg, 0, 1, 0, 1
000000255495_jpg.rf.c6e770b62d0163d78fb7b546f24f9bce.jpg, 0, 1, 0, 0
000000223315_jpg.rf.c70c0c419d7c7b46918ce0f0625dc31b.jpg, 1, 0, 0, 0
000000509484_jpg.rf.c7356f35e04945a7d9c6a0ca003befb7.jpg, 0, 1, 0, 0
000000340523_jpg.rf.c7100089b60c38794207ffe90fbd75f7.jpg, 0, 1, 0, 1
000000057731_jpg.rf.c711df1cd0e49675bb0781427a6fdb54.jpg, 0, 0, 0, 1
000000485237_jpg.rf.c7193957a3553813f085f56e0f17fd82.jpg, 0, 1, 0, 1
000000424193_jpg.rf.c712bc9d18a4548b4c54ae4e2e5093ed.jpg, 0, 0, 0, 1
000000134378_jpg.rf.c71cdeb459d53f92e04fa6b4e66821e5.jpg, 0, 0, 1, 0
000000432467_jpg.rf.c6f36739f830b35bfed98b64645f5dee.jpg, 0, 0, 1, 0
000000106314_jpg.rf.c7348514e60273a7ac5ca3f6e7441827.jpg, 0, 1, 0, 0
000000025801_jpg.rf.c729ae65bbdcd648d512b80235854480.jpg, 0, 1, 0, 0
000000578345_jpg.rf.c7001b7825e457eded5ce5859b645e57.jpg, 0, 0, 1, 0
000000508870_jpg.rf.c7424dbf79bc42c5d00824e13c824496.jpg, 0, 0, 0, 1
000000489687_jpg.rf.c70d8d6d763ad77965d72a9bba7e01e5.jpg, 0, 1, 0, 0
000000528112_jpg.rf.c711de90f56952e674c45dbb7aaae16d.jpg, 0, 0, 0, 1
000000187543_jpg.rf.c6e74b624c7f3c32619d98f2544f88f5.jpg, 0, 1, 0, 0
000000449573_jpg.rf.c7364f774d354cb9ad968dd0e969f4e5.jpg, 1, 1, 0, 0
000000171500_jpg.rf.c746ad472ce1c3770d5ead060c0ef88e.jpg, 0, 0, 0, 1
000000208220_jpg.rf.c75d6dd6d339e6ad1b8f9d1adedc2bc7.jpg, 0, 1, 1, 1
000000367610_jpg.rf.c746721ea9f77ec3c060994e1f50c940.jpg, 1, 0, 0, 0
000000114288_jpg.rf.c7663257c48f4c7d09de9db9505ac9c6.jpg, 1, 1, 0, 1
000000001102_jpg.rf.c702603c3ba33e54b054e23262568747.jpg, 0, 0, 0, 1
000000455758_jpg.rf.c73a0dac7e5a569bbaafd2c124c28ce1.jpg, 0, 1, 0, 0
000000266569_jpg.rf.c764c87583b0faf7cc421d1dfbb31594.jpg, 0, 1, 0, 0
000000018158_jpg.rf.c769fdbe756c89440df656fe8c66bd3e.jpg, 1, 1, 0, 0
000000041459_jpg.rf.c76de6010194b6f7535100028f730531.jpg, 0, 1, 0, 0
000000046371_jpg.rf.c77b6958216c0e8b94c9700e3709ffb3.jpg, 0, 1, 0, 0
000000480744_jpg.rf.c7ba147ca1bef22241397360a5ef198a.jpg, 0, 1, 0, 1
000000246085_jpg.rf.c7f1163a265f7cea7bd990ba50c1e091.jpg, 1, 0, 0, 0
000000334513_jpg.rf.c7ba332b9e8368b29c3de4804f5d2395.jpg, 0, 1, 0, 0
000000543275_jpg.rf.c7b7ffb436196c9123ba4814f5e2b791.jpg, 0, 1, 0, 0
000000301405_jpg.rf.c773e2c76fd49231f6addf4e3b90abc9.jpg, 0, 1, 0, 0
000000237060_jpg.rf.c80733aba47309af658060f085028415.jpg, 0, 0, 0, 1
000000398742_jpg.rf.c8146e17b9aa47f5b6b7b9860cd46c0d.jpg, 0, 1, 0, 0
000000102137_jpg.rf.c7906b16f6f73a728a613c099bcbf82e.jpg, 0, 1, 0, 0
000000071239_jpg.rf.c7e3949f1f2f59d91ccfdd3e2c30db9d.jpg, 0, 0, 1, 0
000000148165_jpg.rf.c7a31d3fd4192a609ff86bb100303651.jpg, 1, 0, 0, 0
000000382863_jpg.rf.c80db69e638308b2934f86684b9f47d4.jpg, 0, 1, 0, 0
000000132503_jpg.rf.c7bade4e15b17a0da2d68d8a17d2da9e.jpg, 0, 1, 0, 0
000000319741_jpg.rf.c7f51e3fb2f3f246ee4352b30ca31fc6.jpg, 0, 1, 0, 0
000000302514_jpg.rf.c7ea4d69d8fc7508d02295af9c921830.jpg, 0, 1, 1, 1
000000308253_jpg.rf.c7a34282a767c9920076dc1088524e86.jpg, 0, 1, 0, 0
000000220894_jpg.rf.c80f5da817238b5b035c5edd446d1f76.jpg, 0, 0, 1, 0
000000476773_jpg.rf.c828487e887982f00a791dfac01aab40.jpg, 1, 1, 0, 1
000000380715_jpg.rf.c76e46615942fe7f0c5bb40ebadf61b2.jpg, 0, 1, 1, 0
000000315841_jpg.rf.c82841e1c38c4e6b4d628dee2d1f1c50.jpg, 0, 1, 0, 0
000000303340_jpg.rf.c7cf4bfc1aef2fbfb697e44509857eba.jpg, 1, 1, 0, 0
000000061621_jpg.rf.c7878c3c44fe79434d7ddf5da45451d6.jpg, 0, 1, 0, 1
000000415325_jpg.rf.c814eed0abed10876088b7b4e26e540a.jpg, 0, 0, 0, 1
000000565286_jpg.rf.c82ea426a00988922e6f206301ba2a4f.jpg, 0, 1, 0, 0
000000005256_jpg.rf.c82c717a63cdc8b5d45203b845ac3423.jpg, 0, 1, 1, 1
000000491628_jpg.rf.c84f9432d928b61c63988f1dc9e01e70.jpg, 0, 1, 0, 1
000000321794_jpg.rf.c7a236416204ddefa34a75cb61f4376f.jpg, 0, 1, 0, 0
000000408950_jpg.rf.c82ecfa3fbc8f5ab509adfccf1c757f6.jpg, 1, 1, 0, 0
000000257231_jpg.rf.c838b2bf8ee0b9c38f92505a6be00041.jpg, 0, 1, 0, 0
000000332877_jpg.rf.c8429147c2f1284f7ce6b59a8067edb0.jpg, 0, 1, 1, 0
000000019906_jpg.rf.c847928b9eaa327c090d5e7b704e81d5.jpg, 0, 0, 1, 0
000000018059_jpg.rf.c8381e0197170fe1540d970547a32436.jpg, 0, 1, 0, 0
000000458390_jpg.rf.c856b864b2b6616165fa4f89a1db1355.jpg, 1, 1, 0, 1
000000429688_jpg.rf.c85b189881ca20274c8d6df0edf88ed2.jpg, 0, 1, 0, 0
000000191017_jpg.rf.c85d7aa1cdaf9c5aba2ab7ebc9b1643b.jpg, 0, 1, 0, 0
000000475988_jpg.rf.c849d8c64e4c36d02c3817a73bd19c94.jpg, 0, 0, 1, 0
000000470211_jpg.rf.c868e29672939a5daa520eae902b7bdd.jpg, 0, 0, 1, 0
000000182314_jpg.rf.c88a0d07a97f6038504f092e52a190a0.jpg, 0, 0, 0, 1
000000435681_jpg.rf.c8901588913c0d3eae7cc7efba3c5b98.jpg, 0, 1, 1, 0
000000237064_jpg.rf.c88efac37bffb89adb113ad789402cca.jpg, 1, 0, 0, 0
000000571384_jpg.rf.c88df39a206bd12946db8529912d3135.jpg, 1, 1, 0, 0
000000004471_jpg.rf.c88f9fd98c766cbb5b11cc6714d013c2.jpg, 0, 1, 0, 0
000000436653_jpg.rf.c87cc5af15267ae5024f61c85036127d.jpg, 0, 1, 0, 1
000000339358_jpg.rf.c899bff0f78d3ae56e85e27f14720126.jpg, 0, 0, 0, 1
000000402328_jpg.rf.c877be4f3b0b97263bf0b5451825ad83.jpg, 0, 0, 1, 0
000000113880_jpg.rf.c8a1f89a2793db84e959c7033a0ea5b1.jpg, 0, 1, 1, 0
000000148319_jpg.rf.c89c79516d5638b03d7967bdd3ca2f5e.jpg, 1, 0, 0, 0
000000147328_jpg.rf.c8a20a03284082ef4ef69ff5705de27b.jpg, 0, 0, 1, 0
000000271396_jpg.rf.c8a84f63725643dd8ec1c691108905fb.jpg, 0, 1, 0, 0
000000328473_jpg.rf.c8b59aff64fb86e14889e836c4e596a2.jpg, 0, 1, 0, 0
000000431555_jpg.rf.c8b8d34270d70d5fa2cb614c2b3bd920.jpg, 1, 1, 0, 0
000000369763_jpg.rf.c8aa4a05c4cbb6fb9646618c137075c6.jpg, 0, 1, 1, 1
000000419296_jpg.rf.c8a24da4dd1f393a4e6c1c467d37d120.jpg, 0, 1, 1, 0
000000135345_jpg.rf.c8c3c1ec39da08ca9fe1de12d3e8eba7.jpg, 1, 1, 0, 1
000000328449_jpg.rf.c88e85cee8f982f631b59475e7895584.jpg, 0, 0, 1, 0
000000217216_jpg.rf.c89567e07fe437964dc80d0c35bfac20.jpg, 0, 1, 0, 0
000000013258_jpg.rf.c8da87bca3fbb318f7b5773e788e29a8.jpg, 0, 1, 0, 0
000000465017_jpg.rf.c8c10f841e5e7a39c123939fd598b488.jpg, 1, 0, 0, 1
000000057363_jpg.rf.c8e1742cbd90b2048ac24639ba298d0f.jpg, 0, 1, 0, 1
000000437613_jpg.rf.c8f08ec126fcf1dccfefdedd831b5506.jpg, 1, 0, 0, 0
000000576187_jpg.rf.c8c385be64318d584de83b891cc04a4b.jpg, 1, 1, 1, 1
000000508939_jpg.rf.c86a52538d00d4c54186e490ce2492f6.jpg, 0, 0, 1, 0
000000105418_jpg.rf.c8d2d1bd5a904e0758b8f397ccf1b91e.jpg, 0, 1, 0, 1
000000033979_jpg.rf.c8d3e54639234589e14d835f28af3139.jpg, 0, 1, 0, 0
000000019109_jpg.rf.c8ec41da6f3367429959fc4737fcad60.jpg, 0, 0, 1, 0
000000511537_jpg.rf.c8f349710d6e015014c24cf6dbc0cd6c.jpg, 1, 0, 0, 0
000000258792_jpg.rf.c8b0b79116207a0806def6d18cfc8198.jpg, 1, 1, 0, 0
000000181524_jpg.rf.c8db282b6668c8fde2b40357b94bd86f.jpg, 0, 1, 0, 0
000000390567_jpg.rf.c8d57cba409e6289095dcff5cbebd135.jpg, 0, 1, 0, 1
000000458361_jpg.rf.c8fc708d1574123c2b45b8440b861579.jpg, 0, 0, 1, 0
000000295420_jpg.rf.c8fa2e2e2efd2e8d97f65f864a985439.jpg, 0, 1, 0, 1
000000253959_jpg.rf.c914630fec8ca7acd49bab7df5f34376.jpg, 0, 0, 0, 1
000000191325_jpg.rf.c918c23e4476564c0bca64c5f7090123.jpg, 0, 1, 0, 0
000000166067_jpg.rf.c8f99c73f6dd179ac7165773a632ec65.jpg, 0, 1, 1, 1
000000488387_jpg.rf.c93313001e3d537c3eeb4621b76076ce.jpg, 0, 0, 1, 0
000000117157_jpg.rf.c94ebd59c5fb1d339ee4703d61572e4d.jpg, 1, 0, 0, 0
000000073109_jpg.rf.c9227fd0424086872308a0924284a5a3.jpg, 0, 1, 0, 0
000000237324_jpg.rf.c92349a5089a1e7dd86c931732e7a19f.jpg, 1, 1, 0, 1
000000189241_jpg.rf.c94d680125b6556f0859ae6b4c6c80e9.jpg, 0, 1, 0, 1
000000320117_jpg.rf.c946530b3b269fcebad5c2beee5061e5.jpg, 0, 1, 0, 1
000000033489_jpg.rf.c980bd417b2837c0dc0e492f8b084b73.jpg, 0, 0, 0, 1
000000437547_jpg.rf.c961faeafaa160465b698e4c2876560e.jpg, 0, 1, 0, 0
000000422298_jpg.rf.c93744b59b5cdae595029dff6706b0a4.jpg, 0, 0, 1, 0
000000384935_jpg.rf.c908e34a4981257f69767dd9f266abb3.jpg, 0, 1, 0, 0
000000453002_jpg.rf.c956eb77a9ed6e53213a60ea7a2f76f3.jpg, 1, 0, 0, 0
000000370511_jpg.rf.c96de247e4d375a73f88ab612a97c505.jpg, 0, 1, 0, 0
000000243292_jpg.rf.c9660c18dec670f617c788189b602f22.jpg, 0, 1, 0, 0
000000128051_jpg.rf.c9601de7eba99d35656a58ae47eb2a68.jpg, 1, 0, 0, 1
000000283122_jpg.rf.c91a7a8c50e6f6f4d6d1b137a0cddc54.jpg, 0, 0, 1, 0
000000341756_jpg.rf.c90b98c3dab9064f01be373bb8baca56.jpg, 0, 1, 0, 1
000000300745_jpg.rf.c91dac6382f54903936bb8625b2db0e3.jpg, 1, 0, 1, 0
000000126070_jpg.rf.c96898d568b655bbd1943f58bd755276.jpg, 0, 0, 1, 1
000000104626_jpg.rf.c97e99eaedae82f2befa1cbb29f3be6d.jpg, 0, 1, 0, 1
000000189770_jpg.rf.c9823fb46820a6421c5be167801585c5.jpg, 1, 1, 0, 1
000000568107_jpg.rf.c993b66dd86225b06a808dc561d4227a.jpg, 0, 0, 1, 0
000000448863_jpg.rf.c9924d89ebe94519c19c6f11f126182f.jpg, 0, 0, 0, 1
000000552305_jpg.rf.c99c26c6348241cec18a6bc9d4341185.jpg, 0, 1, 0, 0
000000369442_jpg.rf.c9af8addabac521385749a6b90f6cdbb.jpg, 0, 1, 0, 0
000000347544_jpg.rf.c9abb6c92c413f9be5a2f5f37505c69a.jpg, 1, 0, 0, 1
000000281687_jpg.rf.c9ae61006611618ae706ebe1d40b1f5e.jpg, 0, 1, 0, 0
000000516414_jpg.rf.c98ab0e6e0c4b163db9be6fdd1d3b98e.jpg, 0, 1, 0, 0
000000172979_jpg.rf.c9ca028f0448d20e5096f4019ab3afe1.jpg, 0, 1, 0, 0
000000111036_jpg.rf.c9d0b19ea7a9757125caddab920fd6e2.jpg, 0, 1, 0, 0
000000239101_jpg.rf.c9bc0c9dc89b36d24868f5f747bb5072.jpg, 0, 1, 0, 0
000000485894_jpg.rf.c9a18bc2b7774dde4962bce0245832a8.jpg, 0, 1, 0, 0
000000186484_jpg.rf.c98c774f3cb5c6410f6fb488f5c979fd.jpg, 0, 1, 0, 0
000000087248_jpg.rf.c9d18980986bc974dcee630b507dc8c9.jpg, 0, 1, 0, 0
000000016412_jpg.rf.c9d577a2e8377db78b5632bc3e89374b.jpg, 1, 1, 0, 0
000000565438_jpg.rf.c9bf40b64c6b148eb8bc7f110e86aa7b.jpg, 0, 1, 0, 0
000000349437_jpg.rf.c9d0e641e114b97b7c6fbe2983dd88fa.jpg, 0, 0, 1, 0
000000135057_jpg.rf.c9c926349b363974d8db4cabbc48bf6e.jpg, 0, 0, 0, 1
000000096315_jpg.rf.c9dc5a010aa3e591d2f126b51377efb6.jpg, 0, 1, 0, 0
000000382554_jpg.rf.c9b9e7c0b2f389dbebe1ced13042cf01.jpg, 0, 0, 1, 0
000000402960_jpg.rf.c9efef53ba8b691de5eb04fc74e0a6a8.jpg, 0, 1, 1, 0
000000367425_jpg.rf.c9eb0f3cf27b1df2b176156a5e27a290.jpg, 1, 1, 0, 1
000000071339_jpg.rf.c9273408f11dc60a6ca4148867eee1d1.jpg, 0, 1, 0, 0
000000003535_jpg.rf.c9f5e106a7660bd3b3bcfb4b26665a20.jpg, 0, 1, 0, 1
000000145238_jpg.rf.c9febf2f8ebe640c036dd4788854d389.jpg, 0, 1, 0, 0
000000030383_jpg.rf.c9f49c2ea0b62c345d0ccb3f0dbbb62f.jpg, 0, 1, 0, 0
000000404065_jpg.rf.c9f59fb0c5dcd7d09e62df7fe99260dc.jpg, 1, 0, 0, 0
000000265990_jpg.rf.ca0d11206b5579b01fc7840e5afd0da6.jpg, 0, 1, 0, 0
000000198269_jpg.rf.c9f67067e576a7f80522c724ba80d7ff.jpg, 0, 0, 1, 0
000000466949_jpg.rf.c9ffca92e00de614ed48afabcf3ef194.jpg, 1, 1, 0, 0
000000320483_jpg.rf.ca38959cc98e95a32f2768c8da907aba.jpg, 0, 1, 1, 0
000000051322_jpg.rf.c9faed3a3b0c7d9cf17b92cb2b5d68a7.jpg, 1, 1, 0, 0
000000292136_jpg.rf.ca2c3f8a81ec997e74e229a5173892cf.jpg, 1, 0, 0, 0
000000138562_jpg.rf.ca4eb7e781cab151109ea1713cdd50a9.jpg, 0, 1, 0, 1
000000500829_jpg.rf.c9f1d72ee49df789930b08401d863370.jpg, 0, 0, 0, 1
000000241517_jpg.rf.ca22ce3aa8416d710376768f1771d51f.jpg, 1, 0, 0, 0
000000281676_jpg.rf.c9f1c7b8aa19e031ea9a3c845b3e5286.jpg, 0, 0, 1, 0
000000364561_jpg.rf.ca28adc33ae5c32c86f0aedeb36f932e.jpg, 0, 1, 0, 1
000000387267_jpg.rf.ca6b12b251db832746c1477c7c7de017.jpg, 0, 0, 0, 1
000000213731_jpg.rf.ca7861a67444293b2c1540ae1276b9d5.jpg, 0, 1, 0, 1
000000040286_jpg.rf.ca5e6e28440322a47143b115e3cc157b.jpg, 0, 1, 1, 0
000000487555_jpg.rf.ca16a07e311842de5d752c25396e590b.jpg, 0, 0, 0, 1
000000203269_jpg.rf.ca4cd47bd3471d08091e1fbc31f05b66.jpg, 0, 1, 1, 1
000000203882_jpg.rf.ca6df5795128c147b3cab61d5136ad2b.jpg, 0, 1, 0, 0
000000069391_jpg.rf.ca7c52362472fd5f3e6d89020d9a96d4.jpg, 1, 1, 0, 0
000000133048_jpg.rf.ca7e90e9dde90bd54b23d27cdc9f6397.jpg, 0, 0, 1, 0
000000488990_jpg.rf.ca4c89932b56bc1a13a722172a6142d4.jpg, 0, 1, 0, 0
000000403180_jpg.rf.ca3f7c622af95fce6f7c39e6b0507a01.jpg, 0, 1, 0, 0
000000391595_jpg.rf.cab83afd01d3265a902187a854fa9f39.jpg, 0, 1, 0, 0
000000211557_jpg.rf.ca7e9cfcb5b3db04687376c7ea7fdb70.jpg, 0, 1, 0, 0
000000180541_jpg.rf.caa2b714fd95ae8e1d5fae99f1356a5e.jpg, 1, 1, 0, 0
000000572802_jpg.rf.cac2a6bef29da41ff32e8bf7f6c22a10.jpg, 1, 0, 0, 1
000000298225_jpg.rf.cab073a542b6c18cf6c6c73b33fede2c.jpg, 0, 0, 1, 0
000000078652_jpg.rf.cac40c962bfafd7650476e44ca04650c.jpg, 0, 1, 0, 0
000000033208_jpg.rf.caae170e4672d006ea07bf2458bd1c6b.jpg, 0, 1, 0, 0
000000500705_jpg.rf.cb02b1f2ce666012e9e310bad56254c5.jpg, 0, 1, 0, 0
000000362499_jpg.rf.cb0ae3d1e9580940995bd95d8b46063d.jpg, 0, 1, 0, 0
000000111801_jpg.rf.cabcb3262293ce11cef6daf6f5f80d78.jpg, 0, 0, 0, 1
000000283820_jpg.rf.ca84d4b8e326095eb0b7f398a86dc8bb.jpg, 1, 0, 0, 0
000000426979_jpg.rf.cad31ef12d038c0bc70a9c5b3e4cafea.jpg, 0, 1, 1, 0
000000261272_jpg.rf.cadefec1b9057c4b15dcc8e873451105.jpg, 0, 1, 0, 1
000000564088_jpg.rf.cac9d2b4a9848b71900815c97384d83c.jpg, 0, 1, 0, 0
000000078314_jpg.rf.ca9ed3067bd6a559e959c96e2584b3dd.jpg, 0, 0, 0, 1
000000026436_jpg.rf.cac96e62f46bab7dc3165115788cc8ac.jpg, 0, 1, 0, 1
000000052412_jpg.rf.cb1b4c93626732c6f0ef1591ee420d83.jpg, 0, 1, 0, 1
000000114907_jpg.rf.cb117476f56f01fb33fd5878d5330bcd.jpg, 0, 0, 0, 1
000000064908_jpg.rf.cb23bf857926ea59713fee8de0fdcdd5.jpg, 0, 0, 0, 1
000000553879_jpg.rf.cafb1d25e1e3dd81118acba19632618a.jpg, 1, 1, 1, 1
000000395290_jpg.rf.caf0484d05cc12302fda236c4691d148.jpg, 0, 1, 0, 0
000000162774_jpg.rf.cb161ff48ea317a3ece86e69aa881a6a.jpg, 0, 1, 0, 0
000000264197_jpg.rf.cb2950e4fc949989b4d2d3c4384accfe.jpg, 0, 1, 0, 0
000000388933_jpg.rf.cb2f9e01687514f18a92d5f434c58b6a.jpg, 0, 1, 0, 0
000000530972_jpg.rf.cad36aaf62b3abc291105ff615a7e001.jpg, 1, 1, 0, 0
000000019413_jpg.rf.caf2f8d30de70b4c179660bbc43d2912.jpg, 1, 1, 0, 0
000000430808_jpg.rf.cb2e321081131e2f98ece84138c54980.jpg, 1, 0, 0, 0
000000487036_jpg.rf.cb1867bf9fd6cdfee57306cedd41b7e5.jpg, 0, 1, 1, 0
000000281158_jpg.rf.caf35659e47f46e92d48ba77ab577c49.jpg, 0, 0, 0, 1
000000190338_jpg.rf.cb42418f7505fc17fa5c428d8b691d06.jpg, 0, 0, 0, 1
000000117922_jpg.rf.cb4e2803f07c00d092460e997cba2256.jpg, 0, 1, 0, 0
000000004355_jpg.rf.cb77ef3471a7137a28896f164d9d6f39.jpg, 0, 1, 1, 0
000000420422_jpg.rf.cb5a4bbe40a72e9e96b43b631fb414fa.jpg, 1, 0, 0, 0
000000376266_jpg.rf.cb71a44309352f107b085d659674d4da.jpg, 0, 0, 1, 0
000000489554_jpg.rf.cb75fd2d2f612213989e0346eb224961.jpg, 1, 1, 0, 0
000000378809_jpg.rf.cb745ea9056fd39d70f3e938333a5700.jpg, 1, 0, 0, 0
000000176040_jpg.rf.cb6a4e975d72ef3dc8306dbcfd80519a.jpg, 0, 0, 1, 0
000000320445_jpg.rf.cb4599b24830528cfdf56bb9cebb52ad.jpg, 0, 1, 0, 0
000000543347_jpg.rf.cb7a7bbc4393f9265f7b245c4b93bd80.jpg, 0, 1, 0, 0
000000170393_jpg.rf.cb60e803a4013cb7e24fd59d61dde683.jpg, 0, 1, 0, 0
000000020515_jpg.rf.cb5c7572b0722ffd8860dbc61f17cd12.jpg, 0, 1, 0, 0
000000409199_jpg.rf.cb8a1a760a6a1fecb57bac5ad56ad6ca.jpg, 0, 1, 0, 0
000000444560_jpg.rf.cb95c63e6a2a961d0935b45b104b046f.jpg, 0, 0, 1, 0
000000278675_jpg.rf.cb9682ad3f51aed8969585e19b2e3f84.jpg, 0, 0, 0, 1
000000027675_jpg.rf.cbafd48acb1a9816ad1c0048cb0f9f71.jpg, 1, 0, 0, 0
000000464824_jpg.rf.cb7da0ce615a4ec8c5768fef2f601181.jpg, 0, 1, 0, 0
000000534573_jpg.rf.cb9b61b00abe188e9b3fc7b1fb09a7b1.jpg, 0, 1, 0, 1
000000207992_jpg.rf.cbf26e69cf934d4c660ab60666c129e7.jpg, 0, 1, 0, 0
000000445220_jpg.rf.cb95570148a98ca392f74b6eda4df7aa.jpg, 1, 1, 0, 0
000000053595_jpg.rf.cb81b4526794a2fdafa5046245526cbc.jpg, 0, 1, 0, 0
000000135666_jpg.rf.cb8a9cbeff2ac145cc7de1831b31f650.jpg, 0, 1, 1, 0
000000033687_jpg.rf.cbcb690944c6562b12da189473a93597.jpg, 0, 1, 0, 0
000000304173_jpg.rf.cbdb97d1a4856026e44904ef8d7bd06d.jpg, 0, 1, 0, 0
000000562195_jpg.rf.cbaa8db6911b8193ec815755b580b3e7.jpg, 0, 0, 1, 0
000000032577_jpg.rf.cba473ca4a82bb68b53ae7976ccbd0a5.jpg, 0, 1, 0, 0
000000486178_jpg.rf.cbeb604ca2b931d8e5f23d663cd22a8a.jpg, 0, 1, 0, 0
000000250592_jpg.rf.cb9b0aa309379cd3ac7d10663ae0f9ab.jpg, 0, 1, 0, 0
000000497608_jpg.rf.cb84b9595c2d165ed1a5f38b51f87bb7.jpg, 0, 1, 0, 0
000000452831_jpg.rf.cbf037cd044277a5a1c85dc824884ad5.jpg, 1, 0, 0, 0
000000263759_jpg.rf.cbe5407d5c503eefc6e32c194aff5df2.jpg, 0, 0, 1, 0
000000267022_jpg.rf.cbe5c8122bcb6614a55fb2100a239252.jpg, 1, 1, 0, 1
000000417129_jpg.rf.cbee6afd30af274973674da8b5fee13b.jpg, 0, 1, 0, 0
000000426261_jpg.rf.cbbdccdb97eed8f74f41ef4fc98f6410.jpg, 0, 1, 1, 0
000000195294_jpg.rf.cbef5f89223066cb5cf9cc42db44b029.jpg, 1, 0, 0, 0
000000172852_jpg.rf.cbfa476083ed05ab6d5e2c867b0e35a5.jpg, 0, 0, 1, 0
000000525591_jpg.rf.cbfc8a2b14d2e9408272d5fbbcddd318.jpg, 1, 1, 0, 1
000000482201_jpg.rf.cc05a7304daaddf16d8c6b702f982b8e.jpg, 0, 0, 0, 1
000000338693_jpg.rf.cc19bd89a490a159d7b462d0c4249583.jpg, 0, 1, 0, 1
000000055298_jpg.rf.cbefe37b40aaee5763ba7eb23b97c27f.jpg, 0, 1, 0, 0
000000303387_jpg.rf.cc0397955c5e24c548123e557d5adf69.jpg, 0, 1, 0, 0
000000148205_jpg.rf.cc04605ed6aa0105bf3f5e6905708ba8.jpg, 0, 1, 0, 1
000000407202_jpg.rf.cbfb027ed92abc94bae92e2f539d9012.jpg, 0, 1, 0, 0
000000020527_jpg.rf.cbf5e1f4a5d6e9c9c6b21302b6917f01.jpg, 1, 0, 0, 1
000000221094_jpg.rf.cc1dd1c61e9c09ce4d805041b692f0c8.jpg, 0, 1, 0, 0
000000057071_jpg.rf.cc22f7ffd8ed8dcafb41110adc78bef8.jpg, 0, 1, 0, 0
000000121361_jpg.rf.cbfd37723303534ff292409416832398.jpg, 0, 0, 0, 1
000000449029_jpg.rf.cc2317fcd3cc7998b5e08e6ce98eff74.jpg, 0, 1, 0, 0
000000362346_jpg.rf.cc2af469d02d3d2a42a59b99465b9afa.jpg, 0, 1, 0, 0
000000307499_jpg.rf.cc1d107646ad583b9a4e2a7b06b61baf.jpg, 0, 0, 1, 0
000000001374_jpg.rf.cc32ef2b5b80fe2f9ce65e53e5411902.jpg, 0, 1, 0, 0
000000247369_jpg.rf.cc124ff14d5d08a3d6639d51eae8306b.jpg, 0, 1, 0, 1
000000030630_jpg.rf.cc1ea3e23a87e21bb70fc3554e51d241.jpg, 0, 1, 0, 0
000000403773_jpg.rf.cc1bc206974467380f7110e5bd994a82.jpg, 1, 0, 0, 0
000000574696_jpg.rf.cc4228a5762fe8ed7842163444fc2dd4.jpg, 0, 1, 0, 0
000000325836_jpg.rf.cc46a9a89d1abe98e343761ae5984fa7.jpg, 0, 0, 1, 0
000000026432_jpg.rf.cc4838fa1b3a52806c5b60c4829a935a.jpg, 0, 0, 0, 1
000000403374_jpg.rf.cc5e62d9736bd3903b5ac374fcdb8ecd.jpg, 0, 1, 0, 0
000000132189_jpg.rf.cc55ae35ddd3d19842387959905b9af1.jpg, 1, 1, 0, 0
000000189794_jpg.rf.cc2c3c922863e34976e911c85ca432db.jpg, 0, 1, 0, 0
000000332296_jpg.rf.cc56618731ac3646029bc17d8524e43d.jpg, 0, 1, 0, 0
000000330894_jpg.rf.cc3c72be7513eb3574f211f9d3b81e5d.jpg, 0, 0, 1, 0
000000514771_jpg.rf.cc5521171b7ab2e93eca545c9146fd33.jpg, 0, 0, 0, 1
000000483377_jpg.rf.cc3c8cb36f88cc60cee226b2cb0f2e18.jpg, 0, 0, 0, 1
000000213034_jpg.rf.cc623c9a70c8f04cda80035b22441581.jpg, 0, 1, 0, 0
000000034616_jpg.rf.cc316205b43d5df44ff4dfc8dfad49b3.jpg, 0, 0, 0, 1
000000335181_jpg.rf.cc305a93c4c5cd3d223cf90393afef0b.jpg, 0, 1, 0, 1
000000296755_jpg.rf.cc5f1aba858aa17ba8fe935b303a7318.jpg, 0, 0, 0, 1
000000287804_jpg.rf.cc2e14182a81858cd34ccceed3b0fee7.jpg, 0, 1, 0, 0
000000088477_jpg.rf.cc5b90d473edfb10050fd9f0a5012e78.jpg, 0, 1, 1, 0
000000101933_jpg.rf.cc62d0ba54e83a2e4e2cca1d60e77532.jpg, 0, 1, 1, 0
000000311899_jpg.rf.cc5ad9e9eb9289d34bd26c0110cb19d9.jpg, 0, 0, 1, 0
000000246444_jpg.rf.cc6f30ce0270925978cd45f8c90c8b28.jpg, 0, 0, 1, 0
000000295809_jpg.rf.cc63e8d0d3dd1347bbc296aad25afa33.jpg, 0, 1, 0, 0
000000291791_jpg.rf.cc92f8b09d7f82b6fa87d73f40df9d71.jpg, 0, 0, 1, 0
000000295656_jpg.rf.cc741782e7b896ee9d44e83e2f371432.jpg, 0, 1, 0, 0
000000241728_jpg.rf.cc670ff457132ac377bad53c4cfa763c.jpg, 1, 1, 0, 0
000000459697_jpg.rf.cc998b76f75d2ae8b5653a38dea524c6.jpg, 0, 1, 0, 0
000000376320_jpg.rf.cbbead77411bc2d47bb2446f5f0912f0.jpg, 0, 1, 0, 1
000000577344_jpg.rf.cc9b55d46b87b415cecba81038187342.jpg, 0, 1, 0, 1
000000229318_jpg.rf.ccb4c9ee5e25fd5d2903c63f8fcd1073.jpg, 0, 0, 1, 0
000000508087_jpg.rf.cc8c37db96c141c6cb2ac2a737ba3b6b.jpg, 1, 0, 1, 1
000000340096_jpg.rf.cc86f112cdb773e0e6c71f02c903e024.jpg, 0, 1, 0, 0
000000518819_jpg.rf.ccd68f428f0983a38e6827ac35c8d1a1.jpg, 0, 1, 0, 1
000000244455_jpg.rf.cc802b8d6fc890dbfa65742a9fa789ae.jpg, 0, 1, 1, 1
000000518203_jpg.rf.ccd0aa31f02d5081ff46535a4ba55731.jpg, 0, 1, 0, 0
000000484165_jpg.rf.ccc66ea67e4d814d4ce60e8390d1feb2.jpg, 0, 1, 1, 0
000000254632_jpg.rf.ccc87038641cf1b48b34e0de30b87f4c.jpg, 0, 0, 1, 0
000000461450_jpg.rf.ccce0a55ab103318bfe07f53e1e11b70.jpg, 0, 0, 0, 1
000000410603_jpg.rf.cca72934ea02340220c2b2889cb988fe.jpg, 1, 1, 0, 1
000000409009_jpg.rf.cca0825298280efffdbef157fb154ee3.jpg, 1, 0, 0, 0
000000301421_jpg.rf.cc6d4e49a77d359e395f6bacf3142575.jpg, 0, 1, 0, 0
000000167126_jpg.rf.ccb9c8792706f50c098e611625a036f6.jpg, 0, 1, 0, 0
000000495357_jpg.rf.ccd7448ca3422f3492348a46ec9cde89.jpg, 0, 0, 1, 0
000000162561_jpg.rf.ccd8a7afbd8877c53d0811d62e670964.jpg, 0, 1, 0, 0
000000027975_jpg.rf.cca6d6d1566f6efcbd05a2cabb881781.jpg, 0, 1, 1, 0
000000076784_jpg.rf.ccdc8806e0f992610e45e82b92612850.jpg, 0, 1, 0, 1
000000387243_jpg.rf.cccc1a723cf6323a054c8427cb9db9f2.jpg, 0, 0, 1, 0
000000226380_jpg.rf.ccf5c60b20689dfcd60a083bbd674bf1.jpg, 0, 1, 0, 1
000000471439_jpg.rf.cc7e2a281244d04340d734bbf5690ecd.jpg, 0, 0, 0, 1
000000545556_jpg.rf.ccf21e464011989fe57b60e17a8d8632.jpg, 1, 0, 0, 0
000000175438_jpg.rf.ccf14173323068ef43b7477364496c37.jpg, 0, 1, 0, 0
000000255004_jpg.rf.cd1201c0333399c7685ca03fc1953ecd.jpg, 0, 0, 1, 0
000000511665_jpg.rf.cd12382c469c2a3bd32e0e625657be7c.jpg, 1, 0, 0, 0
000000328119_jpg.rf.cd21051765d6d7aced9998d065feec23.jpg, 0, 1, 1, 1
000000330449_jpg.rf.cd1477cb72550e69d06e661db94ef26d.jpg, 0, 1, 0, 1
000000479697_jpg.rf.ccf1754e8d4d19cffc4fc9d11037077f.jpg, 0, 0, 1, 0
000000341922_jpg.rf.cd181fd843c974f3fca71927f07c9801.jpg, 1, 0, 0, 0
000000315425_jpg.rf.cd378044f5c8d986fb958ee0e70f970b.jpg, 1, 1, 0, 0
000000272384_jpg.rf.cd6631055b00c1b69b34617f38e7a391.jpg, 0, 0, 1, 0
000000108094_jpg.rf.cd144c145c547735f55a77c18d53a898.jpg, 0, 1, 1, 0
000000378268_jpg.rf.ccf1245525c02cf9a59161abc7ffdc73.jpg, 0, 0, 0, 1
000000283475_jpg.rf.cd604473f92de10b575d091d4df46831.jpg, 0, 1, 0, 1
000000493717_jpg.rf.cd41be210c07c35a489861d934449f24.jpg, 0, 0, 1, 0
000000434467_jpg.rf.cd24abefba9418f294c91678c9276be0.jpg, 0, 0, 1, 0
000000404710_jpg.rf.cd76d852952657ddb8d46ce7f7a25e9e.jpg, 0, 1, 0, 1
000000134586_jpg.rf.cd2c51ec759814ff36fea3b3d369f40f.jpg, 0, 1, 1, 1
000000227205_jpg.rf.cd37a6631804c4e47ab31a3e7a6acf56.jpg, 0, 1, 0, 1
000000152333_jpg.rf.cd5b59e28aa6d7dec5b3958bafb1559a.jpg, 1, 1, 0, 1
000000507969_jpg.rf.cd46c480df698ea844741f6f432c24c8.jpg, 0, 0, 0, 1
000000536034_jpg.rf.cd5c93b072e904433527ca8ab3db7a4c.jpg, 0, 1, 0, 1
000000268644_jpg.rf.cd84f0b6b70fc6b84fc8b2b5ea612343.jpg, 0, 1, 0, 0
000000438751_jpg.rf.cd8491ee0f3dcfcf293329b262446932.jpg, 0, 0, 0, 1
000000239985_jpg.rf.cd9b0fb7ab38fe16dd7ae1bae2b96db1.jpg, 0, 1, 1, 0
000000035132_jpg.rf.cd9b856f485a352e639e392878f68101.jpg, 0, 0, 1, 0
000000322795_jpg.rf.cd8515de7b00904679b9f6e2cd4b70a7.jpg, 0, 1, 0, 0
000000232900_jpg.rf.cd00dfc69163825ce2bfff4825b217ea.jpg, 1, 0, 0, 0
000000384122_jpg.rf.cd921ffb0c0bdfe675a96e42fd94ce87.jpg, 1, 1, 0, 0
000000286336_jpg.rf.cd964772e5ff938b212a2f9dfdee6b97.jpg, 0, 0, 0, 1
000000329940_jpg.rf.cd680c03f3c87401f651dbf1da5cce3c.jpg, 0, 0, 0, 1
000000440891_jpg.rf.cd878be5eabf0289f88c349301ac4feb.jpg, 0, 1, 0, 0
000000458738_jpg.rf.cd94c3f7e7c026b4dcefff2e794dad9b.jpg, 0, 0, 1, 0
000000269580_jpg.rf.cdb4bc227b3625c701ccea050aeabe66.jpg, 0, 1, 0, 0
000000213780_jpg.rf.cdb5ad6cebde31731d2767610f61b267.jpg, 0, 1, 0, 1
000000520898_jpg.rf.cd9fcd61ba894191f81ba5c1000f8551.jpg, 0, 0, 1, 0
000000055897_jpg.rf.cd9d97510059cb9282fb458f617e9991.jpg, 0, 0, 0, 1
000000484912_jpg.rf.cdb74381af4c3845fa952ba998bb87e4.jpg, 0, 1, 0, 1
000000379760_jpg.rf.cdf1df76e5d5a4a7e368d62c14d5dcc5.jpg, 0, 1, 0, 0
000000116740_jpg.rf.cdca697934452573896c873dbac35b24.jpg, 0, 1, 0, 0
000000212941_jpg.rf.cd9d257fef500b3a5be026212714999d.jpg, 0, 1, 0, 0
000000065488_jpg.rf.cdb960d03188c1ffffbe98cce76908ff.jpg, 0, 1, 0, 1
000000430343_jpg.rf.cdd26f8a367f6522d754967ace3f2a43.jpg, 0, 0, 1, 0
000000426857_jpg.rf.ce14fee6a7c376dd77ad160ff6e5ada8.jpg, 1, 1, 0, 0
000000338078_jpg.rf.cd38a14a7beac43ff8660414a25ff0ea.jpg, 0, 0, 0, 1
000000382848_jpg.rf.ce0c90a6076d596a3a7cd4ecb3832199.jpg, 1, 0, 0, 0
000000370417_jpg.rf.cdff6179a62d1bfbd40d91649b5da54b.jpg, 1, 1, 0, 0
000000190229_jpg.rf.ce16953cc80e9e4d42f23d668750817d.jpg, 0, 0, 0, 1
000000051985_jpg.rf.ce060701a3dc937a0667185ace58c242.jpg, 0, 1, 0, 1
000000224272_jpg.rf.cdd8a42cbb456f2a83b726360704f92a.jpg, 0, 1, 0, 0
000000114469_jpg.rf.ce1efa91493b928972c221fdf96344f8.jpg, 0, 0, 0, 1
000000269006_jpg.rf.ce359079e66a847536c332a28a0e0353.jpg, 1, 0, 0, 0
000000458027_jpg.rf.cdca796e93f6fefd22356ae138b96906.jpg, 0, 1, 0, 1
000000412184_jpg.rf.ce241ddaef35538ad7ce512257ee566a.jpg, 0, 1, 0, 1
000000230615_jpg.rf.cde23079c43dadddaf401d8e4e6611ab.jpg, 0, 1, 0, 1
000000162908_jpg.rf.ce37342dddedb1bb678d73b44d217e6e.jpg, 1, 0, 0, 0
000000488327_jpg.rf.ce1c4bcda30053c8e05791e1f41f9b31.jpg, 0, 1, 0, 0
000000471981_jpg.rf.cdf0198b88e34b40126afb8604e3fcae.jpg, 0, 1, 0, 0
000000260447_jpg.rf.ce14b7643e61953c0d2d76b4700881be.jpg, 0, 1, 0, 0
000000029852_jpg.rf.ce0a9a6348c93f3c59ce8cfc06abf4a5.jpg, 1, 0, 0, 0
000000350013_jpg.rf.ce101d921d75f2da14be55434467f6b4.jpg, 1, 1, 0, 0
000000151455_jpg.rf.ce2a5281f82eb7a1fdeff03288105d23.jpg, 1, 0, 0, 0
000000354853_jpg.rf.ce43b56b6f67a2ba671ddcaf151a352d.jpg, 0, 1, 0, 1
000000000328_jpg.rf.ce48250c64df47e6dd3cb01f52446cb1.jpg, 0, 1, 0, 0
000000236068_jpg.rf.ce3a1827ab57c1de1d82f1eba571d39f.jpg, 0, 1, 0, 1
000000068852_jpg.rf.ce3e0c85889cfc060d139af0f8b93002.jpg, 0, 1, 0, 0
000000210980_jpg.rf.ce40a4c09394db7cacb3fafa81952bca.jpg, 0, 1, 1, 0
000000083691_jpg.rf.ce398446673aa3cf9a754b5f8f27ce17.jpg, 1, 0, 0, 0
000000414314_jpg.rf.ce6a030704b4d5defaf6cfcc7b0f271c.jpg, 0, 1, 0, 1
000000183923_jpg.rf.ce6cb94b7039bac62630af6106628110.jpg, 0, 1, 0, 0
000000238263_jpg.rf.ce8038b1d7384612d741a8fe48f5982c.jpg, 0, 1, 0, 0
000000066297_jpg.rf.ce8d893a3ce81963b5ab0921f21ccb1c.jpg, 0, 1, 0, 0
000000408930_jpg.rf.ce4db1d9c3a4c9cac942ba573a279b33.jpg, 0, 0, 0, 1
000000563127_jpg.rf.ce6a9dbd56eb29b4553524a49933edbe.jpg, 0, 1, 0, 0
000000196413_jpg.rf.ce31dba8ea234050d106bdb2f7420612.jpg, 0, 1, 0, 1
000000248194_jpg.rf.ce645e3421eaf03d3ad8e30c97d227d1.jpg, 1, 1, 0, 0
000000361142_jpg.rf.ce7f77759af99e7b174a2d0c6f1d10ad.jpg, 0, 1, 0, 0
000000499615_jpg.rf.ce4f49abab0a17d78742b4075dd7a86a.jpg, 1, 0, 0, 0
000000356263_jpg.rf.ce7764c7638a53ca27779346db618f5e.jpg, 0, 0, 1, 0
000000074927_jpg.rf.ce843afe8ae188227faec818b6913e0d.jpg, 0, 1, 0, 0
000000085155_jpg.rf.ce92c697643cea8e68a5cf9044f63508.jpg, 1, 1, 0, 0
000000572749_jpg.rf.ce9820a86dfbfefdc2ad96822536fd88.jpg, 0, 1, 0, 0
000000365207_jpg.rf.ce90c9d7fd38718e796b89e627283ce2.jpg, 0, 1, 0, 0
000000218033_jpg.rf.cebb075c892121b1b76384a823c07b95.jpg, 0, 0, 1, 0
000000295403_jpg.rf.ce5873cb8ffe410aae45011ad2b2d920.jpg, 0, 1, 0, 1
000000244365_jpg.rf.cec181f911b5b39ecab023b3dd0ce340.jpg, 1, 1, 0, 1
000000409119_jpg.rf.ce9be725f067b2ef7db14a66238f9414.jpg, 0, 0, 0, 1
000000550512_jpg.rf.cefc04e5e56c0d002cce376b08f7c2bf.jpg, 0, 1, 0, 0
000000021248_jpg.rf.cec6b309430ec3bc45f4aa2f5da88b09.jpg, 1, 1, 0, 0
000000553793_jpg.rf.cef965fa38f493dd4af68fe2f401c75a.jpg, 0, 1, 0, 0
000000085488_jpg.rf.cef4bc0308306077cd3cd33b2008a4f9.jpg, 0, 0, 0, 1
000000124765_jpg.rf.ceb87165346ec4f8a8d1dd185a5cbea8.jpg, 1, 1, 0, 1
000000554740_jpg.rf.ce49ec71cf7133e08ecb4bc420e73510.jpg, 0, 1, 0, 0
000000312199_jpg.rf.cf1828af2a326eb66b4af8151a2bdd1d.jpg, 0, 1, 0, 1
000000177319_jpg.rf.ce9b7cdc60313789260f497404b6c27f.jpg, 1, 1, 0, 0
000000573485_jpg.rf.cf14efd8ac8139f78db9ec52fe2b288c.jpg, 1, 1, 0, 1
000000562176_jpg.rf.cf0281607d082c72f046779e6d68f25d.jpg, 0, 1, 1, 0
000000037205_jpg.rf.cf01e5092b15ba3daf033747ecc24121.jpg, 0, 1, 0, 0
000000360071_jpg.rf.cedb349df8b63d0fd0a5ab1326b25338.jpg, 1, 1, 0, 0
000000352828_jpg.rf.cf2a7496b19cb9019500e258798afaf7.jpg, 0, 1, 0, 0
000000187144_jpg.rf.cefb879f854b2f46d7bc2df0c2b3c494.jpg, 1, 0, 0, 0
000000274779_jpg.rf.ceeb78734d936260b00144da6af97ee3.jpg, 0, 1, 0, 0
000000282552_jpg.rf.cf290a89fc18969911e3afe9ef33efaa.jpg, 0, 1, 0, 0
000000044671_jpg.rf.cf07ebe1a4ecc7e2158a8ac79fa25fa2.jpg, 0, 1, 0, 0
000000280354_jpg.rf.cf00af56df2df1ab5c674ef9413b7f5e.jpg, 0, 0, 1, 0
000000515025_jpg.rf.cee94ee8dc0ec0ab77f9d0bd1d71e1ce.jpg, 0, 1, 0, 1
000000465196_jpg.rf.cf3786573491e9553cdd6a3d964023fd.jpg, 1, 0, 0, 0
000000448887_jpg.rf.cf033b4b9ea97fe450ced32210f692fb.jpg, 1, 0, 0, 0
000000091348_jpg.rf.cf4967b46593efc33a75f1a56fb1edb9.jpg, 0, 1, 0, 0
000000164521_jpg.rf.cf3cb4835cb40b0e6b48f29d70060452.jpg, 0, 1, 0, 1
000000463270_jpg.rf.cf6d8c8f6280a2d9fa7f47ebc917f1ba.jpg, 1, 0, 0, 0
000000140783_jpg.rf.cf079708f8118468ad83860deec29a30.jpg, 1, 1, 0, 0
000000264676_jpg.rf.cf500e934e9ca03e06cf1efcd216853d.jpg, 0, 1, 0, 1
000000107881_jpg.rf.cf4b81e9a42295d9bbddddeff9d2abed.jpg, 0, 0, 1, 0
000000227399_jpg.rf.cf4f41f38e8be74a52f8a52773d2d1c5.jpg, 0, 0, 1, 0
000000433124_jpg.rf.cf7c73a2e302409ad21c9cb169875335.jpg, 1, 1, 0, 0
000000493477_jpg.rf.cf828a0887d7e88177ff946a52b9528c.jpg, 0, 1, 0, 0
000000088360_jpg.rf.cf9ab30c318e5bbbb2c7738f871d2aeb.jpg, 0, 1, 0, 0
000000314530_jpg.rf.cf58d98104eafa47ddfcd881c4785895.jpg, 0, 1, 0, 0
000000577653_jpg.rf.cf637e81f7b02f8923f614f2c12afec0.jpg, 0, 1, 0, 1
000000480661_jpg.rf.cf8e2e9cf612264effabe9b96a928ae7.jpg, 0, 1, 0, 0
000000220843_jpg.rf.cf96e20d312311988974f10e87543ed4.jpg, 1, 0, 1, 1
000000316499_jpg.rf.cf45c8c2ca67fd9c110c859633a6937b.jpg, 1, 0, 0, 0
000000198975_jpg.rf.cf83b0798e77dcd1530881556cd427dd.jpg, 1, 0, 0, 0
000000200659_jpg.rf.ce4cd78e1ac6f90087133acb41cae6ad.jpg, 1, 0, 0, 0
000000226708_jpg.rf.cfa08e2ecc17cd43606b920d6f9eaf86.jpg, 1, 0, 0, 0
000000212241_jpg.rf.cfae6c07eebc9c623afcda303eda5483.jpg, 0, 1, 0, 1
000000179164_jpg.rf.cfaf5064b001593395c2c289af6c6144.jpg, 1, 0, 0, 0
000000413078_jpg.rf.cfa660a7d1436ff434f50871163d50dc.jpg, 1, 0, 0, 0
000000157295_jpg.rf.cfa846b26b1271eea6638bd06ebec1dd.jpg, 0, 0, 0, 1
000000098520_jpg.rf.cfb9b234d0e7c237673f6320f826bff5.jpg, 0, 0, 0, 1
000000283945_jpg.rf.cf900724f724481b41cd4b5ae90eaadd.jpg, 0, 0, 0, 1
000000276527_jpg.rf.cfb5c3a55fd227f47d75816113f601f5.jpg, 0, 1, 0, 1
000000294574_jpg.rf.cf8028bf7a0f3a428b5ba030cac5fff2.jpg, 0, 1, 0, 0
000000202093_jpg.rf.cf90f6ff47a9c49308b2df745e5ef73d.jpg, 0, 1, 0, 0
000000000247_jpg.rf.cf53d46dd001ac843537a29810588b41.jpg, 0, 1, 0, 0
000000006148_jpg.rf.cfc693feb6c19799e7568f623244ac22.jpg, 1, 0, 0, 0
000000004377_jpg.rf.cfd2bce8fcd19e69ea98a14bb5f4d949.jpg, 0, 1, 0, 0
000000339781_jpg.rf.cfc84b84ea2f5ac03d6e51e2e300fb05.jpg, 0, 1, 0, 1
000000021136_jpg.rf.cf3d8403451b01fec3fa32af9a04ed4e.jpg, 1, 0, 0, 1
000000057095_jpg.rf.cfd886ac0c5488d595fcc96a1cbf883e.jpg, 0, 1, 0, 0
000000051702_jpg.rf.cfc92800b5d1b013625c1a5a507d9e59.jpg, 0, 1, 0, 1
000000335864_jpg.rf.cfb76e47e4862fc416d6fe5592f05de8.jpg, 0, 0, 0, 1
000000352558_jpg.rf.cfd1f868baa0b39b6c3bfafa8c78f068.jpg, 0, 0, 0, 1
000000340489_jpg.rf.cfbc703986114dae17a2af904db0657d.jpg, 0, 0, 0, 1
000000495403_jpg.rf.cfdde8bec0c6c111fdb14c7a0e014c5c.jpg, 1, 1, 0, 1
000000190018_jpg.rf.cfe4e05257c4240e4c6060aef9f87f66.jpg, 0, 1, 0, 0
000000529475_jpg.rf.cfd59f5677a94d7900ca2df5d4a981e9.jpg, 0, 1, 0, 1
000000026304_jpg.rf.cfecac3fcb4469a0b8066c6832e1b0ce.jpg, 0, 1, 0, 0
000000093655_jpg.rf.cfebc1e4b1aefcd4ad59c63052bfea91.jpg, 0, 0, 1, 0
000000266618_jpg.rf.cfa28bcbb44e4b61361ea9f2599c665f.jpg, 0, 1, 1, 0
000000371245_jpg.rf.cf5da81eb0c107fdf719e33d9b94aeff.jpg, 0, 0, 0, 1
000000051571_jpg.rf.cf8298da67a55d6507843946493b1fd0.jpg, 1, 0, 0, 0
000000246270_jpg.rf.cfe1617282bc82bd0b13b63851232f62.jpg, 1, 0, 0, 0
000000511179_jpg.rf.cfe74f55eee32f77352f1d933e39a4ef.jpg, 0, 1, 0, 0
000000316471_jpg.rf.cffd6dddbf5d18e5249795266756dfc1.jpg, 0, 0, 0, 1
000000525249_jpg.rf.d0175137ea5521c1bfb1dc853fc2692c.jpg, 1, 0, 0, 0
000000145562_jpg.rf.d033a505174bb71cc0400c36aff68f04.jpg, 0, 1, 0, 1
000000428718_jpg.rf.d0324ce682c7cf7d7440af5770c40e73.jpg, 0, 1, 0, 0
000000457683_jpg.rf.d032d1806345dad05044e9ed05f71f1c.jpg, 0, 0, 1, 0
000000340317_jpg.rf.d025d84a437448150a33f8f60fab3523.jpg, 0, 1, 0, 0
000000541619_jpg.rf.d03f8474d8a4b33241d30c7de1e14e13.jpg, 0, 1, 1, 0
000000373128_jpg.rf.d0489754abfc81079f222bc14042ad6c.jpg, 0, 0, 1, 0
000000334950_jpg.rf.cff2bdf6d8c3770c488ad8997857f23c.jpg, 0, 1, 0, 1
000000549718_jpg.rf.d00077002c6a9e0e5e9b789b714c312d.jpg, 1, 0, 0, 0
000000536145_jpg.rf.d04197c07a46b373ac718ba84c2be4d3.jpg, 1, 0, 0, 0
000000211386_jpg.rf.d05faef27e1c917bc111d33e4888937b.jpg, 1, 0, 0, 0
000000453299_jpg.rf.d04935b5a16795662553ff737c96929e.jpg, 0, 1, 0, 0
000000094201_jpg.rf.d01e19b03b87586df0e4ecf5c9e7f402.jpg, 0, 1, 0, 1
000000449095_jpg.rf.d0493a0e56f7a59c8bec57341ba0f35f.jpg, 0, 1, 0, 1
000000304518_jpg.rf.d01fd44c96896c819d5ed2811c9c02b7.jpg, 1, 1, 0, 1
000000444546_jpg.rf.d0648dcae1802c877e8307539efa8411.jpg, 0, 1, 0, 0
000000122981_jpg.rf.d060a1b3de2ff801bedb1c5b748479e0.jpg, 1, 0, 0, 0
000000234293_jpg.rf.d02c9cc303ba6efe7de3928c377d5ec8.jpg, 0, 1, 0, 0
000000265280_jpg.rf.d0169736e4cbead9c11470dbd4b42a86.jpg, 0, 1, 0, 0
000000078307_jpg.rf.d0556ee0b68536870c927ef74ce192b6.jpg, 0, 0, 1, 0
000000519181_jpg.rf.d0257bb028c8cbd34e73016ecaa93af6.jpg, 0, 0, 1, 0
000000312870_jpg.rf.d059a5b706a87cc6acf456b40e17d2d6.jpg, 1, 1, 0, 1
000000452186_jpg.rf.d065306c74f7faa4f77285db666f35b5.jpg, 0, 1, 1, 0
000000561647_jpg.rf.d04667597f5dedeb09f95d93b2314e4c.jpg, 0, 1, 0, 0
000000448255_jpg.rf.d069ed481a0c5529b2b15fb1d43b8927.jpg, 0, 1, 0, 1
000000447209_jpg.rf.d08bc52d2acb6f8e3f7257f811f95683.jpg, 0, 1, 0, 0
000000451550_jpg.rf.d04f2c2a569ca009b7a27fa6d6bc8370.jpg, 0, 1, 0, 0
000000442549_jpg.rf.d097c4456a5a4bab94fa33b34e987360.jpg, 0, 0, 1, 0
000000556771_jpg.rf.d0678a678a759084c50e1eae5595b335.jpg, 1, 0, 0, 0
000000081206_jpg.rf.d093ee1d94c8bb43aa5f6a4d16d2d8c5.jpg, 0, 1, 0, 1
000000151842_jpg.rf.d09ca3db2e1e70e581bab7151414fee4.jpg, 0, 0, 0, 1
000000058304_jpg.rf.d0a1fe104ad069c78bd2d3fead4ee6ce.jpg, 1, 1, 0, 0
000000128110_jpg.rf.d0a0052e8f686e871e7468ff40e41d72.jpg, 0, 1, 0, 0
000000179238_jpg.rf.d09a7d011a2e15783f47f4d27e39c1b6.jpg, 1, 0, 0, 0
000000272459_jpg.rf.d0d8c367066eb324fb0e3ca420bae334.jpg, 0, 1, 0, 0
000000424554_jpg.rf.d0a880e1f66cb67b53a177c92f336e45.jpg, 0, 0, 0, 1
000000318483_jpg.rf.d0c2890b4698b0067f7777523a8ea1f5.jpg, 1, 0, 0, 0
000000123862_jpg.rf.d0999436276baeee078f1c52b3ad2759.jpg, 0, 1, 0, 0
000000051334_jpg.rf.d0b296175bea8284f4bf6565144e0312.jpg, 0, 1, 0, 1
000000142981_jpg.rf.d0bf8417b8a5f8e35edfb57fa881a30b.jpg, 0, 0, 0, 1
000000189493_jpg.rf.d0ac60ba17d698d00505af3c71f08346.jpg, 0, 0, 1, 0
000000022683_jpg.rf.d0d456f98a31640311b0f8ef0ef08078.jpg, 0, 0, 1, 0
000000319105_jpg.rf.d0b3abf3c1dd5553addc6e310096383e.jpg, 0, 1, 0, 0
000000530712_jpg.rf.d0a3d1057a46b624a7edbf24e293a651.jpg, 1, 1, 1, 1
000000570037_jpg.rf.d0a62c048eb76036266018356833046b.jpg, 0, 1, 0, 0
000000472089_jpg.rf.d0a561b2cfea155aeb4ac09c3409bc1f.jpg, 1, 1, 0, 0
000000102497_jpg.rf.d0fc7b2046ff68f3ab1a41987cc12309.jpg, 0, 0, 1, 0
000000405287_jpg.rf.d0e1222eb9d3c9fd758af699657e059f.jpg, 0, 0, 0, 1
000000091708_jpg.rf.d0b23ffd52b9d38d3819384f86666681.jpg, 0, 1, 0, 0
000000547449_jpg.rf.d0ef6dee3c23d86ffee866949d60adcf.jpg, 1, 1, 0, 0
000000364160_jpg.rf.d0330771962c07bf3d091d2528b118a7.jpg, 0, 1, 0, 0
000000322558_jpg.rf.d0fd55e328b3599ff18eca64b7cb2b72.jpg, 0, 1, 0, 0
000000028532_jpg.rf.d0fd6642b242bc1458f374731c2eaa75.jpg, 0, 0, 0, 1
000000557434_jpg.rf.d0c268e6c38ab6962036e628041e7a08.jpg, 0, 1, 0, 1
000000323695_jpg.rf.d0711c7d9772ac85410cb7c6eb1b144e.jpg, 0, 1, 0, 1
000000280224_jpg.rf.d1301af4fc84c5671c0fe185ce1552cf.jpg, 1, 1, 0, 0
000000019964_jpg.rf.d107e19fca2d0e836398cbe017ec06e7.jpg, 0, 1, 0, 1
000000455228_jpg.rf.d0e5af04ec904830bcf9c3e372e77c68.jpg, 0, 1, 1, 1
000000293346_jpg.rf.d11a20deada9e29a4f9299a9217ac119.jpg, 0, 0, 0, 1
000000555476_jpg.rf.d14b111d1b95d2237cba05ed4b248085.jpg, 0, 1, 1, 1
000000068217_jpg.rf.d11d9870690a8f8871169602530785c3.jpg, 0, 1, 0, 0
000000176210_jpg.rf.d15ad7d8a675ce8e34a5e40d50f1bdca.jpg, 0, 1, 0, 0
000000556616_jpg.rf.d126e9b5836ec9df0f1c90e35ac2edf0.jpg, 0, 1, 0, 0
000000084533_jpg.rf.d1544e28baf51d32a238a3f21de17e39.jpg, 0, 0, 1, 0
000000236718_jpg.rf.d182bd7e79321806192ea6c5be6f2c33.jpg, 0, 0, 0, 1
000000250834_jpg.rf.d161f04b499a26ea0d97ae42909dfd7e.jpg, 0, 1, 0, 0
000000066236_jpg.rf.d16a7c44c92bcbba91389258a8644bf4.jpg, 0, 1, 0, 0
000000549933_jpg.rf.d11901a3d1dc15b5965c19ef398bafcb.jpg, 1, 0, 0, 0
000000352194_jpg.rf.d17611fa1518e5f61ccef16c368edeb8.jpg, 0, 1, 0, 0
000000015110_jpg.rf.d177270bb663bec0d5aec1485b0af071.jpg, 1, 1, 0, 0
000000491182_jpg.rf.d11909c2e22e44eea8d282ea7eb0e69b.jpg, 0, 1, 0, 0
000000360595_jpg.rf.d15c61b794aa1856c8b15a2b997fe663.jpg, 0, 1, 0, 0
000000536920_jpg.rf.d184f11d4f7f64a43842e5c6e9f7d54f.jpg, 0, 1, 0, 0
000000537232_jpg.rf.d172bb0a3a6494730a0849e3dd13c9d5.jpg, 0, 1, 0, 0
000000354821_jpg.rf.d1ae80c7f5b062e0e22b9184e197f185.jpg, 0, 1, 0, 0
000000118171_jpg.rf.d1a33a5abaf5acf581a4722b1534f4e2.jpg, 0, 0, 0, 1
000000379122_jpg.rf.d17aeda6ecbcec9a15cde96a92715dd9.jpg, 0, 0, 1, 0
000000278418_jpg.rf.d1929d2a23b6cbc243e9c86f47e54cb2.jpg, 0, 1, 0, 0
000000539498_jpg.rf.d19a2e5675c0a5e3a6d577f8518f67a7.jpg, 1, 0, 0, 0
000000004080_jpg.rf.d1a2d3dd979099740f540c318910e337.jpg, 0, 0, 0, 1
000000260740_jpg.rf.d1b8a274bde40cf14e78cb5671b369a7.jpg, 0, 0, 0, 1
000000160815_jpg.rf.d1ac5940cfed875ad549a98ae69b6680.jpg, 0, 1, 0, 0
000000324852_jpg.rf.d1c308cdb59881f7125acd57a297daf3.jpg, 1, 0, 0, 0
000000403542_jpg.rf.d1b3feab6f9de399213b23e2fd33c5ad.jpg, 1, 0, 0, 0
000000536833_jpg.rf.d1a2f3a2cb4469ba7ba445091780a4af.jpg, 0, 0, 1, 0
000000411937_jpg.rf.d1ba0728b0050f261642dffb1fa02ce1.jpg, 1, 0, 0, 0
000000296353_jpg.rf.d1c006f91d539f4ead503bb49f8d60c8.jpg, 1, 0, 0, 0
000000339974_jpg.rf.d1d6d79bc6cd935048e23095052fa9ea.jpg, 0, 1, 0, 0
000000547345_jpg.rf.d1f0fa4ff498ac09f57cced0ab93382f.jpg, 1, 1, 0, 0
000000457948_jpg.rf.d1bfc34246a8bfbe7526a8261955ea02.jpg, 1, 1, 0, 0
000000470932_jpg.rf.d1de7ba7b6cb2157a8fd548d4e158d8e.jpg, 0, 0, 1, 0
000000329012_jpg.rf.d1fedc595133cf252f3a0a00494aa48a.jpg, 0, 0, 0, 1
000000556669_jpg.rf.d1e7f5d1558a2a4032757b77482267db.jpg, 0, 1, 0, 0
000000147758_jpg.rf.d22063af2439d16749449eb6fe5a436e.jpg, 0, 0, 1, 0
000000242036_jpg.rf.d1f63ba73fc631bf5e8125f7adc12324.jpg, 1, 0, 0, 0
000000480685_jpg.rf.d224b83190abb2d1a083a0911cbcaf5f.jpg, 0, 1, 0, 0
000000280551_jpg.rf.d1c30d4c41c592b6fb5bf315cdf77a1a.jpg, 0, 1, 0, 0
000000009451_jpg.rf.d223a5aa544057919c05a669374439d8.jpg, 1, 0, 0, 0
000000330609_jpg.rf.d1b9502d2e827cc6a6a4f67a35eadbf6.jpg, 0, 1, 0, 0
000000066309_jpg.rf.d237e3d204d1a46f5a38718af4cadcf0.jpg, 0, 1, 0, 0
000000088325_jpg.rf.d2171663f9f2abe6cef7a30c6bc32efa.jpg, 0, 1, 0, 0
000000256852_jpg.rf.d24ae72db74ae135469e6eb46b09e4ef.jpg, 1, 0, 0, 0
000000249670_jpg.rf.d23615021e9bb8612111b6d3399817d7.jpg, 1, 1, 0, 0
000000508130_jpg.rf.d256e8ab8dacacdacd4213e722f771bf.jpg, 0, 1, 0, 0
000000309875_jpg.rf.d23423944546823c1ca60d3a883f818f.jpg, 0, 1, 0, 0
000000370596_jpg.rf.d221e0eae27b5fbcc72e5721aac70e54.jpg, 0, 1, 1, 0
000000524048_jpg.rf.d226495ddb64a9e23ef8a8f1a2ed0b17.jpg, 0, 1, 0, 0
000000298203_jpg.rf.d270e4a9177ec72e4592f41e87234461.jpg, 0, 1, 0, 0
000000061259_jpg.rf.d1d8b4e1cfab9b770c8f047be13fc402.jpg, 1, 0, 0, 0
000000467311_jpg.rf.d290380fdbb73463f07ed16b1943579d.jpg, 1, 1, 0, 1
000000453427_jpg.rf.d20534ccc240c3a2e1a03c127c0f3a2e.jpg, 0, 1, 0, 1
000000454741_jpg.rf.d29617395ada565749ef31c0a20ee47c.jpg, 1, 0, 0, 0
000000118459_jpg.rf.d2831f78f763f4dc3e430049c7a2630d.jpg, 1, 0, 0, 0
000000347101_jpg.rf.d2406dac76cd72aab706718efcbdc64c.jpg, 0, 1, 0, 1
000000143749_jpg.rf.d283c7772142146f29ba0b4d5a07da2b.jpg, 0, 1, 0, 0
000000239464_jpg.rf.d278af15c4526ac14aaedef1efb4a0c4.jpg, 0, 0, 0, 1
000000355221_jpg.rf.d284966c136828707f77b3195b957575.jpg, 0, 1, 1, 1
000000281693_jpg.rf.d23db5c1ef2d4fe8a6468bfecf988196.jpg, 0, 0, 0, 1
000000043331_jpg.rf.d2845841e4a695914c5eb01dcea68b95.jpg, 1, 1, 0, 0
000000030203_jpg.rf.d2999b2b438e3952b070b9b68f751471.jpg, 0, 1, 0, 0
000000041397_jpg.rf.d258e25ee65a2c07552f77994951e186.jpg, 0, 1, 0, 0
000000440752_jpg.rf.d26bf06120baa81187d08af1754618a7.jpg, 1, 1, 0, 1
000000041128_jpg.rf.d297863b3cd67724cc114b6f3589f8cc.jpg, 0, 0, 1, 0
000000446971_jpg.rf.d2b070ad795671645bdbf43b5261b9e6.jpg, 0, 1, 0, 0
000000512023_jpg.rf.d280b6dc50116a70ce43b7e215fa2273.jpg, 0, 1, 0, 0
000000277263_jpg.rf.d293865945eb8d09d1aa729b7c5f78cb.jpg, 0, 1, 0, 1
000000266809_jpg.rf.d2a9b0444a1a0f2be5105f0b5c248026.jpg, 0, 0, 0, 1
000000098656_jpg.rf.d2a8b093d15969667a8723827516e0b1.jpg, 0, 0, 1, 0
000000504130_jpg.rf.d2aeca972e8498f6dfe7478a7266ae41.jpg, 0, 1, 1, 0
000000530300_jpg.rf.d29f2866888648ace5eda376062c09b9.jpg, 0, 1, 0, 0
000000212326_jpg.rf.d2c56089dc8fe52cc7a52c2b7c9ef478.jpg, 0, 1, 0, 0
000000374485_jpg.rf.d29bbeff22215548c3f96e5df1bdd196.jpg, 1, 0, 0, 0
000000169656_jpg.rf.d2c9228c9c0ff3f58631da9ce40bd5f6.jpg, 1, 0, 0, 0
000000048189_jpg.rf.d2c38c78f3bc428a9044d39bab8262c8.jpg, 0, 0, 0, 1
000000043922_jpg.rf.d2ad57131c9eeeba60816c10b7c28b97.jpg, 0, 1, 0, 0
000000021083_jpg.rf.d2b32f268d94c50bb0a9de9592ff0131.jpg, 0, 1, 0, 0
000000459884_jpg.rf.d2de0e7a38dfe44f7afb75b3bd49a81a.jpg, 0, 0, 0, 1
000000540496_jpg.rf.d2d0573504a5023feb1dbcf0efe05ce3.jpg, 1, 0, 0, 0
000000528712_jpg.rf.d2b2a1e7c22566e2b77c2e2e8a58d464.jpg, 0, 1, 1, 1
000000282042_jpg.rf.d2f71c55db7fd28773df26a939f33d20.jpg, 0, 1, 0, 0
000000338105_jpg.rf.d2d17cb8d0b8b3670855c16a461f9f8f.jpg, 0, 1, 0, 1
000000557451_jpg.rf.d30bbdcc37ab33c396bff0e2435d462d.jpg, 0, 0, 1, 0
000000444764_jpg.rf.d31ea1196a479800cd4ccfe802bf7ee5.jpg, 0, 0, 1, 0
000000421338_jpg.rf.d31de5db76936eb036678aae30829c90.jpg, 0, 1, 1, 0
000000326332_jpg.rf.d30610cbb565268af70902a2234198bc.jpg, 1, 0, 0, 0
000000566419_jpg.rf.d302f10f719bed78b5a06e30add91ef0.jpg, 1, 0, 0, 0
000000124069_jpg.rf.d2d70cd7f876810c7aca9a3e0edff55d.jpg, 0, 1, 0, 0
000000333018_jpg.rf.d2978b9d020f460e9d5977da6ba130ee.jpg, 0, 1, 0, 0
000000008439_jpg.rf.d2b25446967819d694012e2deb4b0ed7.jpg, 0, 0, 1, 0
000000073413_jpg.rf.d32cd01e4151425d20535bf0497ba6c5.jpg, 1, 1, 0, 0
000000128119_jpg.rf.d31d50cf7a83c60ee02c57c47e0b8502.jpg, 1, 0, 0, 0
000000488788_jpg.rf.d32733e6b87123e4b3f9d1121ef33640.jpg, 0, 1, 0, 0
000000504342_jpg.rf.d30804a23aeeed54bcd5e1d434ec801d.jpg, 1, 0, 0, 0
000000019532_jpg.rf.d2f97f2a8883bb275a1a87c2ed6ce52a.jpg, 0, 1, 0, 0
000000193166_jpg.rf.d331d27e21e3d67f7f24b1eaa903a831.jpg, 0, 1, 0, 0
000000212969_jpg.rf.d2f88185651b238e71aaba98e570885d.jpg, 0, 0, 1, 0
000000418675_jpg.rf.d34bc3f9897bed9e0a093b7ca93ff347.jpg, 0, 1, 0, 0
000000286544_jpg.rf.d330d042bc69726864392c014c8c244f.jpg, 0, 1, 0, 0
000000524525_jpg.rf.d3592324869fc18775730aed6c6bde4a.jpg, 0, 0, 0, 1
000000519055_jpg.rf.d3560d82e940c441468a3f436a2f2ea6.jpg, 0, 1, 0, 0
000000537526_jpg.rf.d32ddfca9309dc3b47ce2b80fdcac7fc.jpg, 0, 1, 0, 0
000000024100_jpg.rf.d32d0f38852bc293e80cfada0e18bb2b.jpg, 0, 1, 0, 0
000000380821_jpg.rf.d32c2258d7eef0b1c29e1857dffd8347.jpg, 0, 1, 0, 0
000000167795_jpg.rf.d3273b394e91e91886d3de76dd76f3f9.jpg, 1, 0, 0, 0
000000194676_jpg.rf.d35e5dc9159b0d5a27ced7c7e3ed2227.jpg, 0, 0, 0, 1
000000477537_jpg.rf.d35c3d645f2a851c70683f1516904e89.jpg, 0, 1, 0, 0
000000299970_jpg.rf.d2e2944e833eb3e8a11005b75530b3c8.jpg, 0, 1, 0, 0
000000425324_jpg.rf.d37f3a0fde37aae398d459ff7384f027.jpg, 0, 1, 0, 0
000000028251_jpg.rf.d35ac07718cfbe521957c7aa96338281.jpg, 0, 0, 0, 1
000000007650_jpg.rf.d36ac2ba0c84a0080c517f70546802f1.jpg, 0, 1, 0, 0
000000110269_jpg.rf.d37045e722eac0f7c35c94ae6d1bff44.jpg, 0, 1, 0, 0
000000032134_jpg.rf.d37311e95cc5f04dba8fc9b279097070.jpg, 0, 1, 0, 0
000000516798_jpg.rf.d3426192a4cdee8e32b281340572ae48.jpg, 0, 1, 0, 1
000000040890_jpg.rf.d33e739823789017a81d97e20ab447b3.jpg, 0, 0, 0, 1
000000420231_jpg.rf.d3960ec984623daefb36e834e2ff6a76.jpg, 1, 1, 0, 0
000000247214_jpg.rf.d37983b13ded5b951ad0cea00a6abbba.jpg, 0, 1, 0, 0
000000276621_jpg.rf.d376df1502d7612faabe572f43dcee45.jpg, 0, 1, 0, 0
000000200830_jpg.rf.d3a4d9f5166bccae1df5ccb1a0acca2e.jpg, 1, 1, 0, 0
000000254176_jpg.rf.d359dbaf1c3d06ba8f6d18b2684ba7e0.jpg, 0, 0, 1, 0
000000000419_jpg.rf.d38a8e002260712979127f27cb4a9c66.jpg, 0, 1, 0, 0
000000450878_jpg.rf.d38c241901ab7f0371b259c3aaca7ced.jpg, 0, 1, 0, 0
000000354224_jpg.rf.d39a5ee20ea6cd4302900b0839c5db38.jpg, 0, 1, 0, 0
000000021569_jpg.rf.d3ae50d2d6310983d89ef361e83a43f0.jpg, 0, 0, 0, 1
000000006789_jpg.rf.d391807303427a34f2a2362a8985675e.jpg, 0, 1, 0, 1
000000063943_jpg.rf.d373caa21a5c7bcc41a065d6fc82e419.jpg, 0, 1, 0, 0
000000482305_jpg.rf.d39921e55fe0da41b7caa5f7e6f1a992.jpg, 1, 0, 0, 0
000000319747_jpg.rf.d38fd745d474e850c2dbf599802d5dcb.jpg, 1, 0, 0, 0
000000380798_jpg.rf.d3aa4de0758fb195aa9872f29b4ce412.jpg, 1, 0, 0, 0
000000001171_jpg.rf.d3c6bdfcab56563fcf3bce8f1f8af682.jpg, 0, 1, 0, 1
000000119384_jpg.rf.d3c820d620b57414bc63d45855bdcd0a.jpg, 0, 1, 0, 0
000000538458_jpg.rf.d3b823d646906665ced28cdd76039c8d.jpg, 0, 0, 0, 1
000000304067_jpg.rf.d3e0bdbe33993baf1bd3e3f981efd1d9.jpg, 0, 0, 1, 0
000000248767_jpg.rf.d3e5933d568fc67e095049f6ae63ccd7.jpg, 1, 1, 0, 0
000000433826_jpg.rf.d3d5bdacdcfaf6a6e54545b2442be168.jpg, 0, 1, 0, 0
000000533054_jpg.rf.d3e523d8e1da1de62f9a002c1385e44b.jpg, 0, 0, 0, 1
000000398393_jpg.rf.d3f1ee9dac1eb8a2ce7e3041d323426d.jpg, 1, 0, 0, 0
000000136979_jpg.rf.d3df9550055b419c6bb9a5f080b7ca24.jpg, 1, 1, 0, 0
000000072263_jpg.rf.d3f22b7fd0ecc9861a524676426a8f97.jpg, 1, 1, 0, 1
000000298335_jpg.rf.d3ba05f45b06549065dceadc4831f9fe.jpg, 1, 0, 0, 0
000000075585_jpg.rf.d3ba1cdc16a72d24d455d740e5eff025.jpg, 1, 0, 0, 0
000000324817_jpg.rf.d3fa434710894e1a103c5e31635d9059.jpg, 0, 1, 1, 0
000000480950_jpg.rf.d3c8580521afc27b18c37ae06fae6f58.jpg, 0, 1, 0, 1
000000055690_jpg.rf.d3b37c53a2d3d50ebcb91b850f0b0b2e.jpg, 0, 1, 1, 0
000000514904_jpg.rf.d3f650cade1ea8380b4e3b0002443aec.jpg, 1, 0, 0, 0
000000474038_jpg.rf.d4459793cb0c4eccccf3c5bd1b1e9b58.jpg, 0, 1, 0, 0
000000100274_jpg.rf.d3e3cc182e4bc5b952a67e8c6eebf005.jpg, 0, 1, 0, 1
000000253515_jpg.rf.d435851ce7c49b53cb83a925e744f346.jpg, 0, 1, 0, 1
000000474680_jpg.rf.d41e40331ac08bba31f161cfdb602286.jpg, 0, 0, 1, 0
000000178578_jpg.rf.d420884f3231dca9d1afb41b24141b57.jpg, 0, 1, 0, 0
000000572876_jpg.rf.d4508c0111035af111154a04fbed36dc.jpg, 0, 0, 0, 1
000000493812_jpg.rf.d4278a7ebdb1a247c129a5d4316ad8ed.jpg, 0, 1, 1, 0
000000350003_jpg.rf.d3abf9f8049a65b83af005f0ae6b1be1.jpg, 0, 1, 0, 1
000000243328_jpg.rf.d3fa11dfe045694f57e5945eb1c738ed.jpg, 0, 0, 0, 1
000000137748_jpg.rf.d469b99c752248d825540a4545ab72b7.jpg, 0, 1, 0, 0
000000157112_jpg.rf.d47352544c371bc9f3cfd363ddbb1941.jpg, 0, 1, 1, 1
000000480064_jpg.rf.d4598c86826265317fa543453e6c360d.jpg, 1, 0, 0, 0
000000149679_jpg.rf.d474a1cf28379bdc1859e023e5177344.jpg, 0, 1, 0, 0
000000320461_jpg.rf.d46193479ca6358bde5449a4cf03f135.jpg, 0, 1, 0, 0
000000373259_jpg.rf.d45e105d9d7b35c3c790c63a525325a4.jpg, 0, 1, 0, 0
000000264322_jpg.rf.d473fa5b4c5ac71d6478f6ade411ba26.jpg, 0, 1, 0, 0
000000040557_jpg.rf.d479f7c5766cc8346d5e1f83f3a70207.jpg, 0, 1, 0, 0
000000248862_jpg.rf.d47b791bc4ac0cb1b5f52a371f60f0c9.jpg, 1, 0, 0, 0
000000549299_jpg.rf.d498131f25b2a39079d35487845873a5.jpg, 0, 1, 0, 0
000000125275_jpg.rf.d4752dbf01bdfc5524d48b274fab885c.jpg, 0, 1, 1, 0
000000515566_jpg.rf.d48d41fb074cc3df058b39d90975b864.jpg, 1, 1, 0, 1
000000523010_jpg.rf.d47ee1137e36cda4630dd124b4b5b1a0.jpg, 1, 1, 0, 0
000000094455_jpg.rf.d455db22232ce88007aefaeff7d6a86c.jpg, 0, 0, 1, 1
000000079968_jpg.rf.d48b9611c3db71b5595917d737cce294.jpg, 0, 0, 1, 0
000000362936_jpg.rf.d491e66c10931be7ff62c00ccba0c784.jpg, 0, 1, 0, 1
000000575590_jpg.rf.d4924e19c6b73f7e57299c9fa9a57804.jpg, 1, 1, 0, 0
000000314371_jpg.rf.d4806b256eb5798675b6f6eef6b13410.jpg, 0, 1, 0, 0
000000195755_jpg.rf.d492b5fc46fefa43c51a9fd226e919c9.jpg, 0, 1, 0, 0
000000226246_jpg.rf.d485f1e62b4c518b3e8ed86e1f49bc2f.jpg, 1, 0, 0, 0
000000551441_jpg.rf.d4ac2df6f77011a58f978cf5ed5cab9e.jpg, 0, 1, 0, 1
000000525361_jpg.rf.d4960fb32120bbbffe995e8a72e5c319.jpg, 0, 1, 0, 0
000000366005_jpg.rf.d48377977177ff6f77ade1f42abbeeec.jpg, 0, 1, 0, 0
000000278799_jpg.rf.d4bc6f54d9a7143605d50fa0835257f0.jpg, 0, 1, 0, 0
000000319406_jpg.rf.d4b7fbbc912311dd1fd5cc3f39a3242b.jpg, 0, 1, 0, 1
000000325065_jpg.rf.d4c28c2bc164f755b0305c4d4a692796.jpg, 0, 1, 0, 1
000000494941_jpg.rf.d4dfd72761d57c3d4cdb0c434c2083ca.jpg, 0, 1, 0, 0
000000181176_jpg.rf.d4d51ec0b9ed73aebca929f7638cbb28.jpg, 1, 1, 0, 0
000000378727_jpg.rf.d479095aa51ea982cb4df57c86a767e0.jpg, 0, 0, 1, 0
000000275027_jpg.rf.d4c02da36b7e7d86293bf43c218a84e2.jpg, 0, 1, 0, 1
000000427069_jpg.rf.d4f077e5ca7eda35062981e0b4b6a4d9.jpg, 1, 1, 0, 1
000000444373_jpg.rf.d47a648194218cd1791b3cb4b4629018.jpg, 1, 0, 0, 0
000000055150_jpg.rf.d4eb55ac518882bd952a36a8cba5f506.jpg, 0, 1, 0, 0
000000375521_jpg.rf.d500238837eaac4639ad080983350171.jpg, 0, 1, 0, 0
000000020489_jpg.rf.d508c5b5e7d80230585e5b2158413308.jpg, 0, 1, 0, 0
000000340647_jpg.rf.d4fd1c2b62c85ccd6eeaa079dee0e864.jpg, 0, 1, 0, 1
000000265333_jpg.rf.d52285d96e86a471fa6c3c41987694e2.jpg, 1, 0, 0, 0
000000321185_jpg.rf.d50c73db864756f53195f50e667a908d.jpg, 0, 1, 0, 0
000000254357_jpg.rf.d5234f157167e9abc500226184b06778.jpg, 0, 0, 0, 1
000000308589_jpg.rf.d53916c20916a037ced95f054a29961f.jpg, 0, 0, 0, 1
000000566038_jpg.rf.d51df1a31fc0e6294e00e321a535acc3.jpg, 0, 1, 0, 0
000000413734_jpg.rf.d4e87366a7fba2c052249b72395f7f70.jpg, 0, 1, 0, 0
000000385473_jpg.rf.d498abd9d2c37ab5609c508944006a2e.jpg, 0, 0, 1, 0
000000515056_jpg.rf.d522e68d8400853eadba80e901d5d349.jpg, 0, 1, 0, 1
000000225313_jpg.rf.d536b0120296f94d7e20c9a68a1cdd1e.jpg, 0, 1, 0, 1
000000425647_jpg.rf.d5287931ea42928200cebe366568009b.jpg, 0, 1, 0, 0
000000357976_jpg.rf.d536f0a39ac9f4377e3edca139214407.jpg, 0, 1, 1, 0
000000290179_jpg.rf.d51a27d6f1c2077f5bb2449658d8e6c3.jpg, 1, 1, 0, 1
000000406024_jpg.rf.d527d23d1c8201cdc68b4ea3ee3d7d9d.jpg, 0, 0, 0, 1
000000561390_jpg.rf.d53f5288fd27caa6c8dd8a733a94cf2e.jpg, 0, 1, 0, 1
000000362092_jpg.rf.d5380ed969df0af366cf5226b0057ed7.jpg, 1, 0, 0, 0
000000549650_jpg.rf.d50edc140ce29ea8b54d70326b601d6b.jpg, 0, 1, 1, 1
000000442701_jpg.rf.d5146256534c8a90aea7589ad6f7e1af.jpg, 1, 0, 0, 0
000000401526_jpg.rf.d53f383a727117b12e14c7fda3f1da0e.jpg, 0, 0, 1, 0
000000421499_jpg.rf.d4e10377c77714e5d0ca3ec1e258f7e4.jpg, 0, 0, 0, 1
000000424091_jpg.rf.d52d71d24308519a72b5d2a6f72fbd55.jpg, 0, 1, 0, 0
000000345104_jpg.rf.d5480c00e01444a9e215ccd399fe45f6.jpg, 0, 1, 0, 0
000000150834_jpg.rf.d541a62ebf1f9052bb4c61e2fbd6b7ef.jpg, 0, 0, 0, 1
000000490125_jpg.rf.d5468cca66e587149c4ad1166d42d6b1.jpg, 0, 0, 0, 1
000000255749_jpg.rf.d55e36b13c409bcba6ee6076846423f9.jpg, 1, 0, 0, 0
000000405920_jpg.rf.d55b408a5f1764d0a1e759bf77f81155.jpg, 0, 0, 0, 1
000000487834_jpg.rf.d56da44e9f9568b475b505a40c4e6639.jpg, 1, 1, 0, 1
000000008181_jpg.rf.d56275a9d2dec1aab550a3ca1c71144a.jpg, 0, 1, 1, 0
000000207782_jpg.rf.d57c35d9d8b04acecab79db39fd02be7.jpg, 0, 1, 0, 0
000000143559_jpg.rf.d59580ce131abea40b94c5f729bd48f3.jpg, 0, 1, 0, 0
000000127786_jpg.rf.d54bb9cb7fd804c3fd4a73cb0b4e2bee.jpg, 1, 1, 0, 1
000000016961_jpg.rf.d571a078d85e7fc8097a342cb5772162.jpg, 0, 1, 0, 1
000000572737_jpg.rf.d57c529a99f92af5756f1c49203811e8.jpg, 0, 1, 1, 0
000000411130_jpg.rf.d55cb816294cbb93334d2985485bc630.jpg, 1, 1, 0, 0
000000568984_jpg.rf.d5a45cb258ddcba139ecb8d736f5f599.jpg, 0, 1, 0, 0
000000560366_jpg.rf.d591ffbe726e940215dbc86d94de9224.jpg, 0, 1, 0, 1
000000274947_jpg.rf.d57bff3db5de7f1e94378b38a82b3b52.jpg, 1, 0, 0, 0
000000472327_jpg.rf.d5a7e4b23b33b46589290fdec142d119.jpg, 0, 1, 0, 0
000000525510_jpg.rf.d55f6f18ce0eb1ea474a988d5ba28f0c.jpg, 0, 1, 0, 0
000000233644_jpg.rf.d54ad5f90c03776a6e71b5dca2a7f8ec.jpg, 0, 1, 0, 1
lovepik-philippines-jeep-picture_500648606_jpg.rf.d581aa3c41b581e8b5b94d091705c02f.jpg, 0, 0, 0, 1
000000249835_jpg.rf.d57ef5da394d15fb2692f6ee268542b7.jpg, 0, 1, 0, 1
000000113707_jpg.rf.d5ae52410fb424b073d9d241cb39898b.jpg, 0, 1, 0, 0
000000476443_jpg.rf.d58ad6843a7138862254ab279a22f9a0.jpg, 0, 0, 0, 1
000000340282_jpg.rf.d5b72fa91ca684c053ecd201c2bc8c3a.jpg, 0, 0, 1, 1
000000188411_jpg.rf.d59b2f6517e8b9d3df2f04f3ba67d205.jpg, 0, 1, 0, 0
000000234516_jpg.rf.d5a9c08d34e73011d7848ca23ac22548.jpg, 0, 0, 0, 1
000000254536_jpg.rf.d589d3bc0e39eac982825628f34f84ff.jpg, 1, 0, 0, 0
000000074058_jpg.rf.d5ae56cd7cbbf382a802347d591dcb5e.jpg, 0, 1, 0, 1
000000158729_jpg.rf.d5703f31c5794e5257c4113127df60fa.jpg, 0, 1, 0, 0
000000022228_jpg.rf.d5a3b5cffbf5cafb794c702bdc361179.jpg, 0, 0, 1, 0
000000156652_jpg.rf.d5d3564d43e1eb307693baea5f0b6bd3.jpg, 0, 1, 0, 0
000000449412_jpg.rf.d5ed88c66a1bdfa13789afa6bab45800.jpg, 1, 0, 0, 0
000000166874_jpg.rf.d5de09c8b597beeca2f8279cff953443.jpg, 1, 0, 0, 0
000000380457_jpg.rf.d5f0420fee2c78b8b9174f03e0deddc2.jpg, 0, 1, 0, 0
000000444199_jpg.rf.d5d374bbc636690e77ec2491a3202864.jpg, 1, 1, 0, 1
000000111546_jpg.rf.d5ba98d0727211b0c4b9db847acfb29a.jpg, 0, 1, 0, 0
000000247346_jpg.rf.d5c6cba9be94306f05710d4701e58c5c.jpg, 1, 0, 0, 0
000000141850_jpg.rf.d5ea6ae48b3b00da74f4ecc238524bd5.jpg, 1, 1, 0, 0
000000071918_jpg.rf.d5f5b91e3c3827bab37be1b7ce9f3b3f.jpg, 0, 0, 1, 0
000000536265_jpg.rf.d5d4581d4668a8813f22271852847bf0.jpg, 0, 1, 1, 1
000000573947_jpg.rf.d58ec975356d57e1d9528f75977548df.jpg, 0, 1, 0, 0
000000580613_jpg.rf.d5f83ed86145ade2ab85443a789b4bdb.jpg, 0, 1, 1, 0
000000364701_jpg.rf.d5eb41b3d5666da1e881ddc42b885879.jpg, 0, 0, 1, 1
000000439678_jpg.rf.d5c6bb9be8a9958d28a456ff420c11b7.jpg, 0, 1, 0, 0
000000145898_jpg.rf.d5e75affeeb0d30cbdc4993588e54692.jpg, 0, 1, 0, 1
000000402297_jpg.rf.d5f229f6f3cafb853edcb1b07fcdd1f2.jpg, 1, 0, 0, 0
000000083393_jpg.rf.d5fb7ecf79c2aae0f0e9d32e83397ced.jpg, 0, 1, 0, 0
000000200149_jpg.rf.d6051c61e05f2afd88d4c477604496d7.jpg, 0, 0, 0, 1
000000406734_jpg.rf.d615fbfd8ceacd0e8768dcd3924e7232.jpg, 0, 0, 1, 0
000000457243_jpg.rf.d6226e2253638c5c95e02a2a29c65fe2.jpg, 0, 1, 0, 0
000000147846_jpg.rf.d60a3565c052e8ab4455bf525ec75170.jpg, 0, 1, 0, 0
000000046473_jpg.rf.d625b58c7082f5a545c8a6267cb5064c.jpg, 0, 0, 1, 0
000000444209_jpg.rf.d61634891038773adf1dccd0d3756664.jpg, 0, 0, 1, 0
000000571661_jpg.rf.d60eda8e31fedae0933262a9b192069b.jpg, 0, 1, 0, 0
000000049014_jpg.rf.d62a5108f6b6e7fe8ee65d8ab067d55e.jpg, 0, 0, 0, 1
000000190406_jpg.rf.d633d73c2445ffa44e3882874b40e5a4.jpg, 1, 1, 0, 0
000000149406_jpg.rf.d6281881fd683229aac20746ef6db58c.jpg, 0, 0, 1, 0
000000487217_jpg.rf.d630a43f618f006e01d83e545d2c205d.jpg, 0, 1, 0, 1
000000095227_jpg.rf.d63cced8d0a037e135cc45dbb2cecf1b.jpg, 0, 0, 0, 1
000000387150_jpg.rf.d64a3415de2a15c4b896b2c1b22bcc05.jpg, 0, 1, 0, 1
000000421432_jpg.rf.d622d2c4800eafd16c715ce107a8485d.jpg, 0, 1, 0, 1
000000134302_jpg.rf.d63b4f82e3b641908e9517fdff1a1016.jpg, 0, 0, 0, 1
000000465495_jpg.rf.d66b853aee4d2c77d987734fb56f24cd.jpg, 0, 1, 0, 0
000000327586_jpg.rf.d65869eea81fd7474f6c3c19fe756706.jpg, 0, 0, 1, 0
000000018737_jpg.rf.d63dbf6e3a517bed0a717e3477f4165d.jpg, 0, 0, 1, 0
000000389134_jpg.rf.d65023c8e87e5a57e4066921a24c0e35.jpg, 1, 0, 0, 0
000000346583_jpg.rf.d68f2a4b015cec5e34e1e24feba7899b.jpg, 0, 1, 0, 0
000000320641_jpg.rf.d67625e822234364d7669ba602eb1a6e.jpg, 0, 1, 0, 0
000000239483_jpg.rf.d629b21ee4b88b9c04f5bab91d8a688b.jpg, 0, 0, 1, 0
000000346469_jpg.rf.d661d03bdaac1b8f9fcf610b8577a08f.jpg, 0, 1, 0, 0
000000380959_jpg.rf.d65fcc305dfbf257a706e185bada06c1.jpg, 0, 1, 0, 1
000000215819_jpg.rf.d6960d755ee208e6297c0a09c8b54019.jpg, 0, 1, 0, 0
000000188439_jpg.rf.d66008f7e060346fa52583d08c0c0f89.jpg, 0, 0, 0, 1
000000057323_jpg.rf.d66e674adafb4d936e03a4fe52a75ebf.jpg, 0, 1, 1, 1
000000560389_jpg.rf.d698ab0c62c91ffc1a116a3ab6a68628.jpg, 0, 1, 0, 0
000000022420_jpg.rf.d659aba4475986e95bd48b0d92efdb94.jpg, 0, 0, 1, 0
000000553336_jpg.rf.d6a9b8af5c82c05607e51d3b468eaa77.jpg, 0, 1, 0, 0
000000342132_jpg.rf.d69ff75ba9421edc3d94da5dd3811043.jpg, 0, 0, 0, 1
000000523195_jpg.rf.d6b6bb2ce77ec34c303676b32624c13a.jpg, 1, 0, 0, 1
000000424641_jpg.rf.d682701c7a908644757c307a75c0d3a9.jpg, 1, 1, 0, 1
000000058517_jpg.rf.d672629b753a308cb80acccb83834f36.jpg, 1, 1, 0, 0
000000468953_jpg.rf.d6bab4712bbff46d269fc089702be4c7.jpg, 0, 1, 1, 1
000000293674_jpg.rf.d70bc8ba5d1d42db29cf5a749e9338ee.jpg, 0, 1, 0, 0
000000277319_jpg.rf.d6d65c57b0067e3891f60345037fac90.jpg, 0, 1, 0, 1
000000285260_jpg.rf.d6bd163509f02e3692d6a5039a5d9cc6.jpg, 0, 0, 1, 0
000000310042_jpg.rf.d7031c813b4c9acf9748fc44f9866910.jpg, 0, 1, 0, 0
000000113521_jpg.rf.d70d25b7b7874b69f9be2d325b015df7.jpg, 0, 1, 1, 0
000000010716_jpg.rf.d6cc96113f66ba1e8e4d06562f4d68c9.jpg, 0, 1, 0, 0
000000335814_jpg.rf.d708d4257684a1b0605b640f00cc0be2.jpg, 0, 1, 0, 0
000000164600_jpg.rf.d710bd4cece490e2956b8f61837b11e5.jpg, 1, 1, 0, 0
000000423454_jpg.rf.d713cfe3bd056d6f6346494fb1e115b8.jpg, 0, 1, 0, 1
000000117514_jpg.rf.d6eb46e1fd291b93587cca2701d2bb49.jpg, 0, 1, 0, 1
000000561352_jpg.rf.d70ba56a0ce2120fe98c014a18a62346.jpg, 0, 1, 1, 1
000000531299_jpg.rf.d6e14cd39dfc70a9b1d5b19d91fcb8ab.jpg, 0, 1, 0, 0
000000575202_jpg.rf.d71ce8d35745c91af087ce7016da7eca.jpg, 0, 0, 0, 1
000000435414_jpg.rf.d73f46211605094a5a3017d62c9df947.jpg, 0, 1, 0, 0
000000362714_jpg.rf.d74a09ec67c0688d4e7f5fe00e8c5245.jpg, 1, 1, 0, 1
000000237699_jpg.rf.d715e404e8198f42c2414aa2f3652f39.jpg, 0, 0, 0, 1
000000440673_jpg.rf.d7468f8d57b6fce3f5afe036d39ab60b.jpg, 0, 0, 1, 0
000000021089_jpg.rf.d756c641d816abb208f38dc7875cd7ad.jpg, 0, 0, 0, 1
000000155451_jpg.rf.d74c54096c3b3be994a09ac038f2a741.jpg, 0, 1, 0, 0
000000273378_jpg.rf.d74c4b57404f41947a3cb8d5f35cbdf3.jpg, 0, 1, 0, 0
000000524786_jpg.rf.d734f635e5b50ab5f94a34ba0a7a4b30.jpg, 0, 1, 1, 1
000000427091_jpg.rf.d758ead62b2ad659ec79c079061c099e.jpg, 0, 1, 0, 1
000000327314_jpg.rf.d6faaf00614ac1eb51567f8eff449842.jpg, 0, 0, 1, 0
000000131170_jpg.rf.d74d79c198872c2c8fee1c35580c4a7d.jpg, 1, 0, 0, 0
000000448824_jpg.rf.d75a767c7824830cd581aeda2fb090b5.jpg, 0, 1, 0, 0
000000465414_jpg.rf.d758071b6c8a57cea100208af9c51cb4.jpg, 0, 1, 0, 0
000000379070_jpg.rf.d7769a3844caa551bc0350e8e054606e.jpg, 0, 1, 0, 0
000000274058_jpg.rf.d786bfcb4877394b59b43d5a6f9681f0.jpg, 0, 0, 0, 1
000000153754_jpg.rf.d77c08dd18eb3e25b30a38b47d1a35da.jpg, 0, 1, 0, 0
000000126433_jpg.rf.d7a2e0ad9f49f1e6ecbddaed91525a94.jpg, 0, 0, 1, 0
000000336107_jpg.rf.d7751203ed08269e9c511104d1f2994e.jpg, 0, 1, 0, 1
000000421684_jpg.rf.d79b2fe88bf402ce3fa75107dc6eac91.jpg, 0, 0, 1, 0
000000509049_jpg.rf.d762391f190137ed455da90f1490d29a.jpg, 0, 1, 0, 0
000000439180_jpg.rf.d79153081f15c2fc9ce5ff9b1e85392e.jpg, 0, 0, 0, 1
000000179265_jpg.rf.d7a4ab90a48c1026dde8ced08bb6ba21.jpg, 1, 1, 0, 1
000000202810_jpg.rf.d7c97350ea695765f09bb9438080589e.jpg, 0, 1, 0, 0
000000252220_jpg.rf.d7d42ec8bbb495e66dd38255e5ba782d.jpg, 0, 1, 0, 0
000000166975_jpg.rf.d78dd9335602178d3ea7b089c01758f7.jpg, 1, 1, 0, 0
000000210378_jpg.rf.d78bcbcaf65826616b2159a45e73281a.jpg, 0, 0, 1, 1
000000212451_jpg.rf.d7aaaa8cfc6e70db9c3a7e36ca68ad83.jpg, 0, 1, 0, 0
000000005684_jpg.rf.d7ca4f4cf20d5627fd148a40a17b84f3.jpg, 1, 1, 0, 0
000000293794_jpg.rf.d7a685b01aa70fc02be42bb5deb46363.jpg, 0, 1, 0, 0
000000043353_jpg.rf.d7bd118e4ecf73c14bd03a113715d2cf.jpg, 0, 0, 0, 1
000000155644_jpg.rf.d7c12d2c46d07fe7c8229ed64cf4f2dc.jpg, 0, 1, 0, 0
000000287535_jpg.rf.d78245cd746753eda3000403a9c269fe.jpg, 0, 1, 0, 1
000000224285_jpg.rf.d7cc0dbd17a62546dd663f0a64d67d32.jpg, 0, 1, 0, 0
000000167480_jpg.rf.d78b3cf14535ab857aabcbc800ef3c8c.jpg, 0, 1, 0, 0
000000438029_jpg.rf.d7bf432bf901b61da5c119df6d39a287.jpg, 1, 0, 0, 0
000000245683_jpg.rf.d7b9f451ab413ae355b0bbd37259d917.jpg, 0, 0, 1, 0
000000024522_jpg.rf.d7d0af687fdf1ec6e37bafdd3e0baa80.jpg, 1, 1, 0, 0
000000392111_jpg.rf.d7cbfc6b3d6f402bcc896843a053c4ba.jpg, 1, 1, 1, 0
000000140585_jpg.rf.d7f0106d97cfe69caf585461af0fe8a1.jpg, 0, 1, 0, 0
000000194540_jpg.rf.d7ed38d0d7827f2f3af87b7de3665ad3.jpg, 0, 1, 0, 1
000000127136_jpg.rf.d7fb334eaafd333ece3d7f17a901d68e.jpg, 0, 1, 0, 0
000000536402_jpg.rf.d7dbeca568956a2e82a04f8bcc61aac0.jpg, 0, 0, 0, 1
000000131450_jpg.rf.d7f2dc6d65a978817b53f02b6285d699.jpg, 0, 1, 0, 0
000000511752_jpg.rf.d7c0dbe1e0ef47366563545c95e3c361.jpg, 0, 0, 1, 0
000000272901_jpg.rf.d810ae9a5ebdc9445bf80d1bae8561e1.jpg, 0, 1, 0, 1
000000026488_jpg.rf.d7e5f34f7400c7517bf7117fd7b60a6b.jpg, 1, 0, 0, 0
000000437303_jpg.rf.d7f50f4f8faf3a5bde861b22a3c8c188.jpg, 0, 1, 0, 0
000000477162_jpg.rf.d80765e4e474dc1bef561889bda92110.jpg, 0, 1, 0, 0
000000061288_jpg.rf.d7e7d1e78b6ab4eb0a636000f4e0bc4f.jpg, 0, 1, 0, 0
000000363423_jpg.rf.d7d68ea8086c49041ee68dbb38561348.jpg, 1, 1, 1, 0
000000092988_jpg.rf.d811dbfb63a60660a12a51ec750c8955.jpg, 1, 0, 0, 0
000000327211_jpg.rf.d7ffd23b0c58e3d49842b2f1a725e734.jpg, 0, 1, 0, 0
000000000839_jpg.rf.d82403658127039263b1a632558d454c.jpg, 0, 1, 0, 1
000000121582_jpg.rf.d826a478825e091cda6c03c711e6d7aa.jpg, 0, 1, 0, 0
000000534208_jpg.rf.d8073b5d8aea48e42b09e801341c3d04.jpg, 0, 1, 0, 0
000000264499_jpg.rf.d81022cbeb2fd4196f7700667a03e730.jpg, 0, 1, 0, 0
000000471008_jpg.rf.d8235ad2e15f0f7f2077c99e33096768.jpg, 0, 0, 0, 1
000000003935_jpg.rf.d818eb8edf39083ddfc5d80663c6070a.jpg, 0, 1, 0, 0
000000381000_jpg.rf.d8193867f19e1fc5dd765d8d923fa524.jpg, 0, 1, 0, 0
000000449872_jpg.rf.d82754f16fed540adcc349d1decd9569.jpg, 0, 1, 0, 1
000000566029_jpg.rf.d82609376109047e5e045a8dc6e179cf.jpg, 0, 1, 0, 1
000000138618_jpg.rf.d8270bafb5bf4be21245d0af6928fba0.jpg, 1, 1, 0, 1
000000230503_jpg.rf.d836bf0932a13c2a57bfaa76f7980571.jpg, 0, 1, 0, 0
000000534763_jpg.rf.d8112f2bbfd21a812c15667baafe1860.jpg, 1, 1, 0, 0
000000121235_jpg.rf.d82c72b03c20216683c83c2c6cce2bdf.jpg, 0, 1, 0, 1
000000144298_jpg.rf.d82a5fa4e5d814225303823a0223c036.jpg, 1, 1, 1, 0
000000422899_jpg.rf.d84cbe7c0e87b28a61943337eb1cd9e7.jpg, 0, 1, 0, 1
000000435311_jpg.rf.d85666e21a1a24da4fd248482e45d319.jpg, 0, 1, 0, 0
000000357074_jpg.rf.d861be482f9ba7d21b4f228cf53efdb8.jpg, 0, 0, 1, 0
000000526728_jpg.rf.d860ce3d32202e1c78c0ea38ae6c0080.jpg, 0, 1, 0, 0
000000429633_jpg.rf.d835ca392323e2c3659d1333b5fe89d5.jpg, 0, 0, 1, 0
000000331198_jpg.rf.d8454ded61f0faa450a83ca06e3390a9.jpg, 1, 0, 0, 0
000000396200_jpg.rf.d855c1eb3f041b7395dae5bb4db45cfc.jpg, 0, 1, 0, 1
000000205159_jpg.rf.d8291e7de63c9bd37f81684abbac1280.jpg, 1, 0, 0, 0
000000156904_jpg.rf.d86693309f50b36abf1a8adb30f9323a.jpg, 0, 1, 0, 0
000000405223_jpg.rf.d848d72725fa4f81ae3c9ac4ca45b51a.jpg, 0, 1, 0, 0
000000206427_jpg.rf.d843da430353567ce66f7e95024d7e98.jpg, 0, 1, 0, 0
000000326374_jpg.rf.d8424dcbf4f33f411c7b7caaa89bb5e0.jpg, 0, 0, 0, 1
000000218850_jpg.rf.d83056f214479d65a62c8ca33de7462e.jpg, 0, 1, 0, 0
000000395204_jpg.rf.d82d7cbc38eb5dffc24e9b6560b416c8.jpg, 0, 1, 0, 0
000000050204_jpg.rf.d86beee5699c9efb7971190852bc313e.jpg, 0, 0, 0, 1
000000235187_jpg.rf.d81dc4c1ab137abe1bd1063db176a186.jpg, 0, 1, 0, 0
000000212322_jpg.rf.d87606ffc6a3522b11290b500817fe16.jpg, 1, 0, 0, 0
000000224247_jpg.rf.d85b5c3e3cda77c9d2b93128d7121890.jpg, 0, 0, 0, 1
000000178747_jpg.rf.d862bc61ac93054aac82117c91b7b33e.jpg, 1, 0, 0, 0
000000561527_jpg.rf.d874ffc1378d420eeec0cfc229106ab8.jpg, 0, 1, 0, 0
000000281652_jpg.rf.d877856349b41efadcb30221ee2d9fba.jpg, 0, 0, 0, 1
000000268717_jpg.rf.d86fc0aa8d3279d3194f69de99eae0a5.jpg, 0, 1, 0, 1
Philippine-tricycle_jpg.rf.d83a6bf5eb4ccaf9b78810881f538b8f.jpg, 0, 0, 1, 1
000000060684_jpg.rf.d887fa4c424b0296f3e32a4fd7d8f7f6.jpg, 0, 0, 0, 1
000000256815_jpg.rf.d87d7b67dbf12c66a5ea559b26f1c546.jpg, 0, 1, 0, 0
000000253532_jpg.rf.d8b3d2486bc5fd4217055143dc751209.jpg, 1, 0, 0, 1
000000512961_jpg.rf.d8bb30e03a837def4a4b7d8d2729f754.jpg, 0, 1, 0, 1
000000567037_jpg.rf.d88a6ae5a0e13717c305f46c3aee4010.jpg, 0, 1, 0, 0
000000006414_jpg.rf.d8afd103298b737f0c5c309e37884905.jpg, 1, 1, 0, 0
000000019938_jpg.rf.d87222fe16642da18e9a5bc89ca10777.jpg, 0, 0, 1, 0
000000495311_jpg.rf.d88b4a2ca1c0be4fe0f19ad56e9a2a5e.jpg, 0, 0, 0, 1
000000307270_jpg.rf.d89c81995cbed2d03cc836ed9b209f07.jpg, 1, 1, 0, 0
000000296257_jpg.rf.d889db91e8231344f0fcd59df9c4103b.jpg, 0, 1, 1, 0
000000154452_jpg.rf.d89927e1e3b34b11baba96496e8a56bd.jpg, 0, 1, 0, 1
000000518010_jpg.rf.d8cadbede79f6e821f121ed758fef5b7.jpg, 0, 0, 1, 0
000000490952_jpg.rf.d8826fc11198b632ba3c43ea19213433.jpg, 0, 1, 0, 0
000000292662_jpg.rf.d88e754efcd258971fd492f7ff588ae9.jpg, 0, 0, 0, 1
000000290849_jpg.rf.d8bd048676b2afd3b437dc94334a141b.jpg, 1, 1, 0, 1
000000412011_jpg.rf.d88ce2252b4af0c70bbb34b6a28fd242.jpg, 0, 0, 0, 1
000000132544_jpg.rf.d8570a46ee16f9a5b30bb752ac9b8c3b.jpg, 0, 1, 0, 0
000000000359_jpg.rf.d8e6c4e36f6d31952aee62eb9745b4b2.jpg, 0, 1, 0, 0
000000163585_jpg.rf.d8d42b63705034205577dd8f8e44cb58.jpg, 1, 0, 0, 0
000000089881_jpg.rf.d8e95a3ca887fc88b5c9764ee8f8715e.jpg, 0, 1, 0, 1
000000477061_jpg.rf.d841c1b7de153bb6a60a93629fb392ee.jpg, 0, 1, 0, 0
000000168622_jpg.rf.d8e2265b3d470218ea050edab8e806da.jpg, 0, 1, 0, 0
000000322604_jpg.rf.d8cbd60d062e250a86bcf9d29c6e8b1a.jpg, 0, 0, 1, 0
000000198600_jpg.rf.d8effacf0062a17284d0483f74da0fb3.jpg, 0, 1, 0, 0
000000361738_jpg.rf.d8dd1f5f143e7ce12d2d82d62fe0f5b3.jpg, 0, 1, 0, 0
000000451364_jpg.rf.d927dd080b9701655bbd06d144bb4052.jpg, 0, 1, 1, 0
000000286388_jpg.rf.d8cd6e01c456a6303afa703676685863.jpg, 0, 1, 0, 1
000000225268_jpg.rf.d8f9d21e25af3fde652edb7388355b63.jpg, 0, 1, 0, 1
000000265799_jpg.rf.d9491967556fff25d620e196135836f3.jpg, 0, 1, 1, 0
000000101172_jpg.rf.d8fc1f19317c36db73af9d4926e2f837.jpg, 0, 1, 1, 0
000000500032_jpg.rf.d927964a0f03ea94fea9cb2c8316cad4.jpg, 0, 1, 1, 0
000000424059_jpg.rf.d914a589f116f4241b2f8c36b0e42e5d.jpg, 1, 0, 0, 0
000000442326_jpg.rf.d92de13ce77781cffe19aeef677763e1.jpg, 0, 0, 0, 1
000000406657_jpg.rf.d9341e216b219e3fae0869f02b5d6cd3.jpg, 0, 1, 0, 0
000000101736_jpg.rf.d907b9bb3d6a6d8c030da68f2ca284e4.jpg, 0, 1, 0, 0
000000305895_jpg.rf.d93d69367bfc8500aa72f0f6dbb77b52.jpg, 0, 1, 0, 0
000000112096_jpg.rf.d932a46f188b1140b649ae2b7fe1fe83.jpg, 0, 1, 0, 0
000000065586_jpg.rf.d95b50cc6c604cf17af314f1842ed1d8.jpg, 0, 0, 0, 1
000000189038_jpg.rf.d94b489f1b726a54b8e94c9b02abd006.jpg, 0, 1, 0, 0
000000182874_jpg.rf.d94f8bf32d67a0ebae93664a0d772007.jpg, 1, 1, 0, 0
000000142380_jpg.rf.d97674861c121d667595753898707345.jpg, 0, 1, 0, 0
000000262286_jpg.rf.d96a9f02ad7554ef6b3cec0cb32131ce.jpg, 0, 1, 0, 0
000000354921_jpg.rf.d911801f6ba859e493a33bb331aa7825.jpg, 0, 1, 0, 1
000000218388_jpg.rf.d97680075715d7e0e7979f2751f49a4f.jpg, 0, 1, 0, 0
000000239728_jpg.rf.d912a2b0a641cf6bf73208ca2d142ed8.jpg, 0, 0, 0, 1
000000215287_jpg.rf.d954ae3258e4a1040ec9477164710067.jpg, 1, 1, 0, 0
000000302281_jpg.rf.d9351fc14d1d5ca7e4db5dc13424c000.jpg, 0, 0, 0, 1
000000125860_jpg.rf.d93e20aab3ed47f4ebe32b02ebd98b06.jpg, 1, 1, 0, 0
000000001232_jpg.rf.d96ef525201ec7aca4d2fe4caa262298.jpg, 0, 0, 1, 0
000000088021_jpg.rf.d917fdc460e2cc51049fcbf31e8b16ed.jpg, 0, 1, 0, 0
000000114024_jpg.rf.d96fc821c8fd116998fd073082ec3947.jpg, 1, 1, 0, 1
000000381630_jpg.rf.d96573e381ed7c40fb9c90688d4b4b3f.jpg, 0, 1, 0, 0
000000061779_jpg.rf.d9a296860c16a0c452cc0dd0cee3991f.jpg, 0, 1, 0, 0
000000332299_jpg.rf.d9b44b707da3875e7bb8e3658b32c7c9.jpg, 0, 1, 0, 1
000000518140_jpg.rf.d983bb3d1d41d1a87a6f19ea30320584.jpg, 0, 1, 0, 0
000000126822_jpg.rf.d9874e5ab39d3303c58cb7af3ff24591.jpg, 0, 1, 0, 0
000000326320_jpg.rf.d9900d3b1dd0496f953f19d1b08a909f.jpg, 0, 1, 0, 0
000000580704_jpg.rf.d99742055e175fb38af410ec34535982.jpg, 0, 1, 1, 0
000000173001_jpg.rf.d99131c61f0b0636896721216585cb75.jpg, 0, 0, 0, 1
000000224869_jpg.rf.d9b50b819bb67c016c97fcc32fa9f6d5.jpg, 0, 1, 1, 0
000000342075_jpg.rf.d9e2da06756d5264500f397e44122ba1.jpg, 0, 1, 1, 0
000000187852_jpg.rf.d9bf010167b2f52d0f8d1e5d53a5f63f.jpg, 0, 0, 0, 1
000000477563_jpg.rf.d98cf8e64223ff862eca8e3b75e2296d.jpg, 0, 0, 1, 0
000000267927_jpg.rf.d9e16bde7f7caa0042899c3721136645.jpg, 1, 1, 0, 0
000000271592_jpg.rf.d9ea8fecc0861658488a3982fcce9559.jpg, 1, 0, 0, 0
000000119469_jpg.rf.d9dbd16609c262b7c0cb3039cb3744aa.jpg, 0, 1, 0, 0
000000267259_jpg.rf.da0da50e627b3c785f1c372dcec7b0a6.jpg, 0, 1, 0, 1
000000076721_jpg.rf.d9c294896a5772c4c57c9519526794ec.jpg, 1, 0, 0, 0
000000260182_jpg.rf.d9d120487dfc379299c399ba3b8bc157.jpg, 0, 1, 0, 0
000000219654_jpg.rf.d9e7ac54d00f3c5ec8026df7f38a724a.jpg, 1, 1, 0, 0
000000109539_jpg.rf.da155334005586b5039f1b5238bb60f1.jpg, 0, 1, 0, 0
000000129133_jpg.rf.d9c22e90175c2eff90d84fbe37b3cb29.jpg, 0, 1, 0, 1
000000373038_jpg.rf.d9837eebfb4de780185b42c3cd367326.jpg, 0, 0, 1, 0
000000480021_jpg.rf.da1de0209438786fcda4b1cf1916e38b.jpg, 0, 1, 1, 0
000000467848_jpg.rf.d9bd56200bc6671719fac010d3fb8a5c.jpg, 0, 0, 0, 1
000000491058_jpg.rf.d9e8d145c128ad558fa254e8134344f6.jpg, 1, 0, 0, 0
000000273142_jpg.rf.da1e5f3b497cf9d1639f0d6ed24d3119.jpg, 0, 1, 0, 0
000000057617_jpg.rf.d9f0c8d2dc87d66b9a83e735e753943c.jpg, 0, 1, 0, 1
000000427573_jpg.rf.d9ff85e59dea61a77cafe25c72b623f2.jpg, 0, 0, 1, 0
000000182353_jpg.rf.da2ae9dacc13be41142742460ab76e5c.jpg, 0, 1, 0, 0
000000065594_jpg.rf.da232fbc42b82d7d396edbacc6772b4f.jpg, 0, 1, 1, 0
000000490936_jpg.rf.da1e91a5c5bb42c62d02c38595d54cf6.jpg, 0, 1, 1, 1
000000015273_jpg.rf.da41e4e1a6ef2d40219d2f0ae01ab9b7.jpg, 0, 1, 0, 1
000000038955_jpg.rf.d9e6332e4c4e8e1a7afc82be3e867316.jpg, 0, 1, 0, 0
000000517807_jpg.rf.da3b4452a073530ba279aebf7e1c927f.jpg, 0, 0, 0, 1
000000446651_jpg.rf.da3778b0f5d9be06c5eaa5f820ab7b01.jpg, 0, 1, 1, 0
000000303908_jpg.rf.da41c19fa8ce0b538d1c59dfb9fac724.jpg, 0, 1, 0, 0
000000250744_jpg.rf.d9f6240b31326164459f1be1d7942a27.jpg, 1, 0, 0, 0
000000102746_jpg.rf.da25b72ebd47b1d1ad01a7c2669195ed.jpg, 0, 0, 1, 0
000000265125_jpg.rf.d9efc4e2b6ab9edcb3c2307978378495.jpg, 0, 1, 0, 0
000000340778_jpg.rf.da2e47e7bd8408517fec2540e330cd05.jpg, 0, 1, 1, 0
000000084592_jpg.rf.da322880958c3ff29d1002d259c57354.jpg, 0, 1, 0, 1
000000085284_jpg.rf.da52342e5c3bf1fbb2e8d28acb37f08e.jpg, 0, 1, 0, 1
000000407061_jpg.rf.da300c286792632578d54213f0ee7d79.jpg, 1, 0, 0, 0
000000459234_jpg.rf.da6096ade860f614be7ee2d6d96471ef.jpg, 0, 0, 1, 1
000000147223_jpg.rf.da747e16ad0b8ec142da96d129e0090b.jpg, 1, 1, 0, 0
000000168993_jpg.rf.da6c2316f2ec1b806eddf18656a12de9.jpg, 1, 0, 0, 0
000000030055_jpg.rf.da44184e2858ed701d44e48ead7f2c34.jpg, 0, 1, 0, 0
000000226801_jpg.rf.da39e62108ae6aa206bdab96c165818f.jpg, 1, 1, 0, 1
000000011615_jpg.rf.da7985210bdbe04ebc5ac22464b5cb49.jpg, 0, 0, 0, 1
000000116667_jpg.rf.da6c1f38848b60a9294989259c490563.jpg, 1, 1, 0, 0
000000015709_jpg.rf.da2f093bcdd85c015476fa4d09bcac73.jpg, 0, 0, 0, 1
000000215456_jpg.rf.da8205d77f5d2f6ea7f915a1f7bd560c.jpg, 0, 1, 0, 0
000000537501_jpg.rf.da839b381755ac3583135dd26f496ca0.jpg, 1, 1, 0, 1
000000076349_jpg.rf.da896b8efdb40a393ef6c59dbe3478a2.jpg, 0, 1, 0, 0
000000178948_jpg.rf.da5869c1bb5891bc611e8b7970d33be7.jpg, 0, 1, 0, 0
000000354734_jpg.rf.da97f834f14acaff07e16c4f53243c0c.jpg, 1, 1, 0, 1
000000211874_jpg.rf.daaec3d6f9652150723cef91b9927b89.jpg, 0, 0, 0, 1
000000256565_jpg.rf.da9dcaf3870ebd2d9153bf4cffb222dd.jpg, 0, 1, 0, 0
000000242739_jpg.rf.dab1be2412708bfd822ed116c361ed32.jpg, 0, 1, 0, 1
000000365618_jpg.rf.da8a30fccc5a2450af8096bc953024fe.jpg, 0, 1, 0, 0
000000030429_jpg.rf.dad0eb494a991dab983db8d3c3cbad57.jpg, 0, 1, 0, 0
000000384678_jpg.rf.dad9ff7e531238b5b412699d2195187e.jpg, 0, 0, 1, 0
000000014880_jpg.rf.dac4deb62b81a65bf55745118f533f86.jpg, 1, 0, 0, 0
000000022274_jpg.rf.dad0806d7d664ace295d3d81e84cd89f.jpg, 1, 0, 0, 0
000000068572_jpg.rf.dab503f39d573e0177ec95e4bb12c71d.jpg, 0, 0, 1, 0
000000437467_jpg.rf.da94415c49a794c72fa2d3cd511d6287.jpg, 0, 0, 0, 1
000000006518_jpg.rf.dac7ee9eff9927319853480dbc04ce8f.jpg, 1, 0, 0, 0
000000167354_jpg.rf.da962fa880d89046b692873e0f7cee9f.jpg, 0, 1, 0, 0
000000404534_jpg.rf.daedae5e00f8c38dd599576f5bda54d1.jpg, 0, 1, 0, 0
000000537925_jpg.rf.dadb4692a2b7f230b616d6d409cd5db8.jpg, 0, 1, 0, 1
000000016758_jpg.rf.da9ee0928812906fe1d3ab77c0a108cf.jpg, 0, 0, 0, 1
000000564276_jpg.rf.da93c601d74f0799cf15e9487b7ba2ab.jpg, 1, 1, 0, 0
000000427500_jpg.rf.dadc5869fd837d33ab24d593c870c4a9.jpg, 0, 1, 0, 0
000000062880_jpg.rf.dad4227ecd1be914727cf09e52ff01d4.jpg, 0, 1, 1, 1
000000262103_jpg.rf.daef32ad32e36caabbebb5263907a1a5.jpg, 0, 1, 0, 0
000000542778_jpg.rf.daeff296db967f645a3917fe070a8301.jpg, 0, 1, 0, 0
000000538779_jpg.rf.dae834b35d186ffec8458823fddf538d.jpg, 0, 1, 0, 0
000000557023_jpg.rf.dafae391884f5314d0bc2b8647f86ba3.jpg, 0, 1, 0, 1
000000580850_jpg.rf.db05b30850541f6901eae5b294ab0208.jpg, 0, 0, 1, 0
000000517623_jpg.rf.db06566897c7fb1dbc707bf92cd955c6.jpg, 1, 0, 0, 0
000000245426_jpg.rf.db1b9e9ade08001a9f6cf0bab7024b91.jpg, 0, 1, 0, 1
000000102930_jpg.rf.daf819a6a1a7088b2115f80db7890452.jpg, 0, 1, 0, 1
000000069978_jpg.rf.db196d11d47edbb368281812547ac05e.jpg, 1, 1, 0, 1
000000488146_jpg.rf.db2896162f3326f8f041f0a13d05effd.jpg, 0, 1, 0, 1
000000329726_jpg.rf.db1fa31fb656f1eda69dac75dca94c6d.jpg, 0, 1, 0, 0
000000380812_jpg.rf.dafbdb4c189435844ca8cd5e9741d7f7.jpg, 0, 0, 0, 1
000000404263_jpg.rf.dadb693091c343035291398aa0a145ff.jpg, 0, 0, 1, 0
000000460294_jpg.rf.db234e339b038f12aebd652c926c91cf.jpg, 0, 1, 0, 0
000000389137_jpg.rf.db01bda3694c1d7c1a60e3f8bb266d3a.jpg, 0, 0, 1, 1
000000111371_jpg.rf.db271db374b75f0bd15e79338c84fdda.jpg, 0, 1, 0, 0
000000127971_jpg.rf.dafd8e366b782021f5cde4c4cd111d0a.jpg, 0, 0, 0, 1
000000403793_jpg.rf.db622efa6e56ed6456e7435302729129.jpg, 0, 1, 0, 1
000000383372_jpg.rf.db37a5f48897e6d95159e249b9c98c0d.jpg, 0, 1, 0, 1
000000366103_jpg.rf.db54001806757a28192d4ab1c7e228fd.jpg, 0, 1, 0, 0
000000407585_jpg.rf.db40b40e845d2547e3036f46e0166bf7.jpg, 1, 1, 0, 0
000000204887_jpg.rf.db39542db860123468d8e56a52c5bb7a.jpg, 1, 1, 0, 0
000000467135_jpg.rf.db3885cd9fa4a099ede8ebb7c1cd2d5b.jpg, 0, 1, 0, 1
000000275412_jpg.rf.db4d10fa106639d0e670f993be2c600e.jpg, 0, 1, 0, 0
000000433619_jpg.rf.db5070923cebcfc3ccdf11fa4eac55f0.jpg, 0, 1, 0, 0
000000246364_jpg.rf.db39e3f7d9c4474b0b3d52ff6b794ae6.jpg, 0, 0, 1, 0
000000355462_jpg.rf.db7d581b2117665c6e3129307997afef.jpg, 0, 1, 0, 0
000000031092_jpg.rf.db5e58e87d1235f192ac7c0617483438.jpg, 0, 0, 1, 0
000000168662_jpg.rf.db7abb027142a01a5dd55b14791c5d46.jpg, 0, 1, 0, 0
000000061951_jpg.rf.db4fffa4b94150d7f5bc8152fc48c5ce.jpg, 0, 0, 1, 0
000000468115_jpg.rf.db7bba7b6af00bdc04e8732a6b88221f.jpg, 0, 1, 1, 1
000000104647_jpg.rf.db2f1d8857971e08dabc11ddc666edc0.jpg, 0, 0, 1, 0
000000375053_jpg.rf.dbab487583728d37a46cb7cc2ad3f4f5.jpg, 0, 1, 0, 0
000000510314_jpg.rf.db575c95c32adff6be98fa90de0f062e.jpg, 0, 1, 0, 0
000000110881_jpg.rf.db76c2dd547bc39b01feb12f92f2c241.jpg, 0, 1, 1, 0
000000335902_jpg.rf.dba39df4af88db9f5241f1a42f9a6e0d.jpg, 1, 0, 0, 0
000000171422_jpg.rf.db8fcf69ecdfb923c941494234b75bf6.jpg, 0, 0, 0, 1
000000126659_jpg.rf.db9b012cfb9396c4d2ce2bfea8febd64.jpg, 1, 1, 0, 1
000000089027_jpg.rf.db55fb1e4cd4b306711838118614ba1f.jpg, 0, 1, 0, 0
000000295505_jpg.rf.dbb89d3084dd55e82d08c2dcbf455583.jpg, 0, 0, 1, 0
000000413377_jpg.rf.db3475048673680dcf0501be7f046de4.jpg, 0, 1, 0, 0
000000151778_jpg.rf.dbd2834d51e449f2fe18eef6305c1a14.jpg, 0, 0, 1, 0
000000120961_jpg.rf.dbb8893ec736046986746df0ea960c47.jpg, 0, 1, 0, 0
000000246237_jpg.rf.db95f626f058aa04a20fda0756503ecb.jpg, 0, 1, 0, 1
000000547135_jpg.rf.db2b5383fc02cd88f905abf2a8496304.jpg, 0, 1, 1, 0
000000204382_jpg.rf.db9f1194ec103016641544da92519074.jpg, 0, 0, 1, 0
000000354533_jpg.rf.dbee5552982dd752a2e2818a751a0411.jpg, 0, 0, 1, 0
000000158038_jpg.rf.dbb2d944557927c2afa5bfd309f2bd72.jpg, 0, 1, 0, 1
000000443527_jpg.rf.dbff417b2a7c1eeb6570b8a19d860c45.jpg, 0, 0, 1, 0
000000309862_jpg.rf.dbf2e7e63554cec7b240dab54ef90e08.jpg, 0, 0, 1, 0
000000274528_jpg.rf.db8336b24765c9aff207b51cbfd2f470.jpg, 0, 1, 1, 1
000000415935_jpg.rf.dbfb69ccfb4674b30e23fd7171490086.jpg, 0, 1, 0, 0
000000335109_jpg.rf.dbbeb81f88bd7fc162fcc9b2eccabe84.jpg, 1, 0, 0, 1
000000556349_jpg.rf.dbc7649b1f873bc18ebd2c2f40593926.jpg, 0, 0, 1, 0
000000522990_jpg.rf.dbcc6d1ac98f236eb60a88e1686337ec.jpg, 0, 1, 0, 1
000000561468_jpg.rf.dbd9ed5e7e5e9ebd08d4867bcffab5ac.jpg, 0, 1, 0, 0
000000235276_jpg.rf.dbb6c292144f3b24c8d1f6674af31152.jpg, 0, 1, 0, 0
000000018513_jpg.rf.dc0a5d55a55adf2c4578cc5a570d4fea.jpg, 1, 1, 0, 1
000000542856_jpg.rf.dc13e06de2aea3023c290d0648acf2f4.jpg, 1, 0, 0, 0
000000575835_jpg.rf.dc165aac0d7b9d4d37910431c60c1162.jpg, 0, 1, 0, 0
000000565875_jpg.rf.dc29c3fcabebe8a4d6c38f9d46963d07.jpg, 1, 0, 0, 0
000000337711_jpg.rf.dbec3a3342a50a52b29fa9d28bf42f29.jpg, 0, 1, 0, 0
000000335041_jpg.rf.dc0f4f3a7df191d3ea5ca782daa9e82c.jpg, 0, 1, 0, 0
000000090201_jpg.rf.dc100a420738bd9e81ab969b63c80f33.jpg, 0, 0, 1, 0
000000453216_jpg.rf.dc28fc8e01a8b2b62855ea52194c8ca2.jpg, 0, 1, 0, 0
000000078336_jpg.rf.dbf126c5d93b2df9ce64f9ccf1f69c5e.jpg, 0, 1, 0, 0
000000431152_jpg.rf.dc1f259eb66161489cfd6e76a5b33657.jpg, 0, 1, 0, 1
000000133619_jpg.rf.dc3d785963cecee30926b1a29c201c0c.jpg, 0, 0, 0, 1
000000416337_jpg.rf.dc30bc592ad1ae2c6908b5520dc1c245.jpg, 0, 0, 0, 1
000000403919_jpg.rf.dc3e327ac2ecab802e893581f77aa17a.jpg, 0, 1, 0, 1
000000415710_jpg.rf.dc53592466de1317ad78f197d3a13a9d.jpg, 0, 1, 0, 0
000000526769_jpg.rf.dc33c40bc1f49e62fc6bf5d701603b32.jpg, 1, 1, 1, 1
000000361583_jpg.rf.dc4cbc77bcd8637a9ab07313367bdcee.jpg, 0, 0, 1, 0
000000333654_jpg.rf.dc1fae8d99e81ed7cc7896b949dd6e20.jpg, 1, 1, 0, 1
000000187090_jpg.rf.dc6660a8f50eef6459355e2d93c99704.jpg, 0, 1, 0, 1
000000503799_jpg.rf.dc5bd330911db6486e42b94cce856067.jpg, 0, 1, 0, 0
000000387512_jpg.rf.dc37687e08506477fb0562d5a08f3119.jpg, 0, 0, 0, 1
000000560594_jpg.rf.dc58f98ba1bc4800786143fc41e2a025.jpg, 0, 1, 0, 0
000000460143_jpg.rf.dc583615e1daa9a29b29fcf0fccae0d1.jpg, 1, 0, 1, 0
000000144723_jpg.rf.dc729e9250d332503c4a3864bbb4e4e3.jpg, 0, 1, 0, 1
000000140435_jpg.rf.dc40df40cf71eabaf90a1861214d2f53.jpg, 0, 0, 0, 1
000000099592_jpg.rf.dbbf7af0c4d6307d78d04b72e7459248.jpg, 0, 1, 0, 0
000000015663_jpg.rf.dc6ee9a6a88468002c5e0f2a15b22331.jpg, 1, 1, 0, 0
000000163723_jpg.rf.dc809d16878869aea44654abd895198d.jpg, 0, 1, 0, 1
000000296693_jpg.rf.dc87aca006be13f8731c64f9f1aff5e0.jpg, 1, 0, 1, 0
000000129187_jpg.rf.dc8e38d6b6b5bdb7a233da77b29fb8a2.jpg, 0, 1, 0, 0
000000200250_jpg.rf.dc7bcfe073856e0a18132a09ce44b399.jpg, 0, 1, 0, 1
000000558405_jpg.rf.dc8945bc03cc5f996b29d2c91b1cec83.jpg, 0, 1, 0, 0
000000350435_jpg.rf.dc8e5dbb0c2aa148960ce9919f2ff3cf.jpg, 0, 0, 1, 0
000000121110_jpg.rf.dc90be2dd92429143aaef7349d641bd4.jpg, 0, 1, 0, 0
000000555120_jpg.rf.dc33e3e768be031108844318f1eb1b4e.jpg, 0, 1, 0, 0
000000067255_jpg.rf.dc44cf217fa2fd8a8d76477f8cee759b.jpg, 0, 1, 0, 0
000000293851_jpg.rf.dc2a88b919a49ac4dd96248c47c06009.jpg, 0, 0, 0, 1
000000230931_jpg.rf.dcb68bc2c010b00fac494c18d69c8159.jpg, 0, 1, 0, 1
000000060979_jpg.rf.dc915d72955145a3de20446141828fb7.jpg, 0, 1, 0, 0
000000005355_jpg.rf.dc7afa1559017742a35dabb90c240416.jpg, 0, 1, 0, 0
000000101703_jpg.rf.dc7320cc824aaf6d56c122d6b54976ad.jpg, 1, 0, 0, 0
000000449944_jpg.rf.dc8c6aa71a175e2b28039c2e20062391.jpg, 0, 1, 0, 0
000000579752_jpg.rf.dca9a015c0f94a4bfad53f1a6f6b25d0.jpg, 1, 0, 0, 0
000000574357_jpg.rf.dc9556f02dfc7f1fd604d70c5054893b.jpg, 0, 0, 1, 0
000000198650_jpg.rf.dc9f23e619ae0de4eff734c0287c3511.jpg, 0, 0, 0, 1
000000535737_jpg.rf.dc695325eeef0580acc0c97b797105fe.jpg, 0, 1, 0, 0
000000399235_jpg.rf.dcccebad25f7acecd437534c9d4de27a.jpg, 0, 1, 0, 1
000000393288_jpg.rf.dc9df2a92438c983b4def38762104e20.jpg, 0, 1, 1, 1
000000179154_jpg.rf.dcb85993f402ddcfd20826e901aca9eb.jpg, 0, 1, 0, 0
000000411908_jpg.rf.dc38ae9c8e63790525db72c0b212a216.jpg, 0, 0, 1, 0
000000173080_jpg.rf.dcace793c843ed7e756b3d6c4dcade5e.jpg, 0, 1, 1, 0
000000159962_jpg.rf.dcd04b570c74b58094f1ba3a48bba3d8.jpg, 0, 0, 0, 1
000000497001_jpg.rf.dccea41a3e3004776a8c60b7d4496fa0.jpg, 0, 1, 0, 0
000000050576_jpg.rf.dce3bbe0910349544185e585d522dd32.jpg, 0, 0, 0, 1
000000392391_jpg.rf.dcd4de0f287d18f58b6c50605a361114.jpg, 0, 1, 0, 1
000000570385_jpg.rf.dceb5bff01ba2aa6c37886d28436237d.jpg, 1, 0, 0, 0
000000566387_jpg.rf.dca3a68f6c25652936869def698909d0.jpg, 1, 1, 0, 0
000000487679_jpg.rf.dcfa49a174fa8c2e9fd09db501d9129c.jpg, 0, 1, 0, 0
000000295055_jpg.rf.dcc0ba4b7fd2096842364323562ffad9.jpg, 0, 1, 0, 1
000000162747_jpg.rf.dcf2bf592b2877c4cb094d206984330c.jpg, 0, 1, 0, 0
000000202601_jpg.rf.dce3e318f543092cd8d5ab52c24793a2.jpg, 0, 1, 0, 0
000000369156_jpg.rf.dd2e1ccff53d711c2f4dd2bbee449c72.jpg, 1, 1, 0, 1
000000241975_jpg.rf.dcf84dd453c0b9456d609d8a9e37b57f.jpg, 0, 1, 0, 0
000000559463_jpg.rf.dd0cf6a1ac6b98b64914829918432672.jpg, 0, 1, 0, 0
000000122583_jpg.rf.dcf1001a52cd5d153a78d42cc326ca1a.jpg, 1, 0, 0, 0
000000456149_jpg.rf.dd330108115287cc9b7331925e65d47c.jpg, 0, 1, 0, 0
000000454554_jpg.rf.dcc7f42269e8a9d7cb418b131e847e03.jpg, 0, 1, 0, 0
000000144985_jpg.rf.dd73e2f098cd1cf2a48e4031c5ae2a36.jpg, 0, 0, 0, 1
000000401067_jpg.rf.dd2f4469412154c6ec0daf3606e9c5d9.jpg, 0, 1, 0, 0
000000062687_jpg.rf.dd8d97740509fd36230656a6aad93556.jpg, 0, 1, 0, 0
000000159075_jpg.rf.dd8785307a8b2d6112e39a81b6310b14.jpg, 0, 1, 0, 1
000000036981_jpg.rf.dd3be37b0a23944434eafe7c43c1d45d.jpg, 0, 0, 1, 0
000000239263_jpg.rf.dcef292951e3b66d9498418045a36064.jpg, 0, 1, 0, 0
000000528729_jpg.rf.dd7a733baf8b6cb8bff647545e5ba41b.jpg, 0, 1, 0, 1
000000242570_jpg.rf.dd44500bbbc4f63b4e9c4b9112e4a354.jpg, 0, 0, 0, 1
000000238117_jpg.rf.dd3244110fbe71e64bf8d5a34b24fa67.jpg, 0, 0, 0, 1
000000522150_jpg.rf.dcef5b8484ef2c937809bec83b51d32c.jpg, 0, 1, 1, 0
000000435034_jpg.rf.dd6a5db0418da6afb58ad5842503ce2b.jpg, 0, 1, 0, 0
000000245983_jpg.rf.dd84b0cefe050edc7663e5c500a9ff15.jpg, 0, 1, 0, 0
000000143089_jpg.rf.dd75db858bd13eac6450aaa4104953ec.jpg, 0, 1, 0, 0
000000151196_jpg.rf.dd90cfef6460a7bc213aa7d7aad049aa.jpg, 0, 1, 0, 1
000000268065_jpg.rf.dd6065184b13731db6be7efecbfe0664.jpg, 0, 0, 1, 0
000000389410_jpg.rf.dd2b382aa7d944005f77aeda730621ac.jpg, 0, 1, 0, 0
000000395198_jpg.rf.dd94b862f89da472160fc6a4bef9bd2f.jpg, 1, 1, 0, 0
000000009296_jpg.rf.dd985c2fb5dc8b6c6c13095935129534.jpg, 0, 0, 0, 1
000000506530_jpg.rf.dd9fe3f9d9b8933021625a32bd0b6c4e.jpg, 1, 0, 0, 0
000000087435_jpg.rf.dd9d3d48876ba2177402c193e577028e.jpg, 1, 1, 1, 0
000000287474_jpg.rf.dd126eca73b380ba3a0684d12b68314f.jpg, 1, 0, 0, 0
000000357989_jpg.rf.dd93e3b1a3671603ef3be34c6a169de5.jpg, 0, 1, 0, 1
000000068093_jpg.rf.dd18ce37fced61926857d5f0e3fe82bb.jpg, 0, 1, 1, 0
000000509859_jpg.rf.dd76a202d394a7e60b9245d24fc164e0.jpg, 1, 1, 0, 0
000000145645_jpg.rf.dda69eaade1796b972f58801681a840f.jpg, 1, 0, 0, 0
000000413895_jpg.rf.dd9c28c44c1a9d748c5a0d0065a2a482.jpg, 0, 0, 1, 0
000000336658_jpg.rf.ddc7aea737cc7045297b68ad49ea7050.jpg, 1, 1, 0, 0
000000381988_jpg.rf.ddc8ccb5102bcfa9937697905b8ccf8e.jpg, 0, 1, 0, 1
000000258856_jpg.rf.dda82579542b1afe9f03099b3e814747.jpg, 1, 1, 0, 0
000000299734_jpg.rf.dda7306db44ffc38049158aedee92d0a.jpg, 0, 1, 0, 0
000000273650_jpg.rf.ddbf07d66d45af1e9a4c0673c0051cf9.jpg, 0, 1, 0, 0
000000368541_jpg.rf.ddd7881b8373c40453d37efa4f5fb737.jpg, 0, 0, 0, 1
000000021423_jpg.rf.dde27036846141c8658d657bed4e0ffa.jpg, 0, 1, 0, 0
000000492129_jpg.rf.ddc0b74dbd68309e12dc8189761009d7.jpg, 0, 1, 0, 0
000000427547_jpg.rf.ddcb62f33d395671f5bfaede48f00f0e.jpg, 1, 1, 0, 1
000000021811_jpg.rf.ddee9d3ab2435cd1a9372b85c46d4b9d.jpg, 1, 1, 0, 0
000000441841_jpg.rf.de07bfbe58fa67fe5f6779b685372e43.jpg, 0, 0, 1, 0
000000561789_jpg.rf.de0097984361225ea3c7850fe91c467b.jpg, 1, 1, 0, 0
000000119124_jpg.rf.ddefebb015452c1971e56a9e55b7aba1.jpg, 0, 0, 1, 0
000000001451_jpg.rf.dddf452b9aaf62e51df865c86dc31b36.jpg, 0, 0, 0, 1
000000000656_jpg.rf.ddfc2ec4add6a5d74b2267316def4f74.jpg, 0, 1, 1, 0
000000077504_jpg.rf.de1c2bca4538860166f69fa09c847df2.jpg, 0, 0, 0, 1
000000004700_jpg.rf.dde8ccdde7d2dd6e6cd0770854e41c80.jpg, 0, 1, 0, 0
000000253002_jpg.rf.de2c193f0099607c5d579e41768abf45.jpg, 1, 0, 0, 0
000000194907_jpg.rf.de290df0f8b3b33f296656dd4a524d9d.jpg, 0, 1, 0, 0
000000250540_jpg.rf.de259350e94f7a0f5e6c54f726e9ad51.jpg, 0, 1, 1, 0
000000066156_jpg.rf.de0f70ea8073929e1f44f3df770f962a.jpg, 1, 1, 1, 1
000000351193_jpg.rf.ddd4418ad43c9add37a1b8c3e3a70c8b.jpg, 0, 1, 0, 0
000000421455_jpg.rf.de132c7760e467db35552276c0d30440.jpg, 0, 1, 0, 1
000000386853_jpg.rf.ddeff45d4914b2cc2a01f76611d1281f.jpg, 1, 1, 0, 0
000000213605_jpg.rf.de097aedee6f612a09671445686e05c1.jpg, 1, 1, 1, 0
000000466775_jpg.rf.de0e3260a45443804cfb60a845e2a9da.jpg, 1, 1, 0, 0
000000092006_jpg.rf.de0d0f6ae84503b081b568a7e54ba62e.jpg, 1, 1, 0, 0
000000549936_jpg.rf.de2b00674f43931252d8d31ed88d6fe0.jpg, 0, 1, 0, 1
000000451046_jpg.rf.de4167b57cbec42891b428be33be1575.jpg, 0, 0, 0, 1
000000222970_jpg.rf.de015e06c2d6b14442c9f6d699827a9a.jpg, 1, 1, 0, 0
000000527118_jpg.rf.de247d221e46d6ad325b2cab8c7c2b32.jpg, 0, 1, 0, 1
000000119513_jpg.rf.ddbe21a4c524267e6ec08c56ab9da413.jpg, 0, 1, 0, 0
000000091536_jpg.rf.de463bf9df23d8bbda48106299536265.jpg, 1, 0, 0, 0
000000262477_jpg.rf.de39a36820bc1d0d08f800ccd584f5ba.jpg, 0, 1, 0, 0
000000355611_jpg.rf.de2d463da19df73afb46e73b6775b99d.jpg, 0, 0, 1, 0
000000333722_jpg.rf.de4fd69ce67ceed9c9bfdcf0e8785976.jpg, 0, 1, 0, 0
000000223616_jpg.rf.de52c15c28310d1affc2e04f0d174a71.jpg, 1, 0, 0, 0
000000302497_jpg.rf.de4d292268329bbc53008a6bf99186da.jpg, 0, 1, 0, 0
000000344888_jpg.rf.de5e40c7651de8118a52d2acf0d0daa6.jpg, 0, 1, 0, 1
000000101620_jpg.rf.de46e5f5236ebd282d26639f4b08d986.jpg, 0, 1, 0, 0
000000233711_jpg.rf.de6d6f521a3a49d7bda3483fe9c9c5ed.jpg, 0, 1, 0, 0
000000062839_jpg.rf.de4bfff533801375b7164cbd22274d68.jpg, 0, 1, 0, 0
000000260888_jpg.rf.de4680b5259be0b1030ea5fc516a4453.jpg, 0, 1, 0, 0
000000249219_jpg.rf.de70253d7179190f08ab169cb7f590b4.jpg, 1, 0, 0, 0
000000578092_jpg.rf.de8456937857a22d2497f8e07baa52eb.jpg, 0, 1, 0, 0
000000256607_jpg.rf.de698b004b4a53c82a1476b8580eb736.jpg, 1, 1, 0, 0
000000063644_jpg.rf.ddbb009f526fd50d27afa0428909a1db.jpg, 0, 1, 0, 0
000000469134_jpg.rf.dea7cb051b9ee93bdf4dc46f9a6ca228.jpg, 0, 1, 1, 0
000000083580_jpg.rf.de860be548623b0d5ee9952fb9ffd668.jpg, 0, 1, 0, 1
000000187349_jpg.rf.de3d60f01db395152ac18a3ecc63b359.jpg, 0, 1, 0, 1
000000012556_jpg.rf.de5755ed404baa00880f29c931f3f727.jpg, 0, 1, 0, 0
000000310561_jpg.rf.deabd35bd7624737f223fc4ccd636036.jpg, 1, 0, 0, 0
000000355481_jpg.rf.deb0e8d5f9a1d2fee61f6fe940b34cc2.jpg, 1, 1, 1, 1
000000524676_jpg.rf.dea52ab38f435533b1dd9c6110afbda2.jpg, 0, 1, 0, 1
000000051982_jpg.rf.ded510ec921e586010aab1dd17c69c9d.jpg, 0, 1, 0, 0
000000194832_jpg.rf.dec43cdb0d28d9285118a1e297bf0c1d.jpg, 1, 0, 0, 0
000000401625_jpg.rf.de5940f613792ee07e188f4c5b367797.jpg, 0, 1, 0, 0
000000242411_jpg.rf.deaaf86b580ee83e924083385197c369.jpg, 0, 1, 0, 1
000000107650_jpg.rf.deda217cd1fddeb5868c27322c5a94b6.jpg, 0, 0, 0, 1
000000106382_jpg.rf.deb79c628f07ba6e1bc8f5247f9f3cab.jpg, 1, 0, 0, 0
000000302213_jpg.rf.dec22e52ec53eb7a3581ee37c274a153.jpg, 0, 0, 1, 0
000000204505_jpg.rf.dee8e472b550f7bdfaaa5be3862648b6.jpg, 0, 1, 0, 1
000000216462_jpg.rf.deea50d3488bc842d8e93455dc9cb9be.jpg, 0, 0, 0, 1
000000111574_jpg.rf.dea080bacf500418f4a44ff59d8e377e.jpg, 0, 1, 0, 0
000000365755_jpg.rf.ded8e9529ed8e5649fbd3bab423b9704.jpg, 0, 1, 0, 0
000000182379_jpg.rf.debbc45022d416f6bb593e97a3d6e81b.jpg, 0, 1, 0, 1
000000546965_jpg.rf.debd15980c45cc93e149e6aab6823672.jpg, 0, 1, 0, 1
000000295015_jpg.rf.decb09f02620fee4beb9aa42d335335b.jpg, 0, 1, 0, 0
000000574476_jpg.rf.dedf16ce65c06363136f4c2b397b9394.jpg, 1, 0, 0, 1
000000535592_jpg.rf.deee588cce6b9fea208d65fb7f98da29.jpg, 0, 1, 0, 1
000000540774_jpg.rf.df11514aa596b898f5c940f8ec531737.jpg, 0, 0, 0, 1
000000391219_jpg.rf.def2f82439733ab6a4ef07e827064ef2.jpg, 0, 0, 0, 1
000000449244_jpg.rf.dee5ba3fd6279353a83828756279b2a4.jpg, 0, 0, 0, 1
000000510230_jpg.rf.df194fb257c28107da260f71f75e4912.jpg, 0, 1, 0, 0
000000016935_jpg.rf.de8d82b56794bfad3348b1d626d18168.jpg, 1, 1, 0, 0
000000028415_jpg.rf.def809c46533697c196f659ae90d830f.jpg, 0, 1, 0, 0
000000460347_jpg.rf.df2ef7671ca581754caf3271399fcc4b.jpg, 1, 1, 0, 0
000000203989_jpg.rf.df261c0ff1554108fcb87356d4b57ace.jpg, 0, 1, 0, 0
000000374598_jpg.rf.def0b5694a871ad983e476255c735dd5.jpg, 0, 1, 0, 0
000000133827_jpg.rf.df1e97ed6981a62d54607d621cf19403.jpg, 0, 1, 0, 0
000000235600_jpg.rf.def5daecacfdc445dbc1448b5ffbb2e4.jpg, 0, 1, 0, 0
000000142574_jpg.rf.df12a24f2c1fc813c5ff8578d00d0e92.jpg, 0, 0, 1, 0
000000117059_jpg.rf.df2a6c8ba81af2a07d396dc089590278.jpg, 1, 1, 0, 0
000000482371_jpg.rf.deb1d4a66b51d925358a9a773da05b1b.jpg, 1, 1, 0, 1
000000020434_jpg.rf.df3bca44366d260bc9394c1e0f50b4cf.jpg, 0, 0, 0, 1
000000467678_jpg.rf.df4d4abe81a3ec4e5a15feb073f99d39.jpg, 1, 0, 1, 0
000000187675_jpg.rf.df5cf13ff60303b4f0dc5d9ae3d223cd.jpg, 0, 1, 0, 0
000000000307_jpg.rf.df67d1801cda037c0c10f93c0def65a7.jpg, 0, 1, 0, 0
000000354993_jpg.rf.df5cca1de35d7506844ff9175896f729.jpg, 0, 1, 0, 0
000000511988_jpg.rf.df62619541a406489961a42c68dd63a3.jpg, 0, 0, 1, 0
000000257407_jpg.rf.df82583085ec0cdf133b4e260ad29792.jpg, 0, 1, 0, 0
000000335486_jpg.rf.df9dcc72596f168fd8f5739992e18a5e.jpg, 0, 1, 0, 0
000000400881_jpg.rf.df780d40973f43f904724c6d01152983.jpg, 0, 1, 0, 0
000000107593_jpg.rf.df748257e3414ef96a386b22596f6832.jpg, 1, 1, 1, 1
000000571541_jpg.rf.df7b18edf4a05153f07d470e5fbba54b.jpg, 1, 0, 0, 0
000000290170_jpg.rf.df5cd861b2a9536cd78928f51b697abb.jpg, 0, 1, 1, 1
000000462517_jpg.rf.df629731527bd5ebb1fc8c1394ebd474.jpg, 1, 1, 0, 1
000000435163_jpg.rf.dfa215b08d6f6dce6004a962c35ffdf9.jpg, 0, 1, 0, 0
000000241161_jpg.rf.dfa4cd3542f3ec8692bf91cf5d40ebd0.jpg, 0, 1, 0, 1
000000013420_jpg.rf.df37b6ae196028275a67755d52c866b2.jpg, 0, 1, 0, 0
000000428116_jpg.rf.df99fdccc716e29984dfafdeafa70914.jpg, 0, 1, 0, 0
000000414258_jpg.rf.dfbfe5cfcb166d3840eea79b070f2ed3.jpg, 0, 0, 1, 0
000000502593_jpg.rf.dfc6739280b780bfdf05bf212d0d4245.jpg, 0, 1, 0, 1
000000084667_jpg.rf.dfa7cb76b60f97100789385dcd2a150b.jpg, 0, 1, 0, 0
000000426980_jpg.rf.dfc4b999e824e43b0e810c546e27999d.jpg, 0, 0, 0, 1
000000018439_jpg.rf.df9a5792a3707a08541f52b3b58b9a65.jpg, 1, 0, 0, 1
000000288283_jpg.rf.dfde423034a995d01b7e2ec5bfa4e40c.jpg, 0, 1, 0, 1
000000075668_jpg.rf.dfb5f69a6ba7ab55ca1b8c56cec2eb44.jpg, 1, 1, 0, 0
000000550691_jpg.rf.dfa330a4c351a0f46bb1ad862456a6d4.jpg, 1, 1, 0, 0
000000419378_jpg.rf.dfb96826ba91f0d25dbab9e65e948ac2.jpg, 0, 1, 0, 1
000000020839_jpg.rf.dfe9b2bf94d6a714e4a21a18dccc0e45.jpg, 0, 1, 0, 1
000000176374_jpg.rf.dfe96e1bdc67afd867d9c555e00c27f2.jpg, 0, 1, 0, 1
000000487378_jpg.rf.dffa10d33ba0239476cb368eb4ace686.jpg, 0, 1, 0, 0
000000022741_jpg.rf.dfc6f342261df4a5f8a98691c81b4975.jpg, 1, 1, 1, 1
000000475421_jpg.rf.e01044d9818c5616dd89b59a79f9e175.jpg, 0, 1, 0, 0
000000084762_jpg.rf.dfe86ffaa253f6456cda1d8818ada1ec.jpg, 0, 0, 1, 0
000000213436_jpg.rf.dfd907027c28ab6ff5d17dcf997a3e34.jpg, 1, 0, 0, 0
000000227216_jpg.rf.e01bb8a47bc1ab7de9732b27739cc8be.jpg, 1, 1, 0, 0
000000503980_jpg.rf.e01f4ea90386ced09f7b3d8d3cf07214.jpg, 1, 1, 0, 1
000000355774_jpg.rf.e001b23e57285e957e880a44b1965937.jpg, 0, 1, 0, 0
000000083202_jpg.rf.dfe30717e640dfcd020c6a96d89f8a41.jpg, 0, 1, 0, 0
000000140204_jpg.rf.e03a938c56c83508430f2b5e7cd440cd.jpg, 0, 1, 0, 0
000000477301_jpg.rf.dfed1fc844a02ac860fbda2534c459d1.jpg, 0, 0, 1, 1
000000305101_jpg.rf.e01ef197562cb2b366d0c4fe03b7ec29.jpg, 0, 1, 0, 1
000000224005_jpg.rf.e023a3f4f3111ccc65a1ced966d17d90.jpg, 0, 1, 0, 1
000000522661_jpg.rf.e0378a3f7a419ae27d9f9ce93b4c1111.jpg, 1, 0, 0, 0
000000459000_jpg.rf.e043cf71464da4d8ee61283bad2bf8b6.jpg, 0, 1, 0, 1
000000391895_jpg.rf.e045f1fd83d9c2a0a8c9eb9eb80ebd2f.jpg, 0, 0, 1, 0
000000448871_jpg.rf.e048bbd5124e23515c86dee9b0b5b83c.jpg, 0, 1, 0, 0
000000196332_jpg.rf.e04ea085d958e15fd5dde42149e71d6d.jpg, 0, 1, 0, 0
000000037322_jpg.rf.e03f65762ab5c2f41bb012a7b4c63af6.jpg, 0, 1, 1, 0
000000338210_jpg.rf.e04809042d9d49a29f1a5717875bca72.jpg, 1, 0, 0, 0
000000288416_jpg.rf.e049e6a26eb18e24bda6e255a0705b29.jpg, 0, 1, 0, 1
000000056048_jpg.rf.e05d9874101530526b15e3dccfa9d63a.jpg, 0, 1, 0, 0
000000160652_jpg.rf.e043c92b247e0be07c503537a3de65f0.jpg, 0, 1, 0, 1
000000396460_jpg.rf.e0488edacf3ecf676dea719e4c97eedc.jpg, 1, 1, 0, 0
000000203433_jpg.rf.e01f869c2ba73dedfb5bda69220929c3.jpg, 0, 1, 0, 0
000000347403_jpg.rf.e05e67b7fe67f470b845411a9b5bea73.jpg, 0, 1, 0, 0
000000310906_jpg.rf.e052cd4b7d521e5fa2eba10f2ccb6fe7.jpg, 0, 1, 0, 0
000000509388_jpg.rf.e059c205f09164484aae48cf60bd3f5c.jpg, 1, 0, 0, 0
000000359925_jpg.rf.e01c2691d088c7659aea11e0dc67a9b2.jpg, 0, 1, 0, 0
000000519945_jpg.rf.e068c42e23ec0b2f0d32921b87a7de5d.jpg, 0, 1, 0, 0
000000298540_jpg.rf.e06c7ee7ff901412981843e625f4fb41.jpg, 0, 1, 0, 1
000000296770_jpg.rf.e068a0673e14326d57c2a7f135dfd9a3.jpg, 0, 1, 0, 0
000000499865_jpg.rf.e05f045a0f6d2c3279810dea69240b71.jpg, 0, 1, 0, 0
000000044312_jpg.rf.e05a51b61e364afac708d4215241f309.jpg, 1, 0, 0, 0
000000003148_jpg.rf.e0685e365848f5328a5691252a97ea2e.jpg, 0, 1, 0, 0
000000326207_jpg.rf.e0918369a49e5ecc05d4e72e1be04a2e.jpg, 0, 0, 1, 0
000000546408_jpg.rf.e0836986150d476adb511cd03fa82098.jpg, 0, 0, 0, 1
000000061732_jpg.rf.e080b9c5ca3308ec0c0a01ef4c3651eb.jpg, 1, 1, 0, 1
000000373653_jpg.rf.e08d940dc5bb69954065121d08f5b7da.jpg, 1, 0, 0, 0
000000260716_jpg.rf.e08ad51922e5b27ce5949069e51e160a.jpg, 0, 1, 0, 1
000000479030_jpg.rf.e07e4ad106b56f3b30d3e7c23d73db17.jpg, 0, 1, 0, 1
000000126075_jpg.rf.e08bf3bdcf7cb353162cd8fd05cf4096.jpg, 0, 0, 1, 0
000000082697_jpg.rf.e0aad45bac4ce5106c2e4e60761fd294.jpg, 0, 1, 0, 0
000000286010_jpg.rf.e0af190a99ad80f824cdf0cd89ad6c0e.jpg, 0, 1, 0, 1
000000426510_jpg.rf.e09712498034eb181fedb830977a1c8c.jpg, 0, 1, 0, 0
000000087443_jpg.rf.e0e966c3d7bc50317e64a10263d2237c.jpg, 0, 0, 1, 0
000000244424_jpg.rf.e10d027c74fe84877ab36e8d951aacd1.jpg, 0, 1, 0, 0
000000185903_jpg.rf.e0b4d27dd0f978a6fc42056f7f9d8055.jpg, 0, 1, 0, 0
000000503765_jpg.rf.e0c7e7acc51a2bcf61ffac7904aa013e.jpg, 0, 1, 0, 0
000000138434_jpg.rf.e0e9ff4d79c1fe5f146181a35aa151d5.jpg, 0, 1, 0, 0
000000302842_jpg.rf.e0b31cb3f2275b915526afeaf8acbec7.jpg, 0, 1, 0, 0
000000071691_jpg.rf.e103ecdc3b06ba2395d505cea7ebceba.jpg, 0, 1, 0, 0
000000348907_jpg.rf.e132fa1ac0b03ae035143eb2011428ee.jpg, 0, 0, 1, 0
000000302200_jpg.rf.e12476087594327c3ede86c1eefcc8c3.jpg, 0, 1, 0, 1
000000289192_jpg.rf.e13550312f600a376d6c417933acf742.jpg, 0, 1, 0, 0
000000442220_jpg.rf.e0d683c08aba710f8e20ec7538843513.jpg, 0, 1, 0, 0
000000417741_jpg.rf.e10f486edc341555a8d654ef35ab94a6.jpg, 0, 0, 0, 1
000000324275_jpg.rf.e0c5e3d95139166c49abc179618ff852.jpg, 1, 1, 0, 0
000000341921_jpg.rf.e13dabbf6b627313bb186f0c2e32ccfe.jpg, 0, 1, 0, 0
000000337784_jpg.rf.e1408d9a9befb61548a057fbed539e66.jpg, 0, 0, 0, 1
000000197130_jpg.rf.e12a79450f1e8a702c2450030bc09a49.jpg, 1, 0, 0, 0
000000363165_jpg.rf.e0c70b3a929553093af17ec8a4c2ad47.jpg, 0, 1, 0, 0
000000581293_jpg.rf.e1412709fc373c362b53f71db68d0f28.jpg, 0, 0, 0, 1
000000336812_jpg.rf.e1082ce262489cceba3e372a83538010.jpg, 1, 0, 0, 0
000000581057_jpg.rf.e10bb947717f1ce3b1904fdbdbf76d8b.jpg, 0, 0, 1, 0
000000102240_jpg.rf.e137c5d8a37b5c1f87f7965132ee91a3.jpg, 0, 0, 0, 1
000000037953_jpg.rf.e13fef71722eb215f4831131b3917a46.jpg, 0, 1, 0, 1
000000160900_jpg.rf.e142cf26c8fe4f1eefb67681ec3d7154.jpg, 0, 1, 0, 0
000000209772_jpg.rf.e0f8d77287ef0899200092a36b8f8c64.jpg, 0, 1, 0, 1
000000138008_jpg.rf.e108057e711fb3d6eb217764c43a7f04.jpg, 0, 0, 1, 1
000000120743_jpg.rf.e148b675c41b9a63d7ce3a529085c586.jpg, 1, 1, 0, 1
000000127871_jpg.rf.e1371875927f9dc2959610b82eec5afc.jpg, 0, 0, 0, 1
000000179765_jpg.rf.e1450f454be6c81ca036a4a1a71ebaa6.jpg, 0, 0, 1, 0
000000403590_jpg.rf.e12c140d5cd9b6ffacfcc5168c4fa0b5.jpg, 1, 1, 0, 0
000000399142_jpg.rf.e1474c5849c2f96e7c908ddcc0e07ff0.jpg, 0, 0, 1, 0
000000318330_jpg.rf.e13e45b0832be83a5e50640d865746c9.jpg, 0, 1, 0, 1
000000086183_jpg.rf.e14a2b38465b69396ece12115c45ba51.jpg, 0, 0, 1, 0
000000018252_jpg.rf.e14442478525663afd2df2c5883713dd.jpg, 0, 0, 1, 0
000000187469_jpg.rf.e155fb44959d8361003fd2d88456e1c2.jpg, 0, 0, 0, 1
000000312384_jpg.rf.e153d32e6ab3093e4d0949db9f06f336.jpg, 1, 1, 0, 0
000000132838_jpg.rf.e15db89efadd362a9ba0d2d859ef6bf7.jpg, 1, 1, 0, 1
000000470321_jpg.rf.e0dd9d9ed9e77bb2e5b75f705cedbe69.jpg, 0, 1, 0, 0
000000425634_jpg.rf.e16042a37530e6a5f9b74c55f8a0b4ae.jpg, 0, 1, 0, 0
000000578632_jpg.rf.e16738481c620813a3234cd003aaa5be.jpg, 0, 1, 0, 0
000000174004_jpg.rf.e141b0783b4ef33373841f644a649a6c.jpg, 0, 0, 0, 1
000000339250_jpg.rf.e14ceb96e2f1fdc1f7aef53b01cde49a.jpg, 0, 1, 0, 1
000000190463_jpg.rf.e16f694babf313ab105ce45e5b401748.jpg, 0, 0, 0, 1
000000348945_jpg.rf.e175425ae9889eb2f42fb4853cde5cf5.jpg, 0, 1, 0, 0
000000301432_jpg.rf.e1733df4fa245ee49b574f3a6a466f1d.jpg, 0, 1, 0, 1
000000534275_jpg.rf.e179e466e2f63680b88877fea3e91dfd.jpg, 1, 0, 0, 0
000000342232_jpg.rf.e170b8edfc9a0fa4b9671c0c2f0afb2e.jpg, 0, 1, 0, 0
000000142002_jpg.rf.e181f020c0b1cc56ac931d1f5e6de888.jpg, 0, 1, 0, 1
000000360673_jpg.rf.e175b36c297099cc8cbd948f1da21c7c.jpg, 0, 1, 1, 0
000000129914_jpg.rf.e193994192649bddd4e30b2ed3f1936f.jpg, 1, 0, 0, 0
000000160012_jpg.rf.e18d3ab2cd9cf4084123182a66b282e4.jpg, 0, 1, 0, 0
000000377157_jpg.rf.e1a1473a5db87750d5544f7563280967.jpg, 0, 1, 0, 0
000000212112_jpg.rf.e1799c450244e52a2943b8b156604b34.jpg, 0, 1, 0, 1
000000286888_jpg.rf.e1848f772f22f3448b7d4c7bd502b029.jpg, 1, 0, 0, 1
000000207349_jpg.rf.e196384c03cfe721df0b3f9f3c20351c.jpg, 0, 1, 0, 0
000000502895_jpg.rf.e04198f94e3d92ee80031675e147e0dd.jpg, 0, 1, 0, 0
000000011197_jpg.rf.e1bb045339578908195408142d964d0d.jpg, 0, 1, 0, 0
000000197482_jpg.rf.e182a6d391c4b61bdf535cf2d3017033.jpg, 0, 1, 0, 0
000000432593_jpg.rf.e1c116261250120cabf8d92783514bab.jpg, 1, 0, 0, 1
000000218711_jpg.rf.e1bd955e6ad0aa89c8a403cb1fdfa224.jpg, 0, 0, 0, 1
000000194598_jpg.rf.e1d47323d9af275f5f4a7057dda944a8.jpg, 1, 1, 0, 0
000000476894_jpg.rf.e1ba504edfca0451bb2b406d36b82b5c.jpg, 0, 0, 0, 1
000000104696_jpg.rf.e1cca12c7ae6c9edca944ad178bc41b7.jpg, 0, 1, 0, 0
000000336291_jpg.rf.e1afff607e90b27d661e53887400c2e6.jpg, 0, 0, 0, 1
000000477392_jpg.rf.e1b58be4b6a56425f7deb5dea2777b25.jpg, 0, 1, 0, 0
000000570460_jpg.rf.e1b51aef9b955f56aa09b344e9f73189.jpg, 0, 1, 0, 0
000000109848_jpg.rf.e1b0b33c912b7d77ee50697caf240a40.jpg, 1, 0, 0, 0
000000568439_jpg.rf.e1e89a16b014186784713bce74850c1c.jpg, 1, 0, 0, 0
000000385037_jpg.rf.e1d425382270dbdb2d7539b0820dc8ca.jpg, 0, 0, 1, 0
000000120745_jpg.rf.e1e80a52b06d612d562cb62f56525584.jpg, 0, 1, 0, 0
000000329239_jpg.rf.e186e0a1a8302899ce0df0f719ef7a46.jpg, 0, 1, 0, 0
000000452597_jpg.rf.e209c9bff286c4167036df3a50ae8373.jpg, 1, 0, 1, 0
000000411238_jpg.rf.e1dcf846ec3ea989907b4530f79a3230.jpg, 1, 1, 0, 0
000000220106_jpg.rf.e1fe2c7e5d34a372ef761414534bf02b.jpg, 0, 0, 1, 0
000000409668_jpg.rf.e20c7662d483729f44dafa5778b56eb9.jpg, 0, 1, 0, 0
000000049643_jpg.rf.e2436c680ace19f4602966b201f8148d.jpg, 0, 0, 0, 1
000000146120_jpg.rf.e23ffbd0435e960db1bec1120a208be3.jpg, 0, 1, 0, 0
000000182416_jpg.rf.e255424d7da1e9abc1cdc43838e64510.jpg, 1, 1, 0, 0
000000254449_jpg.rf.e216f54ef507536b691184898b985593.jpg, 1, 0, 0, 0
000000072987_jpg.rf.e23323cc6ba1ea687e2a269ce2e396fc.jpg, 0, 1, 0, 1
000000304530_jpg.rf.e225401274f123281ea31b57cf892f4c.jpg, 0, 0, 1, 0
000000059005_jpg.rf.e23827144b625458540abc506afd09f8.jpg, 0, 0, 0, 1
000000464842_jpg.rf.e232e0e9bca376c71dbb08eba0d24f66.jpg, 0, 0, 1, 0
000000217636_jpg.rf.e1da60c85f7486682ff50955fe1fcf04.jpg, 0, 1, 0, 1
000000466523_jpg.rf.e1cddfd24fcd239f1fdc1e56cb1ea9e5.jpg, 0, 1, 0, 1
000000511188_jpg.rf.e25cfe0ef6447bf34d5d91425e4e76d3.jpg, 0, 0, 0, 1
000000183517_jpg.rf.e2482dc213cd05a1b7201f36cf3c7c30.jpg, 0, 1, 0, 1
000000209763_jpg.rf.e23122098674be78210b79129df30b2e.jpg, 0, 1, 0, 0
000000271791_jpg.rf.e255f01bd558e7044643cd69c24ab4e1.jpg, 0, 0, 0, 1
000000124243_jpg.rf.e1fdb84c5418d374f61caf8c697b6383.jpg, 0, 1, 0, 0
000000367953_jpg.rf.e20cd3b260fb4bc38b14823fe2632ed9.jpg, 0, 0, 0, 1
000000557163_jpg.rf.e2381add267e88e51fceaa3339f88544.jpg, 1, 0, 0, 0
000000184667_jpg.rf.e2772e2583fa37860b54da05d326c434.jpg, 0, 1, 1, 1
000000192774_jpg.rf.e2997a8530cfc3af7c3317ab7f27e30c.jpg, 0, 0, 1, 0
000000419364_jpg.rf.e25f98c0b5d2dafd3de09962eaf195dc.jpg, 1, 1, 0, 0
000000351711_jpg.rf.e2a1489b3e66820451cb500865266af2.jpg, 0, 0, 1, 0
000000314816_jpg.rf.e28d1e324d15c827833988ea9f09fe36.jpg, 0, 1, 0, 1
000000036841_jpg.rf.e2990faa64f4dd2a16dab8144d37ab70.jpg, 0, 1, 0, 0
000000029656_jpg.rf.e295655130f3de87168529fe66e733be.jpg, 0, 1, 0, 1
000000456082_jpg.rf.e29db4974db3bed33b207099f4bf6514.jpg, 0, 1, 0, 1
000000372510_jpg.rf.e2c6d214618e82e6025d8df277d0944b.jpg, 0, 1, 0, 0
000000527379_jpg.rf.e285412f89c8fb3c6097d05289446992.jpg, 0, 1, 0, 0
000000492025_jpg.rf.e2a738123fd6e4fe4a61ff82aaf0892d.jpg, 0, 1, 0, 0
000000009148_jpg.rf.e29d50b3bd5bd39b4e2ff15b906c8de0.jpg, 0, 1, 0, 1
000000351053_jpg.rf.e2c76b76ab96b1f2df7c3793c7334542.jpg, 0, 1, 0, 0
000000135122_jpg.rf.e29b08e784708276ac9162f4e2bd24c2.jpg, 0, 1, 1, 0
000000070087_jpg.rf.e23a6666198e7def5cfba1aaa4e65a19.jpg, 1, 1, 0, 1
000000098390_jpg.rf.e2a742d5512602c22d980f7ed55fda34.jpg, 0, 1, 1, 1
000000084277_jpg.rf.e2c99632c7936c9502cf8f51bc1034ac.jpg, 0, 1, 1, 0
000000354655_jpg.rf.e2e8bcd8de534380528042fefdc759c5.jpg, 0, 1, 1, 0
000000146582_jpg.rf.e2d6d2d4d2164e5ec70f48ac32cafa6b.jpg, 0, 0, 0, 1
000000147839_jpg.rf.e2bf81509aa7d92d25212a2b3c1ae5ae.jpg, 0, 1, 1, 1
000000033167_jpg.rf.e2cb2e6fbfb6e9a2d41e26910d9d8b6a.jpg, 0, 1, 0, 0
000000376283_jpg.rf.e2eb11592cae315894883b2d6e6e9690.jpg, 1, 1, 0, 1
000000102405_jpg.rf.e2f0a9012aee0dde5ad67838b9c09e4d.jpg, 0, 1, 0, 0
000000477866_jpg.rf.e2ed1f781cec6c71ed2e0878dab40a8d.jpg, 1, 0, 0, 0
000000327217_jpg.rf.e2dd12a715917322c08d0f9e1b037e24.jpg, 0, 1, 0, 0
000000511506_jpg.rf.e301b82aaeccfcb6fbf9d5c8ed3ce49b.jpg, 0, 1, 0, 0
000000395382_jpg.rf.e3059bdeb48b7cb96cb8e8248532e008.jpg, 0, 1, 0, 0
000000191457_jpg.rf.e33637eda69b56b9f5246304c9f03cad.jpg, 0, 0, 0, 1
000000020450_jpg.rf.e35903f2f391ead7ada94ca3f178d461.jpg, 0, 0, 1, 1
000000089556_jpg.rf.e2f42aedbcc8c9c5714835af62fe8917.jpg, 0, 1, 0, 1
000000193318_jpg.rf.e30c97c03eb72c450888c13faec4a1f3.jpg, 0, 1, 0, 0
000000401231_jpg.rf.e342df04061664585f631c23a9050ec2.jpg, 0, 0, 0, 1
000000190360_jpg.rf.e35c15522fc3dbb969fd5f26fa198c69.jpg, 0, 1, 0, 0
000000278344_jpg.rf.e30313fa0a176c4af78a5ea2536b90fe.jpg, 0, 1, 0, 0
000000370261_jpg.rf.e378be4fb966a587ed9f107a34c9d028.jpg, 1, 1, 0, 0
000000546642_jpg.rf.e2bd8e4892a2ac71e8bbab3d9ff4a2bd.jpg, 0, 1, 1, 0
000000180771_jpg.rf.e30890b27c73e95129e43f5771c29f6d.jpg, 0, 1, 0, 0
000000190064_jpg.rf.e32af547516a5efa7a289a5b4a9ec705.jpg, 1, 1, 0, 0
000000334743_jpg.rf.e335a38766a60b00370e5551e5497845.jpg, 1, 0, 0, 0
000000441468_jpg.rf.e38d8197eb1dd72a9137a35a06f16105.jpg, 0, 1, 0, 0
000000518574_jpg.rf.e37aea538585835a8a71e5cb05f7ae65.jpg, 1, 1, 0, 0
000000001006_jpg.rf.e31ad1e86071bd5e10893e108cc69ac6.jpg, 0, 1, 0, 0
000000032284_jpg.rf.e359b1b09c411fecb20bcaa375adb9a9.jpg, 0, 1, 1, 1
000000016254_jpg.rf.e348433da357fea50f062ed38873d0cf.jpg, 0, 1, 0, 1
000000012109_jpg.rf.e35eca6f324b9ed379b4c0c6ac492b54.jpg, 0, 1, 1, 0
000000536023_jpg.rf.e386b6d93494f5dcc749c2b8f71abcba.jpg, 0, 1, 0, 0
000000065567_jpg.rf.e39819b0169a9fd4fc93c8f914d03e64.jpg, 0, 1, 0, 0
000000565269_jpg.rf.e392c2b6cb645af86b83c4d52f366a20.jpg, 1, 1, 0, 0
000000346344_jpg.rf.e396117066123385824a019665ae95f9.jpg, 1, 1, 0, 0
000000238928_jpg.rf.e3ceb66eba30bd2ed160732186768062.jpg, 0, 0, 0, 1
000000369034_jpg.rf.e3dad2c580b08d64879817c2651d6a3f.jpg, 0, 0, 0, 1
000000020613_jpg.rf.e399f90753ed089c8df23f8038f77443.jpg, 0, 1, 0, 0
000000300578_jpg.rf.e3dc0af02d0b324166b87249bc806d69.jpg, 0, 1, 0, 0
000000538653_jpg.rf.e3ed774df5004d82c0ece6ae68af12a5.jpg, 0, 0, 1, 0
000000129108_jpg.rf.e3dd2ced4b9d7139b72ee5b61fbdc8fd.jpg, 0, 1, 0, 0
000000059581_jpg.rf.e3d08d5b50632bfb100427c6c2a58db5.jpg, 0, 1, 0, 0
000000249397_jpg.rf.e39dc8110efebb081568c807e5cdc126.jpg, 0, 1, 0, 0
000000110324_jpg.rf.e3ebf1fc63634bcd6b23e8c50efe65c3.jpg, 0, 0, 0, 1
000000505162_jpg.rf.e400224de782e90f4229736750dd706b.jpg, 1, 0, 0, 0
000000518518_jpg.rf.e4231636148f355833eeae73b5f2e7b5.jpg, 0, 1, 0, 0
000000579807_jpg.rf.e3a96d8854d680baa7e01fdf01c56cdc.jpg, 0, 0, 0, 1
000000296996_jpg.rf.e3f79bc176334399124753187cae3ef9.jpg, 0, 0, 0, 1
000000338718_jpg.rf.e3eeb274f8d08926f1a7201a7d9295f1.jpg, 0, 1, 0, 0
000000020588_jpg.rf.e41f1fda60dfb973b51fd5784b00b8d3.jpg, 1, 0, 0, 0
000000118787_jpg.rf.e43bc23b84458b5c5ecd1665d2026e7a.jpg, 0, 1, 0, 0
000000499193_jpg.rf.e40f26f5203814e896ffbc437653ce51.jpg, 1, 1, 0, 0
000000442681_jpg.rf.e4444ca29e3dddc3dff0197889d05e23.jpg, 1, 1, 0, 0
000000397664_jpg.rf.e429ae7500da9c111d835ea14a4903d7.jpg, 0, 1, 0, 0
000000454236_jpg.rf.e3f8df43effca88e4eb450b4fd2ffea3.jpg, 1, 0, 0, 0
000000360002_jpg.rf.e43bedb1534f5586f4008b3245e334cb.jpg, 0, 1, 0, 0
000000128168_jpg.rf.e3d985cd4109682a8e9d66b8f8c6ab12.jpg, 1, 1, 0, 0
000000158286_jpg.rf.e41fcf46e01a2b71fa803f07401d31ff.jpg, 0, 1, 1, 0
000000547227_jpg.rf.e406429a17ee3c8fb672c1612ef555f5.jpg, 0, 1, 0, 0
000000376625_jpg.rf.e44e54317c3da4c16be0629aad340097.jpg, 0, 1, 1, 0
000000111547_jpg.rf.e3e813cbf80c88f02dd3dddb06a1396a.jpg, 1, 0, 1, 1
000000342515_jpg.rf.e3b02bc0cccf5163dcd1aa3e85915363.jpg, 0, 1, 1, 0
000000313720_jpg.rf.e46d6e152c84cd74cc7dfcc2bd0872dd.jpg, 0, 0, 0, 1
000000082585_jpg.rf.e471a6230f064ecb58a067a8159e9f93.jpg, 0, 0, 0, 1
000000509503_jpg.rf.e45d2039971d3a6dba0589b512377b38.jpg, 0, 1, 0, 0
000000345283_jpg.rf.e45d4c3c11c03aa44a199def80eea5a6.jpg, 0, 1, 0, 0
000000162867_jpg.rf.e46804cd242756f0d132ca03ab893b43.jpg, 0, 0, 1, 0
000000126592_jpg.rf.e47a49ddffd5373dfa1048cca8ee679d.jpg, 0, 1, 0, 0
000000192407_jpg.rf.e400052646eafe5092bec75335d27d33.jpg, 0, 1, 0, 0
000000304917_jpg.rf.e4673cbc639ee77b44b3870ac176b6b8.jpg, 0, 1, 0, 1
000000324228_jpg.rf.e49197dfa434b45740ca24bd91579d86.jpg, 0, 1, 1, 0
000000556003_jpg.rf.e485e2c2a2e24df84bd348715a6b9f39.jpg, 1, 1, 0, 0
000000077074_jpg.rf.e469b2f081e874e04874690e97c07a0f.jpg, 0, 1, 0, 1
000000278161_jpg.rf.e48ce342de6d72b02f2a510e68635df3.jpg, 1, 0, 0, 1
000000436968_jpg.rf.e49204562f0fcd8e35595ec6570c4ed8.jpg, 0, 0, 1, 0
000000209788_jpg.rf.e48e4974aef6c085541187658f5e8157.jpg, 0, 1, 0, 0
000000487181_jpg.rf.e48f79257270aeb96a50d2cc5c5e0ba4.jpg, 0, 0, 1, 0
000000430086_jpg.rf.e49f946f80ed6b081e4e4f6a3ad4383a.jpg, 0, 1, 0, 0
000000559950_jpg.rf.e486bc86f49c45908cd43e16baa38579.jpg, 0, 1, 0, 0
000000334868_jpg.rf.e4a1d4e13b0193fb768596e1927652fb.jpg, 0, 1, 0, 1
000000105522_jpg.rf.e49fdac95b8f8245d587c23e93d3eeaa.jpg, 1, 0, 0, 0
000000451679_jpg.rf.e4523deff5f57b9acc631340df75f20a.jpg, 0, 1, 0, 0
000000579614_jpg.rf.e4a2be04f909dd839f790c9be53d0081.jpg, 0, 0, 1, 0
000000508602_jpg.rf.e4a9dbf4d53b66196c52fc05559a0495.jpg, 0, 1, 0, 0
000000166261_jpg.rf.e4b6b2c0fcd6511b7423a55ed7ce55c1.jpg, 0, 0, 0, 1
000000169562_jpg.rf.e4c8ed6bc8c13133505275ccf5d7916e.jpg, 0, 0, 1, 0
000000343898_jpg.rf.e4bce9875fecf8eb2d2706191cb1eee6.jpg, 0, 1, 0, 0
000000377342_jpg.rf.e4b5cf2ac152edf3e3ad17e588eeb5ea.jpg, 0, 1, 0, 0
000000239870_jpg.rf.e4b8b33911d405587e28200935dbc1d7.jpg, 0, 1, 0, 1
000000137230_jpg.rf.e4d06e38c91dc34a72f78f24a005e43d.jpg, 1, 1, 0, 0
000000379193_jpg.rf.e4d7de2bd7feb5f4ab85c99de1d9b5f1.jpg, 0, 0, 1, 0
000000018309_jpg.rf.e4e70281039f7919e596a3e99a172ef4.jpg, 0, 1, 0, 1
000000314692_jpg.rf.e4ee83fdc0c5d3064cadaef0bcf00051.jpg, 0, 1, 0, 1
000000484215_jpg.rf.e4eb5c19e4f43f579674fe054d7a9028.jpg, 0, 1, 0, 1
000000127668_jpg.rf.e4f8b92d949ee7c4b270c93d112044a6.jpg, 0, 0, 0, 1
000000558031_jpg.rf.e5011f8b0d957b59f3af6812d0872a85.jpg, 0, 1, 0, 0
000000127042_jpg.rf.e4de587c6ce5f9fae382ff5974f09b1b.jpg, 0, 1, 0, 1
000000043001_jpg.rf.e4ce00bf7eb7f6baf87348d10c868ded.jpg, 1, 1, 1, 1
000000348475_jpg.rf.e4fc86ee5744e1e26636d7dd764f5712.jpg, 0, 0, 0, 1
000000457348_jpg.rf.e4ea9fc9d65ce579ccd35c3a9dc790c2.jpg, 1, 1, 0, 0
000000535125_jpg.rf.e4d8ab4eeeefd064478ee543a47d372e.jpg, 0, 1, 0, 0
000000400617_jpg.rf.e51e83835214e2627495a5e741bc4eed.jpg, 0, 0, 0, 1
000000168580_jpg.rf.e4f8a4cb65e14978fe6b1efc8b348393.jpg, 0, 0, 1, 0
000000301937_jpg.rf.e4dd5cfa36e10e00fd0e1258e10a5783.jpg, 1, 0, 0, 0
000000250808_jpg.rf.e5064cc004af5cb21d032e5cd87c02fa.jpg, 0, 1, 0, 0
000000000071_jpg.rf.e4df971fb746421a7871c5ed79809deb.jpg, 0, 1, 0, 1
000000398575_jpg.rf.e5101b0f7b040630a599b3c9fbe310c9.jpg, 0, 1, 0, 0
000000140583_jpg.rf.e4ff0f03b46ae0193b960357cb659161.jpg, 0, 0, 0, 1
000000565641_jpg.rf.e53409d317f3b17f79a9f2d6e9e600cd.jpg, 0, 0, 0, 1
000000202645_jpg.rf.e560fad8b646d41d27c3851f05d09b10.jpg, 1, 0, 0, 1
000000002459_jpg.rf.e4c85c90f3ca964c84474e355a0bcfb7.jpg, 0, 1, 0, 0
000000275168_jpg.rf.e52f3c42ccbc7b787f90bddb3bdaf266.jpg, 1, 0, 0, 0
000000243296_jpg.rf.e51a06aa75e55dbe1fc9355d430adb3d.jpg, 0, 1, 0, 0
000000107357_jpg.rf.e51d46fe8411198c6845ebfe2bfcf367.jpg, 1, 0, 0, 0
000000422432_jpg.rf.e4bb9d3b29b7f7a3dba9f6e11c902e84.jpg, 0, 1, 0, 1
000000166126_jpg.rf.e568a7923b35e0112c610382fa332ed7.jpg, 0, 1, 0, 0
000000263505_jpg.rf.e55ee6a8d6608a0584807975e2205059.jpg, 0, 0, 1, 0
000000065135_jpg.rf.e5365b14a4b5fe0f12f780ec4ac93a3e.jpg, 1, 0, 0, 1
000000005088_jpg.rf.e574a2c21528069776de4e25465e166d.jpg, 0, 0, 0, 1
000000447075_jpg.rf.e53eba22d13af5509419c10e57abfa57.jpg, 1, 0, 0, 0
000000326116_jpg.rf.e587a37600a551ec0e2a09029d17b993.jpg, 0, 1, 0, 0
000000212920_jpg.rf.e550ec12709a758ad914e045ad1fb57f.jpg, 0, 1, 1, 0
000000548153_jpg.rf.e58c366f91a58ff0235902f70669ba38.jpg, 0, 1, 0, 1
000000446827_jpg.rf.e512c59fc83b5c329e12fc9b36d94341.jpg, 0, 1, 1, 0
000000185002_jpg.rf.e5658d167589db2d6d03da9d7a17452a.jpg, 0, 1, 0, 1
000000274715_jpg.rf.e599d9d4f114182d472d3afd5a88487d.jpg, 0, 1, 0, 1
000000322263_jpg.rf.e5703afd53473ac2319fd7d76d7bbb81.jpg, 0, 0, 1, 0
000000069670_jpg.rf.e59c16f714da1288dccbe60fa9b7eea8.jpg, 0, 1, 1, 1
000000392869_jpg.rf.e570f8ee03238d0ae02da0e8eb3b8304.jpg, 1, 0, 0, 0
000000462536_jpg.rf.e59589ab427a569634bb92bc33fa70af.jpg, 1, 1, 0, 0
000000292351_jpg.rf.e5954f419e5d0b4774c32fde337a4c0f.jpg, 1, 1, 1, 0
000000544035_jpg.rf.e58b55b792f0e2df45b5090fe57319f3.jpg, 0, 1, 0, 0
000000008086_jpg.rf.e59a454b6dbb8c26372d97786b37ae9e.jpg, 0, 1, 0, 0
000000383053_jpg.rf.e59c655fc5c626bbe46c4d69b8fcdef2.jpg, 1, 1, 0, 0
000000572825_jpg.rf.e597567fdde2385d0419a2a097b1d4ac.jpg, 0, 1, 0, 1
000000164372_jpg.rf.e5a00f5d6a45996865fcc15b0a5bad1f.jpg, 0, 0, 0, 1
000000257875_jpg.rf.e5c24741554c21df8d0f521e8ff8af21.jpg, 0, 1, 0, 0
000000282940_jpg.rf.e55c95b7ef559fa44da758bbe60438f1.jpg, 1, 0, 0, 0
000000516372_jpg.rf.e5b28e6f14d7c76aa6389dd265fdeaef.jpg, 0, 1, 0, 1
000000097936_jpg.rf.e5902a29f19ffd5b87bc01c311daea04.jpg, 0, 1, 0, 0
000000442414_jpg.rf.e5a4080a8ecdcd990fd75a45a287bae3.jpg, 0, 1, 0, 0
000000571865_jpg.rf.e5c30761e5b22540078baf0ff8eb8397.jpg, 0, 1, 0, 0
000000291683_jpg.rf.e5ef906601b5fb7a21b24f30947f6f66.jpg, 0, 1, 0, 0
000000390094_jpg.rf.e5d47b3205b1fa1c7e56e8a023b00718.jpg, 0, 1, 0, 0
000000414385_jpg.rf.e5eef1cdefcccf33fb6184a987606eb0.jpg, 0, 1, 0, 0
000000155417_jpg.rf.e5d6e8b90e1680ee63c08347d3fe7750.jpg, 0, 0, 0, 1
000000503707_jpg.rf.e5c890b0b76ae609d74115b0f3047741.jpg, 0, 1, 1, 0
000000173632_jpg.rf.e5efaa77059e6806ea71feab0f79aba2.jpg, 0, 1, 0, 0
000000087207_jpg.rf.e5defd1f52f1b381f2ba4856cd30270f.jpg, 0, 1, 0, 0
000000526514_jpg.rf.e613c02ce64e03981f539b135064b972.jpg, 0, 1, 1, 1
000000247866_jpg.rf.e6030431f87ba55b85e0b16b2e2b9286.jpg, 0, 1, 0, 0
000000037913_jpg.rf.e5eb013bac8e815fd090013089caa0b7.jpg, 1, 0, 0, 0
000000329469_jpg.rf.e610cf54f53bc942a6234609b1a0c86c.jpg, 0, 0, 1, 0
000000543181_jpg.rf.e60ca163137a9e622be9694329795dbe.jpg, 0, 0, 0, 1
000000267861_jpg.rf.e5cba2e2e3e82397525e0113dfa077a4.jpg, 0, 0, 1, 0
000000385438_jpg.rf.e6232f4cbb9c9d297a27943ec2ec90bd.jpg, 0, 1, 0, 0
000000213366_jpg.rf.e6202ea05f4bddbc4ac84bb9aa71d217.jpg, 0, 0, 0, 1
000000566938_jpg.rf.e61e13b1180276976a745a256b4458b8.jpg, 0, 1, 0, 1
000000480944_jpg.rf.e6147818b905eb9957c5ed537c7ab6fe.jpg, 1, 1, 0, 0
000000430048_jpg.rf.e630f28cbae74de935aebbf22d250b16.jpg, 0, 1, 0, 0
000000138747_jpg.rf.e5f9cbe7e84b2bb708a1645e7f9c194a.jpg, 0, 1, 1, 0
000000524992_jpg.rf.e611c585def4b136355dcb1dff8dfbf0.jpg, 1, 1, 0, 0
000000397950_jpg.rf.e61bf54d524ff986d13f201290033924.jpg, 0, 0, 0, 1
000000468408_jpg.rf.e607aa1daf639339b789071d2202b1c0.jpg, 0, 1, 0, 1
000000092212_jpg.rf.e65f60c9ba7709ce6bbcb51d1df14db8.jpg, 0, 1, 0, 0
000000420827_jpg.rf.e647d6ad3ba38977a37145b0aba898b0.jpg, 0, 0, 0, 1
000000400853_jpg.rf.e661dab990cc3fb40383d81bb82a927c.jpg, 0, 1, 1, 1
000000296775_jpg.rf.e652df7b794279c9d6b7cc05c6c0ccb7.jpg, 1, 0, 0, 0
000000002890_jpg.rf.e6411098b77c25d16b450cffaeec3ec4.jpg, 0, 1, 0, 0
000000127905_jpg.rf.e632a7085e45e9894b51c6d8096c8d5c.jpg, 0, 1, 0, 0
000000554434_jpg.rf.e64199c26654ac4a6bb7fcae5cce112f.jpg, 0, 1, 0, 0
000000048339_jpg.rf.e66335f90900fa66ad0ba7fe17af40d3.jpg, 0, 0, 0, 1
000000016905_jpg.rf.e6607e63a92ea7c11eebbafd1615fc91.jpg, 1, 0, 0, 0
000000466981_jpg.rf.e64b6389d9c949dccb4674f726cb38b4.jpg, 0, 1, 0, 0
000000019923_jpg.rf.e63215d1d4427a8d38d90338b9d5dfb2.jpg, 0, 1, 0, 1
000000431431_jpg.rf.e661296ebe3754c19e2224f8528be1f2.jpg, 0, 1, 0, 1
000000180273_jpg.rf.e65600b97a05c5214ed325af073bc66a.jpg, 0, 1, 0, 0
000000476465_jpg.rf.e51371c990ed28007aa791a033b982a3.jpg, 0, 0, 0, 1
000000187424_jpg.rf.e67723e17d2c1abbdf872d24c1db07a5.jpg, 0, 1, 0, 1
000000145179_jpg.rf.e652878b3a1fcdf8f0750f11595ab7a5.jpg, 0, 0, 0, 1
000000081842_jpg.rf.e67114881841cc2e9cdb63d852ca472b.jpg, 0, 1, 0, 1
000000292118_jpg.rf.e6839536e919d5e941d7ae0a308e9567.jpg, 0, 1, 0, 1
000000292209_jpg.rf.e66271e6780eae5e08a4ea8bdc148298.jpg, 0, 0, 0, 1
000000345368_jpg.rf.e5e34c84a5d74f3d43a6c84a1caf9c42.jpg, 0, 0, 0, 1
000000273929_jpg.rf.e6881fa8c09842516abd0abbce8ebb16.jpg, 1, 1, 0, 0
000000468097_jpg.rf.e68eff94fd049b9425d12f5790a66d6f.jpg, 1, 0, 0, 0
000000016737_jpg.rf.e66b7bbae7cf2d203219b98fbba28284.jpg, 0, 1, 0, 0
000000529905_jpg.rf.e6622ab12bbd2035953219e2b9a57b9c.jpg, 0, 0, 0, 1
000000240263_jpg.rf.e690c15f00e9c484ae6ff155961f3219.jpg, 1, 1, 0, 0
000000519838_jpg.rf.e6873f7447587d5a1ccab625376539c2.jpg, 0, 1, 0, 0
000000153167_jpg.rf.e6b3f4bf04e45b29c99fbb251e4324fa.jpg, 0, 0, 0, 1
000000111768_jpg.rf.e6a4f9a5cb5cd44637b3063fa5d2922a.jpg, 0, 1, 0, 1
000000266831_jpg.rf.e6b593c1a9f5fdec421370bc62aca238.jpg, 0, 0, 0, 1
000000122343_jpg.rf.e68c4c8e1a173980cc58cd0fd64a9aaf.jpg, 0, 0, 0, 1
000000008311_jpg.rf.e6b340f1f63db2c38563d4d1c99ecd08.jpg, 0, 0, 0, 1
000000098760_jpg.rf.e6a9f5845ccd5920de58cfcf4528690d.jpg, 0, 1, 0, 0
000000515623_jpg.rf.e664fa0e1d7080635222db87b3c8889e.jpg, 0, 0, 1, 0
000000416596_jpg.rf.e6bd781b6c8d12179d42d586d5ed48bb.jpg, 1, 0, 0, 0
000000388992_jpg.rf.e6ac50ac7f530ee99a88152e9f14430d.jpg, 0, 1, 0, 0
000000477705_jpg.rf.e6bf3a1b89790631c5ea1dade70041aa.jpg, 1, 1, 0, 0
000000543215_jpg.rf.e6bbffde8218542b6616cd5ac9a9166a.jpg, 0, 1, 0, 0
000000523154_jpg.rf.e6c7f06937622150be204d6e29ba3b55.jpg, 0, 0, 0, 1
000000323896_jpg.rf.e6be3c86744ecf289ae1c74035725263.jpg, 0, 1, 1, 0
000000420425_jpg.rf.e6d43216af31f103b6fc95c629b351f4.jpg, 0, 1, 0, 0
000000350073_jpg.rf.e69692086e54f56befcad6a433cf7fe5.jpg, 1, 0, 0, 1
000000287396_jpg.rf.e6a9c6774f6c528ee7905af7be25bc22.jpg, 1, 1, 0, 0
000000569177_jpg.rf.e6cb8db96b57ea86e4872535cab68492.jpg, 1, 0, 0, 0
000000377421_jpg.rf.e6d5cb1a5b9f58de4e386a76c7f1b878.jpg, 0, 0, 0, 1
000000161602_jpg.rf.e6eebf5e6e19628bb7d7322569a4304d.jpg, 0, 1, 0, 0
000000292358_jpg.rf.e6e0e8a19582a60711f3e82ce0796828.jpg, 1, 0, 0, 1
000000060532_jpg.rf.e6eded99b1f6d051677225c06dba5c7c.jpg, 1, 1, 0, 0
000000240952_jpg.rf.e6ff60b8acd6d40f999538e141d3d825.jpg, 1, 1, 0, 0
000000350819_jpg.rf.e6b6edc005c856f8813441e535b86167.jpg, 0, 1, 0, 1
000000298493_jpg.rf.e6ebf06f0937a78911662969427ae207.jpg, 0, 1, 0, 0
000000527375_jpg.rf.e6f26556acf54d2432d39271650d6632.jpg, 1, 0, 0, 0
000000410898_jpg.rf.e6ebef461736b9e750216aea5fde27ed.jpg, 0, 0, 1, 0
000000138547_jpg.rf.e6ce1971930a6ca3908abba9917445f5.jpg, 0, 0, 0, 1
000000173161_jpg.rf.e712338aa31f8b3b2bfc4fe8c3d3b35e.jpg, 0, 1, 1, 0
000000014375_jpg.rf.e7062005fba92d9b67a2b22e49ddd50f.jpg, 0, 1, 0, 0
000000533625_jpg.rf.e66e08401ec1bf4f531da782891a2c9f.jpg, 0, 1, 0, 0
000000164390_jpg.rf.e700ee16f0a58fb83993b38520fb3e1a.jpg, 0, 0, 0, 1
000000275631_jpg.rf.e7082af71010dd433d5b643d08e008fe.jpg, 1, 1, 0, 1
000000521632_jpg.rf.e6e2d69b856a06c9d85d9e2a4a3bd2a5.jpg, 1, 1, 0, 0
000000154462_jpg.rf.e6f7a4290d3d6705d55f2685b71410d1.jpg, 0, 1, 0, 0
000000243825_jpg.rf.e7216dc12bf0ce48e5da1a88941a857f.jpg, 1, 1, 0, 1
000000320273_jpg.rf.e727fbfea98c722a6d8b7fb160d092cf.jpg, 0, 0, 0, 1
000000480225_jpg.rf.e6efa1d9aae729075e875b92e582fe3e.jpg, 0, 1, 0, 1
000000181992_jpg.rf.e718da07d3daec101fbdd7f187157cbd.jpg, 0, 1, 0, 0
000000044960_jpg.rf.e7110def1bdf76e93bf96065180ff71c.jpg, 1, 0, 0, 0
000000213039_jpg.rf.e708a1503d762378a83ab0925a49088b.jpg, 0, 0, 0, 1
000000205762_jpg.rf.e71647456206a56ac2cbda158244a1c2.jpg, 0, 1, 0, 0
000000293074_jpg.rf.e73c680bac67e299f9e7fbf8f11ee431.jpg, 1, 1, 0, 0
000000270789_jpg.rf.e72ad80af469ab971f7502b153ab5b71.jpg, 0, 1, 0, 1
000000084386_jpg.rf.e72b8f5b04549d4f7ff8e74a0dfbbe9f.jpg, 0, 1, 0, 0
000000455362_jpg.rf.e73721345e2e0e631d8488f673fb0895.jpg, 1, 0, 0, 0
000000260261_jpg.rf.e74bc77e093dcccb4e4879728f6baaa0.jpg, 0, 0, 0, 1
000000393837_jpg.rf.e7472d96c3b17207b8b515be58cd8a7f.jpg, 0, 1, 0, 0
000000283441_jpg.rf.e73087a54cfb73d9268d2be09348b4a2.jpg, 0, 1, 0, 0
000000114855_jpg.rf.e76554b3986707fa5211734b8984047c.jpg, 0, 1, 0, 0
000000049254_jpg.rf.e71c731c9c2e252c56bdb6f6413a86c0.jpg, 1, 0, 0, 0
000000420617_jpg.rf.e72c1b53db29de3c8c30c3dbaba6a43d.jpg, 0, 0, 0, 1
000000440811_jpg.rf.e790cfe8f869d2d49172763d8566ceab.jpg, 0, 1, 0, 0
000000482505_jpg.rf.e7b7c4ffe8a5f00c630b62ed44008c4c.jpg, 1, 1, 1, 0
000000229583_jpg.rf.e7ca1b24aa30c7dab1d95fccd06611b7.jpg, 0, 1, 0, 1
000000033251_jpg.rf.e7b9166ecbef65aa19c09c103a465050.jpg, 0, 0, 1, 0
000000143989_jpg.rf.e73bd51451b70be8e6a947c8fa087643.jpg, 0, 1, 0, 0
000000316106_jpg.rf.e76c81b731c9761e95a11407e6764dc3.jpg, 1, 1, 0, 0
000000327177_jpg.rf.e7cd87c17e0f2f6130887fe493ee26d7.jpg, 0, 1, 0, 0
000000210982_jpg.rf.e79c09141febdcfb0a2fd6e0ba94d3bf.jpg, 0, 0, 1, 0
000000467925_jpg.rf.e7c8638269eb22ea62e6d2364e2e1093.jpg, 1, 0, 0, 0
000000095850_jpg.rf.e775530bba2e542a9f90bbcd4c3f8819.jpg, 1, 1, 1, 1
000000349875_jpg.rf.e75334f1e798b2edcb36f496650ad93a.jpg, 0, 0, 0, 1
000000273067_jpg.rf.e7ea42d02273d4ea08d1cf1695359e2e.jpg, 1, 0, 0, 0
000000315831_jpg.rf.e7e4498e4fc790c38fc82a7b3dee4d06.jpg, 0, 1, 0, 0
000000337126_jpg.rf.e795f63c903da0e510cac70d31c45865.jpg, 1, 1, 0, 0
000000165792_jpg.rf.e770bd228d9401cfe49749c6a3dc4ef6.jpg, 0, 1, 0, 0
000000129223_jpg.rf.e7d81abb29201d8a92c2ce6605a37ede.jpg, 0, 0, 1, 0
000000105781_jpg.rf.e7e9fc628bcc377c1aa93b61c2d2d853.jpg, 0, 1, 0, 1
000000560910_jpg.rf.e7eee5ad03b9b9cd4b50840a53202ea3.jpg, 1, 1, 0, 0
000000078288_jpg.rf.e7eca3f8490d4c62cdb2a1bbafc30c84.jpg, 0, 0, 1, 0
000000156098_jpg.rf.e82b6a8d1a3f9a043026931c8be824d3.jpg, 0, 1, 0, 0
000000171548_jpg.rf.e82d771f1e006c317937c5bafaff0724.jpg, 0, 1, 1, 1
000000369557_jpg.rf.e7d0e8f429c4262d7df12df679027de5.jpg, 0, 1, 0, 0
000000308468_jpg.rf.e7e4b7edf485eaa5bb25d3b733b52ac0.jpg, 0, 1, 1, 0
000000519035_jpg.rf.e7c4f6032fe520cb4c1c1f7c53c854a8.jpg, 0, 1, 0, 0
000000420339_jpg.rf.e803daae475f3ffa23bb7afe822cb6e3.jpg, 0, 1, 0, 0
000000574242_jpg.rf.e83d819f9f88346467719b1b9196d512.jpg, 0, 1, 0, 0
000000534894_jpg.rf.e838658f10ef007c85a899e99703a6a2.jpg, 0, 0, 0, 1
000000488686_jpg.rf.e7f61311b65f68a6bb88d1f6670e3d6d.jpg, 0, 1, 1, 1
000000174354_jpg.rf.e83afde00743a4add5d50acad607171b.jpg, 0, 1, 1, 0
000000183068_jpg.rf.e84d4dead268c65d17a51862f8f18f69.jpg, 0, 1, 1, 0
000000205270_jpg.rf.e7e84fcff208ba21195e213b7ecd1b94.jpg, 0, 0, 0, 1
000000091637_jpg.rf.e7f56ccb8e14b5c05ba36eeb1f5a7f16.jpg, 0, 1, 0, 0
000000520703_jpg.rf.e85b7486503a36b0680837234b8a131b.jpg, 0, 0, 1, 0
000000180878_jpg.rf.e83e69b8695bbd197c525bcb45e91aa4.jpg, 0, 1, 0, 0
000000501358_jpg.rf.e83ee9fa7d32c15eff511e726f3061ef.jpg, 0, 1, 0, 0
000000503015_jpg.rf.e87c0aeced604faff4ad8a70bb2d199c.jpg, 0, 1, 0, 1
000000251425_jpg.rf.e855d537df489045917ba213c08ca868.jpg, 0, 1, 0, 0
000000057702_jpg.rf.e8b0e25a8265e2c0247a8e7c9a472a4b.jpg, 0, 0, 0, 1
000000114025_jpg.rf.e8642c651ce66f75f5906a38f93f9936.jpg, 0, 0, 0, 1
000000256906_jpg.rf.e89d0c3e57d025fcc5b93528f2919e90.jpg, 1, 1, 0, 1
000000372804_jpg.rf.e897b343ac301ba7a43d73875113957e.jpg, 0, 1, 1, 0
000000080789_jpg.rf.e8a4459b5e19c16b10c7fa7ae3879bcd.jpg, 0, 1, 0, 0
000000520325_jpg.rf.e8657925bed335c4abc322c64274f1a0.jpg, 0, 1, 0, 0
000000435482_jpg.rf.e868a0b00e0c1a845c95b46b1d554e90.jpg, 1, 1, 0, 0
000000075965_jpg.rf.e882ea1ff953545058158377138c5cbd.jpg, 0, 1, 0, 0
000000565391_jpg.rf.e88de13485c6fb6ec6822121b5e09f01.jpg, 0, 1, 0, 1
000000371054_jpg.rf.e8aca1f7c47d62902046636985dcfe9a.jpg, 0, 1, 0, 1
000000319449_jpg.rf.e8e29cb8c7b3f87ef94f9c79ad0d4129.jpg, 0, 1, 0, 0
000000364491_jpg.rf.e88080a5b4eb89f865da57639d3d0cbb.jpg, 0, 1, 0, 1
000000168781_jpg.rf.e8bd98cac7f192fc8e97afe5b96bfb1e.jpg, 0, 0, 0, 1
000000385145_jpg.rf.e8eb5ac3d865403dd951f90a85d95f0a.jpg, 0, 1, 1, 0
000000230996_jpg.rf.e8e2e4a172666a12601bd079dd8aad7b.jpg, 0, 1, 0, 1
000000285877_jpg.rf.e89169976e4f905399652a4cbce7e564.jpg, 0, 1, 1, 0
000000119034_jpg.rf.e8f9de4516576e64dc12cbe7ef578f5b.jpg, 1, 0, 0, 0
000000422870_jpg.rf.e89df31b15e5a91c7a36dcfe32c73585.jpg, 0, 0, 1, 1
000000499357_jpg.rf.e83f519fcc7cb623ca41ab003407be93.jpg, 0, 0, 1, 1
000000323020_jpg.rf.e903994b9cc6d0bbe049e9c826e956d1.jpg, 0, 1, 0, 0
000000411184_jpg.rf.e9341c03e28d1e52eda2644b737dad18.jpg, 0, 1, 0, 1
000000354131_jpg.rf.e91550fd22ba56d02617a49254c5aa22.jpg, 0, 1, 0, 0
000000232484_jpg.rf.e8d9af40393fd7fe924b248f65f4d249.jpg, 0, 1, 0, 1
000000030519_jpg.rf.e941223ea39732ab47f0fc959ee789c5.jpg, 0, 0, 0, 1
000000092366_jpg.rf.e8e5a7fb35df62aee856f3a31c786411.jpg, 0, 1, 0, 1
000000557394_jpg.rf.e937b238e2ead316404ff470193983e2.jpg, 1, 0, 0, 1
000000426680_jpg.rf.e93897f88e620382b0200b435b24c447.jpg, 0, 0, 0, 1
000000530030_jpg.rf.e8c76df1404f9474217a04658795c186.jpg, 0, 0, 0, 1
000000510012_jpg.rf.e9456fa1c93759d887f25fd8cd332d3e.jpg, 1, 1, 0, 0
000000465047_jpg.rf.e94edfe331e8e73806b0060a33a2b6dd.jpg, 1, 0, 0, 0
000000213649_jpg.rf.e8cbd666e672aa01c92567d492a62f7a.jpg, 1, 1, 0, 0
000000429491_jpg.rf.e95390ecd3dea7e2507737bcc4b154f7.jpg, 0, 1, 0, 0
000000436143_jpg.rf.e95e866d0e77395fdf95d608c78c43b4.jpg, 0, 1, 0, 0
000000172366_jpg.rf.e962624c3d05f1f11faf958423675f9b.jpg, 0, 1, 0, 0
000000345591_jpg.rf.e945c40bd315cac27235af4765d4ae4c.jpg, 0, 0, 1, 0
000000435187_jpg.rf.e97fca1851c5db9fe8c93fd7501840b9.jpg, 0, 0, 0, 1
000000019079_jpg.rf.e97f600ff04f8c5e035720111f6003b7.jpg, 0, 1, 0, 0
000000137877_jpg.rf.e9466f5e68e61aded09fce851bb2ba1c.jpg, 1, 1, 0, 0
000000217846_jpg.rf.e98ce1b6daf34c21b2306ad092d4e453.jpg, 1, 1, 0, 0
000000176335_jpg.rf.e9850928b7f4d4ecb3350e89d82840bb.jpg, 0, 1, 1, 1
000000078425_jpg.rf.e96eab022a000374c74c12f64fac7891.jpg, 0, 0, 1, 0
000000441736_jpg.rf.e99d8c4641d13c8c495ad8b7b0b623c1.jpg, 1, 1, 0, 1
000000045059_jpg.rf.e9a76401a24ff55e1f79a2dd1161221c.jpg, 1, 0, 1, 0
000000519985_jpg.rf.e9c192c398863421a195cbcc2b0c768c.jpg, 1, 0, 0, 0
000000016665_jpg.rf.e9b43709a896c43b92bcefbb181e1385.jpg, 0, 1, 0, 0
000000439502_jpg.rf.e94e50bef1549754b6c9cce55b2ba910.jpg, 0, 0, 1, 0
000000562002_jpg.rf.e9b3b7fca9d8bbf0b2c0372f63166b1f.jpg, 0, 0, 1, 0
000000356344_jpg.rf.e97b4e2483b8a9c1bda014abd026bb0f.jpg, 0, 1, 0, 0
000000376643_jpg.rf.e97d028eeb9f5e8f7853b634ab640619.jpg, 0, 1, 0, 0
000000419759_jpg.rf.e9b41fbb05e57582f78a3879ad0df20c.jpg, 0, 0, 0, 1
000000250730_jpg.rf.e95fa8be66f5581f9b8a9a51a49d00c4.jpg, 0, 0, 1, 0
000000256833_jpg.rf.e93d10e9bc2703074779f0cb68b25b90.jpg, 0, 1, 0, 1
000000430621_jpg.rf.e9a7d3c50ce8ad61c5bbd3c9ca7c619e.jpg, 0, 1, 0, 0
000000575900_jpg.rf.e9b7173121f56233bc74b06812b1ab21.jpg, 0, 1, 0, 0
000000389634_jpg.rf.e9a043544afdd8cac0164515bf920ae6.jpg, 1, 0, 0, 1
000000177947_jpg.rf.e9568f993c3b85ab0f08d3ea2d97fbd4.jpg, 0, 1, 0, 0
000000222662_jpg.rf.e9c47a0a9a9fc83c244416724cd8a0b6.jpg, 0, 1, 0, 0
000000010363_jpg.rf.e9db4e2455ab3003ad4cc1647d38b144.jpg, 0, 1, 0, 0
000000573260_jpg.rf.e9e9a92c3939937054159efc973fcbe5.jpg, 0, 1, 1, 0
000000320926_jpg.rf.e9d34fbcbd1e7f4b31e3a0f7199345f6.jpg, 1, 1, 0, 0
000000050256_jpg.rf.e9c2b713da3c06c4bbaaf345d8661353.jpg, 0, 0, 0, 1
000000551811_jpg.rf.e9e731d31ac7ba51671fd2b18be89a7c.jpg, 0, 1, 0, 0
000000313131_jpg.rf.ea2c9ee9674c7d0666863c33e88283af.jpg, 1, 1, 0, 0
000000516681_jpg.rf.e9fc5e990402f0204762c61e8b65c33e.jpg, 0, 0, 0, 1
000000161664_jpg.rf.ea00fbeb95ea1ebd3fcd6e9584564509.jpg, 0, 1, 0, 0
000000566837_jpg.rf.ea3d722d6fc8806cf6a04ad1c7815ccc.jpg, 0, 0, 0, 1
000000107204_jpg.rf.ea21b8dbea47fda51bb73386af91305b.jpg, 0, 1, 0, 0
000000127450_jpg.rf.ea2bdacf999f0c8824ab07390f7f15c9.jpg, 0, 1, 1, 1
000000444272_jpg.rf.ea36c1a13900049dc156d06f05e3dea3.jpg, 0, 0, 0, 1
000000395364_jpg.rf.e9cc74e664bfaed4fdf2f584ceeca427.jpg, 0, 0, 1, 0
000000469274_jpg.rf.e9fe0bd2f9db21b9d98589e53ddd8209.jpg, 0, 1, 0, 0
000000315450_jpg.rf.ea44831c29ef0a260bd14a6a9b97d654.jpg, 1, 1, 0, 1
000000170232_jpg.rf.ea407a854b4d4723e20ddc40aa06638d.jpg, 1, 1, 0, 0
000000492077_jpg.rf.e9fcafc172574a11c45ea44f88d064af.jpg, 1, 1, 0, 0
000000437859_jpg.rf.e9dfd25550dc79ce6ff34343b1612902.jpg, 0, 1, 0, 1
000000032236_jpg.rf.ea64238d0508aeca4e900041b0ceb1dc.jpg, 0, 0, 0, 1
000000385389_jpg.rf.ea602a3cc2a9c7a1818ad07ca549de01.jpg, 0, 1, 1, 0
000000009999_jpg.rf.ea4cf6515cb653825c6dc82e2fc79634.jpg, 1, 1, 0, 1
000000580345_jpg.rf.ea6ab24b0a96f51e95fbd7667e3705cd.jpg, 1, 1, 0, 0
000000480140_jpg.rf.ea372e10bb9a71b32b44c277d0a16e5f.jpg, 1, 1, 0, 0
000000351126_jpg.rf.ea5cf8ccc032d0890802338a57e9b4af.jpg, 0, 1, 0, 0
000000325220_jpg.rf.ea6a4240da92b6b30e2c1a6144003d2e.jpg, 1, 1, 0, 0
000000070269_jpg.rf.ea65c7be9be7a86f7609a9ee847eeb67.jpg, 0, 1, 0, 1
000000275398_jpg.rf.ea6bf90351a16f1753515479c6590b30.jpg, 0, 1, 0, 0
000000201492_jpg.rf.ea5e3a43640eb509e6545e301d1d1ab1.jpg, 0, 1, 0, 0
000000097777_jpg.rf.ea4ed58fd47da04269fe4697aff8a5e1.jpg, 0, 0, 0, 1
000000546691_jpg.rf.ea4e4f8ec1bad6fad8107ec66919fe64.jpg, 0, 1, 0, 0
000000419384_jpg.rf.ea678510b8a9eb6e13893e38d9b1cb2c.jpg, 0, 1, 0, 1
000000165862_jpg.rf.ea69f0c6bccd3813fb7f0b0511f0f226.jpg, 0, 1, 0, 0
000000317244_jpg.rf.ea8099d8c06f265bf6f120066cd2cee8.jpg, 0, 1, 0, 1
000000148101_jpg.rf.ea710d8b895e8792d76fb1a757134d51.jpg, 0, 1, 0, 0
000000519691_jpg.rf.ea95e71a58b8ee4c55213f1c88f0c7ac.jpg, 0, 1, 0, 1
000000270865_jpg.rf.ea80608562491069c8232671002525e2.jpg, 0, 0, 0, 1
000000474964_jpg.rf.ea9530866d199d8358f44abe5b136c16.jpg, 1, 0, 0, 0
000000255271_jpg.rf.ea90c46e2768fa4d1edef29a236a6585.jpg, 0, 0, 1, 0
000000375282_jpg.rf.ea9c37496efa6b746f0e583c85f14670.jpg, 0, 1, 0, 0
000000090343_jpg.rf.eab3fd0d9b9a0673faa5f1736f831300.jpg, 0, 1, 0, 0
000000049551_jpg.rf.eab0fc9e81b2fcc0875cf342e243c2f4.jpg, 1, 1, 0, 0
000000431904_jpg.rf.eab114e04de7c2e43af0f46e2f1988e8.jpg, 0, 1, 0, 1
000000410580_jpg.rf.eab28191fd25ec4ece8aed7e28b7a12c.jpg, 1, 1, 0, 0
000000510782_jpg.rf.eab5c6ec7066c5dd386667953e97147d.jpg, 0, 1, 0, 0
000000551364_jpg.rf.eac1e7e6c1bcd0235429b58f8ecaf533.jpg, 0, 1, 0, 0
000000493760_jpg.rf.eacba6de646f8837b86792eafe5ab083.jpg, 0, 1, 0, 1
000000274667_jpg.rf.eafc2606b908ed707d12aec8ed4239f1.jpg, 0, 1, 1, 0
000000446206_jpg.rf.eac40d98251e5b02735c12924341ee93.jpg, 1, 0, 0, 0
000000072041_jpg.rf.eacb3e1e6347dae2adbf4f0aa71b9dd9.jpg, 0, 0, 0, 1
000000470423_jpg.rf.ea9923789e29a0de358a46d55031930e.jpg, 0, 0, 1, 0
000000061400_jpg.rf.ead9aafe7424059a42d987848a353717.jpg, 0, 1, 0, 0
000000409327_jpg.rf.eac72075315a2f311ca9546da3cfa0b0.jpg, 0, 1, 0, 1
000000579000_jpg.rf.eb0ed853d2c1279af55f042215a918e3.jpg, 0, 0, 0, 1
000000437354_jpg.rf.eac29147984f2c839d878df06fbd8ecb.jpg, 0, 1, 1, 1
000000033431_jpg.rf.ea9e902926eb67bb18f0749c650f5347.jpg, 1, 0, 0, 0
000000230240_jpg.rf.eab6336f770d06d1c2d8c6accfed4b2f.jpg, 0, 0, 0, 1
000000062707_jpg.rf.eae5b0a0aea61b7a8c3273b6bd19ceac.jpg, 0, 0, 1, 0
000000315176_jpg.rf.eadc437c5323b8167ac7ab3535454ddf.jpg, 0, 1, 0, 1
000000446481_jpg.rf.eae1ba1d19628aeedc9797f4fd4d49b9.jpg, 0, 1, 0, 0
000000142629_jpg.rf.eae618849b134fc4c680d99d057b5a3c.jpg, 0, 1, 1, 0
000000513181_jpg.rf.eb199f6efed58ca55eb4bd4f89aebe9a.jpg, 0, 1, 0, 1
000000331447_jpg.rf.eae835d110fafb7f807e15cca695df41.jpg, 0, 1, 0, 1
000000511716_jpg.rf.eadf44758518331808d2cb4c6ed9ce55.jpg, 1, 0, 0, 0
000000187609_jpg.rf.eb026c29ce93a616504986ec803fe330.jpg, 0, 1, 0, 0
000000405580_jpg.rf.eb2d8c8cf3d8099627766a63541fd643.jpg, 0, 1, 1, 0
000000327383_jpg.rf.eb318a90e2e8df6f279a5e261672c3e7.jpg, 1, 1, 0, 0
000000166430_jpg.rf.eb04ae131e17145e5269d6dd32ff560e.jpg, 0, 1, 0, 0
000000158922_jpg.rf.eb2b7da42a7fdb15bd0d2262c1e8b797.jpg, 0, 0, 0, 1
000000447510_jpg.rf.eb4071fb25dcb8a7cd18e7bb5110d630.jpg, 0, 1, 0, 0
000000502863_jpg.rf.eb24c40b3f2568b73c600865775be092.jpg, 0, 0, 0, 1
000000209782_jpg.rf.eb24be5fcae1e0e133166c62053e14b6.jpg, 0, 1, 0, 1
000000201126_jpg.rf.eadd86563deef656a4d65edc7073fbf6.jpg, 0, 0, 0, 1
000000174482_jpg.rf.eb322c3bb6cc6127c96b100fc72f61ee.jpg, 0, 1, 0, 1
000000045165_jpg.rf.eae0a7dbefcec25a59492c462d70cc2a.jpg, 1, 1, 0, 0
000000270512_jpg.rf.eaf867ffdf9a1460f295504a2404e4f1.jpg, 0, 0, 0, 1
000000294747_jpg.rf.eb5cf341a6ddeb2982ffdc7a8204026b.jpg, 0, 1, 0, 0
000000462292_jpg.rf.eb65cf4ad0fe39f85f34e9a2fb9f538d.jpg, 1, 1, 0, 0
000000393945_jpg.rf.eb52fab5f7065daca678a809f3aecb1e.jpg, 0, 0, 1, 0
000000576871_jpg.rf.eb5efb6bba6b1efb5cb7c2891aa12fb1.jpg, 0, 0, 1, 0
000000408824_jpg.rf.eb6fa6c06307b71112dc343ca662643d.jpg, 0, 1, 0, 1
000000258196_jpg.rf.eb7181f4a64a66c3cf9370b9dcce9a27.jpg, 0, 0, 1, 0
000000370917_jpg.rf.eb7177c59ed815c16ff32341f697fdf4.jpg, 0, 0, 1, 1
000000086169_jpg.rf.eb14b0feb3282fb85ba4cb4fdb0ac0e9.jpg, 1, 1, 1, 1
000000180460_jpg.rf.eb6a46a7a597ea9aee6d4598d501f1a8.jpg, 0, 0, 0, 1
000000259359_jpg.rf.eb26965b91a9b279f0a493d5d7cbf9e7.jpg, 0, 1, 0, 0
000000402987_jpg.rf.eb7ff21b3c824f2b99cb3beb545ab9e3.jpg, 0, 1, 0, 0
000000095096_jpg.rf.eb6d93b0eda81ddcaf99c3ebb661837c.jpg, 0, 1, 0, 0
000000267762_jpg.rf.eb3a7f0f5489b3e09d7299bc55129a3a.jpg, 0, 0, 0, 1
000000392843_jpg.rf.eb74ff8ca9e69d1e8aed0ed6a3f7e640.jpg, 1, 1, 1, 0
000000181631_jpg.rf.eb92cfea48d2bbe9dc96f5878865a0a0.jpg, 0, 1, 0, 0
000000575243_jpg.rf.eb84a09372bb8652c99673dfd247c038.jpg, 0, 1, 0, 0
000000432962_jpg.rf.eb85b7daa784e0cc9921add6e6557ed1.jpg, 0, 1, 0, 0
000000202772_jpg.rf.eb87b0323ad6d88d533b258e126b8155.jpg, 0, 1, 0, 0
000000554636_jpg.rf.eb7fcf9700c304ab67a0ee3fc7fff04c.jpg, 1, 1, 0, 1
000000046269_jpg.rf.eba6573afb29a79b4ffe9fe4e1a953f8.jpg, 0, 1, 0, 0
000000310875_jpg.rf.ebad08cbd92d9b89183e1e7907dc6aeb.jpg, 0, 1, 0, 0
000000522406_jpg.rf.ebd5cc6ef3ef23cac8f82a5725292095.jpg, 0, 1, 0, 0
000000230135_jpg.rf.eb99b78d7b171ea13d5c8c103c7ee107.jpg, 0, 1, 0, 0
000000084752_jpg.rf.ebe3e05f604bcd478e8b3369958cc3da.jpg, 0, 1, 0, 1
000000402980_jpg.rf.ebe5df6fd42c3210a234dc04fe021e89.jpg, 0, 1, 0, 1
000000541727_jpg.rf.ebd956ca9c8fda656ca7d7879bf4bb6c.jpg, 0, 1, 0, 0
000000399780_jpg.rf.ebeae7b8e794401d54b502177041a4ad.jpg, 0, 1, 0, 0
000000017975_jpg.rf.ebd27350277eae2c5c7e2c9b89609e0c.jpg, 0, 0, 0, 1
000000168475_jpg.rf.eba0561aae3a391aea285000fe470ae0.jpg, 0, 0, 0, 1
000000043077_jpg.rf.ebcd342b920d885c2debde0150cc242b.jpg, 0, 0, 0, 1
000000300537_jpg.rf.eb956d5c806fa58643c2ca1a146b18c5.jpg, 0, 1, 0, 0
000000270612_jpg.rf.ebd8f1a80a99c651f98a1f1c8044527c.jpg, 0, 1, 0, 0
000000193760_jpg.rf.eb9df74ae30e2de4b6fcb1a0c59f5069.jpg, 1, 0, 0, 0
000000259758_jpg.rf.ebf2b974a945f0b29f7b5d3299787c04.jpg, 0, 1, 0, 0
000000420594_jpg.rf.eba879ed49cea2fee1d89895ca5ac4f4.jpg, 0, 1, 0, 0
000000386525_jpg.rf.ebcd8eac3fef3e9ac5bd5af6d724a014.jpg, 0, 1, 0, 1
000000050411_jpg.rf.ebf209b4f0494c20d8d87c9755e673d9.jpg, 0, 1, 0, 1
000000175017_jpg.rf.eba2336663625b4582274611eba754b7.jpg, 0, 0, 0, 1
000000049495_jpg.rf.eb9c42cf887860eae5fe19d71c804e6b.jpg, 0, 1, 0, 0
000000434326_jpg.rf.eb899963acc85e2daedd579c7388876e.jpg, 0, 1, 0, 0
000000283961_jpg.rf.ebbdf16112f2980dfa053fe19beaf621.jpg, 0, 1, 0, 0
000000179155_jpg.rf.ebeee59d196df15055c24c32f2dfee36.jpg, 0, 0, 1, 0
000000523696_jpg.rf.ebb0d39f83bc002f66ade507716ed140.jpg, 0, 1, 0, 0
000000273592_jpg.rf.ebf4ef22677ffc9628fb7c3ee37c1f12.jpg, 0, 0, 1, 0
000000414492_jpg.rf.ec09dda2b27ea2d97c4b8c7a1142328d.jpg, 1, 0, 0, 0
000000058714_jpg.rf.ebf8670f0e5f063c617a64454b0fc638.jpg, 0, 1, 0, 0
000000401603_jpg.rf.eba0f091ba12ed62b69e223a7bac264d.jpg, 0, 1, 0, 0
000000028855_jpg.rf.ec0b13c2fb84330caea501b280c4cc6a.jpg, 0, 1, 1, 0
000000505388_jpg.rf.ec26086b155180826fc41a22968d2f5b.jpg, 0, 0, 1, 0
000000013290_jpg.rf.ec275b65af2c6c404c7023536d163aaa.jpg, 0, 1, 0, 0
000000546877_jpg.rf.ec16af95e18a0d9727216ffa06c4a077.jpg, 0, 1, 0, 0
000000555472_jpg.rf.ec489cb2679b37eb650662d9b02daad2.jpg, 0, 0, 0, 1
000000018627_jpg.rf.ec52646d8534b438f65ded56d0eb8fff.jpg, 0, 1, 0, 0
000000461015_jpg.rf.ec1fd2146c2214c0e8859fdfe46344a1.jpg, 0, 1, 0, 1
000000105589_jpg.rf.ec5e3d5c7b7bb2e617c89ce82cdf7a18.jpg, 0, 1, 0, 0
000000347170_jpg.rf.ec4ab1a795f679a3177c94cfc194280b.jpg, 0, 1, 0, 0
000000024859_jpg.rf.ec607605eb7951fab366f9eaffc19743.jpg, 0, 1, 0, 1
000000219200_jpg.rf.ec482ae4566301cfe5ecc1b9ab957876.jpg, 0, 0, 1, 0
000000462404_jpg.rf.ec411cdd13479cadf745ac232938a411.jpg, 0, 1, 0, 1
000000338407_jpg.rf.ec3fdd551ad5bea86f3bf38e020d55d3.jpg, 0, 0, 1, 0
000000186906_jpg.rf.ec32b1fc185d6c0d4b4471c50969e005.jpg, 1, 1, 1, 0
000000049554_jpg.rf.ec5e1d12ec16c8667a6a4ced61ed88fe.jpg, 0, 1, 0, 1
000000043912_jpg.rf.ec60da2fae09f8e59e1514844c622354.jpg, 0, 1, 0, 1
000000052388_jpg.rf.ec6297923d29d0e413a54608d3ac8aa3.jpg, 0, 1, 0, 1
000000039270_jpg.rf.ec7b79c85716e0a9b8292d87d81598e0.jpg, 0, 1, 0, 0
000000248565_jpg.rf.ec5fbeeb7a39895144672b9013cf8154.jpg, 1, 1, 0, 0
000000379409_jpg.rf.ec8c70e18d076d721cbd6d0dc3c017f5.jpg, 0, 1, 0, 1
000000156406_jpg.rf.ec698717b2884cb4e7744ddfbcc22f6d.jpg, 0, 1, 0, 0
000000215298_jpg.rf.ec5e2df38a58cde2ea4bac0335e015b6.jpg, 1, 1, 0, 0
000000326726_jpg.rf.ec70835445c5714459f1b05033f59dbc.jpg, 0, 1, 0, 1
000000172637_jpg.rf.ec596a6185b476b211dfabd43d105974.jpg, 0, 1, 0, 0
000000291503_jpg.rf.ec97539417098b7962bd1dbb81738808.jpg, 0, 1, 0, 0
000000056033_jpg.rf.ec6383ef3c0fe31c3ae8011e1f7dcaec.jpg, 1, 0, 0, 0
000000089115_jpg.rf.eca1171e351fa417c571e1d09cb7243a.jpg, 0, 0, 0, 1
000000096946_jpg.rf.ec63b95a9478cc67ccf75b5347a13d81.jpg, 0, 1, 0, 0
000000262672_jpg.rf.ec6ce68c1a94e34b96e6640d2b605d41.jpg, 0, 1, 0, 0
000000310772_jpg.rf.ecaebe0f44edd820cfd7c3d16586e9fb.jpg, 1, 0, 0, 0
000000078748_jpg.rf.ec6cd0b0a6fa08e79ee98a991d6f69cb.jpg, 0, 0, 1, 0
000000389054_jpg.rf.eca6ae2aedab58921d7eeaa394ee8fdd.jpg, 0, 1, 0, 1
000000544117_jpg.rf.ecbdeac9b1d4c67a40e389c7694b7ffb.jpg, 0, 1, 0, 0
000000177604_jpg.rf.ecbeb0c2aae5ac0f061295baf01b5b53.jpg, 0, 1, 0, 0
000000043150_jpg.rf.ecce3f968ab9bc250031f9c7c135ee33.jpg, 0, 1, 0, 0
000000013720_jpg.rf.ecc7ba5f14d68dfa0a2230d84c5dde54.jpg, 0, 1, 0, 0
000000238231_jpg.rf.ecbffda378bf890141c37e79fc2a855a.jpg, 0, 0, 1, 0
000000052527_jpg.rf.ec7e971663fd98256359061ab586a00c.jpg, 1, 0, 0, 0
000000265378_jpg.rf.eccf189a3498abfaf52e9164b7d2e3d1.jpg, 0, 1, 0, 1
000000478599_jpg.rf.ecd18c465d84f0b157e9fa3293eba98e.jpg, 0, 1, 0, 0
000000166731_jpg.rf.ece58954948dc37b26f8b1f0c19f09ac.jpg, 0, 1, 0, 1
000000054555_jpg.rf.ecfc3d5f03c6f222fac706f842beebbc.jpg, 0, 0, 1, 0
000000009274_jpg.rf.ed03fdcad0f8f49c88bf6a2e42e3c95f.jpg, 0, 1, 0, 0
000000491833_jpg.rf.eccd808f02fe5562d8a141c08c5a5cca.jpg, 0, 1, 0, 0
000000003804_jpg.rf.ed100bd91f34ee0b7fe249d5bc3e8b7e.jpg, 1, 0, 0, 1
000000196406_jpg.rf.ece89da99c4ae94b7eff2c0ed13d392f.jpg, 1, 0, 1, 1
000000489961_jpg.rf.ed004bcd0be607f9b9679d1399193ec8.jpg, 0, 1, 0, 0
000000397859_jpg.rf.ecc8b9aaf5f0627d2fb5d210b133d478.jpg, 0, 1, 0, 1
000000039322_jpg.rf.ec9f05a6681818fa821c1c5964f4365e.jpg, 1, 1, 0, 1
000000389112_jpg.rf.ed093a8d5f5ec0f20f7534bba50fa3a5.jpg, 0, 1, 1, 0
000000102599_jpg.rf.ecd8839867e1d7c1547b6592c701fd81.jpg, 0, 1, 0, 0
000000017364_jpg.rf.ed18e318889ff32e70269fa73e309395.jpg, 0, 1, 0, 1
000000226936_jpg.rf.ece37c4f5825dfa17b727a3da7771d56.jpg, 0, 1, 0, 0
000000351876_jpg.rf.ed3633a3153ab5c0e9d603744b49ed55.jpg, 0, 0, 1, 0
000000448220_jpg.rf.ed1d32f2e6738779c8715d511fcf3f96.jpg, 1, 0, 0, 1
000000318415_jpg.rf.ed3bf3c3a90f5a026780273a306d396b.jpg, 0, 1, 0, 0
000000472344_jpg.rf.ed14df446e25363b776d5177e690a38d.jpg, 0, 1, 0, 0
000000397351_jpg.rf.ed3e0d0b94ed7ffbdf59337cfcbaa118.jpg, 0, 1, 0, 0
000000253513_jpg.rf.ed37b841b1f2c76a7211e6c57e37872a.jpg, 0, 1, 0, 0
000000064953_jpg.rf.ed55effbade0f003f1ca8bea61294b1d.jpg, 0, 1, 0, 1
000000479919_jpg.rf.ed72107870dc6d7279e2bca5a3798c25.jpg, 0, 1, 0, 0
000000030585_jpg.rf.ed71c4b4bf67ccf00049c54d3e96ee29.jpg, 0, 0, 0, 1
000000305746_jpg.rf.ed5211134796eefa869899b2e43eb784.jpg, 0, 1, 0, 1
000000472540_jpg.rf.ed3d6d3f23ea99a21c7c1dd7286b3bd8.jpg, 0, 1, 0, 1
000000560474_jpg.rf.ed38afe7d41e03cf33e8dae088a53eab.jpg, 0, 1, 0, 0
000000392971_jpg.rf.ed71946aa3eaa2941f88b13d4e0c06c7.jpg, 0, 1, 0, 0
000000160276_jpg.rf.ed6c6ba28bd2afa836726aad3db01c2d.jpg, 0, 1, 0, 0
000000402298_jpg.rf.ed54c9f25f38ae2d3855cfbd0a771386.jpg, 1, 0, 0, 0
000000378214_jpg.rf.ed6424765e23933b3e3594f06f176c2d.jpg, 0, 0, 0, 1
000000240992_jpg.rf.ed19b2e48e1c7004544bc494f7854c6d.jpg, 0, 1, 0, 0
000000466828_jpg.rf.ed8175eaa7043958b5f31241d2222e92.jpg, 0, 1, 0, 1
000000273439_jpg.rf.ecf595d7e929c0a7e6b09dab3f90ed82.jpg, 1, 0, 0, 0
000000199011_jpg.rf.ed445766af74768970b4845db352befd.jpg, 0, 0, 0, 1
000000506034_jpg.rf.ed85c5c96f9a6d178dc7116145946a84.jpg, 0, 1, 0, 0
000000017192_jpg.rf.ec2d0b893205b7642ac8cdcf0f00ba7f.jpg, 1, 0, 0, 1
000000174059_jpg.rf.ed84538c835ca9399291db0d9407b1b4.jpg, 0, 0, 1, 0
000000470710_jpg.rf.ed9c1015ed2867b1a4f413a5458c74b7.jpg, 0, 1, 0, 1
000000523700_jpg.rf.ed338058954ef4ef22f798f3ed762ecf.jpg, 0, 0, 0, 1
000000258702_jpg.rf.edae4b44f33790aa0075a49b283e933b.jpg, 1, 1, 0, 0
000000231768_jpg.rf.ed88db4f46049cb48b1f30a889667502.jpg, 0, 1, 0, 1
000000049683_jpg.rf.eda90b8a8802db66c94936bf81afa8e6.jpg, 0, 0, 1, 0
000000375143_jpg.rf.edadf19c91de860a37d00a976d30f452.jpg, 0, 1, 0, 0
000000087387_jpg.rf.ed967cf0c5ffb5e508729d1a3c6fdaa0.jpg, 0, 1, 0, 0
000000294962_jpg.rf.edc1607df2c7a280140e9e0ed0e5c2e3.jpg, 0, 1, 0, 1
000000451095_jpg.rf.edb17717cf40505630480b43c78d8120.jpg, 0, 1, 0, 1
000000405606_jpg.rf.ed73e8557ca923029cd8cadca66d713e.jpg, 1, 1, 0, 1
000000441009_jpg.rf.edaacf775a2aee68912e1f9fdd6df053.jpg, 0, 1, 0, 0
000000454755_jpg.rf.edc639e488276823b1611238300b46a9.jpg, 1, 1, 0, 0
000000112865_jpg.rf.ed9d9448427bb69027214cbc9e9d03e6.jpg, 0, 1, 0, 0
000000502758_jpg.rf.edda03f18a87dd001f8c242aae64cc4b.jpg, 0, 0, 0, 1
000000193389_jpg.rf.edcddc7d4c2c5504d1d62b4b0916b7a8.jpg, 0, 0, 0, 1
000000149996_jpg.rf.eda497dac28d0d88e1213d4047f7bd93.jpg, 0, 1, 0, 0
000000414934_jpg.rf.ed930750b6ffba976517ee52a28f4162.jpg, 0, 1, 0, 0
000000567438_jpg.rf.ede091b129e69adddfefe408079e919e.jpg, 1, 0, 0, 1
000000376559_jpg.rf.eddb419301b4c289c2e7410c90905d8b.jpg, 0, 0, 1, 0
000000559754_jpg.rf.edcc63216d31be9cc9173169e179de94.jpg, 0, 1, 0, 1
000000559171_jpg.rf.edc7c0bf8aa33246b60d50b95e557005.jpg, 0, 1, 1, 1
000000393641_jpg.rf.edd48c4c1fcd050048998e5fd4bc0bdc.jpg, 0, 1, 0, 0
000000454928_jpg.rf.ed784c95da4fd9eff09580959f97e035.jpg, 0, 1, 0, 0